accession,rohan_transposase_count,isescan_is_copies,isescan_complete,isescan_partial
NZ_CP107404.1,16,16,14,2
NZ_CP053905.1,9,1,0,1
NZ_CP053906.1,11,5,2,3
NZ_CP053907.1,6,4,0,4
NZ_CP028315.1,5,6,2,4
NZ_CP028316.1,12,13,7,6
NZ_CP118692.1,25,34,21,13
NZ_CP118693.1,10,9,7,2
NZ_CP118694.1,7,9,6,3
NZ_CP020343.1,24,48,21,27
NZ_CP020344.1,6,12,7,5
NZ_CP025852.1,6,3,2,1
NZ_CP025854.1,23,28,16,12
NZ_CP025855.1,24,21,11,10
NZ_LR882979.1,21,21,7,14
NZ_LR882980.1,4,4,3,1
NZ_LR882981.1,9,12,4,8
NZ_CP022612.1,29,34,23,11
NZ_CP022613.1,7,9,5,4
NZ_CP054237.1,13,16,12,4
NZ_LN997843.1,1,10,4,6
NZ_CP029453.1,72,82,46,36
NZ_CP029452.1,36,44,18,26
NZ_CP084790.1,17,21,16,5
NZ_CP084791.1,12,14,10,4
NZ_CP084792.1,3,3,2,1
NZ_CP084794.1,1,0,0,0
NZ_CP084795.1,1,1,1,0
NZ_CP084796.1,2,1,0,1
NZ_CP025497.1,2,3,3,0
NZ_AP021973.1,19,14,12,2
NZ_AP021974.1,24,22,18,4
NZ_AP021976.1,1,0,0,0
NZ_AP021977.1,1,1,1,0
NZ_CP116242.1,12,8,4,4
NZ_CP116243.1,14,20,11,9
NZ_CP114355.1,28,33,25,8
NZ_CP114356.1,7,6,1,5
NZ_CP114357.1,2,4,3,1
NZ_CP114358.1,1,0,0,0
NZ_CP027220.1,19,22,4,18
NZ_CP034296.1,3,9,4,5
NZ_CP034297.1,6,5,5,0
NZ_CP054005.1,3,2,2,0
NZ_CP054007.1,1,1,1,0
NZ_CP050477.1,2,3,1,2
NZ_CP090793.1,6,3,3,0
NZ_CP090795.1,1,0,0,0
NZ_CP056351.1,22,20,15,5
NZ_CP081307.1,14,16,14,2
NZ_CP081308.1,1,1,1,0
NZ_CP081309.1,4,5,3,2
NZ_CP028612.1,2,6,3,3
NZ_CP028611.1,1,1,0,1
NZ_CP132727.1,19,26,17,9
NZ_CP142856.1,3,1,1,0
NZ_CP142857.1,2,4,3,1
NZ_CP128105.1,11,10,6,4
NZ_CP059807.1,13,11,9,2
NZ_CP059808.1,11,10,8,2
NZ_CP059809.1,3,3,3,0
NC_018680.1,1,2,0,2
NZ_CP055182.1,17,20,13,7
NZ_CP055183.1,3,2,1,1
NZ_CP017832.1,1,1,0,1
NZ_CP133488.1,15,16,12,4
NZ_CP029455.1,15,22,13,9
NZ_CP029456.1,2,2,1,1
NZ_CP038415.1,5,8,4,4
NZ_CP087599.1,3,4,2,2
NZ_CP064109.1,1,1,0,1
NZ_CP064110.1,9,8,5,3
NZ_CP064111.1,8,7,6,1
NZ_CP064112.1,8,7,5,2
NZ_CP099884.1,1,3,1,2
NZ_CP099885.1,6,7,5,2
NZ_CP010790.1,1,1,0,1
NZ_CP010791.1,4,7,4,3
NZ_CP066807.1,5,13,6,7
NZ_CP066808.1,12,16,10,6
NZ_CP104510.1,12,8,7,1
NZ_CP104511.1,8,10,6,4
NZ_CP104512.1,1,1,0,1
NZ_CP128589.1,17,27,5,22
NZ_AP017376.1,15,18,15,3
NZ_CP116904.1,20,21,14,7
NZ_CP116905.1,12,14,10,4
NZ_CP116906.1,7,11,8,3
NC_006672.1,6,10,10,0
NC_006673.1,8,7,6,1
NC_006675.1,6,5,5,0
NZ_CP044153.1,1,2,2,0
NZ_CP044154.1,33,72,29,43
NZ_CP085778.1,27,28,21,7
NZ_CP085779.1,5,4,2,2
NZ_CP117563.1,24,27,14,13
NZ_CP117564.1,23,21,6,15
NZ_CP117565.1,2,2,1,1
NZ_CP028954.1,15,14,11,3
NZ_CP028955.1,20,26,16,10
NZ_CP096743.1,2,4,2,2
NZ_CP129515.1,12,14,10,4
NZ_CP129516.1,18,16,11,5
NZ_CP072423.1,12,17,13,4
NZ_CP069005.1,2,1,1,0
NZ_CP069006.1,3,3,2,1
NZ_AP022528.1,17,21,17,4
NZ_AP022529.1,5,5,5,0
NZ_AP022531.1,1,1,0,1
NZ_CP087299.1,2,2,2,0
NZ_AP025900.1,32,32,27,5
NZ_CP063905.1,13,20,11,9
NZ_CP117387.1,8,7,5,2
NZ_CP086848.1,11,14,10,4
NZ_CP086849.1,1,1,1,0
NZ_CP086851.1,25,22,10,12
NZ_CP086852.1,5,4,2,2
NZ_CP086853.1,1,0,0,0
NZ_CP066846.1,5,7,1,6
NZ_CP066845.1,10,10,8,2
NZ_CP135166.1,1,0,0,0
NZ_CP135167.1,6,7,2,5
NZ_CP135168.1,10,11,6,5
NZ_CP135169.1,5,6,6,0
NZ_CP135170.1,3,5,4,1
NZ_CP120991.1,30,23,14,9
NZ_CP049178.1,1,1,1,0
NZ_CP039071.1,64,85,58,27
NZ_CP039072.1,3,7,1,6
NZ_CP039073.1,16,13,11,2
NZ_CP039074.1,10,11,9,2
NZ_CP039075.1,4,4,3,1
NZ_CP082832.1,17,28,11,17
NZ_CP072187.1,1,1,1,0
NZ_CP094947.1,1,3,0,3
NZ_CP039861.1,25,26,18,8
NZ_CP039862.1,1,1,1,0
NZ_CP130704.1,5,3,1,2
NZ_CP130705.1,1,1,1,0
NZ_CP060175.1,14,13,6,7
NZ_CP060176.1,4,4,2,2
NZ_CP060177.1,7,5,4,1
NZ_CP060179.1,4,7,2,5
NZ_CP049168.1,4,3,3,0
NZ_CP090630.1,13,8,6,2
NZ_CP090631.1,2,0,0,0
NZ_CP058829.1,26,27,20,7
NZ_CP058830.1,5,7,5,2
NZ_CP047161.1,15,19,18,1
NZ_CP095254.1,13,19,10,9
NZ_CP095255.1,15,16,12,4
NZ_CP095256.1,6,5,4,1
NZ_CP095261.1,3,4,4,0
NZ_CP054941.1,14,19,14,5
NZ_CP054942.1,2,2,2,0
NZ_CP076869.1,1,3,3,0
NZ_CP038632.1,12,13,8,5
NZ_CP038633.1,14,18,14,4
NZ_AP022611.1,2,1,1,0
NZ_CP121653.1,40,45,25,20
NZ_CP121654.1,20,22,8,14
NZ_CP121655.1,18,25,13,12
NZ_CP121656.1,31,29,18,11
NZ_CP121657.1,11,8,3,5
NZ_CP112973.1,23,26,19,7
NZ_CP112974.1,3,6,4,2
NZ_CP112975.1,8,12,7,5
NZ_CP038892.1,83,89,54,35
NZ_CP048651.1,16,14,13,1
NZ_CP061282.1,1,0,0,0
NZ_CP063519.1,3,6,1,5
NZ_CP063522.1,7,6,6,0
NZ_CP072267.1,1,1,1,0
NZ_CP072266.1,2,2,0,2
NZ_CP107484.1,19,23,19,4
NZ_CP107485.1,16,16,14,2
NZ_CP043363.1,9,11,5,6
NZ_CP043364.1,11,9,6,3
NZ_CP030006.1,1,1,1,0
NZ_CP116170.1,6,9,6,3
NZ_CP116171.1,4,2,2,0
NZ_CP019656.1,11,8,5,3
NZ_CP019657.1,6,5,0,5
NZ_CP019658.1,3,2,2,0
NZ_CP081932.1,1,1,1,0
NZ_CP058188.1,24,22,18,4
NZ_CP013108.1,16,12,8,4
NZ_CP013109.1,22,27,10,17
NZ_CP013110.1,18,18,15,3
NZ_CP083644.1,24,22,18,4
NZ_CP068409.1,1,0,0,0
NZ_CP068413.1,1,1,0,1
NZ_CP111044.1,20,14,7,7
NZ_CP111045.1,20,12,6,6
NZ_CP111046.1,3,3,0,3
NZ_CP111047.1,5,2,1,1
NZ_CP111048.1,7,5,2,3
NZ_CP111049.1,2,2,1,1
NZ_CP111050.1,1,1,0,1
NZ_CP111051.1,5,3,1,2
NZ_CP111052.1,14,12,5,7
NZ_CP111053.1,5,5,4,1
NZ_CP111055.1,5,4,2,2
NZ_CP111056.1,16,14,6,8
NZ_CP111057.1,2,1,0,1
NZ_CP111059.1,4,2,0,2
NZ_CP111060.1,11,7,4,3
NZ_CP111061.1,3,1,1,0
NZ_CP111062.1,3,1,0,1
NZ_CP111063.1,1,2,0,2
NZ_CP111064.1,13,6,0,6
NZ_CP111065.1,6,4,1,3
NZ_CP111066.1,5,4,1,3
NZ_CP111067.1,1,1,0,1
NZ_CP111068.1,1,0,0,0
NZ_CP111070.1,1,0,0,0
NZ_CP020460.1,6,5,4,1
NZ_CP020461.1,1,2,1,1
NZ_CP016854.1,7,11,10,1
NZ_CP139395.1,5,5,5,0
NZ_CP013832.1,13,11,8,3
NZ_CP096667.1,10,8,4,4
NZ_CP096668.1,5,6,0,6
NZ_CP096669.1,4,10,2,8
NZ_CP085416.1,2,1,1,0
NZ_CP085418.1,1,3,2,1
NZ_CP085419.1,2,0,0,0
NZ_CP085420.1,3,2,2,0
NZ_CP085421.1,1,2,0,2
NZ_CP047272.1,35,30,29,1
NZ_CP021280.1,2,0,0,0
NZ_CP045120.1,1,0,0,0
NZ_CP075378.1,21,20,16,4
NZ_CP075375.1,4,4,3,1
NZ_CP075376.1,1,2,0,2
NZ_CP075377.1,2,4,1,3
NZ_CP013986.1,2,7,4,3
NZ_LT883139.1,26,23,21,2
NZ_LT883140.1,1,0,0,0
NZ_LT883141.1,29,29,19,10
NZ_CP063447.1,13,18,5,13
NZ_CP063448.1,13,13,11,2
NZ_CP063449.1,6,5,1,4
NZ_CP115264.1,1,0,0,0
NZ_CP047392.1,3,1,0,1
NZ_CP070618.1,4,1,1,0
NZ_CP070617.1,3,0,0,0
NZ_CP070615.1,8,5,4,1
NZ_CP070614.1,24,31,13,18
NZ_CP074002.1,19,25,15,10
NZ_CP074003.1,3,6,4,2
NZ_AP026681.1,1,1,1,0
NZ_CP081176.1,5,10,5,5
NZ_CP009595.1,4,6,3,3
NZ_CP029339.1,1,3,1,2
NZ_CP095483.1,1,3,1,2
NZ_CP095484.1,1,1,1,0
NZ_CP095485.1,7,8,5,3
NZ_HG813248.1,3,3,2,1
NZ_CP068124.1,4,3,3,0
NZ_CP068127.1,8,7,1,6
NC_021920.1,2,4,3,1
NZ_AP017631.1,1,0,0,0
NZ_CP054588.1,12,7,5,2
NZ_CP054589.1,17,18,10,8
NZ_CP054590.1,7,9,6,3
NZ_CP097684.1,1,1,1,0
NZ_CP097686.1,16,13,12,1
NZ_CP097687.1,14,14,14,0
NZ_CP043206.1,1,1,0,1
NZ_CP055261.1,1,1,0,1
NZ_CP055262.1,12,19,13,6
NZ_CP119747.1,13,11,9,2
NZ_CP119748.1,8,13,8,5
NZ_CP119749.1,13,19,10,9
NZ_CP072987.1,5,6,4,2
NZ_CP116068.1,2,3,3,0
NZ_CP116069.1,4,8,5,3
NZ_CP116070.1,14,17,10,7
NZ_CP136627.1,8,14,5,9
NZ_CP084243.1,1,1,1,0
NZ_CP084242.1,15,27,16,11
NZ_HG428756.1,1,1,1,0
NZ_CBTO010000001.1,3,1,1,0
NZ_CBTO010000002.1,6,7,3,4
NZ_AP019010.1,12,8,4,4
NZ_CP110979.1,18,24,17,7
NZ_CP110980.1,6,6,4,2
NZ_CP110981.1,1,0,0,0
NZ_AKVW01000003.1,2,4,1,3
NZ_AKVW01000004.1,1,1,0,1
NZ_AKVW01000005.1,1,3,3,0
NZ_AKVW01000006.1,10,13,4,9
NZ_CP033372.1,73,101,67,34
NZ_CP033373.1,25,25,15,10
NZ_CP033375.1,7,5,4,1
NZ_CP117882.1,15,13,8,5
NZ_CP033363.1,21,18,11,7
NZ_CP141641.1,9,11,10,1
NZ_AP025762.1,1,0,0,0
NZ_CP014118.1,1,0,0,0
NC_006391.1,2,2,1,1
NC_006392.1,3,3,3,0
NC_006393.1,14,32,19,13
NC_006395.1,2,2,1,1
NZ_CP047680.1,5,6,5,1
NZ_CP032928.1,9,12,5,7
NZ_CP032929.1,1,1,1,0
NZ_CP088989.1,8,7,6,1
NZ_CP088990.1,15,23,13,10
NZ_CP056889.1,27,23,19,4
NZ_CP056890.1,1,1,1,0
NZ_CP067338.1,2,4,3,1
NZ_CP055016.1,26,29,22,7
NZ_CP055017.1,8,10,9,1
NC_005838.1,10,10,7,3
NZ_CP027032.1,10,14,9,5
NZ_CP028242.1,3,7,4,3
NZ_CP028243.1,8,8,3,5
NZ_CP028244.1,6,3,1,2
NZ_CP028245.1,2,3,3,0
NZ_CP077811.1,15,18,12,6
NZ_CP045540.1,5,3,1,2
NZ_AP025840.1,25,27,22,5
NZ_AP025841.1,2,1,0,1
NZ_CP022182.1,6,4,3,1
NZ_CP022183.1,9,13,7,6
NZ_CP022184.1,1,0,0,0
NZ_CP107016.1,10,20,7,13
NZ_CP107017.1,12,11,9,2
NZ_CP107015.1,23,32,19,13
NZ_CP088283.1,20,29,9,20
NZ_CP138654.1,2,0,0,0
NZ_CP142911.1,26,24,16,8
NZ_CP142912.1,2,2,2,0
NZ_CP059604.1,3,4,4,0
NZ_CP059605.1,2,2,2,0
NZ_CP059606.1,10,9,7,2
NZ_CP074123.1,3,3,2,1
NZ_CP074124.1,9,12,8,4
NZ_CP074121.1,10,15,10,5
NZ_CP095133.1,15,19,14,5
NZ_CP095134.1,13,16,12,4
NZ_AP027277.1,6,6,4,2
NZ_CP138807.1,32,37,28,9
NZ_CP138808.1,25,39,19,20
NZ_CP138809.1,7,6,4,2
NZ_CP076741.1,3,4,1,3
NZ_CP046675.1,12,15,8,7
NZ_CP040452.1,7,6,4,2
NZ_CP040453.1,3,5,1,4
NZ_CP125985.1,25,18,16,2
NZ_CP047128.1,11,12,10,2
NC_014811.1,11,12,8,4
NZ_CP041388.1,38,37,29,8
NZ_CP041389.1,10,11,7,4
NZ_CP021273.1,2,3,1,2
NZ_AP018719.1,2,2,2,0
NZ_AP018720.1,2,2,2,0
NZ_CP070264.2,12,15,7,8
NZ_CP070265.2,5,4,2,2
NZ_CP070266.2,4,6,5,1
NZ_CP070267.2,5,6,5,1
NZ_CP122944.1,1,0,0,0
NZ_CP122945.1,1,1,1,0
NZ_CP095555.1,4,5,3,2
NZ_CP103975.1,20,17,12,5
NZ_CP054658.1,10,10,7,3
NZ_CP054659.1,2,2,1,1
NZ_CP084101.1,1,1,1,0
NZ_LR130549.1,18,20,14,6
NZ_LR130550.1,3,2,2,0
NZ_LR130551.1,2,0,0,0
NZ_CP063012.1,13,16,10,6
NZ_CP037936.1,3,4,2,2
NZ_CP037938.1,4,3,1,2
NZ_CP088924.1,3,0,0,0
NZ_CP042589.1,10,10,6,4
NZ_CP042590.1,2,2,2,0
NC_006509.1,1,1,1,0
NC_019432.1,2,2,2,0
NC_019436.1,7,9,6,3
NC_019431.1,6,7,5,2
NC_019430.1,9,13,10,3
NZ_CP048023.1,6,6,2,4
NZ_CP048024.1,3,6,4,2
NZ_CP043569.1,1,2,0,2
NZ_CP021008.2,3,5,2,3
NZ_CP021009.2,1,1,1,0
NZ_CP021007.2,2,6,4,2
NZ_CP051176.1,22,37,28,9
NZ_CP040171.1,3,2,1,1
NZ_CP084498.1,16,15,14,1
NZ_CP084499.1,8,7,5,2
NZ_CP137467.1,23,22,17,5
NZ_CP137466.1,11,11,9,2
NZ_CP031468.1,1,0,0,0
NZ_CP085319.1,3,1,1,0
NZ_CP032142.1,2,2,2,0
NZ_CP029955.1,15,14,13,1
NZ_CP102520.1,21,13,10,3
NZ_CP088223.1,18,17,10,7
NZ_CP088226.1,5,5,4,1
NZ_CP088228.1,6,5,5,0
NZ_AP019670.1,18,19,10,9
NZ_AP019671.1,13,11,9,2
NZ_AP019672.1,6,7,5,2
NZ_CP124514.1,11,14,8,6
NZ_CP103488.1,22,26,22,4
NZ_CP103489.1,8,11,5,6
NZ_CP103490.1,4,5,3,2
NZ_CP069894.1,11,13,5,8
NZ_CP085189.1,20,20,15,5
NZ_CP085190.1,13,16,13,3
NZ_CP076208.1,5,10,5,5
NZ_CP084481.1,3,4,3,1
NZ_CP073237.1,5,11,4,7
NZ_CP090542.1,5,5,5,0
NZ_CP059301.1,15,14,11,3
NZ_CP039693.1,8,4,2,2
NZ_CP039694.1,28,22,9,13
NZ_CP098356.1,2,0,0,0
NZ_CP098357.1,17,19,13,6
NZ_CP098358.1,10,4,3,1
NZ_CP098359.1,2,2,2,0
NZ_HG813245.1,3,3,3,0
NC_001880.1,1,1,0,1
NZ_CP097054.1,4,4,4,0
NZ_CP140089.1,8,9,7,2
NZ_CP140090.1,2,0,0,0
NZ_CP140091.1,5,7,2,5
NZ_CP140092.1,8,4,1,3
NZ_CP140094.1,1,1,0,1
NZ_CP039191.1,57,68,33,35
NZ_CP039192.1,2,4,1,3
NZ_CP039193.1,8,12,3,9
NZ_CP039194.1,11,12,2,10
NZ_CP035021.1,9,10,7,3
NZ_CP035022.1,6,12,10,2
NZ_CP035023.1,9,7,3,4
NZ_CP035024.1,7,7,6,1
NZ_CP035025.1,2,2,2,0
NZ_CP035026.1,6,4,2,2
NZ_CP135482.1,12,11,10,1
NZ_CP109783.1,1,1,1,0
NZ_AP022127.1,20,18,12,6
NZ_AP022128.1,8,9,6,3
NZ_AP022129.1,4,5,3,2
NZ_CP031911.1,18,21,8,13
NZ_CP045204.1,6,5,2,3
NZ_CP045203.1,14,13,11,2
NZ_CP040036.1,4,4,4,0
NZ_CP040034.1,10,10,6,4
NZ_CP040035.1,8,10,9,1
NZ_CP102884.1,25,23,19,4
NZ_CP102885.1,16,19,12,7
NZ_CP102886.1,4,3,3,0
NZ_CP102887.1,5,4,4,0
NC_013731.1,3,5,2,3
NC_013732.1,2,1,0,1
NC_013733.1,2,2,0,2
NZ_CP041045.1,14,16,7,9
NZ_CP041044.1,6,6,3,3
NZ_CP041043.1,3,3,2,1
NZ_CP115331.1,18,20,16,4
NZ_AP023173.1,13,15,4,11
NZ_CP089920.1,4,5,3,2
NZ_CP089921.1,2,2,2,0
NZ_AP026809.1,3,3,2,1
NZ_AP026810.1,1,1,1,0
NZ_CP082989.1,10,10,9,1
NZ_CP082990.1,7,7,4,3
NZ_CP082991.1,1,0,0,0
NZ_CP082992.1,6,11,7,4
NZ_CP082993.1,4,5,2,3
NZ_CP019993.1,42,51,39,12
NZ_CP019994.1,11,9,8,1
NZ_CP019995.1,12,14,9,5
NZ_CP077995.1,8,8,5,3
NZ_CP031348.1,19,18,5,13
NZ_CP026534.1,5,5,5,0
NZ_CP091175.1,5,2,1,1
NZ_CP050433.1,19,17,7,10
NZ_CP050434.1,1,0,0,0
NZ_CP096244.1,5,6,5,1
NZ_CP096243.1,14,25,12,13
NZ_CP104775.1,8,8,4,4
NC_021492.1,8,5,2,3
NZ_CP128216.1,5,8,5,3
NZ_CP128217.1,8,5,2,3
NZ_CP089320.1,35,45,32,13
NZ_CP089321.1,4,2,2,0
NZ_CP089322.1,10,10,6,4
NZ_CP089323.1,2,2,2,0
NZ_CP032054.1,2,4,2,2
NZ_CP032053.1,1,2,1,1
NZ_CP078161.1,2,3,3,0
NZ_CP129761.1,12,14,11,3
NZ_CP129760.1,10,9,5,4
NZ_CP129762.1,5,3,3,0
NZ_CP029903.1,2,1,0,1
NZ_CP045514.1,13,13,9,4
NZ_CP021824.1,35,43,26,17
NZ_CP021823.1,14,17,12,5
NZ_CP062900.1,26,29,11,18
NZ_CP062899.1,8,9,6,3
NZ_CP062896.1,7,3,2,1
NZ_CP019971.1,12,8,7,1
NZ_CP019972.1,12,11,8,3
NZ_CP019973.1,9,7,7,0
NZ_CP019974.1,1,2,2,0
NZ_CP019975.1,6,4,4,0
NZ_CP050763.1,11,10,10,0
NZ_CP062161.1,3,8,4,4
NZ_CP081866.1,7,12,7,5
NZ_CP081867.1,3,3,3,0
NZ_CP081868.1,4,5,2,3
NZ_CP091027.1,18,22,8,14
NZ_CP074420.1,7,9,3,6
NZ_CP074421.1,2,2,1,1
NZ_CP074422.1,4,9,8,1
NZ_CP074423.1,2,6,1,5
NZ_CP096361.1,8,6,5,1
NZ_CP009519.1,1,1,1,0
NZ_CP118055.1,1,1,0,1
NZ_CP107835.1,1,4,0,4
NZ_CP063846.1,5,3,1,2
NZ_CP063847.1,2,1,0,1
NZ_CP068445.1,24,22,17,5
NZ_CP068446.1,12,8,6,2
NZ_CP068447.1,3,3,1,2
NZ_CP095921.1,30,24,20,4
NZ_CP072217.1,2,0,0,0
NZ_CP072219.1,3,2,1,1
NZ_CP045713.1,7,10,6,4
NZ_CP045715.1,1,0,0,0
NZ_CP037930.1,17,7,6,1
NZ_CP037929.1,31,36,27,9
NZ_CP137921.1,14,14,12,2
NZ_CP094456.1,10,10,5,5
NZ_CP094316.1,4,10,3,7
NZ_CP011644.1,8,7,4,3
NZ_CP011645.1,5,1,1,0
NZ_CP011646.1,15,8,5,3
NZ_CP063239.1,4,6,4,2
NZ_CP133667.1,4,3,3,0
NZ_CP133668.1,3,10,4,6
NZ_AP028048.1,11,9,6,3
NZ_AP028049.1,11,9,7,2
NZ_AP025773.1,23,24,19,5
NZ_CP086605.1,19,23,17,6
NZ_CP086606.1,10,11,10,1
NZ_CP086607.1,17,21,7,14
NZ_CP086609.1,4,10,6,4
NZ_OY754830.1,14,9,7,2
NZ_OY754831.1,15,23,13,10
NZ_CP018339.1,3,1,1,0
NZ_CP018338.1,20,22,14,8
NZ_CP018340.1,1,1,0,1
NZ_CP018341.1,6,8,6,2
NZ_CP018342.1,4,2,2,0
NZ_CP018343.1,9,6,5,1
NZ_CP077783.1,16,18,14,4
NZ_CP077784.1,25,31,22,9
NZ_CP077782.1,4,4,4,0
NZ_CP114884.1,1,1,1,0
NZ_CP012385.1,24,32,29,3
NZ_CP012386.1,6,8,7,1
NZ_CP072058.1,12,18,14,4
NZ_CP135699.1,9,5,4,1
NZ_CP135698.1,22,25,20,5
NZ_CP051364.1,3,3,2,1
NZ_CP122601.1,8,14,2,12
NZ_CP122602.1,6,1,0,1
NZ_CP122603.1,1,1,1,0
NZ_CP019872.1,15,11,9,2
NZ_CP019873.1,9,4,2,2
NZ_CP019874.1,8,6,2,4
NZ_CP044292.1,2,4,2,2
NZ_CP062345.1,1,0,0,0
NZ_CP086339.1,5,5,4,1
NZ_CP067023.1,5,8,4,4
NZ_CP023552.1,8,10,5,5
NZ_CP087679.1,1,1,1,0
NZ_CP009629.1,1,1,1,0
NZ_CP086972.1,1,0,0,0
NZ_CP086973.1,27,25,12,13
NZ_CP086974.1,5,5,3,2
NZ_CP086975.1,5,4,2,2
NZ_CP086976.1,8,10,6,4
NZ_CP086977.1,1,0,0,0
NZ_CP141790.1,14,12,11,1
NZ_CP134067.1,5,7,5,2
NZ_CP009989.1,8,7,4,3
NZ_CP009990.1,3,8,1,7
NZ_CP009988.1,2,1,0,1
NZ_CP125886.1,9,14,11,3
NZ_CP121200.1,23,28,20,8
NZ_CP117765.1,1,0,0,0
NZ_CP090015.1,3,3,3,0
NZ_CP065192.1,2,0,0,0
NZ_CP103339.1,3,7,3,4
NZ_CP103340.1,4,6,5,1
NZ_CP061610.1,3,11,8,3
NZ_CP061611.1,1,0,0,0
NZ_CP010158.1,7,18,9,9
NZ_CP075464.1,11,11,8,3
NZ_CP075461.1,2,2,2,0
NZ_CP075463.1,22,27,16,11
NZ_CP082291.1,40,37,27,10
NZ_CP041679.1,1,2,0,2
NZ_CP009030.1,8,11,3,8
NZ_CP092545.1,18,18,16,2
NZ_CP092546.1,1,0,0,0
NZ_CP050184.1,27,28,23,5
NZ_CP050185.1,8,8,8,0
NZ_CP050186.1,1,1,0,1
NZ_CP116481.1,21,22,15,7
NZ_CP116483.1,5,8,4,4
NZ_CP116484.1,1,2,0,2
NZ_CP031850.1,20,20,15,5
NZ_CP031851.1,9,10,7,3
NZ_CP031852.1,3,2,1,1
NZ_CP020898.1,23,34,7,27
NZ_CP020899.1,3,2,1,1
NZ_CP020900.1,15,15,8,7
NZ_CP108558.1,29,34,15,19
NZ_CP108559.1,4,4,1,3
NZ_CP108560.1,5,5,1,4
NZ_CP008996.1,3,4,2,2
NZ_CP008997.1,3,2,0,2
NZ_CP009688.1,1,1,1,0
NZ_CP021236.1,7,3,2,1
NZ_CP051371.1,4,3,1,2
NZ_CP034932.1,4,4,4,0
NZ_CP034933.1,37,77,34,43
NZ_CP070874.1,17,23,15,8
NZ_CP070875.1,8,12,9,3
NZ_CP034390.1,18,18,14,4
NZ_CP137239.1,4,2,1,1
NZ_CP013501.1,1,1,1,0
NZ_CP013502.1,18,25,8,17
NZ_CP013504.1,7,7,6,1
NZ_CP062750.1,6,8,5,3
NZ_CP040184.1,23,31,23,8
NZ_CP040185.1,5,4,1,3
NZ_CP040186.1,8,15,7,8
NZ_CP134720.1,1,4,1,3
NZ_CP134722.1,1,0,0,0
NZ_CP028689.1,2,6,3,3
NZ_CP114986.1,3,3,2,1
NZ_CP114987.1,3,3,2,1
NZ_CP114988.1,4,4,2,2
NZ_CP018220.1,26,32,22,10
NC_015704.1,8,4,1,3
NC_015694.1,4,0,0,0
NC_015705.1,1,0,0,0
NZ_AP025271.1,2,2,0,2
NZ_CP069958.1,5,6,4,2
NZ_CP069959.1,15,12,11,1
NZ_CP047284.1,3,2,1,1
NZ_CP129632.1,2,2,0,2
NZ_CP129631.1,23,22,12,10
NZ_CP035756.1,2,2,0,2
NZ_CP035753.1,16,20,10,10
NZ_CP035752.1,7,5,4,1
NZ_CP126059.1,15,21,15,6
NZ_CP126060.1,7,7,5,2
NZ_CP126063.1,9,4,3,1
NZ_CP106659.1,18,26,13,13
NC_013224.1,2,4,1,3
NZ_CP055310.1,26,22,18,4
NZ_CP055311.1,28,29,15,14
NZ_CP055312.1,8,7,6,1
NZ_CP026876.1,26,63,33,30
NZ_CP125358.1,1,1,1,0
NZ_CP125352.1,14,11,5,6
NZ_CP125353.1,7,7,6,1
NZ_CP073081.1,30,29,24,5
NZ_CP065839.1,6,1,1,0
NZ_CP092895.1,7,8,3,5
NZ_CP092894.1,7,10,6,4
NZ_CP091327.1,15,23,10,13
NZ_CP022777.1,3,11,0,11
NZ_CP060988.1,18,23,17,6
NZ_CP060989.1,6,6,4,2
NZ_CP060992.1,1,1,1,0
NZ_CP060990.1,5,6,4,2
NZ_CP021019.2,1,2,1,1
NZ_CP021020.2,5,8,5,3
NZ_CP117050.1,27,22,19,3
NZ_CP016558.1,4,7,4,3
NZ_CP015522.1,4,3,2,1
NZ_CP015523.1,13,9,8,1
NZ_AP022178.1,14,24,16,8
NZ_AP022179.1,23,23,11,12
NZ_CP063923.1,2,0,0,0
NZ_CP063924.1,6,5,4,1
NZ_CP010750.1,6,9,5,4
NZ_CP010755.1,2,3,1,2
NZ_CP091869.1,19,20,13,7
NZ_CP056410.1,17,15,13,2
NZ_CP056411.1,2,1,1,0
NZ_CP053834.1,4,2,1,1
NZ_CP107165.1,1,0,0,0
NZ_CP107166.1,6,3,3,0
NZ_CP044078.1,14,19,9,10
NZ_CP044079.1,5,7,2,5
NZ_CP044080.1,9,12,3,9
NZ_CP044082.1,2,1,1,0
NZ_CP068765.1,3,4,2,2
NZ_CP068766.1,1,0,0,0
NZ_CP068768.1,6,6,2,4
NZ_CP068770.1,4,4,2,2
NZ_CP117330.1,13,12,4,8
NC_015974.1,6,3,1,2
NZ_CP067256.1,15,20,14,6
NZ_CP067257.1,11,11,8,3
NZ_CP114797.1,8,8,6,2
NZ_CP114798.1,4,4,1,3
NZ_LR536451.1,6,10,8,2
NZ_LR536452.1,5,9,7,2
NZ_CP056298.1,15,21,15,6
NZ_CP071087.1,25,27,17,10
NZ_CP033655.1,20,24,14,10
NZ_CP033658.1,24,28,15,13
NZ_CP033659.1,14,10,8,2
NZ_CP086465.1,28,34,25,9
NZ_CP088907.1,3,4,1,3
NZ_CP088909.1,58,69,40,29
NZ_CP088908.1,7,4,3,1
NZ_CP088910.1,8,7,5,2
NZ_CP079857.1,5,8,5,3
NZ_CP040738.1,4,4,1,3
NZ_CP093942.1,42,47,38,9
NZ_CP093943.1,12,12,11,1
NZ_CP124899.1,1,2,0,2
NZ_CP114502.1,9,5,1,4
NZ_CP024115.1,4,0,0,0
NZ_CP103665.1,23,21,17,4
NZ_CP103666.1,19,22,18,4
NZ_CP103667.1,12,14,12,2
NZ_CP007214.1,9,9,6,3
NZ_CP034788.1,21,20,16,4
NZ_CP034789.1,22,34,26,8
NZ_OY754835.1,6,11,10,1
NZ_OY754836.1,3,4,3,1
NZ_OY754837.1,5,11,7,4
NZ_CP061512.1,22,23,15,8
NZ_CP043261.1,6,15,5,10
NZ_CP043260.1,2,2,2,0
NZ_CP043259.1,2,1,1,0
NZ_CP045917.1,9,5,3,2
NZ_CP035963.1,21,25,20,5
NZ_CP035964.1,20,25,21,4
NZ_CP082054.1,9,10,10,0
NC_004319.1,2,2,2,0
NC_004320.1,5,6,5,1
NZ_CP029974.1,3,3,2,1
NZ_CP029975.1,7,7,5,2
NZ_CP029977.1,1,0,0,0
NZ_CP029978.1,17,21,10,11
NZ_CP014367.1,3,5,3,2
NZ_CP015597.1,3,3,3,0
NZ_AP024787.1,2,0,0,0
NZ_AP024786.1,24,17,10,7
NZ_AP024785.1,9,9,7,2
NZ_CP060675.1,12,10,9,1
NZ_CP104041.1,4,4,4,0
NZ_CP104042.1,4,8,3,5
NZ_CP104043.1,2,2,2,0
NZ_CP046413.1,3,10,5,5
NZ_CP046414.1,4,3,2,1
NZ_CP065541.1,10,12,6,6
NZ_CP065542.1,3,2,2,0
NZ_CP065543.1,2,0,0,0
NZ_CP030718.1,26,24,21,3
NZ_CP030719.1,12,16,10,6
NZ_CP030720.1,13,10,6,4
NZ_CP016309.1,5,6,4,2
NZ_CP014695.1,1,1,1,0
NC_006297.1,4,1,1,0
NZ_CP096329.1,4,2,0,2
NZ_CP046312.1,1,1,0,1
NZ_CP093406.1,26,28,20,8
NZ_CP041978.1,9,9,6,3
NZ_CP075126.1,5,8,4,4
NZ_CP081092.1,1,1,1,0
NZ_CP081093.1,1,2,1,1
NZ_CP081094.1,14,9,7,2
NZ_CP081096.1,1,1,0,1
NZ_CP081097.1,3,3,3,0
NZ_CP049078.2,1,3,1,2
NZ_CP049079.2,28,34,15,19
NZ_CP057230.1,15,17,5,12
NZ_CP040573.1,6,8,6,2
NZ_CP130147.1,26,27,17,10
NZ_CP130148.1,10,11,7,4
NZ_CP130149.1,18,19,13,6
NZ_CP130150.1,1,3,1,2
NZ_CP048591.1,1,6,2,4
NZ_CP042586.1,14,22,13,9
NZ_CP042587.1,21,20,17,3
NZ_CP099958.1,3,10,8,2
NZ_CP018741.1,13,13,10,3
NZ_CP018742.1,3,4,4,0
NC_017541.1,13,22,13,9
NZ_CP102892.1,5,5,4,1
NZ_CP043188.1,2,3,2,1
NZ_CP028952.1,58,60,40,20
NZ_CP026369.1,16,12,6,6
NZ_CP026370.1,16,15,10,5
NZ_CP026371.1,13,12,10,2
NZ_CP012657.1,3,10,6,4
NZ_CP012655.1,7,5,5,0
NZ_CP012651.1,12,12,7,5
NZ_CP012652.1,8,9,8,1
NZ_CP012659.1,10,5,3,2
NZ_CP076280.1,23,29,11,18
NZ_CP076281.1,4,2,1,1
NZ_CP130113.1,16,13,8,5
NZ_CP038375.1,7,11,4,7
NZ_CP140294.1,9,11,7,4
NZ_CP140295.1,23,27,18,9
NZ_CP032991.1,4,4,3,1
NZ_CP032990.1,4,3,2,1
NZ_CP051319.1,13,10,9,1
NZ_CP051318.1,7,6,4,2
NZ_CP028608.1,2,8,1,7
NZ_CP059296.1,14,21,14,7
NZ_CP133206.1,16,28,15,13
NZ_CP133207.1,5,7,5,2
NZ_CP133208.1,6,8,6,2
NZ_CP064792.1,7,12,5,7
NZ_CP048368.1,11,14,10,4
NZ_CP025801.1,2,1,1,0
NZ_CP126344.1,23,22,17,5
NZ_CP093227.1,19,18,12,6
NZ_CP093228.1,2,1,1,0
NZ_CP093229.1,6,2,2,0
NZ_CP093230.1,5,4,3,1
NZ_CP125368.1,4,6,4,2
NC_018222.1,1,1,1,0
NC_018223.1,2,2,0,2
NZ_CP063770.1,10,17,9,8
NZ_CP118159.1,6,9,6,3
NZ_CP118160.1,11,15,12,3
NZ_CP010977.1,1,1,0,1
NZ_CP017949.1,5,8,1,7
NZ_OX460340.1,8,15,9,6
NZ_CP096365.1,14,19,12,7
NZ_CP092398.1,32,33,20,13
NZ_CP092397.1,8,10,8,2
NZ_CP064705.1,29,24,19,5
NZ_CP064706.1,34,58,20,38
NZ_CP009773.1,15,12,3,9
NZ_CP009774.1,4,3,1,2
NZ_CP093381.1,26,32,21,11
NZ_CP093383.1,2,2,0,2
NZ_CP093382.1,2,4,1,3
NZ_CP020340.1,4,6,5,1
NZ_CP020341.1,1,3,2,1
NZ_CP039577.1,10,17,10,7
NZ_CP073634.1,1,3,0,3
NZ_CP007124.1,3,4,3,1
NZ_CP007125.1,10,7,2,5
NZ_CP094303.1,4,10,7,3
NZ_CP067236.1,12,14,13,1
NZ_CP067238.1,3,5,5,0
NZ_CP136836.1,1,1,0,1
NZ_CP135650.1,14,9,8,1
NZ_CP135651.1,5,5,3,2
NZ_CP122677.1,5,12,3,9
NZ_CP122678.1,2,1,0,1
NZ_CP142994.1,13,19,10,9
NZ_CP086440.1,11,8,7,1
NZ_CP086441.1,14,18,13,5
NZ_CP086442.1,12,15,10,5
NZ_CP086443.1,4,4,4,0
NZ_CP068594.1,11,15,14,1
NZ_CP068592.1,22,25,19,6
NZ_CP068593.1,12,16,10,6
NZ_CP117309.1,1,1,1,0
NZ_CP021951.1,13,17,8,9
NZ_CP021952.1,19,19,13,6
NZ_CP021953.1,10,12,8,4
NC_009837.1,17,20,12,8
NC_009838.1,16,9,9,0
NZ_CP058941.1,16,23,12,11
NZ_CP058942.1,12,9,7,2
NZ_CP058943.1,5,11,4,7
NZ_CP058945.1,4,4,3,1
NZ_CP124323.1,16,18,13,5
NZ_CP047657.1,7,5,2,3
NZ_CP087684.1,1,1,1,0
NZ_CP065771.1,29,29,23,6
NZ_CP065772.1,8,9,8,1
NC_015165.1,3,0,0,0
NZ_CP058527.1,9,12,5,7
NZ_CP058528.1,1,1,1,0
NZ_CP073061.1,7,13,10,3
NZ_CP033321.1,6,14,5,9
NZ_CP033323.1,2,1,0,1
NZ_CP062365.1,1,1,0,1
NZ_CP038887.1,53,60,33,27
NZ_CP038888.1,17,14,10,4
NZ_CP038889.1,10,12,6,6
NZ_CP038890.1,2,3,1,2
NZ_CP050949.1,2,2,1,1
NZ_CP050950.1,3,1,0,1
NZ_CP040714.1,3,4,3,1
NZ_CP040713.1,1,7,5,2
NZ_CP040712.1,15,26,12,14
NZ_CP141802.1,16,13,11,2
NZ_CP050089.1,14,29,12,17
NZ_CP050090.1,20,33,21,12
NZ_CP050087.1,2,3,2,1
NZ_CP050088.1,2,2,1,1
NZ_CP050086.1,11,16,4,12
NZ_CP078141.1,5,9,4,5
NZ_CP078140.1,10,14,7,7
NZ_CP132313.1,3,6,2,4
NZ_CP026749.2,13,10,5,5
NZ_HG530136.1,2,0,0,0
NZ_CP058228.1,21,22,20,2
NZ_CP058230.1,1,2,1,1
NZ_OX637962.1,19,21,14,7
NZ_OX637963.1,9,6,5,1
NZ_CP050174.1,22,26,15,11
NZ_CP044484.1,19,23,8,15
NZ_CP044485.1,5,7,2,5
NZ_CP044486.1,1,0,0,0
NZ_CP044487.1,2,2,2,0
NZ_CP019653.1,5,5,5,0
NZ_CP083829.1,4,3,3,0
NZ_CP117621.1,13,22,10,12
NZ_CP117622.1,9,6,1,5
NZ_CP117623.1,1,0,0,0
NZ_CP117624.1,2,0,0,0
NZ_CP117625.1,1,0,0,0
NZ_CP053924.1,2,3,2,1
NZ_LR890344.1,24,39,28,11
NZ_LR890345.1,4,4,4,0
NZ_CP123661.1,11,13,7,6
NZ_CP123662.1,4,10,6,4
NZ_LR135294.1,36,38,22,16
NZ_LR135295.1,6,5,5,0
NZ_LR135296.1,2,1,1,0
NZ_CP060123.1,15,19,8,11
NZ_CP060126.1,1,0,0,0
NZ_CP060125.1,7,8,5,3
NZ_CP060127.1,3,4,3,1
NZ_CP060128.1,2,0,0,0
NZ_CP060129.1,1,1,1,0
NZ_CP139747.1,3,5,2,3
NZ_CP096343.1,14,10,10,0
NZ_CP096344.1,4,4,4,0
NZ_CP096345.1,6,5,1,4
NZ_CP060947.1,1,1,0,1
NZ_CP060948.1,5,5,5,0
NZ_CP060949.1,6,5,5,0
NZ_CP092794.1,22,30,17,13
NZ_CP092795.1,11,12,9,3
NZ_CP092796.1,7,7,6,1
NZ_CP025587.1,6,5,0,5
NZ_CP025588.1,6,7,4,3
NZ_CP029871.1,9,15,6,9
NZ_CP124456.1,18,22,18,4
NZ_CP016160.1,2,7,3,4
NZ_CP086300.1,2,3,1,2
NZ_CP129260.1,9,14,4,10
NZ_CP132981.1,4,2,2,0
NZ_CP132984.1,12,20,10,10
NZ_CP132982.1,29,33,20,13
NZ_CP068070.1,1,0,0,0
NZ_CP006747.1,6,11,2,9
NZ_CP006746.1,8,9,6,3
NZ_CP110612.1,1,1,0,1
NZ_CP119410.1,3,3,2,1
NZ_CP025426.1,32,45,32,13
NZ_CP025427.1,19,15,13,2
NZ_CP045334.1,11,4,2,2
NZ_CP045335.1,1,6,1,5
NZ_CP064206.1,15,19,10,9
NZ_CP069283.1,3,4,2,2
NZ_CP069285.1,11,13,8,5
NZ_CP069287.1,5,4,3,1
NZ_CP062737.1,8,8,5,3
NZ_CP089967.1,13,13,8,5
NZ_CP089968.1,7,10,5,5
NZ_CP089969.1,5,9,8,1
NZ_CP089970.1,8,7,6,1
NZ_CP065529.1,19,35,29,6
NZ_CP065528.1,3,2,2,0
NZ_CP039077.1,3,7,1,6
NZ_CP039078.1,64,82,55,27
NZ_CP039079.1,16,13,11,2
NZ_CP039080.1,10,11,9,2
NZ_CP033224.2,14,16,9,7
NZ_CP076478.1,41,49,37,12
NZ_CP076479.1,1,1,1,0
NZ_CP076480.1,3,1,1,0
NZ_CP076481.1,7,8,4,4
NZ_CP093069.1,8,8,5,3
NZ_CP093070.1,6,13,4,9
NZ_CP075592.1,12,15,12,3
NZ_CP075593.1,9,12,4,8
NZ_CP028967.1,2,1,1,0
NZ_CP028969.1,3,3,2,1
NZ_CP028966.1,2,1,0,1
NZ_CP028970.1,12,23,8,15
NZ_CP028971.1,4,0,0,0
NZ_CP028972.1,1,0,0,0
NZ_CP028973.1,1,1,1,0
NZ_CP078043.1,18,19,13,6
NZ_CP078044.1,1,1,1,0
NZ_CP071213.1,6,5,4,1
NZ_CP116917.1,1,2,2,0
NZ_CP053897.1,13,12,8,4
NZ_CP033734.1,3,4,3,1
NZ_CP039566.1,3,3,2,1
NZ_CP066623.1,33,41,28,13
NZ_CP066624.1,2,0,0,0
NZ_CP066625.1,8,9,7,2
NZ_CP029588.1,19,24,16,8
NZ_CP048224.1,17,22,9,13
NZ_AP022253.1,4,4,3,1
NZ_CP081959.1,6,6,2,4
NZ_CP081960.1,7,4,4,0
NZ_LT604075.1,9,5,2,3
NZ_CP130922.1,2,2,2,0
NZ_CP123037.1,16,19,15,4
NZ_CP083722.1,20,24,15,9
NZ_AP025154.1,1,1,0,1
NZ_CP027127.1,5,4,1,3
NZ_CP027125.1,3,2,2,0
NZ_CP085700.1,2,2,0,2
NZ_CP080151.1,9,15,11,4
NZ_CP080150.1,5,7,4,3
NZ_CP024584.1,24,15,9,6
NZ_CP024582.1,24,27,17,10
NZ_CP024583.1,31,33,20,13
NZ_CP024587.1,9,16,7,9
NZ_CP024586.1,9,9,3,6
NZ_CP031572.1,1,1,0,1
NZ_CP031573.1,10,9,6,3
NZ_CP057659.1,4,3,0,3
NZ_CP117710.1,1,1,0,1
NZ_LT985193.1,3,3,3,0
NZ_LT985194.1,15,14,3,11
NZ_LT985195.1,4,7,1,6
NZ_LR135259.1,20,27,18,9
NZ_LR135260.1,7,5,3,2
NZ_LR135261.1,2,1,0,1
NZ_CP130670.1,16,21,15,6
NZ_CP130669.1,2,1,1,0
NZ_CP130668.1,10,10,8,2
NZ_CP137748.1,4,3,3,0
NZ_CP137747.1,20,20,18,2
NZ_CP137750.1,1,1,1,0
NZ_CP103865.1,2,9,1,8
NZ_CP143884.1,4,5,2,3
NZ_CP143883.1,5,4,2,2
NZ_CP104837.1,2,3,2,1
NZ_CP104838.1,31,24,15,9
NZ_CP104839.1,1,2,2,0
NZ_CP104841.1,37,38,33,5
NZ_CP104842.1,16,10,6,4
NZ_CP045629.1,7,7,0,7
NZ_CP045630.1,11,10,7,3
NZ_AP025678.1,1,1,0,1
NZ_CP014942.1,12,11,6,5
NZ_CP070567.1,1,1,1,0
NZ_CP070565.1,22,12,10,2
NZ_CP021653.1,66,74,65,9
NZ_CP010990.1,40,49,32,17
NZ_CP010991.1,3,3,1,2
NZ_CP040835.1,20,21,19,2
NZ_CP040834.1,21,23,19,4
NZ_CP137502.1,1,0,0,0
NZ_CP033146.1,5,3,2,1
NZ_CP033147.1,3,1,1,0
NZ_CP100692.1,1,0,0,0
NZ_AP017382.1,3,6,0,6
NZ_AP017383.1,9,10,2,8
NZ_AP017384.1,1,1,0,1
NC_014918.1,1,1,1,0
NZ_CP043200.1,1,1,0,1
NZ_CP054924.1,1,1,0,1
NZ_CP048432.1,3,6,4,2
NZ_CP083583.1,76,84,48,36
NZ_CP083584.1,4,1,0,1
NZ_CP013937.1,3,3,1,2
NZ_CP065098.1,26,23,19,4
NZ_CP086725.1,20,34,21,13
NZ_CP126033.1,22,47,24,23
NZ_CP006922.1,8,5,2,3
NZ_CP006919.1,6,3,1,2
NC_016113.1,12,9,9,0
NZ_CP099908.1,6,7,5,2
NZ_CP099909.1,2,3,1,2
NZ_CP103545.1,15,19,11,8
NZ_CP103546.1,5,4,0,4
NZ_LS992181.1,10,24,6,18
NZ_LS992182.1,17,13,9,4
NZ_CP014253.1,2,2,2,0
NZ_CP014254.1,8,7,6,1
NZ_CP137130.1,3,2,2,0
NZ_CP137127.1,4,3,0,3
NZ_CP137129.1,5,5,5,0
NZ_JAGFUR010000002.1,2,2,2,0
NZ_CP035032.1,9,10,7,3
NZ_CP035027.1,6,12,10,2
NZ_CP035028.1,9,7,3,4
NZ_CP035029.1,6,7,6,1
NZ_CP035030.1,6,4,2,2
NZ_CP117015.1,1,2,2,0
NZ_CP047353.1,10,10,6,4
NZ_CP090344.1,17,21,12,9
NZ_CP090345.1,11,12,9,3
NZ_CP090346.1,7,9,6,3
NZ_CP076735.1,9,17,8,9
NZ_LN832562.1,16,18,11,7
NZ_CP040645.1,4,4,3,1
NZ_CP129707.1,11,10,7,3
NZ_CP129708.1,7,10,8,2
NZ_CP129706.1,9,8,8,0
NZ_CP026329.1,29,45,21,24
NZ_CP026330.1,4,12,3,9
NZ_CP094874.1,1,0,0,0
NZ_CP075133.1,1,4,1,3
NZ_CP066250.1,21,28,16,12
NZ_CP066251.1,11,12,9,3
NZ_CP066252.1,7,9,6,3
NZ_CP022661.1,7,15,6,9
NZ_CP022662.1,6,13,6,7
NZ_CP122728.1,7,7,2,5
NZ_CP122732.1,9,9,4,5
NZ_CP062888.1,25,29,12,17
NZ_CP062887.1,8,8,5,3
NZ_CP062884.1,6,2,2,0
NZ_CP141068.1,6,7,5,2
NZ_CP141069.1,19,25,16,9
NZ_CP141070.1,14,14,12,2
NC_017575.1,27,28,15,13
NZ_CP142017.1,2,2,0,2
NZ_CP008842.1,13,21,11,10
NZ_CP008843.1,24,25,17,8
NZ_CP008844.1,1,1,1,0
NZ_CP082046.1,10,12,4,8
NZ_CP077851.1,1,1,1,0
NZ_CP115891.1,19,15,15,0
NZ_CP115892.1,6,9,7,2
NZ_CP115893.1,8,8,7,1
NZ_CP123964.1,10,23,16,7
NZ_CP123965.1,9,19,7,12
NZ_CP117513.1,10,11,9,2
NZ_CP117512.1,9,12,11,1
NC_018141.1,4,3,2,1
NZ_CP040258.1,13,13,10,3
NZ_CP030335.1,9,5,4,1
NZ_CP030339.1,3,3,3,0
NZ_CP091757.1,29,32,20,12
NZ_CP091758.1,6,7,3,4
NZ_CP049152.1,2,2,1,1
NZ_CP127858.1,4,7,4,3
NZ_CP127859.1,1,3,0,3
NZ_CP127860.1,7,6,3,3
NZ_CP085984.1,16,29,12,17
NZ_CP085985.1,5,3,2,1
NZ_CP016600.1,3,3,2,1
NZ_CP016601.1,1,0,0,0
NZ_CP056467.1,4,4,3,1
NZ_CP015383.1,18,25,17,8
NZ_CP015384.1,2,0,0,0
NZ_CP104587.1,18,14,11,3
NZ_CP099584.1,27,19,14,5
NZ_CP099585.1,7,8,6,2
NZ_CP099586.1,21,20,15,5
NZ_CP119987.1,21,33,16,17
NC_017483.1,1,1,1,0
NC_017487.1,4,4,2,2
NC_017484.1,2,1,1,0
NZ_CP064335.1,1,0,0,0
NZ_CP046568.1,1,1,1,0
NZ_CP046569.1,5,4,1,3
NZ_CP133352.1,11,7,6,1
NZ_CP133353.1,1,3,2,1
NZ_CP042572.1,1,2,2,0
NZ_CP042573.1,2,2,2,0
NZ_CP042574.1,5,5,4,1
NZ_CP096597.1,3,2,1,1
NC_014495.1,9,7,6,1
NZ_CP124064.1,1,0,0,0
NC_003277.2,4,3,2,1
NZ_CP082899.1,6,6,5,1
NZ_CP082900.1,4,5,5,0
NZ_CP070247.1,4,6,1,5
NZ_CP044337.1,10,10,7,3
NZ_CP049749.1,2,2,1,1
NZ_CP020934.1,12,17,13,4
NZ_CP020936.1,5,4,4,0
NZ_CP083067.1,21,23,17,6
NZ_CP083068.1,4,4,4,0
NZ_CP083069.1,8,7,5,2
NZ_CP072587.1,39,55,39,16
NZ_CP072588.1,14,13,11,2
NZ_CP072589.1,11,9,8,1
NZ_CP021958.1,18,24,17,7
NZ_CP021959.1,4,4,3,1
NZ_CP021961.1,17,23,11,12
NZ_CP021962.1,5,5,4,1
NZ_CP116529.1,25,24,21,3
NZ_CP116530.1,7,7,6,1
NZ_CP116531.1,4,4,4,0
NZ_CP110282.1,4,13,7,6
NZ_CP040855.1,6,6,3,3
NZ_CP040856.1,3,3,3,0
NZ_CP124820.1,14,16,5,11
NZ_CP124821.1,1,0,0,0
NZ_CP124823.1,1,1,1,0
NZ_CP124822.1,4,4,4,0
NZ_CP059841.1,6,14,6,8
NZ_CP070038.1,23,18,13,5
NZ_CP070039.1,16,17,9,8
NZ_CP122323.1,9,21,13,8
NZ_CP122321.1,2,2,2,0
NZ_CP122322.1,2,2,1,1
NZ_CP122324.1,1,0,0,0
NZ_CP097727.1,17,18,6,12
NZ_CP097728.1,8,6,2,4
NZ_CP026940.2,12,17,8,9
NZ_CP026941.2,5,7,4,3
NZ_CP031985.1,5,5,3,2
NZ_CP047040.1,1,1,0,1
NZ_CP047041.1,1,3,2,1
NZ_CP047042.1,1,0,0,0
NZ_CP047039.1,2,4,1,3
NZ_CP134637.1,8,10,10,0
NZ_CP066344.1,7,4,4,0
NZ_CP066345.1,2,1,1,0
NZ_CP066347.1,5,4,3,1
NZ_CP059053.1,3,3,2,1
NZ_CP059054.1,2,0,0,0
NZ_CP019209.1,44,47,34,13
NZ_CP019210.1,13,11,8,3
NZ_CP122519.1,1,1,0,1
NZ_CP122518.1,10,15,7,8
NZ_CP122520.1,7,7,4,3
NZ_CP026137.1,22,20,18,2
NZ_CP026138.1,1,1,1,0
NZ_CP026139.1,4,4,4,0
NZ_CP108024.1,25,35,16,19
NZ_CP110783.1,4,7,3,4
NZ_CP051308.1,15,11,10,1
NZ_CP066020.1,12,27,9,18
NC_017468.1,2,2,0,2
NZ_AP022887.1,3,1,1,0
NZ_AP022888.1,5,7,5,2
NZ_CP026785.1,22,62,23,39
NZ_CP123612.1,9,11,7,4
NZ_AP020327.1,7,5,5,0
NZ_AP020328.1,1,2,0,2
NZ_CP071241.1,6,5,4,1
NZ_CP026506.1,9,8,7,1
NZ_CP026507.1,10,10,7,3
NZ_CP026508.1,5,5,5,0
NZ_CP026509.1,2,2,2,0
NZ_CP026510.1,2,1,1,0
NZ_CP118575.1,115,89,47,42
NZ_CP022775.1,2,12,2,10
NZ_CP144365.1,18,25,12,13
NZ_CP144366.1,22,21,19,2
NZ_CP039843.1,1,0,0,0
NZ_CP039842.1,6,5,3,2
NZ_CP039839.1,1,0,0,0
NZ_CP103746.1,14,18,11,7
NZ_CP103747.1,13,10,6,4
NZ_CP103748.1,5,4,4,0
NZ_AP023316.1,8,9,9,0
NZ_CP090433.1,20,29,17,12
NZ_CP090434.1,12,12,9,3
NZ_CP090435.1,7,7,5,2
NZ_CP026796.1,49,74,49,25
NZ_CP026732.1,9,22,9,13
NZ_CP026733.1,12,24,14,10
NC_017495.1,2,3,2,1
NC_017493.1,4,9,8,1
NC_017496.1,12,14,11,3
NZ_CP055327.1,23,23,17,6
NZ_CP055326.1,28,31,25,6
NZ_CP055328.1,11,12,12,0
NZ_CP090134.1,38,35,24,11
NZ_CP090135.1,5,3,3,0
NZ_CP055064.1,35,32,23,9
NZ_CP055065.1,9,11,8,3
NZ_CP087619.1,20,22,16,6
NZ_CP087620.1,2,1,0,1
NZ_CP087621.1,13,14,11,3
NZ_CP030243.1,2,0,0,0
NZ_LR882935.1,7,6,3,3
NZ_LR882936.1,1,0,0,0
NZ_LR882937.1,3,3,2,1
NZ_CP094748.1,1,6,3,3
NZ_CP043642.1,1,1,0,1
NZ_CP117961.1,12,12,8,4
NZ_CP038429.1,2,6,3,3
NZ_CP139361.1,23,24,16,8
NZ_CP139362.1,3,2,2,0
NZ_CP106651.1,15,11,7,4
NZ_CP073622.1,11,13,7,6
NZ_CP073623.1,8,9,7,2
NC_009426.1,1,1,1,0
NZ_LN906635.1,3,3,2,1
NZ_CP065079.1,13,13,8,5
NZ_CP095395.1,19,17,9,8
NZ_CP095396.1,10,10,4,6
NZ_CP087052.1,1,1,0,1
NZ_CP087053.1,4,4,2,2
NZ_CP087054.1,12,14,11,3
NZ_CP087055.1,1,1,1,0
NZ_CP087056.1,29,25,12,13
NZ_CP087058.1,1,0,0,0
NZ_CP070460.1,19,14,9,5
NZ_CP018246.1,7,9,7,2
NZ_CP048420.1,3,2,0,2
NZ_CP048421.1,1,3,0,3
NZ_AP022849.1,3,2,2,0
NZ_CP016585.1,2,2,0,2
NZ_CP061599.1,9,8,6,2
NZ_CP061600.1,5,10,7,3
NZ_CP061601.1,1,1,0,1
NZ_CP015960.1,3,3,1,2
NZ_CP014411.1,3,5,3,2
NZ_CP024308.1,6,6,3,3
NZ_CP024309.1,16,19,9,10
NZ_CP024310.1,6,9,4,5
NZ_CP139215.1,12,14,10,4
NZ_CP071262.1,4,4,4,0
NZ_CP082352.1,10,25,13,12
NZ_CP082353.1,1,3,3,0
NZ_CP029123.1,13,10,10,0
NZ_CP098515.1,5,8,1,7
NZ_CP098516.1,5,5,2,3
NZ_CP098517.1,2,2,2,0
NZ_CP102461.1,1,1,1,0
NZ_CP116296.1,10,6,3,3
NZ_CP095156.1,28,24,20,4
NZ_CP008958.1,2,6,3,3
NZ_CP117807.1,1,2,0,2
NZ_AP027300.1,12,11,8,3
NZ_AP027301.1,11,18,17,1
NZ_CP024546.1,3,4,4,0
NZ_CP024547.1,5,3,3,0
NZ_CP056342.1,33,29,26,3
NZ_CP056343.1,4,3,3,0
NZ_CP056344.1,6,6,3,3
NZ_CP056345.1,1,4,3,1
NZ_CP027583.1,15,18,5,13
NZ_CP097634.1,6,10,6,4
NZ_CP023051.1,9,8,7,1
NZ_CP076836.1,1,0,0,0
NZ_CP134889.1,2,4,1,3
NZ_CP134884.1,7,7,5,2
NZ_CP134887.1,1,2,0,2
NZ_CP081962.1,1,4,2,2
NZ_CP086600.1,8,5,4,1
NZ_CP086601.1,1,1,1,0
NZ_CP086602.1,1,1,0,1
NZ_CP086603.1,1,1,1,0
NZ_CP069454.1,10,12,4,8
NZ_CP069455.1,6,6,5,1
NZ_CP047532.1,7,6,6,0
NZ_CP025402.1,12,11,8,3
NZ_CP025403.1,11,13,8,5
NZ_CP055001.1,16,23,13,10
NZ_CP095265.1,11,12,9,3
NZ_CP095266.1,6,8,5,3
NZ_CP023027.1,1,1,0,1
NZ_CP023028.1,5,3,3,0
NZ_CP065610.1,14,10,5,5
NZ_CP065612.1,42,81,48,33
NZ_CP104485.1,12,18,13,5
NZ_CP104486.1,1,1,1,0
NC_018683.1,20,31,18,13
NC_018701.1,13,13,5,8
NC_018682.1,5,6,1,5
NZ_CP035908.1,7,9,8,1
NZ_CP035907.1,12,16,7,9
NZ_CP035910.1,1,1,1,0
NZ_CP035906.1,12,28,20,8
NZ_CP058950.1,15,17,12,5
NZ_CP058949.1,11,15,10,5
NZ_CP076342.1,4,7,4,3
NZ_CP076341.1,6,8,5,3
NZ_CP121568.1,1,1,1,0
NZ_LR135489.1,42,42,36,6
NZ_LR135490.1,4,3,2,1
NZ_LR135491.1,8,6,5,1
NZ_LR135492.1,4,2,2,0
NZ_CP102417.1,1,0,0,0
NZ_CP041631.1,6,8,5,3
NZ_CP041630.1,1,1,1,0
NZ_CP041629.1,11,16,10,6
NZ_CP121309.1,19,17,8,9
NZ_CP121310.1,16,15,9,6
NZ_CP124472.1,11,13,7,6
NZ_CP124473.1,2,0,0,0
NZ_CP124474.1,5,2,1,1
NZ_CP135672.1,15,17,12,5
NZ_CP135673.1,4,3,1,2
NZ_CP135674.1,5,4,3,1
NZ_CP128178.1,14,13,8,5
NZ_CP128179.1,8,8,5,3
NZ_CP128176.1,9,9,8,1
NZ_CP128177.1,4,2,2,0
NZ_CP128174.1,6,3,3,0
NZ_CP128175.1,1,1,1,0
NZ_CP038289.1,9,10,5,5
NZ_CP038288.1,1,1,1,0
NZ_CP015212.1,10,13,4,9
NZ_CP015213.1,2,4,1,3
NZ_CP015214.1,1,3,2,1
NZ_CP015215.1,1,1,1,0
NZ_CP066352.1,85,86,54,32
NZ_CP066353.1,56,72,40,32
NZ_CP066354.1,32,35,18,17
NZ_CP033246.1,7,9,7,2
NZ_CP067062.1,3,4,4,0
NZ_CP067061.1,12,16,8,8
NZ_CP006263.1,16,14,5,9
NZ_CP006264.1,1,1,1,0
NZ_CP074025.1,12,12,8,4
NZ_CP048434.1,1,1,0,1
NZ_CP107028.1,10,5,4,1
NZ_CP082157.1,4,4,4,0
NZ_CP082156.1,11,13,9,4
NZ_CP082155.1,21,22,17,5
NZ_CP099918.1,2,1,0,1
NZ_CP045841.1,4,5,3,2
NZ_CP045842.1,17,22,12,10
NZ_CP079761.1,1,1,0,1
NZ_CP097704.1,9,10,9,1
NZ_CP097705.1,1,1,0,1
NZ_CP097707.1,13,10,9,1
NZ_CP097708.1,4,5,5,0
NZ_CP090743.1,3,2,2,0
NZ_CP016568.1,5,6,2,4
NZ_CP073930.1,15,19,13,6
NZ_CP073931.1,1,1,1,0
NZ_CP074536.1,22,22,16,6
NZ_CP074537.1,16,12,7,5
NZ_CP074538.1,2,1,0,1
NZ_CP016013.1,7,6,5,1
NZ_CP038953.1,84,100,50,50
NZ_CP038954.1,13,13,6,7
NZ_CP038955.1,9,9,5,4
NZ_CP038956.1,14,13,4,9
NZ_CP014399.1,2,3,1,2
NZ_CP054436.1,1,0,0,0
NZ_CP044413.1,1,1,1,0
NZ_CP022268.1,4,9,8,1
NZ_CP022269.1,2,5,4,1
NZ_CP117405.1,4,1,0,1
NZ_CP117406.1,4,5,2,3
NZ_CP117407.1,2,2,2,0
NZ_CP117408.1,3,3,1,2
NZ_CP031818.1,47,56,41,15
NZ_CP031819.1,1,1,1,0
NZ_CP031820.1,1,1,1,0
NZ_CP127097.1,3,0,0,0
NZ_CP081288.1,1,0,0,0
NZ_CP081289.1,3,1,1,0
NZ_CP029690.1,10,13,11,2
NZ_CP029691.1,9,12,4,8
NZ_CP097841.1,37,67,30,37
NZ_CP097842.1,6,12,6,6
NZ_CP020740.1,4,3,1,2
NZ_CP104646.1,4,7,3,4
NZ_CP096331.1,4,2,0,2
NZ_CP043343.1,7,13,7,6
NZ_CP107864.1,19,19,12,7
NZ_CP039438.1,19,21,14,7
NZ_CP141562.1,9,12,9,3
NZ_CP141561.1,7,6,3,3
NZ_CP141563.1,7,7,6,1
NZ_CP056201.1,32,28,24,4
NZ_CP056202.1,10,15,11,4
NZ_CP071803.1,1,0,0,0
NZ_CP071804.1,6,5,4,1
NZ_CP068649.1,4,3,2,1
NZ_CP068650.1,5,10,6,4
NZ_CP068651.1,7,10,6,4
NZ_LN890525.1,1,1,0,1
NZ_CP116075.1,14,18,12,6
NZ_CP116076.1,1,1,0,1
NZ_CP116521.1,17,20,17,3
NZ_CP116522.1,12,13,10,3
NZ_CP048534.1,1,6,2,4
NZ_CP048535.1,1,2,2,0
NZ_CP071237.1,6,5,4,1
NZ_CP113251.1,3,5,1,4
NZ_CP113252.1,5,6,6,0
NZ_CP113253.1,2,2,1,1
NZ_CP113254.1,1,2,1,1
NZ_CP113255.1,3,5,3,2
NZ_CP107594.1,1,5,3,2
NZ_CP083102.1,27,25,22,3
NZ_CP083103.1,21,25,18,7
NZ_CP083104.1,4,2,1,1
NZ_CP083105.1,6,3,2,1
NZ_CP083106.1,3,2,2,0
NZ_CP083107.1,13,12,12,0
NZ_CP083109.1,1,1,0,1
NZ_CP072732.1,35,39,32,7
NZ_CP072733.1,8,7,6,1
NZ_CP072734.1,11,9,8,1
NZ_AP027403.1,6,10,8,2
NZ_AP027402.1,1,1,1,0
NZ_CP106984.1,15,14,11,3
NZ_CP106983.1,5,5,2,3
NZ_CP072882.1,34,34,28,6
NZ_CP072883.1,1,0,0,0
NZ_CP080292.1,1,0,0,0
NZ_CP117397.1,8,7,5,2
NZ_AP025880.1,30,31,24,7
NZ_CP138304.1,32,35,11,24
NZ_CP138303.1,44,56,19,37
NZ_CP011579.1,1,0,0,0
NZ_CP011580.1,17,12,10,2
NZ_CP100103.1,8,16,10,6
NZ_CP100104.1,4,12,8,4
NZ_CP100105.1,1,5,1,4
NZ_CP119303.1,1,10,6,4
NZ_CP119304.1,3,2,2,0
NZ_CP119305.1,2,2,2,0
NZ_CP071627.1,1,1,1,0
NZ_CP071629.1,4,6,1,5
NZ_CP071631.1,2,2,1,1
NZ_CP139674.1,15,20,11,9
NZ_CP139676.1,2,2,2,0
NZ_CP086809.1,25,22,10,12
NZ_CP086810.1,1,1,1,0
NZ_CP086811.1,11,14,11,3
NZ_CP086812.1,2,1,0,1
NZ_CP086813.1,1,0,0,0
NZ_CP086814.1,1,0,0,0
NZ_CP086815.1,2,1,1,0
NZ_CP096863.1,1,5,3,2
NZ_CP106925.1,11,19,8,11
NZ_AP027137.1,3,6,4,2
NZ_CP022991.1,16,16,12,4
NZ_CP022992.1,38,40,19,21
NZ_CP022993.1,22,25,13,12
NZ_CP022994.1,6,4,1,3
NC_022536.1,8,19,7,12
NZ_CP020371.1,19,10,7,3
NZ_CP020372.1,21,9,7,2
NZ_CP135148.1,3,2,1,1
NZ_CP135149.1,9,9,6,3
NC_015382.1,11,15,10,5
NC_015377.1,2,2,2,0
NC_015378.1,2,2,1,1
NC_015383.1,33,33,16,17
NZ_CP030245.1,7,6,3,3
NZ_CP115391.1,17,18,13,5
NZ_CP065798.1,2,2,1,1
NZ_CP065799.1,2,2,2,0
NZ_CP076234.1,8,7,5,2
NZ_CP010184.1,10,14,8,6
NZ_CP139205.1,1,1,1,0
NZ_CP046547.1,1,1,1,0
NZ_CP062791.1,3,3,0,3
NZ_CP022349.1,7,4,0,4
NZ_CP022350.1,11,14,8,6
NZ_CP022351.1,5,4,4,0
NZ_CP031233.1,14,10,8,2
NZ_CP031234.1,2,2,1,1
NZ_CP031235.1,5,7,4,3
NZ_CP140820.1,4,5,1,4
NZ_CP140821.1,9,17,9,8
NZ_CP140823.1,3,4,1,3
NZ_CP140824.1,5,6,4,2
NZ_CP021203.1,9,10,9,1
NZ_CP021204.1,5,7,6,1
NZ_CP021205.1,2,2,2,0
NZ_CP021206.1,7,7,7,0
NZ_LT905089.1,1,1,1,0
NZ_CP123256.1,1,1,1,0
NZ_CP123257.1,7,6,4,2
NZ_CP072395.1,6,8,6,2
NZ_CP072394.1,8,17,5,12
NZ_CP061641.1,12,7,6,1
NZ_CP061642.1,6,11,5,6
NZ_CP061643.1,1,1,0,1
NC_010470.1,3,5,0,5
NC_010466.1,3,6,2,4
NC_010467.1,2,1,1,0
NZ_CP020927.1,13,9,2,7
NZ_CP020926.1,6,6,4,2
NZ_CP049908.1,10,2,0,2
NZ_CP049909.1,6,2,1,1
NZ_CP099392.1,5,9,3,6
NZ_CP099393.1,10,13,7,6
NZ_CP113038.1,2,3,2,1
NZ_CP113036.1,3,3,2,1
NZ_CP113035.1,2,3,2,1
NZ_CP058860.1,30,37,17,20
NZ_CP058861.1,12,13,10,3
NZ_CP058862.1,3,7,2,5
NZ_CP058863.1,1,1,1,0
NZ_CP091605.1,24,26,16,10
NC_017585.1,12,11,8,3
NZ_CP018658.1,3,5,2,3
NZ_CP095444.1,14,20,14,6
NZ_LR735422.1,7,7,6,1
NZ_CP014968.1,3,3,2,1
NZ_CP084807.1,35,37,23,14
NZ_CP084808.1,17,14,9,5
NZ_CP084809.1,2,2,2,0
NZ_CP084810.1,19,21,16,5
NZ_CP084813.1,1,2,1,1
NZ_CP076455.1,5,7,3,4
NZ_CP076454.1,4,11,3,8
NZ_CP058658.1,19,16,13,3
NZ_CP058659.1,1,1,1,0
NZ_CP058657.1,3,3,2,1
NZ_CP072281.1,19,20,11,9
NZ_CP072282.1,6,4,4,0
NZ_CP022610.1,10,13,8,5
NZ_CP096303.1,7,8,6,2
NZ_CP010130.1,2,3,3,0
NZ_CP010131.1,11,18,13,5
NZ_CP067373.1,18,29,18,11
NZ_CP110512.1,20,25,16,9
NZ_CP110513.1,1,1,0,1
NZ_CP009362.1,2,3,1,2
NZ_CP126812.1,18,15,12,3
NZ_CP126813.1,4,4,4,0
NZ_CP076196.1,5,10,5,5
NZ_CP044438.1,26,29,18,11
NZ_CP044439.1,2,3,2,1
NZ_CP044440.1,6,5,4,1
NZ_CP137177.1,26,24,24,0
NZ_CP137176.1,5,6,4,2
NZ_CP062266.1,35,49,33,16
NZ_CP062277.1,1,1,0,1
NZ_CP062267.1,2,2,2,0
NZ_CP062268.1,11,7,7,0
NZ_CP062269.1,4,3,1,2
NZ_CP062270.1,3,2,2,0
NZ_CP062271.1,3,3,3,0
NZ_CP062272.1,2,1,1,0
NZ_CP066577.1,36,38,27,11
NZ_CP066579.1,7,8,6,2
NZ_CP066578.1,3,1,1,0
NZ_CP066581.1,2,1,1,0
NZ_CP097021.1,3,4,3,1
NZ_CP056186.1,26,29,20,9
NZ_CP056187.1,5,4,3,1
NZ_CP056188.1,1,2,0,2
NZ_CP051660.1,5,5,5,0
NZ_CP118740.1,3,4,2,2
NZ_CP118741.1,4,6,2,4
NZ_CP118742.1,1,1,1,0
NZ_CP098339.1,22,18,13,5
NZ_LR890628.1,11,18,10,8
NZ_CP116205.1,17,14,11,3
NZ_CP116206.1,4,9,6,3
NZ_CP116207.1,6,3,3,0
NZ_CP031031.1,2,1,0,1
NZ_CP071020.1,27,27,21,6
NZ_CP043186.1,2,3,2,1
NZ_CP041449.1,9,12,8,4
NZ_CP041445.1,1,1,1,0
NZ_CP041444.1,16,21,12,9
NZ_LR135436.1,24,23,19,4
NZ_LR135437.1,2,3,2,1
NZ_LR135439.1,3,3,1,2
NZ_CP104480.1,3,3,3,0
NZ_CP088078.1,1,1,1,0
NZ_CP134837.1,3,3,2,1
NZ_CP027861.1,4,3,2,1
NZ_CP056246.1,24,23,20,3
NZ_CP097829.1,37,71,30,41
NZ_CP097830.1,6,10,7,3
NZ_AP019800.1,2,2,1,1
NZ_CP027195.1,12,6,3,3
NZ_CP027196.1,8,9,3,6
NZ_CP033731.1,1,1,1,0
NZ_CP103848.1,3,2,2,0
NZ_CP076447.1,6,6,3,3
NZ_CP104352.1,33,30,15,15
NZ_CP104353.1,1,1,0,1
NZ_CP056220.1,24,19,16,3
NZ_AP022410.1,5,6,3,3
NZ_CP123214.1,25,30,21,9
NZ_CP123212.1,1,1,1,0
NZ_CP123211.1,15,19,6,13
NZ_CP123210.1,8,9,5,4
NZ_CP123213.1,8,10,5,5
NZ_CP097214.1,9,15,4,11
NZ_CP029674.1,4,4,4,0
NZ_CP074429.1,2,2,0,2
NZ_CP074430.1,5,4,3,1
NZ_CP074431.1,1,0,0,0
NZ_CP018641.1,4,4,3,1
NZ_CP103691.1,31,24,16,8
NZ_CP103692.1,8,8,6,2
NZ_CP103693.1,1,0,0,0
NZ_LR890501.1,12,13,10,3
NZ_LR890502.1,11,8,7,1
NZ_LR890504.1,3,3,2,1
NZ_LR890505.1,4,4,4,0
NZ_CP058734.1,8,7,6,1
NZ_CP058735.1,8,5,1,4
NZ_CP058736.1,7,5,2,3
NZ_CP058739.1,1,1,0,1
NZ_CP135078.1,5,11,5,6
NZ_CP055152.1,5,2,1,1
NZ_CP013186.1,8,13,5,8
NZ_CP019694.1,1,1,0,1
NZ_CP019696.1,46,64,32,32
NZ_CP054032.1,3,10,4,6
NZ_CP054035.1,2,9,2,7
NZ_CP106953.1,38,53,32,21
NZ_OW848789.1,12,15,11,4
NZ_OW848790.1,4,4,4,0
NZ_CP104329.1,10,9,8,1
NZ_AP027418.1,29,21,18,3
NZ_CP089023.1,15,25,12,13
NZ_CP089022.1,5,4,4,0
NZ_CP063886.1,4,5,3,2
NZ_CP100073.1,20,20,16,4
NZ_CP100074.1,8,7,6,1
NZ_CP079885.1,14,14,10,4
NZ_CP079886.1,14,14,9,5
NZ_CP079888.1,3,1,1,0
NZ_CP079889.1,1,0,0,0
NZ_CP079890.1,1,0,0,0
NZ_CP079887.1,7,6,5,1
NZ_CP065701.1,3,2,1,1
NZ_CP065703.1,4,5,5,0
NZ_CP065704.1,10,18,15,3
NZ_CP106913.1,19,29,16,13
NZ_CP106914.1,11,8,6,2
NZ_CP106915.1,9,11,8,3
NZ_CP106917.1,6,5,5,0
NZ_CP016947.1,10,13,8,5
NZ_CP086776.1,5,11,4,7
NZ_CP086777.1,19,15,3,12
NZ_CP086779.1,5,3,1,2
NZ_CP086780.1,2,3,2,1
NZ_CP086781.1,1,1,1,0
NZ_CP086782.1,1,0,0,0
NZ_CP090559.1,6,10,7,3
NZ_CP053046.1,10,14,11,3
NZ_CP053047.1,8,8,6,2
NC_023071.1,1,2,1,1
NZ_CP104468.1,33,38,29,9
NZ_CP040879.1,10,9,6,3
NZ_CP137612.1,3,3,0,3
NZ_CP021940.1,1,0,0,0
NZ_CP021941.1,6,11,7,4
NZ_CP021942.1,1,1,1,0
NZ_CP021943.1,4,5,3,2
NZ_CP023376.1,2,3,0,3
NZ_CP023372.1,12,15,7,8
NZ_CP032436.1,13,13,10,3
NZ_CP032437.1,5,4,4,0
NZ_CP032438.1,4,8,7,1
NZ_CP032439.1,7,7,5,2
NZ_CP032440.1,2,2,2,0
NZ_CP123268.1,15,16,11,5
NZ_CP123267.1,13,18,13,5
NZ_CP123269.1,4,5,4,1
NZ_CP063872.1,8,16,11,5
NZ_CP032360.1,5,4,3,1
NZ_CP032361.1,9,9,5,4
NZ_CP137401.1,4,7,5,2
NZ_CP137397.1,1,0,0,0
NZ_CP137400.1,26,30,23,7
NZ_CP011165.1,1,1,1,0
NZ_CP011164.1,1,2,0,2
NZ_CP011166.1,5,6,4,2
NZ_CP031075.1,3,4,4,0
NZ_CP031072.1,19,26,19,7
NZ_CP104310.1,2,6,2,4
NZ_CP072356.1,2,0,0,0
NZ_CP038899.1,65,85,56,29
NZ_CP038900.1,13,17,8,9
NZ_CP038901.1,3,7,1,6
NZ_CP038902.1,16,18,13,5
NZ_CP038903.1,10,10,9,1
NZ_CP072493.1,16,26,13,13
NZ_CP120748.1,1,0,0,0
NZ_CP122870.1,1,0,0,0
NZ_CP122871.1,5,12,1,11
NZ_CP098166.1,19,24,18,6
NZ_CP113011.1,2,2,1,1
NZ_CP110946.1,2,1,1,0
NZ_CP110942.1,17,19,14,5
NZ_CP110943.1,14,10,6,4
NZ_CP110945.1,2,2,2,0
NZ_CP110944.1,5,3,0,3
NZ_CP100703.1,14,12,11,1
NZ_CP100706.1,1,1,0,1
NZ_CP100704.1,3,1,0,1
NZ_CP045561.1,14,15,12,3
NZ_CP103580.1,15,21,16,5
NZ_CP081685.1,39,34,26,8
NZ_CP081686.1,3,2,1,1
NZ_CP081687.1,15,17,13,4
NZ_CP115371.1,19,17,13,4
NZ_CP115372.1,2,2,2,0
NZ_CP083452.1,2,2,2,0
NZ_CP027864.1,1,1,1,0
NZ_CP027865.1,5,6,4,2
NZ_CP027866.1,13,16,13,3
NZ_CP027867.1,14,20,10,10
NZ_CP085201.1,16,19,14,5
NZ_AP022977.1,1,1,1,0
NZ_CP038614.1,74,79,22,57
NZ_CP038615.1,14,12,0,12
NZ_CP038616.1,9,10,2,8
NZ_CP038617.1,27,26,7,19
NZ_CP038618.1,10,14,5,9
NZ_CP038619.1,19,20,6,14
NZ_CP038620.1,24,22,7,15
NZ_CP038621.1,21,22,6,16
NZ_CP038622.1,20,20,3,17
NZ_CP038623.1,5,4,2,2
NZ_CP038624.1,2,1,0,1
NZ_CP038626.1,1,1,1,0
NZ_CP038628.1,1,1,1,0
NZ_CP038630.1,1,1,1,0
NZ_CP011864.1,1,1,1,0
NZ_CP097235.1,10,13,8,5
NZ_CP097234.1,8,10,6,4
NZ_CP097233.1,24,25,17,8
NZ_OW849471.1,19,24,19,5
NZ_OW849472.1,4,4,4,0
NZ_CP018702.1,9,11,10,1
NZ_CP018704.1,8,6,5,1
NZ_CP018706.1,4,2,2,0
NZ_CP018705.1,10,12,8,4
NZ_CP097106.1,4,5,5,0
NZ_CP023707.1,3,4,2,2
NZ_CP032880.1,1,2,1,1
NZ_CP032889.1,5,5,4,1
NZ_CP032888.1,7,8,4,4
NZ_CP032890.1,13,17,16,1
NZ_CP032891.1,7,10,6,4
NZ_CP073784.1,14,20,9,11
NZ_CP073785.1,9,9,6,3
NZ_CP021767.1,66,73,65,8
NZ_CP066620.1,1,1,0,1
NZ_CP066615.1,32,41,28,13
NZ_CP066617.1,9,9,7,2
NZ_CP066616.1,3,3,2,1
NZ_CP085396.1,4,3,1,2
NZ_CP046959.1,8,6,5,1
NZ_CP046960.1,1,0,0,0
NZ_CP046958.1,15,12,10,2
NZ_CP006757.1,5,16,5,11
NZ_CP006756.1,8,8,6,2
NZ_CP076158.1,5,10,5,5
NZ_CP045346.1,11,4,3,1
NZ_CP071989.1,1,0,0,0
NZ_CP096316.1,8,7,3,4
NZ_CP096317.1,8,7,6,1
NZ_CP121004.1,5,5,3,2
NZ_CP121005.1,2,1,0,1
NZ_CP119121.1,6,3,1,2
NZ_CP119123.1,13,15,8,7
NZ_CP119122.1,4,4,3,1
NZ_CP014569.1,4,3,2,1
NZ_CP039479.1,3,4,4,0
NZ_CP034087.1,21,23,12,11
NZ_CP034088.1,20,15,8,7
NZ_AP022045.1,13,19,11,8
NZ_CP059930.1,9,21,10,11
NZ_CP012121.2,2,3,3,0
NZ_CP122995.1,4,7,4,3
NZ_CP122999.1,1,1,0,1
NZ_CP122996.1,8,3,2,1
NZ_CP122997.1,2,1,0,1
NZ_AP025228.1,1,0,0,0
NZ_CP100301.1,46,39,31,8
NZ_CP100302.1,18,13,10,3
NZ_CP100303.1,10,9,8,1
NZ_CP100304.1,9,9,4,5
NZ_CP093246.1,15,12,10,2
NZ_CP016281.1,1,0,0,0
NZ_CP039088.1,65,82,54,28
NZ_CP039089.1,4,8,2,6
NZ_CP039090.1,16,13,11,2
NZ_CP039091.1,10,11,9,2
NZ_CP050138.1,1,0,0,0
NZ_CP010094.1,8,7,7,0
NZ_CP010093.1,1,2,2,0
NZ_CP010092.1,12,7,7,0
NZ_CP010091.1,12,17,9,8
NZ_CP010090.1,19,22,18,4
NC_022051.1,9,7,6,1
NZ_CP028265.1,5,8,2,6
NC_013972.1,1,2,1,1
NZ_CP076694.1,12,10,9,1
NZ_CP084273.1,1,2,0,2
NZ_CP084275.1,18,16,6,10
NZ_CP084276.1,14,24,10,14
NZ_CP084277.1,11,16,7,9
NZ_CP084278.1,2,3,1,2
NZ_CP043945.1,3,3,3,0
NZ_CP043944.1,17,19,12,7
NZ_CP043943.1,9,10,6,4
NZ_CP054130.1,5,4,4,0
NZ_CP054131.1,10,11,9,2
NZ_AP024659.1,11,10,7,3
NZ_CP128486.1,6,4,3,1
NZ_CP128489.1,14,17,11,6
NZ_CP128485.1,1,1,0,1
NZ_CP128484.1,31,38,21,17
NZ_CP064047.1,15,19,16,3
NZ_CP029611.1,12,12,9,3
NZ_CP093180.1,1,0,0,0
NZ_CP010022.1,2,8,2,6
NZ_CP010021.1,8,8,4,4
NZ_CP010020.1,1,0,0,0
NZ_CP009145.1,22,26,12,14
NZ_CP009146.1,7,8,5,3
NZ_CP022442.1,3,2,1,1
NZ_CP022443.1,7,13,7,6
NZ_CP022441.1,25,29,22,7
NZ_CP103561.1,19,22,17,5
NZ_CP024040.1,9,7,7,0
NZ_CP024039.1,14,17,14,3
NZ_CP124488.1,9,8,7,1
NZ_CP030052.1,47,77,34,43
NZ_CP066920.1,3,2,2,0
NZ_CP046526.1,7,9,5,4
NZ_CP110125.1,7,9,7,2
NZ_CP110124.1,6,6,4,2
NZ_CP079966.1,3,4,3,1
NZ_CP073907.1,27,35,21,14
NZ_CP073909.1,5,6,5,1
NZ_CP054751.1,18,29,16,13
NZ_CP054752.1,11,12,9,3
NZ_CP054753.1,7,7,6,1
NZ_CP059459.1,1,1,1,0
NZ_CP059460.1,1,2,1,1
NZ_CP059462.1,3,3,1,2
NZ_CP059463.1,1,0,0,0
NZ_CP059464.1,2,2,1,1
NZ_CP059466.1,4,3,3,0
NZ_CP108366.1,98,136,56,80
NZ_CP142671.1,16,18,14,4
NZ_CP029333.1,5,4,3,1
NZ_CP029334.1,2,0,0,0
NZ_CP053767.1,25,24,14,10
NZ_CP053768.1,11,9,8,1
NZ_CP053770.1,1,1,0,1
NZ_CP053766.1,23,25,16,9
NZ_CP026927.1,7,10,6,4
NZ_CP026928.1,8,5,1,4
NZ_CP026926.1,8,8,2,6
NZ_AP025755.1,17,38,10,28
NZ_AP025756.1,6,4,0,4
NZ_CP056386.1,24,27,17,10
NZ_CP110904.1,22,18,13,5
NZ_CP110899.1,1,0,0,0
NZ_CP110902.1,1,1,1,0
NZ_CP011457.1,1,1,1,0
NZ_CP084926.1,13,8,5,3
NZ_CP084927.1,2,1,0,1
NZ_CP033047.1,1,0,0,0
NZ_CP124915.1,1,0,0,0
NZ_CP125902.1,2,2,2,0
NZ_CP141678.1,42,48,25,23
NZ_CP141679.1,6,2,2,0
NZ_CP141680.1,11,12,9,3
NZ_CP033139.1,4,4,2,2
NZ_CP033140.1,5,4,4,0
NC_007608.1,29,52,29,23
NZ_AP017570.1,5,4,2,2
NZ_AP017571.1,2,2,1,1
NZ_CP116927.1,1,0,0,0
NZ_CP116926.1,2,2,2,0
NZ_CP117581.1,7,8,1,7
NZ_CP039940.1,7,7,4,3
NZ_CP039941.1,4,4,4,0
NZ_CP085755.1,24,23,22,1
NZ_CP085756.1,5,3,1,2
NZ_CP018918.1,2,6,2,4
NZ_CP097427.1,3,4,2,2
NZ_CP097428.1,1,0,0,0
NZ_CP097429.1,4,2,2,0
NZ_CP120471.1,8,10,5,5
NZ_CP120472.1,6,4,2,2
NZ_CP129795.1,15,11,8,3
NZ_CP129797.1,22,28,19,9
NZ_CP129798.1,4,4,4,0
NZ_CP129796.1,1,2,1,1
NZ_CP035095.1,14,16,10,6
NZ_CP035096.1,7,5,4,1
NZ_CP039177.1,61,75,51,24
NZ_CP039178.1,3,7,1,6
NZ_CP039179.1,17,13,11,2
NZ_CP039180.1,10,11,9,2
NZ_CP125646.1,2,6,1,5
NZ_CP125645.1,1,1,1,0
NZ_CP125644.1,2,3,1,2
NZ_CP125643.1,25,37,15,22
NZ_CP125642.1,2,2,1,1
NZ_CP125641.1,4,4,3,1
NZ_CP102478.1,3,3,2,1
NZ_LT596222.1,4,14,1,13
NZ_CP079607.1,16,15,11,4
NZ_CP079609.1,9,7,5,2
NZ_LR745047.1,8,9,7,2
NZ_LR745046.1,13,21,9,12
NZ_CP081059.1,1,1,0,1
NZ_CP075989.1,3,3,2,1
NZ_CP075991.1,1,0,0,0
NC_017536.1,2,2,2,0
NC_017539.1,2,4,2,2
NZ_CP063139.1,3,2,2,0
NZ_CP091654.1,18,19,7,12
NZ_CP091653.1,15,11,5,6
NZ_CP091655.1,12,9,2,7
NZ_CP016745.2,19,18,14,4
NZ_CP016744.2,6,9,6,3
NZ_CP121078.1,4,7,5,2
NZ_CP121079.1,2,2,2,0
NZ_CP121080.1,4,4,4,0
NZ_CP016743.2,1,1,1,0
NZ_CP066452.1,31,41,28,13
NZ_CP066454.1,8,9,7,2
NZ_CP066453.1,2,2,1,1
NZ_CP018211.1,11,12,7,5
NZ_CP018212.1,5,4,3,1
NZ_CP018213.1,5,5,0,5
NZ_CP031166.1,2,1,0,1
NZ_CP017986.1,9,11,10,1
NZ_CP017987.1,10,10,9,1
NZ_CP017989.1,10,12,8,4
NZ_CP113188.1,4,6,5,1
NZ_CP113189.1,7,8,4,4
NZ_CP113187.1,4,4,3,1
NZ_CP113186.1,15,19,13,6
NZ_CP072245.1,6,3,2,1
NZ_CP033558.1,7,19,12,7
NZ_CP132370.1,5,5,5,0
NZ_CP096835.1,7,14,8,6
NZ_CP096836.1,10,11,8,3
NZ_CP096831.1,5,5,3,2
NZ_CP096833.1,9,12,8,4
NZ_CP049189.1,36,53,43,10
NZ_CP054973.1,13,12,9,3
NZ_CP054974.1,1,3,0,3
NZ_CP040245.1,10,10,6,4
NZ_CP030329.1,13,15,9,6
NZ_CP064247.1,32,34,25,9
NZ_CP064248.1,19,18,17,1
NZ_CP064249.1,1,1,1,0
NZ_CP107423.1,18,15,13,2
NC_022739.1,8,8,3,5
NZ_OV753988.1,17,20,12,8
NZ_OV753989.1,4,5,3,2
NZ_CP049903.1,1,1,1,0
NZ_CP019220.1,7,8,6,2
NC_017078.1,6,5,3,2
NC_017076.1,2,1,0,1
NC_017077.1,2,0,0,0
NZ_CP042521.1,7,9,3,6
NZ_CP042522.1,6,6,4,2
NZ_CP053397.1,2,1,1,0
NZ_CP139398.1,3,2,0,2
NZ_CP139397.1,8,8,5,3
NZ_CP063451.1,14,13,9,4
NZ_CP063453.1,10,6,4,2
NZ_CP063452.1,12,10,8,2
NZ_CP107127.1,17,15,11,4
NZ_CP099552.1,1,4,4,0
NZ_CP099553.1,14,16,12,4
NZ_CP099554.1,7,5,3,2
NZ_CP099555.1,2,3,0,3
NZ_LT855377.1,3,3,2,1
NZ_CP033955.1,21,29,16,13
NZ_CP033956.1,11,12,9,3
NZ_CP033957.1,7,7,5,2
NZ_AP025532.1,1,1,1,0
NZ_CP102071.1,4,3,3,0
NZ_CP102072.1,6,8,4,4
NZ_CP102073.1,3,3,3,0
NZ_CP135958.1,19,23,9,14
NZ_CP142405.1,4,17,7,10
NZ_CP142404.1,28,28,22,6
NZ_CP142407.1,1,2,2,0
NZ_CP142406.1,2,3,2,1
NZ_CP142408.1,4,5,3,2
NZ_HF677571.1,14,12,10,2
NZ_HF677572.1,5,2,0,2
NZ_HF677575.1,3,1,0,1
NZ_HF677577.1,1,1,1,0
NZ_CP049704.1,2,4,2,2
NZ_CP126340.1,7,9,6,3
NZ_CP029750.1,2,4,2,2
NZ_CP086667.1,11,13,10,3
NZ_CP086666.1,13,13,7,6
NZ_CP086668.1,8,2,2,0
NZ_CP086665.1,23,26,20,6
NZ_CP084416.1,4,4,2,2
NZ_CP084417.1,8,6,4,2
NZ_CP117228.1,11,9,9,0
NZ_CP085325.1,1,2,1,1
NZ_CP126945.1,14,22,8,14
NZ_CP060955.1,13,17,13,4
NZ_CP060954.1,8,7,5,2
NZ_CP069944.1,11,11,4,7
NZ_CP091069.1,22,32,19,13
NZ_CP091070.1,12,13,11,2
NZ_CP091071.1,7,7,6,1
NZ_CP091072.1,1,0,0,0
NZ_CP116920.1,7,15,8,7
NZ_CP050442.1,1,2,0,2
NZ_CP030755.1,20,33,13,20
NZ_CP039285.1,7,7,4,3
NZ_CP039286.1,7,10,2,8
NZ_CP026783.1,24,64,24,40
NZ_CP092279.1,1,1,1,0
NZ_CP092280.1,4,5,3,2
NZ_CP025432.1,13,12,6,6
NZ_CP025433.1,10,15,7,8
NZ_CP040057.1,4,8,6,2
NZ_CP014682.1,8,6,4,2
NZ_CP014683.1,7,8,7,1
NZ_CP014684.1,2,1,1,0
NZ_CP014685.1,2,4,1,3
NZ_CP014686.1,1,3,1,2
NZ_CP079100.1,1,0,0,0
NZ_CP138847.1,35,68,34,34
NZ_CP138848.1,4,3,3,0
NZ_CP036038.1,17,20,15,5
NZ_CP036037.1,6,7,6,1
NZ_CP030841.1,2,2,2,0
NZ_CP030842.1,4,5,3,2
NZ_CP030844.1,6,7,5,2
NZ_CP030843.1,7,13,8,5
NZ_CP047711.1,9,10,7,3
NZ_CP047712.1,13,15,6,9
NZ_CP012909.1,1,1,0,1
NZ_CP012910.1,2,1,0,1
NZ_CP138852.1,1,2,1,1
NZ_CP133893.1,4,4,2,2
NZ_CP133894.1,1,0,0,0
NZ_CP133895.1,4,4,2,2
NZ_CP133896.1,3,1,1,0
NZ_CP030851.1,2,2,1,1
NZ_CP030854.1,3,2,1,1
NZ_CP030855.1,2,3,2,1
NZ_CP050835.1,28,25,19,6
NZ_CP050836.1,40,49,29,20
NZ_CP050837.1,10,10,9,1
NZ_CP050838.1,1,0,0,0
NZ_CP117476.1,27,23,22,1
NZ_CP117477.1,6,9,6,3
NZ_CP026791.1,6,16,6,10
NZ_CP037904.1,16,21,13,8
NZ_CP037905.1,3,3,3,0
NZ_CP037908.1,3,3,3,0
NZ_CP037909.1,1,1,0,1
NZ_CP037906.1,1,1,1,0
NZ_CP077606.1,12,7,4,3
NZ_CP077607.1,12,9,7,2
NZ_CP077608.1,3,3,2,1
NZ_CP077609.1,2,0,0,0
NZ_CP047389.1,13,8,4,4
NZ_CP047390.1,5,4,3,1
NZ_CP038990.1,4,7,5,2
NZ_CP038989.1,19,17,16,1
NZ_CP116328.1,1,1,0,1
NZ_CP116329.1,22,28,18,10
NZ_CP116331.1,4,2,2,0
NZ_CP116332.1,3,2,1,1
NZ_CP116334.1,3,1,1,0
NZ_CP040554.1,1,2,2,0
NZ_CP118843.1,1,1,0,1
NZ_CP118844.1,1,3,2,1
NZ_CP118846.1,4,4,4,0
NZ_CP070965.1,2,3,3,0
NZ_CP015237.1,1,2,1,1
NZ_CP083348.1,9,10,6,4
NZ_CP098416.1,4,4,4,0
NZ_CP117347.1,14,13,10,3
NC_013792.1,19,15,14,1
NC_013793.1,4,3,2,1
NZ_CP023779.1,1,0,0,0
NZ_CP056752.1,8,5,1,4
NZ_CP056753.1,1,1,0,1
NZ_CP127840.1,3,4,2,2
NZ_CP070584.1,1,0,0,0
NZ_CP070582.1,15,18,11,7
NZ_CP070581.1,7,8,6,2
NZ_CP070580.1,13,8,5,3
NZ_CP113048.1,3,1,1,0
NZ_CP018238.1,4,6,2,4
NZ_OW849492.1,11,9,5,4
NZ_OW849493.1,5,5,3,2
NZ_CP048633.1,12,15,12,3
NZ_CP048634.1,1,1,1,0
NZ_CP048636.1,1,0,0,0
NZ_CP048637.1,20,21,17,4
NZ_CP048638.1,2,2,2,0
NZ_CP048639.1,2,2,1,1
NZ_CP048640.1,2,3,2,1
NZ_CP104085.1,9,10,8,2
NZ_CP104086.1,2,1,1,0
NZ_CP104087.1,2,1,0,1
NZ_CP104088.1,6,3,1,2
NZ_CP104090.1,1,2,1,1
NZ_CP014404.1,2,3,1,2
NZ_CP076606.1,19,19,14,5
NZ_CP021994.1,6,11,3,8
NZ_CP081909.1,2,0,0,0
NZ_CP081911.1,3,0,0,0
NZ_CP085071.1,3,3,2,1
NZ_CP085070.1,14,17,10,7
NZ_CP124909.1,9,12,9,3
NZ_CP124910.1,2,2,0,2
NZ_CP012180.1,6,7,4,3
NZ_CP035169.1,12,10,5,5
NZ_CP035170.1,2,5,2,3
NZ_CP035171.1,5,4,2,2
NZ_CP035172.1,2,2,2,0
NZ_CP035173.1,3,3,3,0
NZ_CP065437.1,10,14,10,4
NZ_CP096252.1,68,83,54,29
NZ_CP096253.1,59,61,32,29
NZ_CP096254.1,8,13,8,5
NZ_CP049229.1,8,5,4,1
NZ_CP132671.1,12,22,10,12
NZ_CP132672.1,10,8,7,1
NZ_CP061647.1,6,12,8,4
NZ_CP061649.1,1,1,1,0
NZ_CP089438.1,12,11,8,3
NZ_CP089439.1,20,23,20,3
NZ_CP089440.1,6,5,4,1
NZ_CP119781.1,4,3,2,1
NZ_CP050172.1,16,17,9,8
NZ_CP038235.1,3,4,1,3
NZ_CP038238.1,2,5,1,4
NZ_CP038240.1,1,4,2,2
NZ_CP075738.1,18,17,15,2
NZ_CP075739.1,1,1,0,1
NZ_CP075741.1,3,3,3,0
NZ_CP075740.1,9,7,4,3
NZ_CP075742.1,3,3,2,1
NZ_CP027574.1,2,1,1,0
NZ_CP027576.1,9,12,3,9
NZ_AP025798.1,23,24,19,5
NZ_CP122761.1,8,10,5,5
NZ_CP122762.1,9,10,8,2
NZ_CP122764.1,10,18,8,10
NZ_CP122765.1,3,4,2,2
NZ_CP122766.1,2,1,1,0
NZ_CP037991.1,12,21,15,6
NZ_CP012005.1,9,7,3,4
NZ_CP141865.1,7,19,7,12
NZ_CP141866.1,12,13,11,2
NZ_CP141864.1,5,6,5,1
NZ_CP084593.1,3,1,1,0
NZ_CP084594.1,3,1,1,0
NZ_CP084595.1,1,1,0,1
NZ_CP041436.1,3,2,0,2
NZ_CP097844.1,14,4,4,0
NZ_CP129375.1,3,2,2,0
NZ_AP024815.1,2,1,1,0
NZ_CP021115.1,1,0,0,0
NZ_CP021116.1,1,0,0,0
NZ_CP100188.1,21,20,13,7
NZ_CP100189.1,21,15,11,4
NZ_CP059311.1,30,31,25,6
NZ_CP059310.1,4,8,4,4
NZ_CP059309.1,6,5,3,2
NZ_CP097104.1,33,22,17,5
NZ_CP097105.1,4,2,2,0
NZ_CP126779.1,1,1,1,0
NZ_CP126780.1,4,4,4,0
NZ_CP119560.1,2,2,1,1
NZ_CP119561.1,6,7,4,3
NZ_CP119562.1,2,2,2,0
NZ_CP099736.1,3,3,3,0
NZ_CP017185.1,13,19,6,13
NZ_CP026494.1,14,20,10,10
NZ_CP026492.1,19,26,17,9
NC_011003.1,1,1,0,1
NZ_CP045054.1,15,30,15,15
NZ_CP044275.1,38,39,30,9
NZ_CP044276.1,5,5,5,0
NZ_CP044277.1,3,2,2,0
NZ_CP044278.1,2,1,1,0
NZ_CP096584.1,4,6,2,4
NZ_CP084872.1,12,12,10,2
NZ_CP051863.1,13,16,8,8
NZ_CP051864.1,7,10,6,4
NZ_CP051865.1,4,4,4,0
NZ_CP083048.1,17,16,11,5
NZ_CP083049.1,27,28,18,10
NZ_CP097558.1,6,4,3,1
NZ_CP097559.1,1,0,0,0
NZ_CP021363.1,11,6,4,2
NZ_CP021364.1,8,7,3,4
NZ_CP021365.1,1,1,1,0
NZ_CP056528.1,27,23,21,2
NZ_CP075114.1,4,5,3,2
NZ_CP019641.1,24,25,13,12
NZ_CP019642.1,5,5,3,2
NZ_CP116541.1,25,28,19,9
NZ_CP116542.1,8,8,7,1
NZ_AP018734.1,2,1,1,0
NZ_AP018735.1,24,30,18,12
NZ_CP041001.1,14,20,9,11
NZ_CP048541.1,1,6,2,4
NZ_CP048542.1,1,3,2,1
NZ_CP018652.1,14,13,12,1
NZ_CP018653.1,4,4,3,1
NZ_CP097628.1,20,24,18,6
NZ_CP097627.1,18,16,14,2
NZ_CP038963.1,75,94,47,47
NZ_CP038964.1,14,14,7,7
NZ_CP038965.1,8,7,4,3
NZ_CP038966.1,14,13,4,9
NZ_CP103142.1,6,1,1,0
NZ_CP103143.1,4,0,0,0
NZ_CP103144.1,2,0,0,0
NZ_CP047597.1,1,1,1,0
NZ_CP047596.1,11,22,6,16
NC_009036.1,11,12,9,3
NZ_CP033392.2,1,1,1,0
NZ_CP033395.2,6,5,2,3
NZ_CP033394.2,15,17,14,3
NZ_CP094807.1,2,3,2,1
NZ_CP121520.1,2,2,2,0
NZ_CP020524.1,11,11,8,3
NZ_CP020523.1,10,10,10,0
NZ_CP038359.1,2,6,3,3
NZ_CP078130.1,9,12,5,7
NZ_CP078131.1,3,6,3,3
NZ_CP043886.1,7,10,3,7
NZ_CP043887.1,4,4,1,3
NZ_CP043890.1,3,4,1,3
NZ_CP043888.1,8,9,4,5
NZ_CP026201.1,8,7,6,1
NZ_CP026200.1,14,21,11,10
NZ_CP132062.1,14,21,14,7
NZ_CP056596.1,6,6,5,1
NZ_CP090497.1,11,8,3,5
NZ_CP039737.1,1,1,1,0
NZ_CP039738.1,4,4,2,2
NZ_CP039739.1,1,0,0,0
NZ_CP040343.1,10,7,4,3
NZ_CP030197.1,4,8,3,5
NZ_CP030198.1,1,3,2,1
NZ_CP118102.1,5,5,2,3
NZ_CP086561.1,1,3,1,2
NZ_CP086562.1,1,0,0,0
NZ_CP086563.1,8,6,5,1
NZ_ON511090.1,6,8,1,7
NZ_CP068720.1,17,23,18,5
NC_003903.1,8,8,5,3
NC_003904.1,5,1,0,1
NZ_CP106883.1,1,1,1,0
NZ_CP127894.1,14,22,5,17
NZ_AP024566.1,1,0,0,0
NZ_AP024755.1,2,0,0,0
NZ_AP024754.1,16,18,9,9
NZ_CP035747.1,9,4,4,0
NZ_CP012289.1,3,4,1,3
NZ_CP012290.1,5,7,5,2
NZ_CP012291.1,24,27,7,20
NZ_CP012292.1,7,7,5,2
NZ_CP011577.1,10,9,9,0
NZ_CP011576.1,11,15,11,4
NZ_CP011575.1,5,1,1,0
NZ_CP014891.1,4,6,2,4
NZ_CP014892.1,5,3,1,2
NZ_CP014893.1,11,8,2,6
NZ_CP014894.1,5,4,3,1
NZ_CP014895.1,6,4,2,2
NZ_CP014897.1,4,5,2,3
NZ_CP077406.1,1,1,0,1
NZ_CP138300.1,31,34,10,24
NZ_CP138299.1,43,56,19,37
NZ_CP069502.1,7,2,1,1
NZ_CP022605.1,48,54,25,29
NZ_CP022602.1,5,3,0,3
NZ_CP126755.1,8,8,7,1
NZ_CP126754.1,7,6,5,1
NZ_CP126756.1,4,4,4,0
NZ_CP045849.1,2,1,1,0
NZ_CP045850.1,14,15,7,8
NZ_CP010179.1,13,17,10,7
NZ_CP133752.1,1,0,0,0
NZ_CP077900.1,4,6,4,2
NZ_CP077902.1,3,5,2,3
NZ_CP077904.1,4,2,0,2
NZ_CP077903.1,2,4,2,2
NZ_CP077901.1,2,3,2,1
NZ_CP077905.1,2,3,2,1
NZ_CP128189.1,11,10,7,3
NZ_CP055100.1,21,26,23,3
NZ_CP055101.1,2,2,1,1
NZ_CP055103.1,1,1,1,0
NZ_AP024593.1,2,7,4,3
NZ_CP021180.1,19,22,15,7
NC_013717.1,3,3,0,3
NC_013718.1,1,1,1,0
NZ_CP009901.1,5,11,6,5
NZ_CP050268.1,1,2,0,2
NZ_CP068615.1,2,1,0,1
NZ_CP068616.1,17,19,13,6
NZ_CP068617.1,18,14,7,7
NZ_CP022359.1,12,14,8,6
NZ_CP094788.1,3,3,2,1
NZ_CP066216.1,2,2,2,0
NZ_CP046285.1,44,67,33,34
NZ_CP046287.1,1,0,0,0
NZ_CP050355.1,24,26,20,6
NZ_CP050356.1,1,1,0,1
NZ_CP050357.1,17,16,15,1
NC_017064.1,2,2,1,1
NZ_OW485602.1,6,9,7,2
NZ_OW485603.1,26,30,17,13
NZ_OW485604.1,30,23,11,12
NZ_OW485606.1,1,1,1,0
NZ_OW485607.1,3,3,2,1
NZ_CP109590.1,14,16,7,9
NZ_CP065259.1,1,2,0,2
NZ_LT992457.1,1,2,1,1
NZ_LR025097.1,14,21,18,3
NZ_LR025098.1,4,4,4,0
NC_015420.1,10,9,7,2
NC_015429.1,3,5,3,2
NC_015421.1,3,3,3,0
NZ_CP070436.1,14,14,12,2
NZ_CP070437.1,17,16,10,6
NZ_CP070438.1,11,8,8,0
NZ_CP133279.1,13,10,8,2
NZ_CP133280.1,4,7,4,3
NZ_CP133281.1,4,5,3,2
NZ_CP087010.1,9,9,6,3
NZ_CP087011.1,5,3,1,2
NZ_CP087013.1,29,25,12,13
NZ_CP087014.1,1,1,1,0
NZ_CP087015.1,2,0,0,0
NZ_CP087717.1,21,25,17,8
NZ_CP087718.1,2,1,0,1
NZ_CP059424.1,20,19,15,4
NZ_CP059425.1,28,24,21,3
NZ_CP059426.1,5,4,2,2
NZ_CP031847.1,3,3,2,1
NZ_CP066190.1,2,0,0,0
NZ_CP077934.1,1,1,0,1
NZ_CP077935.1,1,1,1,0
NZ_CP079828.1,30,22,17,5
NZ_CP045036.1,7,8,3,5
NZ_CP045037.1,6,8,3,5
NZ_CP026214.1,2,2,2,0
NZ_CP026211.1,9,10,8,2
NZ_CP026210.1,4,3,3,0
NZ_CP026215.1,1,1,0,1
NZ_CP026212.1,9,11,10,1
NZ_CP026213.1,24,28,16,12
NZ_CP085744.1,1,2,0,2
NZ_CP085746.1,16,18,14,4
NZ_CP085747.1,10,11,9,2
NZ_CP097712.1,13,20,10,10
NZ_CP097713.1,14,6,2,4
NZ_CP097714.1,7,6,5,1
NZ_CP097715.1,4,4,2,2
NZ_CP138795.1,26,22,19,3
NZ_CP138796.1,29,37,24,13
NZ_CP138797.1,14,15,11,4
NZ_CP138799.1,1,2,2,0
NZ_AP014650.1,12,10,5,5
NZ_CP018682.2,6,6,2,4
NZ_CP018683.2,1,4,3,1
NZ_CP018684.2,3,2,1,1
NZ_CP010123.1,15,21,6,15
NZ_CP010124.1,5,4,2,2
NZ_CP130343.1,8,5,1,4
NZ_AP023421.1,3,0,0,0
NZ_CP021031.1,22,39,24,15
NZ_CP021032.1,1,3,2,1
NZ_CP021033.1,2,3,1,2
NZ_CP067103.1,1,0,0,0
NZ_CP071233.1,6,5,4,1
NZ_CP063946.1,54,68,44,24
NZ_CP063947.1,4,6,2,4
NZ_CP063948.1,7,7,6,1
NZ_CP063949.1,4,4,3,1
NZ_LR890604.1,13,22,10,12
NZ_LR890605.1,1,0,0,0
NZ_CP064098.1,1,0,0,0
NZ_CP064099.1,2,1,1,0
NZ_CP064101.1,5,3,3,0
NZ_CP099352.1,13,18,14,4
NZ_CP099353.1,2,2,2,0
NZ_CP099354.1,1,0,0,0
NZ_AP023305.1,3,3,3,0
NZ_CP027370.1,11,13,7,6
NZ_CP104124.1,8,10,7,3
NZ_CP104125.1,1,2,1,1
NZ_LR890231.1,28,33,26,7
NZ_CP087786.1,2,1,1,0
NZ_CP008847.1,4,10,5,5
NZ_AP017321.1,9,9,8,1
NZ_CP101389.1,23,23,19,4
NZ_CP073802.1,1,1,1,0
NZ_CP134535.1,4,4,4,0
NZ_CP137484.1,5,4,3,1
NZ_CP137482.1,8,11,6,5
NZ_CP103772.1,2,2,0,2
NZ_AP026605.1,21,32,21,11
NZ_AP026608.1,11,11,9,2
NZ_AP026609.1,7,6,5,1
NZ_CP022224.1,1,1,1,0
NZ_CP025915.1,1,1,1,0
NZ_CP025914.1,16,23,15,8
NZ_CP070173.1,38,37,30,7
NZ_CP070174.1,13,15,12,3
NZ_CP075261.1,14,18,13,5
NZ_CP075257.1,15,19,14,5
NZ_CP041205.1,7,7,3,4
NZ_CP041206.1,20,22,13,9
NZ_CP075553.1,6,17,7,10
NZ_CP075554.1,10,9,5,4
NZ_CP075559.1,20,24,16,8
NZ_CP088192.1,22,26,21,5
NZ_CP088193.1,8,8,7,1
NZ_CP135152.1,1,6,1,5
NZ_CP135153.1,6,7,6,1
NZ_CP135154.1,1,1,1,0
NZ_CP135155.1,2,5,2,3
NC_019733.1,1,2,0,2
NC_019734.1,1,2,2,0
NC_019736.1,2,2,0,2
NZ_CP138803.1,18,21,14,7
NZ_CP138804.1,28,30,18,12
NZ_CP062720.1,5,7,3,4
NZ_CP064195.1,3,4,2,2
NZ_CP096273.1,2,2,2,0
NZ_CP113422.1,5,5,3,2
NZ_CP113423.1,3,3,2,1
NZ_CP113424.1,8,8,5,3
NZ_CP113425.1,4,4,2,2
NZ_CP113426.1,11,7,6,1
NZ_CP113427.1,8,9,6,3
NZ_CP014612.1,9,8,6,2
NZ_CP014613.1,6,5,3,2
NZ_CP034287.1,2,9,4,5
NZ_CP034288.1,4,3,2,1
NZ_AP022216.1,4,3,2,1
NZ_AP022218.1,6,3,2,1
NZ_CP107459.1,19,23,19,4
NZ_CP107460.1,16,16,14,2
NZ_CP010769.1,1,1,1,0
NZ_CP010775.1,4,3,3,0
NZ_CP028622.1,5,7,4,3
NZ_CP014063.1,4,4,4,0
NZ_CP118540.1,4,3,3,0
NZ_CP116716.1,2,2,1,1
NZ_CP029135.1,10,11,5,6
NZ_CP029136.1,14,18,9,9
NZ_CP029138.1,6,6,5,1
NZ_CP033872.1,3,2,1,1
NZ_CP117341.1,6,5,4,1
NZ_CP117342.1,5,6,4,2
NZ_CP107309.1,16,16,11,5
NZ_CP031295.1,26,31,17,14
NZ_CP031296.1,1,1,1,0
NZ_CP031297.1,10,11,4,7
NZ_CP079717.1,14,14,10,4
NZ_CP067308.1,15,13,10,3
NZ_CP067309.1,3,5,1,4
NZ_CP020040.1,69,104,39,65
NZ_CP020041.1,32,38,22,16
NZ_CP027415.1,8,7,3,4
NZ_CP027413.1,3,5,2,3
NZ_CP102815.1,1,1,1,0
NZ_CP044475.1,21,24,13,11
NZ_CP044477.1,2,2,2,0
NZ_CP044478.1,1,2,1,1
NZ_CP095449.1,14,20,11,9
NZ_CP095450.1,2,3,2,1
NZ_CP095451.1,15,19,14,5
NZ_CP095452.1,1,0,0,0
NZ_CP043182.1,1,1,0,1
NZ_CP129858.1,21,29,23,6
NZ_CP129857.1,34,34,29,5
NZ_CP129859.1,3,3,2,1
NZ_CP129856.1,6,6,4,2
NZ_CP048628.1,4,2,1,1
NZ_CP085507.1,14,13,11,2
NZ_LR890537.1,18,19,17,2
NZ_LR890538.1,1,0,0,0
NZ_CP044159.1,3,3,1,2
NZ_CP044160.1,22,52,22,30
NZ_CP094798.1,2,4,1,3
NZ_CP058791.1,15,21,10,11
NZ_CP058792.1,5,6,3,3
NZ_CP108044.1,2,2,1,1
NZ_CP108045.1,1,0,0,0
NZ_CP100683.1,28,27,19,8
NZ_CP013684.1,11,11,7,4
NZ_OY725747.1,7,0,0,0
NZ_OY725750.1,6,0,0,0
NZ_OY725751.1,1,0,0,0
NZ_OY725757.1,3,1,1,0
NZ_OY725763.1,1,1,0,1
NZ_OY725768.1,6,2,1,1
NZ_OY725778.1,2,0,0,0
NZ_OY725783.1,1,1,1,0
NZ_OY725790.1,1,3,0,3
NZ_OY725794.1,2,1,0,1
NZ_OY725798.1,1,1,0,1
NZ_OY725801.1,1,0,0,0
NZ_OY725802.1,1,1,0,1
NZ_OY725812.1,5,0,0,0
NZ_AP017962.1,1,0,0,0
NZ_CP132614.1,16,26,13,13
NZ_CP063907.1,4,4,3,1
NZ_CP091578.1,23,38,30,8
NZ_CP091579.1,8,7,6,1
NZ_CP091580.1,3,2,2,0
NZ_CP006780.1,5,11,2,9
NZ_CP006779.1,8,8,6,2
NZ_CP045703.1,7,6,4,2
NZ_CP124912.1,7,6,5,1
NZ_AP025505.1,10,9,5,4
NZ_CP012886.2,18,14,6,8
NZ_CP095076.1,5,3,2,1
NZ_CP134947.1,5,6,6,0
NZ_CP134948.1,12,16,13,3
NZ_CP034085.1,6,8,6,2
NZ_CP034084.1,7,7,5,2
NZ_CP034083.1,16,26,13,13
NZ_CP113828.1,7,4,0,4
NZ_CP069560.1,12,11,7,4
NZ_CP069561.1,9,21,8,13
NZ_AP024591.1,1,4,3,1
NZ_CP016215.1,17,19,14,5
NZ_CP043938.1,15,11,6,5
NZ_CP026763.1,42,58,32,26
NC_013744.1,6,11,8,3
NC_013745.1,3,10,2,8
NC_013746.1,5,10,5,5
NZ_CP044528.1,9,12,7,5
NZ_CP044529.1,4,4,1,3
NZ_CP040652.1,9,14,9,5
NZ_CP040826.1,4,2,2,0
NZ_CP072143.1,24,37,10,27
NZ_CP072144.1,1,1,0,1
NZ_CP072145.1,47,48,27,21
NZ_CP032425.1,15,13,9,4
NZ_CP032424.1,5,5,4,1
NZ_CP133867.1,18,11,8,3
NZ_CP007582.1,3,3,2,1
NZ_AP024768.1,2,0,0,0
NZ_AP024767.1,21,19,12,7
NZ_CP064687.1,13,15,4,11
NZ_CP091955.1,7,10,5,5
NZ_CP091956.1,3,9,0,9
NZ_CP026170.1,11,15,8,7
NZ_CP026171.1,19,22,16,6
NZ_CP026168.1,5,1,1,0
NZ_CP026169.1,4,3,2,1
NZ_CP008811.1,4,2,2,0
NZ_CP008812.1,6,2,2,0
NZ_CP031306.1,23,18,10,8
NZ_CP031307.1,2,2,2,0
NZ_CP031308.1,8,6,5,1
NZ_CP031309.1,1,1,0,1
NZ_CP132044.1,12,11,9,2
NZ_CP132043.1,21,28,16,12
NZ_CP132045.1,2,4,1,3
NZ_CP009864.1,7,3,2,1
NZ_CP009865.1,29,32,20,12
NZ_CP100176.1,26,22,15,7
NZ_CP100177.1,5,2,2,0
NZ_CP100178.1,24,21,13,8
NZ_CP100179.1,7,7,6,1
NZ_CP100180.1,18,16,13,3
NC_018291.1,8,4,4,0
NZ_CP011044.1,2,2,1,1
NZ_CP011045.1,1,1,0,1
NZ_CP011046.1,1,1,1,0
NC_007486.1,1,0,0,0
NC_007491.1,22,23,15,8
NZ_CP066957.1,5,12,6,6
NZ_CP022118.1,16,49,18,31
NZ_CP128908.1,8,8,6,2
NZ_CP128909.1,3,3,1,2
NZ_CP030000.1,8,9,3,6
NZ_CP091837.1,3,1,1,0
NZ_CP056133.1,7,10,7,3
NZ_CP119151.1,22,33,21,12
NZ_CP119152.1,9,10,8,2
NZ_CP119153.1,1,4,2,2
NZ_CP075488.1,2,2,2,0
NZ_CP075486.1,23,34,17,17
NZ_CP091487.1,28,25,23,2
NZ_CP091488.1,12,12,10,2
NZ_CP091489.1,5,10,6,4
NZ_CP091491.1,9,16,13,3
NZ_CP009340.1,4,9,5,4
NZ_CP024414.1,7,7,2,5
NZ_CP024416.1,1,1,0,1
NZ_CP013005.1,13,14,9,5
NZ_CP116547.1,25,28,19,9
NZ_CP116548.1,8,8,7,1
NZ_CP113443.1,6,7,5,2
NZ_CP114768.1,18,14,7,7
NZ_CP114769.1,9,7,3,4
NZ_CP114770.1,3,3,0,3
NZ_CP013345.1,8,10,8,2
NZ_CP013346.1,7,6,4,2
NZ_CP013836.1,7,8,7,1
NZ_CP021278.1,4,2,1,1
NZ_CP028543.1,15,15,11,4
NZ_CP028547.2,15,14,13,1
NZ_CP038387.1,1,0,0,0
NZ_CP038388.1,11,8,5,3
NZ_CP082015.1,19,20,19,1
NZ_CP019309.1,13,15,8,7
NZ_CP094231.1,19,22,16,6
NZ_CP094232.1,1,1,1,0
NZ_CP094236.1,14,13,9,4
NZ_CP102854.1,16,14,11,3
NZ_CP102855.1,15,21,13,8
NZ_CP102856.1,7,10,5,5
NZ_CP102857.1,12,19,11,8
NZ_CP013255.1,8,5,5,0
NZ_LR890548.1,20,15,13,2
NZ_LR890549.1,9,12,7,5
NZ_LR890550.1,17,19,13,6
NZ_LR890551.1,1,0,0,0
NZ_CP033136.1,4,3,3,0
NZ_CP038341.1,5,7,4,3
NC_013923.1,2,2,0,2
NC_013924.1,14,14,8,6
NZ_CP083022.1,17,19,14,5
NZ_CP116997.1,2,2,2,0
NZ_CP116996.1,2,1,1,0
NZ_CP116995.1,26,25,18,7
NZ_CP088979.1,3,6,3,3
NZ_CP124811.1,7,11,7,4
NZ_CP124812.1,1,1,1,0
NZ_CP124810.1,4,4,4,0
NZ_CP043208.1,1,1,0,1
NZ_CP033402.1,22,26,21,5
NZ_CP033404.1,16,15,11,4
NZ_CP079207.1,3,3,2,1
NZ_CP048440.1,4,4,2,2
NZ_CP028471.1,4,6,4,2
NZ_AP028421.1,6,12,7,5
NZ_CP082228.1,2,2,2,0
NZ_OW443149.1,5,5,4,1
NZ_CP049279.1,29,70,30,40
NZ_CP136698.1,22,32,18,14
NZ_CP136701.1,3,8,4,4
NZ_CP136699.1,9,6,4,2
NZ_CP033830.1,1,2,1,1
NC_007410.1,18,13,13,0
NC_007411.1,1,0,0,0
NC_007412.1,11,10,5,5
NZ_AP017561.1,12,8,2,6
NZ_AP017562.1,2,1,1,0
NZ_AP017563.1,3,1,1,0
NZ_AP017565.1,6,2,0,2
NZ_CP066086.1,6,8,5,3
NZ_CP024674.1,2,1,1,0
NZ_CP029596.1,3,5,2,3
NZ_CP133285.1,4,4,3,1
NZ_CP028385.1,4,2,1,1
NZ_CP065669.1,9,4,4,0
NZ_CP065671.1,3,4,3,1
NZ_CP047678.1,16,20,11,9
NZ_CP034231.1,3,3,2,1
NZ_CP092760.1,14,24,16,8
NZ_CP092761.1,11,5,4,1
NZ_CP092763.1,3,3,3,0
NZ_CP092764.1,2,1,1,0
NZ_CP013369.1,8,13,4,9
NZ_CP085145.1,20,19,14,5
NZ_CP085146.1,2,1,1,0
NZ_CP085147.1,14,25,14,11
NZ_CP085148.1,1,1,1,0
NZ_CP096721.1,3,5,2,3
NZ_CP006697.1,3,2,2,0
NZ_CP020508.1,33,31,28,3
NZ_CP123980.1,2,2,2,0
NZ_CP123981.1,2,3,3,0
NZ_CP063235.1,2,0,0,0
NZ_CP063236.1,22,30,16,14
NZ_CP133121.1,3,6,3,3
NZ_CP133119.1,1,1,1,0
NZ_CP109854.1,1,0,0,0
NZ_CP045556.1,14,12,10,2
NZ_CP045557.1,2,2,1,1
NZ_CP045559.1,4,6,4,2
NZ_CP098715.1,3,2,2,0
NZ_CP061397.1,18,19,14,5
NZ_CP061398.1,5,2,1,1
NZ_CP128159.1,45,45,37,8
NZ_CP128160.1,12,17,13,4
NZ_CP128161.1,7,4,4,0
NZ_CP128154.1,1,1,1,0
NZ_LT904892.1,16,20,19,1
NZ_CP132689.1,13,27,15,12
NZ_LR135385.1,43,43,33,10
NZ_LR135386.1,8,5,5,0
NZ_LR135387.1,4,3,3,0
NZ_LR135389.1,2,1,1,0
NZ_CP064673.1,3,1,1,0
NZ_CP065633.1,3,2,2,0
NZ_CP020864.1,3,3,1,2
NZ_CP020865.1,3,0,0,0
NZ_AP028023.1,1,1,1,0
NZ_LR881941.1,3,2,1,1
NZ_CP069713.1,30,31,22,9
NZ_CP069716.1,1,1,1,0
NC_013888.1,1,0,0,0
NZ_CP063931.1,10,16,11,5
NZ_CP128202.1,6,13,5,8
NZ_CP033961.1,13,20,9,11
NZ_CP033962.1,19,19,18,1
NZ_CP033963.1,6,5,4,1
NZ_CP130707.1,13,16,12,4
NZ_CP130708.1,1,1,0,1
NZ_CP092337.1,34,32,19,13
NZ_CP092339.1,3,1,0,1
NZ_CP006570.1,9,12,8,4
NZ_CP013324.1,9,6,6,0
NZ_CP013323.1,24,27,20,7
NZ_CP013326.1,3,2,2,0
NZ_CP013325.1,7,2,2,0
NZ_CP099541.1,5,2,1,1
NZ_CP141646.1,33,32,25,7
NZ_CP141647.1,11,13,8,5
NZ_CP141648.1,26,23,23,0
NZ_CP141649.1,2,2,2,0
NZ_CP141650.1,2,3,3,0
NZ_CP141613.1,1,1,0,1
NZ_CP141610.1,2,4,2,2
NZ_CP141611.1,2,4,1,3
NZ_CP141612.1,1,3,2,1
NZ_CP061962.1,18,21,16,5
NZ_CP061963.1,14,14,10,4
NZ_CP061964.1,4,4,4,0
NZ_CP136669.1,2,1,1,0
NZ_CP086931.1,7,8,5,3
NZ_CP086933.1,4,3,1,2
NZ_CP086934.1,1,1,1,0
NZ_CP086935.1,2,1,1,0
NZ_CP086936.1,2,0,0,0
NZ_CP086937.1,2,0,0,0
NZ_CP134868.1,1,1,1,0
NZ_CP076239.1,7,9,3,6
NZ_CP066174.1,13,20,12,8
NZ_CP123545.1,83,76,24,52
NZ_CP123546.1,38,30,9,21
NZ_CP123547.1,23,21,8,13
NZ_CP123548.1,18,14,3,11
NZ_CP123549.1,13,15,5,10
NZ_CP123550.1,28,21,3,18
NZ_CP123551.1,2,2,0,2
NZ_CP123554.1,8,7,0,7
NZ_CP123555.1,4,1,0,1
NZ_CP123556.1,1,1,1,0
NZ_CP123557.1,5,3,2,1
NZ_CP123558.1,1,1,1,0
NZ_CP123559.1,1,0,0,0
NC_011316.1,1,1,1,0
NC_011314.1,4,5,1,4
NC_011311.1,3,1,0,1
NZ_CP122924.1,10,13,5,8
NZ_CP122926.1,5,7,2,5
NZ_CP122927.1,25,32,13,19
NC_020530.1,3,3,3,0
NZ_CP037924.1,37,76,30,46
NZ_CP020999.2,1,3,2,1
NZ_CP012874.1,6,4,0,4
NZ_CP012878.1,1,1,0,1
NZ_CP029953.1,15,14,13,1
NZ_CP049119.1,16,20,13,7
NZ_CP049120.1,4,3,1,2
NZ_CP049126.1,1,1,0,1
NZ_CP049121.1,7,5,4,1
NZ_CP018955.1,7,9,7,2
NZ_CP018954.1,12,14,11,3
NZ_CP018956.1,21,12,8,4
NZ_CP139131.1,23,30,17,13
NZ_CP139132.1,1,1,0,1
NZ_CP119741.1,17,12,12,0
NZ_CP119742.1,16,15,4,11
NZ_CP119743.1,3,2,2,0
NZ_CP119744.1,12,10,6,4
NZ_CP119745.1,19,24,10,14
NZ_CP013150.1,8,5,3,2
NZ_CP013151.1,7,6,4,2
NZ_CP013153.2,6,9,5,4
NZ_CP013152.2,4,7,4,3
NZ_CP013155.2,4,3,2,1
NZ_CP013156.2,5,5,5,0
NZ_CP013154.2,2,1,1,0
NZ_CP013158.2,1,1,0,1
NZ_CP035517.1,17,20,14,6
NZ_CP003998.1,4,2,1,1
NZ_CP004000.1,30,29,21,8
NZ_CP132965.1,12,17,12,5
NZ_CP047925.1,3,1,1,0
NZ_CP054220.1,13,15,10,5
NZ_CP054221.1,1,2,0,2
NZ_CP092826.1,2,2,2,0
NZ_CP013143.1,3,2,2,0
NZ_CP069970.1,2,2,2,0
NZ_CP069972.1,1,1,0,1
NZ_CP069974.1,16,20,15,5
NZ_CP022299.1,11,15,9,6
NZ_CP039271.1,15,16,12,4
NC_020539.1,2,2,1,1
NZ_AP023176.1,7,11,5,6
NZ_AP023177.1,19,17,9,8
NZ_OW848981.1,10,13,10,3
NZ_OW848982.1,3,5,2,3
NZ_OW848983.1,5,5,5,0
NZ_CP039182.1,57,68,33,35
NZ_CP039183.1,2,4,0,4
NZ_CP039184.1,9,12,3,9
NZ_CP039185.1,12,13,3,10
NZ_CP045299.1,1,8,1,7
NZ_CP016746.2,10,9,6,3
NZ_CP016747.2,7,10,9,1
NZ_CP016748.2,10,14,8,6
NZ_CP016749.2,6,7,4,3
NZ_CP121224.1,3,5,5,0
NZ_CP053952.1,5,12,5,7
NZ_CP053953.1,17,14,9,5
NZ_CP035875.1,29,43,18,25
NZ_CP035878.1,9,7,4,3
NZ_CP035877.1,4,4,2,2
NZ_CP051489.1,4,4,1,3
NZ_CP046625.1,1,0,0,0
NZ_CP070857.1,7,9,6,3
NZ_CP073985.1,11,9,5,4
NZ_CP073986.1,14,18,14,4
NZ_OW967976.1,11,15,8,7
NZ_OW967977.1,5,5,3,2
NZ_OW967978.1,4,4,4,0
NZ_OW967980.1,2,2,2,0
NZ_CP041214.1,9,4,3,1
NZ_CP016323.1,3,7,2,5
NZ_CP024713.1,1,1,0,1
NZ_CP024714.1,1,5,1,4
NZ_CP018222.1,3,1,0,1
NZ_CP018223.1,8,6,2,4
NZ_CP018224.1,5,4,3,1
NZ_CP018225.1,4,4,1,3
NZ_CP137229.1,3,4,1,3
NZ_CP137230.1,8,8,6,2
NZ_CP116751.1,8,8,6,2
NZ_CP116753.1,2,2,2,0
NZ_CP116754.1,2,1,1,0
NZ_CP048762.1,1,2,2,0
NZ_CP014434.1,3,5,3,2
NZ_CP097659.1,13,11,10,1
NZ_AP024934.1,9,8,7,1
NZ_AP024935.1,7,8,6,2
NZ_AP024936.1,1,0,0,0
NZ_LN831303.1,9,7,4,3
NZ_LN831304.1,10,7,6,1
NZ_LN831305.1,2,2,0,2
NZ_CP092273.1,10,21,10,11
NZ_CP092274.1,19,17,16,1
NZ_CP092275.1,4,4,1,3
NZ_CP070915.1,17,17,16,1
NZ_CP070916.1,21,26,17,9
NZ_CP070917.1,1,0,0,0
NZ_CP039714.1,1,2,0,2
NZ_CP039715.1,3,3,2,1
NZ_CP042935.2,4,4,3,1
NZ_CP042936.2,3,3,2,1
NZ_CP065129.1,3,4,2,2
NZ_CP070116.1,11,14,6,8
NZ_CP016763.1,14,12,11,1
NZ_CP016764.1,17,16,12,4
NZ_CP016765.1,1,0,0,0
NZ_CP007741.1,1,2,0,2
NZ_CP007740.1,1,0,0,0
NZ_CP039379.1,7,4,2,2
NZ_CP103379.1,1,0,0,0
NZ_CP035314.1,4,5,4,1
NZ_CP035315.1,7,7,5,2
NZ_CP035313.1,1,2,2,0
NZ_CP045214.1,6,13,3,10
NZ_CP110151.1,39,48,31,17
NZ_CP110152.1,15,17,11,6
NZ_OD940438.1,1,2,0,2
NZ_OD940439.1,5,6,5,1
NC_014017.1,3,9,1,8
NC_014022.1,6,7,4,3
NC_014027.1,2,1,0,1
NZ_CP103688.1,12,15,12,3
NZ_CP103689.1,5,5,2,3
NZ_CP084394.1,1,0,0,0
NZ_CP084395.1,33,38,27,11
NZ_CP016274.1,4,10,2,8
NZ_CP016275.1,8,7,4,3
NZ_CP016276.1,2,1,0,1
NZ_CP138774.1,27,35,21,14
NZ_CP138775.1,12,15,10,5
NZ_CP015273.1,2,1,1,0
NZ_CP015274.1,3,1,1,0
NZ_CP015275.1,1,1,0,1
NZ_CP040702.1,8,9,8,1
NZ_CP089013.1,18,26,15,11
NZ_CP017569.1,11,8,7,1
NZ_CP132373.1,2,0,0,0
NZ_CP082337.1,4,4,4,0
NZ_AP027425.1,16,23,15,8
NZ_AP027426.1,11,19,12,7
NZ_AP027427.1,1,1,1,0
NZ_CP055031.1,6,7,5,2
NC_011419.1,3,4,2,2
NC_011416.1,4,7,3,4
NZ_CP034313.1,4,2,2,0
NZ_CP053861.1,1,0,0,0
NZ_CP040704.1,34,38,29,9
NZ_CP040708.1,17,14,9,5
NZ_CP040703.1,1,1,1,0
NZ_CP044301.1,7,17,12,5
NZ_CP044302.1,2,2,2,0
NZ_CP044299.1,12,29,21,8
NZ_CP101568.1,19,30,21,9
NZ_CP101569.1,22,22,21,1
NZ_CP024787.1,10,5,2,3
NZ_CP024788.1,17,17,4,13
NZ_CP024789.1,8,7,2,5
NZ_CP024790.1,1,3,2,1
NZ_CP024791.1,25,18,11,7
NZ_CP024792.1,33,29,9,20
NZ_CP024793.1,39,30,11,19
NZ_CP115843.1,6,5,4,1
NZ_CP115844.1,2,2,2,0
NZ_CP115846.1,5,4,3,1
NZ_CP133483.1,2,2,1,1
NZ_CP133484.1,1,1,0,1
NZ_CP032703.1,2,1,1,0
NZ_CP032704.1,4,6,3,3
NZ_CP056433.1,32,37,26,11
NZ_CP056434.1,20,13,11,2
NZ_CP056435.1,15,14,12,2
NZ_CP056437.1,2,0,0,0
NZ_CP096895.1,3,4,2,2
NZ_CP096897.1,3,1,0,1
NZ_CP082088.1,9,11,5,6
NZ_CP082089.1,1,2,0,2
NZ_CP082090.1,3,2,1,1
NZ_CP144219.1,15,18,12,6
NZ_CP011654.1,14,13,11,2
NZ_CP011653.1,4,3,2,1
NZ_CP011656.1,13,5,2,3
NZ_CP114607.1,28,40,24,16
NZ_CP114613.1,2,2,1,1
NZ_CP041762.1,6,12,8,4
NZ_CP041760.1,2,2,2,0
NZ_CP041761.1,1,1,1,0
NZ_CP057723.1,3,14,7,7
NZ_CP057724.1,2,2,1,1
NZ_CP056160.1,2,6,5,1
NZ_AP014640.1,26,23,12,11
NZ_CP110864.1,7,5,4,1
NZ_CP087152.1,21,29,16,13
NZ_CP087153.1,11,12,9,3
NZ_CP087154.1,7,10,6,4
NZ_CP086327.1,6,6,4,2
NZ_CP026158.1,6,9,6,3
NZ_CP113905.1,13,17,10,7
NZ_CP113906.1,1,1,1,0
NZ_CP113907.1,7,7,4,3
NZ_CP019671.1,1,1,1,0
NZ_CP034347.1,1,1,0,1
NZ_CP018696.1,9,11,10,1
NZ_CP018698.1,8,6,5,1
NZ_CP018700.1,4,4,4,0
NZ_CP018699.1,10,12,8,4
NZ_CP045861.1,4,3,3,0
NZ_CP045862.1,4,4,2,2
NZ_CP127502.1,24,30,20,10
NZ_CP024192.1,28,25,22,3
NZ_CP024193.1,9,12,7,5
NZ_CP024194.1,17,19,13,6
NZ_CP114064.1,2,2,1,1
NZ_CP032520.1,17,16,7,9
NZ_CP017793.1,37,44,34,10
NZ_CP017794.1,3,1,1,0
NZ_CP017795.1,7,8,5,3
NZ_CP017796.1,1,1,1,0
NZ_CP084533.1,4,5,3,2
NZ_CP048057.1,7,9,4,5
NZ_CP048059.1,3,5,0,5
NZ_CP048060.1,76,93,62,31
NZ_CP048061.1,34,34,26,8
NZ_CP048062.1,3,6,4,2
NZ_CP048063.1,10,12,6,6
NZ_CP048064.1,2,9,6,3
NZ_CP048065.1,7,8,3,5
NZ_CP041407.1,1,0,0,0
NZ_CP077804.1,1,2,2,0
NC_010371.1,13,10,9,1
NZ_CP091938.1,6,5,2,3
NZ_CP091939.1,5,10,5,5
NZ_CP129380.1,6,10,3,7
NZ_CP129381.1,1,2,0,2
NZ_AP021915.1,13,20,13,7
NZ_AP021916.1,1,2,0,2
NZ_AP018282.1,4,4,2,2
NZ_AP018283.1,3,2,0,2
NZ_AP018284.1,10,9,4,5
NZ_AP018285.1,2,0,0,0
NZ_AP018500.1,11,13,8,5
NZ_AP018501.1,3,3,0,3
NZ_AP018502.1,3,8,7,1
NZ_AP018503.1,2,4,2,2
NZ_CP124504.1,4,3,0,3
NZ_CP124503.1,17,20,13,7
NZ_CP103495.1,8,7,2,5
NZ_CP103496.1,5,4,4,0
NZ_CP081702.1,2,2,2,0
NZ_CP081703.1,3,2,2,0
NZ_CP110297.1,2,4,2,2
NZ_CP093153.1,17,16,13,3
NZ_CP093152.1,13,25,15,10
NZ_LN681228.1,17,20,11,9
NZ_CP069875.1,17,21,14,7
NC_007713.1,2,7,3,4
NC_007714.1,2,4,2,2
NZ_AP022937.1,11,10,7,3
NZ_AP022938.1,5,2,1,1
NZ_AP022940.1,2,2,2,0
NZ_AP022942.1,1,0,0,0
NZ_LR890652.1,21,26,17,9
NZ_LR890653.1,9,6,4,2
NZ_CP137200.1,2,1,0,1
NZ_CP137199.1,3,5,3,2
NZ_CP137202.1,30,32,25,7
NZ_CP040734.1,1,2,2,0
NZ_CP097226.1,8,10,6,4
NZ_CP097225.1,16,19,13,6
NZ_CP097224.1,20,24,18,6
NZ_CP143286.1,3,3,0,3
NZ_CP143287.1,3,3,2,1
NZ_CP143288.1,3,2,1,1
NZ_CP064050.1,37,55,43,12
NZ_CP064051.1,2,5,2,3
NZ_CP064052.1,12,10,9,1
NZ_CP043441.1,21,26,14,12
NZ_CP043439.1,14,13,8,5
NZ_CP035980.1,6,4,4,0
NZ_CP035981.1,1,0,0,0
NZ_CP035982.1,25,31,24,7
NZ_CP076142.1,5,10,5,5
NZ_CP015943.1,2,1,1,0
NZ_CP025626.1,17,19,12,7
NZ_CP025625.1,3,2,2,0
NZ_CP029096.1,19,14,12,2
NZ_CP103373.1,9,11,8,3
NZ_CP100264.1,45,37,20,17
NZ_CP100265.1,1,2,0,2
NZ_CP100266.1,6,6,6,0
NZ_CP100267.1,18,14,12,2
NZ_AP023225.1,16,19,16,3
NZ_CP108391.1,70,70,39,31
NZ_AP022158.1,18,24,14,10
NZ_CP015315.1,2,1,0,1
NZ_CP015314.1,3,1,1,0
NZ_CP015313.1,2,0,0,0
NZ_CP015312.1,10,8,7,1
NZ_CP015311.1,14,18,14,4
NZ_CP093197.1,1,0,0,0
NZ_CP013529.1,1,1,1,0
NZ_CP013530.1,20,28,8,20
NZ_CP013531.1,10,11,3,8
NZ_CP142828.1,3,5,5,0
NZ_CP041286.1,21,29,15,14
NZ_CP062139.1,26,31,22,9
NZ_CP062140.1,10,12,9,3
NZ_CP062141.1,13,14,8,6
NZ_CP062142.1,1,0,0,0
NZ_CP076168.1,5,10,5,5
NZ_CP047188.1,1,0,0,0
NZ_CP102298.1,1,0,0,0
NZ_CP026078.1,2,2,2,0
NC_013655.1,18,18,9,9
NZ_CP010385.1,1,1,0,1
NZ_CP010386.1,2,1,1,0
NZ_CP010387.1,5,2,1,1
NZ_CP030127.1,12,14,8,6
NZ_CP030128.1,14,34,4,30
NZ_CP030129.1,12,10,6,4
NZ_CP095047.1,5,1,0,1
NZ_CP095048.1,1,0,0,0
NZ_CP024249.1,23,28,13,15
NZ_CP024250.1,4,6,6,0
NZ_CP016850.1,4,1,0,1
NZ_CP016851.1,1,0,0,0
NZ_CP030195.1,1,1,1,0
NZ_CP093327.1,1,2,1,1
NZ_CP026833.1,52,84,49,35
NZ_CP051385.1,12,13,9,4
NZ_CP071844.1,4,5,3,2
NZ_CP036437.1,6,5,2,3
NZ_CP036436.1,5,2,2,0
NZ_CP141597.1,4,5,3,2
NZ_CP141599.1,1,1,0,1
NZ_CP113243.1,5,4,4,0
NZ_CP091572.1,19,22,16,6
NZ_CP091573.1,2,2,0,2
NZ_CP091574.1,4,4,4,0
NZ_CP091575.1,4,4,3,1
NZ_CP016593.1,1,1,0,1
NZ_CP144124.1,7,16,8,8
NZ_CP124028.1,1,1,1,0
NZ_CP018817.1,4,3,2,1
NZ_CP018818.1,11,13,9,4
NZ_CP018819.1,14,15,11,4
NC_021155.1,11,8,6,2
NZ_CP048463.1,2,2,2,0
NZ_CP096020.1,2,0,0,0
NZ_CP096021.1,4,6,1,5
NZ_CP096022.1,3,5,0,5
NZ_CP096023.1,3,3,3,0
NZ_CP010742.1,4,4,3,1
NZ_CP101271.1,5,5,4,1
NZ_CP101270.1,7,6,2,4
NZ_CP101273.1,4,5,4,1
NZ_CP101272.1,2,1,0,1
NZ_CP098150.1,16,23,16,7
NZ_CP049911.1,20,18,12,6
NZ_CP049912.1,8,5,3,2
NZ_CP044072.1,1,3,2,1
NZ_CP044073.1,2,1,1,0
NZ_CP107574.1,1,1,1,0
NZ_CP083902.1,2,1,0,1
NZ_CP083901.1,2,2,0,2
NZ_CP083899.1,1,1,0,1
NZ_AP025748.1,23,49,25,24
NZ_LT963403.1,7,8,1,7
NZ_LT963404.1,17,17,4,13
NZ_LT963405.1,21,21,6,15
NZ_LT963406.1,20,12,3,9
NZ_LT963407.1,7,13,3,10
NZ_CP009316.1,3,9,5,4
NZ_CP124838.1,11,11,8,3
NZ_CP124839.1,4,3,3,0
NZ_CP061180.1,5,9,2,7
NZ_CP061181.1,1,3,0,3
NZ_CP061182.1,2,4,0,4
NZ_CP061183.1,1,1,0,1
NZ_CP133651.1,8,14,10,4
NZ_CP044029.1,24,25,22,3
NZ_CP124883.1,4,4,3,1
NZ_CP028344.1,1,0,0,0
NZ_CP028345.1,1,0,0,0
NZ_CP028346.1,3,4,3,1
NZ_CP104524.1,12,15,7,8
NZ_CP104525.1,12,6,3,3
NZ_CP141768.1,3,2,2,0
NZ_CP053733.1,11,12,5,7
NZ_CP053732.1,12,18,15,3
NZ_CP053734.1,2,4,3,1
NZ_CP053735.1,1,1,1,0
NZ_CP144320.1,13,21,11,10
NZ_CP135455.1,19,16,11,5
NZ_CP135456.1,3,3,3,0
NZ_CP135457.1,2,1,0,1
NZ_CP039946.1,7,6,5,1
NZ_CP039947.1,4,4,4,0
NZ_CP060050.1,21,29,21,8
NZ_CP081506.1,10,11,9,2
NZ_CP025553.1,2,4,3,1
NZ_CP048134.1,4,4,4,0
NZ_CP048135.1,19,21,12,9
NZ_CP060455.1,1,0,0,0
NZ_CP060458.1,1,0,0,0
NZ_CP060454.1,2,0,0,0
NZ_CP060459.1,3,6,5,1
NZ_CP060457.1,1,0,0,0
NC_011996.1,7,5,4,1
NZ_CP071156.1,12,10,9,1
NC_003276.1,30,26,21,5
NC_003240.1,4,2,1,1
NC_003273.1,2,4,3,1
NC_003270.1,2,2,1,1
NC_003267.1,7,6,3,3
NZ_CP056761.1,21,21,14,7
NZ_CP056762.1,4,2,2,0
NZ_CP104964.1,1,1,0,1
NZ_CP119208.1,21,26,19,7
NZ_CP119212.1,13,25,15,10
NZ_CP086895.1,1,0,0,0
NZ_CP086896.1,27,25,12,13
NZ_CP086897.1,5,3,1,2
NZ_CP086898.1,1,0,0,0
NZ_CP086899.1,2,1,1,0
NZ_CP086900.1,11,16,10,6
NZ_CP084540.1,7,11,3,8
NZ_CP092410.1,22,26,19,7
NZ_CP096259.1,16,17,8,9
NZ_CP049174.1,5,7,5,2
NZ_CP032414.1,5,4,4,0
NZ_CP085511.1,14,12,8,4
NZ_CP130916.1,13,8,5,3
NZ_CP130919.1,5,6,5,1
NZ_CP130918.1,10,12,9,3
NZ_CP079226.1,18,25,9,16
NZ_CP079227.1,16,14,12,2
NZ_CP079228.1,3,4,1,3
NZ_CP079229.1,4,2,2,0
NZ_CP107820.1,3,1,0,1
NZ_CP118066.1,3,4,3,1
NZ_CP058165.1,8,8,6,2
NZ_CP058166.1,1,0,0,0
NZ_CP103728.1,11,15,11,4
NZ_CP029006.1,14,24,12,12
NZ_CP029007.1,11,18,10,8
NZ_CP041027.1,12,12,8,4
NZ_CP133182.1,21,31,16,15
NZ_CP027350.1,20,26,13,13
NZ_CP108530.1,14,21,12,9
NZ_CP016951.1,95,100,61,39
NZ_CP025009.1,19,16,11,5
NZ_CP025010.1,12,6,4,2
NZ_CP121642.1,41,48,30,18
NZ_CP121643.1,5,15,7,8
NZ_CP028335.1,5,5,5,0
NZ_CP028336.1,3,3,1,2
NZ_CP028337.1,9,10,7,3
NZ_CP028338.1,2,1,1,0
NZ_CP090910.1,12,15,11,4
NZ_CP040365.1,1,0,0,0
NZ_CP040366.1,5,6,3,3
NZ_CP063502.1,13,14,10,4
NZ_CP048004.1,4,7,6,1
NZ_CP048005.1,2,3,0,3
NZ_CP104339.1,31,30,19,11
NZ_CP072271.1,19,20,11,9
NZ_CP072272.1,2,2,2,0
NZ_CP053576.1,2,3,2,1
NZ_CP053577.1,3,6,2,4
NZ_CP081720.1,24,26,20,6
NZ_CP081721.1,19,20,18,2
NZ_CP123766.1,17,15,8,7
NZ_CP123767.1,2,1,0,1
NZ_CP123768.1,3,1,1,0
NZ_CP016516.1,5,6,2,4
NZ_CP020355.1,3,1,1,0
NZ_CP053081.1,3,4,1,3
NZ_CP053082.1,4,4,3,1
NZ_CP053083.1,1,0,0,0
NZ_CP041972.1,5,8,3,5
NZ_CP071018.1,27,26,20,6
NZ_CP114037.1,1,0,0,0
NZ_CP090385.1,6,9,4,5
NZ_CP090383.1,1,2,0,2
NZ_CP090384.1,6,6,4,2
NZ_CP107121.1,22,19,13,6
NC_022533.1,2,2,1,1
NC_022534.1,3,5,2,3
NZ_CP040571.1,2,6,3,3
NZ_CP068420.1,14,18,11,7
NZ_CP068421.1,10,14,7,7
NZ_CP068422.1,2,6,2,4
NZ_CP068423.1,5,4,3,1
NZ_CP068424.1,1,1,0,1
NZ_CP008839.1,2,3,0,3
NZ_CP117231.1,2,2,2,0
NZ_CP139169.1,23,25,19,6
NZ_CP139168.1,22,23,11,12
NZ_CP139167.1,13,15,7,8
NZ_CP139165.1,15,11,6,5
NZ_CP084644.1,13,21,15,6
NZ_CP084645.1,1,2,2,0
NZ_CP070521.1,12,10,6,4
NZ_CP019353.1,24,25,21,4
NC_017471.1,1,3,0,3
NC_017472.1,4,7,3,4
NZ_CP089045.1,8,22,18,4
NZ_CP089046.1,12,19,16,3
NZ_CP089048.1,5,11,9,2
NZ_CP035546.1,4,8,6,2
NZ_CP086105.1,41,48,38,10
NZ_CP088976.1,5,6,4,2
NZ_CP088977.1,4,3,1,2
NZ_CP016875.1,5,4,2,2
NZ_CP058362.1,8,11,5,6
NZ_CP058363.1,10,13,9,4
NZ_CP122373.1,10,13,11,2
NZ_CP016729.2,9,14,8,6
NZ_CP016733.2,4,7,6,1
NZ_CP122374.1,2,2,1,1
NZ_CP122376.1,1,1,1,0
NZ_OU015346.1,37,36,30,6
NZ_OU015347.1,4,3,3,0
NZ_OU015348.1,12,10,9,1
NZ_OU015349.1,2,1,1,0
NZ_CP017008.1,6,8,6,2
NZ_OX458337.1,7,9,4,5
NZ_OX458336.1,13,14,8,6
NZ_CP117328.1,6,7,4,3
NZ_CP023400.1,1,1,0,1
NZ_CP054859.1,7,11,3,8
NZ_CP054860.1,8,14,6,8
NZ_CP107313.1,13,15,12,3
NZ_CP107314.1,14,20,12,8
NZ_CP107316.1,6,7,5,2
NZ_CP107319.1,1,1,0,1
NZ_CP027635.1,2,1,1,0
NZ_CP067262.1,1,2,1,1
NZ_CP067263.1,2,3,2,1
NZ_CP060518.1,9,4,3,1
NZ_CP060519.1,2,2,2,0
NZ_CP091202.1,9,10,8,2
NZ_CP062709.1,5,7,3,4
NZ_CP056664.1,15,13,9,4
NZ_CP056665.1,8,8,5,3
NZ_CP074148.1,11,13,8,5
NZ_CP062313.1,1,0,0,0
NZ_CP091331.1,18,21,16,5
NZ_CP091332.1,5,6,5,1
NZ_CP021752.1,19,20,13,7
NZ_CP021753.1,10,7,2,5
NZ_CP021754.1,5,1,1,0
NZ_CP021755.1,9,7,5,2
NZ_CP021756.1,6,4,1,3
NZ_CP109602.1,17,23,10,13
NZ_CP059559.1,3,3,2,1
NZ_AP022184.1,24,40,26,14
NZ_AP022185.1,9,9,5,4
NZ_CP138549.1,8,10,5,5
NZ_CP138550.1,14,13,8,5
NZ_CP138551.1,14,23,14,9
NZ_CP011362.1,3,3,2,1
NZ_CP029739.1,32,32,16,16
NZ_CP029740.1,9,5,5,0
NZ_CP115697.1,2,3,3,0
NZ_CP115698.1,9,10,3,7
NZ_CP114995.1,4,4,3,1
NZ_CP062230.1,4,7,3,4
NZ_CP089533.1,7,3,2,1
NZ_CP021798.1,33,44,27,17
NZ_CP021799.1,12,18,13,5
NZ_CP031891.1,3,4,4,0
NZ_CP069956.1,4,5,4,1
NZ_CP069955.1,2,2,2,0
NZ_CP043288.1,1,1,1,0
NZ_CP043289.1,4,4,2,2
NZ_CP043290.1,1,2,0,2
NZ_CP043287.1,5,5,4,1
NZ_CP043286.1,14,14,12,2
NZ_CP043285.1,5,6,2,4
NZ_CP106737.1,9,12,7,5
NZ_CP106739.1,2,2,1,1
NZ_CP047280.1,28,27,26,1
NZ_CP133455.1,1,1,0,1
NZ_CP133454.1,13,11,5,6
NZ_CP057897.1,14,11,4,7
NZ_CP056720.1,21,17,14,3
NZ_CP056721.1,16,13,9,4
NZ_CP056723.1,1,2,0,2
NZ_CP114209.1,7,6,4,2
NZ_CP075535.1,4,3,3,0
NZ_CP070241.1,1,0,0,0
NZ_CP070243.1,4,7,3,4
NZ_CP041093.1,21,18,17,1
NZ_CP041094.1,7,13,6,7
NZ_CP041095.1,8,9,4,5
NZ_CP041096.1,2,2,1,1
NZ_CP123281.1,20,21,15,6
NZ_CP033042.1,9,10,8,2
NZ_CP116576.1,7,9,5,4
NZ_CP116577.1,1,1,1,0
NZ_CP048587.1,1,3,2,1
NZ_CP048586.1,3,5,4,1
NZ_CP127256.1,2,11,4,7
NZ_OW849065.1,17,15,8,7
NZ_OW849066.1,2,3,2,1
NZ_CP082039.1,21,21,19,2
NZ_CP030316.1,13,17,13,4
NZ_CP062069.1,4,3,0,3
NZ_CP038382.1,5,7,4,3
NZ_CP048757.1,1,2,0,2
NZ_CP051654.1,6,7,4,3
NZ_CP051655.1,8,13,6,7
NZ_CP058304.1,1,1,0,1
NZ_CP058305.1,11,19,13,6
NZ_CP123992.1,13,16,12,4
NZ_CP025233.1,4,3,2,1
NZ_CP042822.1,1,2,0,2
NZ_CP040989.1,5,11,4,7
NZ_CP122826.1,1,1,0,1
NZ_CP122827.1,11,13,6,7
NZ_CP122828.1,2,2,0,2
NZ_CP122829.1,13,7,3,4
NZ_CP122830.1,16,20,5,15
NZ_CP122831.1,1,1,1,0
NZ_CP110048.1,1,0,0,0
NZ_CP101923.1,1,1,0,1
NZ_CP044394.1,6,15,10,5
NZ_CP044395.1,1,2,2,0
NZ_AP025811.1,23,25,20,5
NZ_CP113528.1,8,8,5,3
NZ_CP132296.1,3,6,3,3
NZ_CP125221.1,5,4,3,1
NZ_CP125222.1,2,1,1,0
NZ_CP104852.1,15,18,15,3
NZ_CP104853.1,3,3,2,1
NZ_CP059120.1,27,24,18,6
NZ_CP059121.1,1,1,0,1
NZ_CP094522.1,6,6,2,4
NZ_CP139357.1,6,11,8,3
NC_023056.1,1,2,1,1
NC_023072.1,1,1,1,0
NZ_AP024783.1,2,0,0,0
NZ_AP024782.1,18,18,10,8
NZ_CP133851.1,2,2,2,0
NZ_CP133849.1,4,4,4,0
NZ_CP133848.1,29,27,27,0
NZ_CP058558.1,1,0,0,0
NZ_CP132630.1,15,23,11,12
NZ_CP014378.1,2,3,1,2
NZ_CP061651.1,5,10,7,3
NZ_CP054841.1,2,3,0,3
NZ_CP054842.1,19,15,6,9
NZ_CP124895.1,2,2,0,2
NZ_CP124896.1,2,1,1,0
NZ_AP025489.1,1,1,1,0
NZ_CP017375.1,6,6,6,0
NZ_CP017376.1,4,4,1,3
NZ_CP017377.1,1,1,0,1
NZ_CP017378.1,1,1,1,0
NZ_CP045998.1,10,8,6,2
NZ_CP045999.1,11,18,7,11
NZ_CP017584.1,2,1,1,0
NZ_CP017585.1,6,4,2,2
NZ_CP017586.1,2,1,0,1
NZ_CP017587.1,9,10,5,5
NZ_CP017588.1,15,11,9,2
NZ_CP017589.1,7,14,5,9
NZ_CP017590.1,35,22,14,8
NZ_CP017591.1,27,19,17,2
NZ_CP126832.1,31,28,24,4
NZ_CP126833.1,4,4,4,0
NZ_CP010312.1,14,8,5,3
NZ_CP058620.1,6,7,7,0
NZ_CP058622.1,3,3,3,0
NZ_CP058621.1,4,5,3,2
NZ_CP043846.1,2,2,0,2
NZ_CP055317.1,21,25,19,6
NZ_CP055316.1,23,21,17,4
NZ_CP055318.1,10,10,8,2
NZ_CP055319.1,1,1,0,1
NZ_AP024586.1,6,5,5,0
NZ_AP024587.1,3,7,4,3
NZ_CP030367.1,2,2,2,0
NZ_CP030365.1,1,2,0,2
NZ_CP084348.1,2,0,0,0
NZ_CP093393.1,1,1,1,0
NZ_CP049914.1,17,13,4,9
NZ_AP026421.1,9,9,7,2
NZ_AP026422.1,7,8,6,2
NZ_AP026423.1,20,21,19,2
NZ_AP026424.1,4,2,2,0
NZ_AP026425.1,11,10,8,2
NZ_AP026427.1,1,1,1,0
NZ_CP077964.1,23,19,17,2
NZ_AP024193.1,1,0,0,0
NZ_CP032614.1,16,24,20,4
NZ_CP032609.1,20,18,16,2
NZ_CP032611.1,1,2,0,2
NZ_CP121836.1,2,4,4,0
NZ_CP087143.1,21,29,16,13
NZ_CP087144.1,11,12,9,3
NZ_CP087145.1,7,9,6,3
NZ_CP132710.1,18,21,17,4
NZ_CP132711.1,24,28,18,10
NZ_CP132712.1,13,9,5,4
NZ_CP141582.1,12,16,13,3
NZ_CP141584.1,6,5,3,2
NZ_CP141585.1,7,3,3,0
NZ_CP133664.1,2,0,0,0
NZ_CP020072.1,18,20,14,6
NZ_CP020073.1,7,7,4,3
NZ_CP020074.1,2,2,2,0
NZ_CP020075.1,5,2,2,0
NZ_LT603679.1,22,44,23,21
NZ_LT603681.1,11,14,11,3
NZ_AP028051.1,11,9,7,2
NZ_AP028052.1,11,9,6,3
NZ_CP018797.1,11,16,11,5
NZ_CP018798.1,20,25,16,9
NZ_CP098525.1,28,21,12,9
NZ_CP032192.1,10,7,6,1
NZ_CP032193.1,6,6,5,1
NZ_OW968289.1,15,19,14,5
NZ_OW968290.1,3,3,1,2
NZ_OW968291.1,5,3,1,2
NZ_CP071313.1,18,15,10,5
NZ_CP071314.1,15,12,2,10
NZ_CP020895.2,11,10,4,6
NZ_AP022514.1,15,17,13,4
NZ_AP022515.1,16,13,13,0
NZ_CP041512.1,27,44,25,19
NZ_CP028658.1,6,8,6,2
NZ_CP041619.1,10,14,9,5
NZ_CP041621.1,1,1,0,1
NZ_CP009639.1,2,1,0,1
NZ_CP009636.1,6,6,5,1
NZ_CP062903.1,8,9,5,4
NZ_CP062902.1,3,3,2,1
NZ_CP041430.1,4,4,2,2
NZ_CP036041.1,23,41,32,9
NZ_CP024474.1,6,11,5,6
NZ_CP024475.1,4,4,4,0
NZ_CP024476.1,38,75,33,42
NZ_CP096732.1,2,4,2,2
NZ_CP096733.1,2,2,2,0
NZ_CP096363.1,14,19,12,7
NZ_CP082797.1,4,12,3,9
NZ_CP082798.1,4,7,4,3
NZ_LR594660.1,27,23,12,11
NZ_LR594661.1,1,1,1,0
NZ_CP077692.1,5,10,7,3
NZ_CP104372.1,7,11,8,3
NZ_CP016471.1,3,3,1,2
NZ_CP047538.1,13,12,8,4
NZ_CP047539.1,3,2,1,1
NZ_CP023948.1,10,11,7,4
NZ_CP023947.1,19,22,16,6
NZ_CP035215.1,13,24,18,6
NZ_CP035216.1,18,24,16,8
NZ_CP035217.1,4,5,4,1
NZ_CP012203.1,15,9,3,6
NZ_AP019793.1,14,12,8,4
NZ_CP029990.1,4,4,3,1
NZ_CP126475.1,10,14,9,5
NZ_CP126476.1,10,15,8,7
NZ_CP047610.1,5,5,2,3
NZ_CP047613.1,5,5,3,2
NZ_CP050307.1,15,25,9,16
NZ_CP050304.1,12,17,7,10
NZ_CP050305.1,7,10,4,6
NZ_CP050306.1,5,7,3,4
NZ_CP014121.1,17,22,13,9
NZ_CP014124.1,5,6,4,2
NZ_CP014125.1,4,4,2,2
NZ_CP014122.1,3,2,2,0
NZ_CP040039.1,5,4,3,1
NZ_CP102890.1,5,4,4,0
NZ_CP021471.1,2,4,1,3
NZ_CP021472.1,3,2,1,1
NZ_CP021475.1,5,8,5,3
NZ_LR135308.1,38,38,31,7
NZ_LR135309.1,2,1,1,0
NZ_LR135310.1,4,7,5,2
NZ_LR135311.1,9,7,6,1
NZ_LR135312.1,1,1,0,1
NZ_CP015881.1,19,17,8,9
NZ_CP015882.1,16,15,9,6
NZ_CP069667.1,13,13,10,3
NZ_CP069669.1,1,1,1,0
NZ_CP099589.1,4,4,2,2
NZ_CP040273.1,18,13,7,6
NZ_CP040274.1,13,7,0,7
NZ_CP040275.1,11,12,4,8
NZ_CP040276.1,11,8,2,6
NZ_CP040278.1,11,6,6,0
NZ_CP016313.1,5,3,3,0
NZ_CP038323.1,2,8,1,7
NZ_CP038322.1,8,5,4,1
NC_014254.1,10,6,2,4
NZ_CP008890.1,4,5,1,4
NZ_CP082996.1,5,5,5,0
NZ_CP082997.1,4,7,5,2
NZ_CP124333.1,14,9,6,3
NZ_CP089326.1,28,36,26,10
NZ_CP089327.1,13,14,6,8
NZ_CP141540.1,23,32,25,7
NZ_CP141541.1,4,4,4,0
NC_018486.1,8,5,5,0
NC_018501.1,5,2,1,1
NC_018487.1,7,5,5,0
NC_018488.1,4,1,1,0
NC_018489.1,1,0,0,0
NZ_OX461091.1,1,1,1,0
NZ_CP069997.1,1,2,2,0
NZ_CP069998.1,9,13,9,4
NZ_CP069999.1,1,1,0,1
NZ_CP135476.1,17,17,14,3
NZ_CP135477.1,15,14,12,2
NZ_CP135478.1,3,2,2,0
NZ_CP135479.1,3,5,3,2
NZ_CP119973.1,12,15,7,8
NZ_CP119974.1,3,2,0,2
NZ_CP119975.1,7,8,2,6
NZ_CP108555.1,20,21,16,5
NZ_CP116673.1,3,2,0,2
NZ_CP011943.1,4,4,3,1
NZ_CP138516.1,4,6,3,3
NZ_CP034329.1,7,3,3,0
NZ_CP034331.1,1,0,0,0
NC_010727.1,4,1,1,0
NC_010721.1,1,0,0,0
NZ_CP027581.1,1,7,5,2
NZ_CP139392.1,8,7,6,1
NZ_CP139391.1,2,1,1,0
NZ_CP137237.1,4,3,2,1
NZ_CP077697.1,1,3,1,2
NZ_AP022495.1,14,16,12,4
NZ_AP022496.1,9,11,7,4
NZ_AP022497.1,8,11,10,1
NZ_CP040873.1,5,7,4,3
NZ_CP040876.1,12,8,6,2
NZ_CP040874.1,1,1,1,0
NZ_CP092188.1,7,9,5,4
NZ_CP092192.1,1,1,1,0
NZ_CP092193.1,1,1,1,0
NZ_CP092194.1,8,9,3,6
NZ_CP092195.1,1,0,0,0
NZ_CP092196.1,27,44,14,30
NZ_CP049317.1,25,27,20,7
NZ_CP049318.1,23,15,12,3
NZ_CP049319.1,78,88,43,45
NZ_CP049320.1,9,10,4,6
NZ_CP049321.1,13,10,7,3
NZ_CP049322.1,4,6,2,4
NZ_CP049323.1,2,2,0,2
NZ_CP068080.1,1,2,1,1
NZ_CP115216.1,6,4,3,1
NZ_CP115217.1,6,5,3,2
NZ_CP032432.2,4,7,7,0
NZ_CP032433.2,3,3,1,2
NZ_CP127214.1,1,2,1,1
NZ_CP071225.1,4,5,5,0
NZ_CP047425.1,1,0,0,0
NZ_CP033221.1,1,4,2,2
NZ_CP087161.1,26,19,13,6
NZ_CP087162.1,3,4,3,1
NZ_CP068683.1,1,1,1,0
NZ_CP118617.1,30,67,33,34
NZ_CP028628.1,6,10,5,5
NZ_CP086964.1,9,9,7,2
NZ_CP086965.1,5,3,1,2
NZ_CP086966.1,7,8,5,3
NZ_CP086968.1,1,0,0,0
NZ_CP086969.1,3,2,0,2
NZ_CP086970.1,2,1,1,0
NZ_CP071297.1,2,3,2,1
NZ_CP071296.1,9,13,9,4
NZ_CP019598.1,2,1,1,0
NZ_CP047966.1,15,19,8,11
NZ_CP047968.1,1,1,0,1
NZ_CP047969.1,2,3,1,2
NZ_CP017076.1,30,36,22,14
NZ_CP017077.1,29,45,27,18
NZ_CP017078.1,32,26,15,11
NZ_CP017079.1,4,1,1,0
NZ_CP115715.1,4,6,3,3
NZ_CP115716.1,21,26,19,7
NZ_OY725717.1,28,18,6,12
NZ_OY725721.1,2,1,0,1
NZ_OY725723.1,1,1,0,1
NZ_CP122877.1,4,2,2,0
NZ_CP122878.1,22,27,11,16
NC_010580.1,7,15,8,7
NZ_CP065153.1,32,31,16,15
NZ_CP130695.1,12,14,11,3
NZ_CP130692.1,11,14,9,5
NZ_CP130694.1,19,25,17,8
NZ_CP042108.1,1,2,2,0
NC_015698.1,1,1,1,0
NZ_CP084013.1,18,8,7,1
NC_008573.1,10,12,8,4
NZ_CP123896.1,2,2,2,0
NZ_CP094774.1,2,6,5,1
NZ_CP087682.1,1,1,1,0
NZ_CP047667.1,12,18,10,8
NZ_CP047666.1,22,22,17,5
NZ_CP096111.2,16,15,12,3
NZ_CP036244.1,10,12,7,5
NZ_CP100107.1,20,23,16,7
NZ_CP100108.1,5,6,5,1
NZ_CP100109.1,7,9,6,3
NZ_CP083717.1,1,0,0,0
NZ_CP059470.1,23,24,14,10
NZ_CP059469.1,26,29,17,12
NZ_AP023334.1,10,8,7,1
NZ_AP023335.1,6,4,4,0
NZ_CP083992.1,16,25,16,9
NZ_CP014292.1,3,4,4,0
NZ_CP095126.1,2,1,1,0
NZ_CP095127.1,2,1,1,0
NZ_CP095128.1,7,7,5,2
NZ_CP011038.1,6,5,3,2
NZ_CP009357.1,2,2,2,0
NZ_CP050905.1,2,4,2,2
NZ_CP008851.1,4,1,0,1
NZ_CP056851.1,19,16,12,4
NZ_CP036093.1,13,17,11,6
NZ_CP036092.1,10,8,7,1
NZ_CP101826.1,26,26,18,8
NZ_CP088987.1,14,22,11,11
NZ_CP088986.1,8,8,6,2
NZ_CP027356.1,13,10,6,4
NZ_CP027357.1,10,11,8,3
NZ_CP104331.1,18,21,16,5
NZ_CP028427.1,4,4,3,1
NZ_CP071523.1,6,11,4,7
NZ_CP046917.1,1,1,1,0
NZ_CP055011.1,17,17,15,2
NZ_CP055012.1,23,21,21,0
NZ_CP055013.1,14,18,11,7
NZ_CP055014.1,5,7,2,5
NZ_CP086763.1,3,1,0,1
NZ_CP086762.1,44,54,35,19
NZ_CP143580.1,15,17,13,4
NZ_CP143581.1,1,0,0,0
NZ_CP143582.1,4,3,2,1
NZ_CP041648.1,14,18,11,7
NZ_CP045733.1,7,9,5,4
NZ_CP116072.1,8,12,7,5
NZ_CP116073.1,2,0,0,0
NZ_LR132068.1,14,13,10,3
NZ_CP106863.1,4,6,3,3
NZ_CP106864.1,3,3,2,1
NZ_CP102503.1,8,10,9,1
NZ_CP102505.1,1,1,1,0
NZ_CP102507.1,1,0,0,0
NZ_CP102504.1,5,3,3,0
NZ_CP102502.1,7,13,7,6
NZ_CP102501.1,19,19,16,3
NZ_AP022812.1,6,12,7,5
NZ_AP022813.1,1,0,0,0
NZ_CP048495.1,1,3,2,1
NZ_CP048494.1,1,6,2,4
NZ_CP070151.1,6,9,5,4
NZ_CP044187.1,7,4,2,2
NZ_CP038023.1,3,8,4,4
NZ_CP038024.1,3,3,3,0
NZ_CP038025.1,7,12,5,7
NZ_CP110998.1,20,22,15,7
NC_019387.1,8,5,3,2
NC_019388.1,2,1,0,1
NZ_CP035853.1,25,28,12,16
NZ_CP035852.1,14,14,4,10
NZ_CP035851.1,15,12,9,3
NZ_CP035854.1,1,2,0,2
NZ_CP070610.1,17,30,14,16
NZ_CP070611.1,12,23,7,16
NZ_CP070612.1,2,0,0,0
NZ_CP070613.1,2,6,1,5
NZ_CP064181.1,4,8,3,5
NZ_CP061579.1,5,10,5,5
NZ_CP110986.1,39,51,28,23
NZ_CP110987.1,2,1,0,1
NZ_CP050832.1,14,14,9,5
NZ_CP032318.1,1,0,0,0
NZ_CP032319.1,4,0,0,0
NZ_CP137218.1,3,0,0,0
NZ_CP137219.1,8,7,6,1
NZ_CP128920.1,2,2,0,2
NZ_CP128921.1,6,4,3,1
NZ_CP097680.1,21,24,14,10
NZ_CP097681.1,5,4,2,2
NZ_CP097682.1,6,6,5,1
NZ_CP026813.1,34,53,30,23
NZ_CP065736.1,1,4,4,0
NZ_LR135198.1,33,42,28,14
NZ_LR135199.1,3,2,2,0
NZ_LR135200.1,8,8,6,2
NZ_CP069167.1,27,26,14,12
NZ_CP097070.1,2,5,3,2
NZ_CP097071.1,3,2,2,0
NZ_CP040501.1,1,1,1,0
NZ_CP066585.1,17,31,23,8
NZ_CP066586.1,10,10,9,1
NZ_CP066587.1,3,1,0,1
NZ_CP030162.1,2,8,4,4
NZ_CP127013.1,8,10,8,2
NZ_CP084285.1,1,1,1,0
NZ_CP084287.1,35,35,19,16
NZ_CP056366.1,17,14,13,1
NZ_CP093256.1,16,29,18,11
NZ_CP011916.1,7,10,8,2
NZ_CP100235.1,25,25,12,13
NZ_CP100236.1,16,11,10,1
NZ_CP100237.1,24,17,15,2
NZ_CP009783.1,4,10,2,8
NZ_CP009784.1,9,8,5,3
NZ_CP028979.1,4,4,0,4
NZ_CP028980.1,4,3,0,3
NZ_OX341520.1,6,3,0,3
NZ_OX341519.1,4,3,2,1
NZ_AP022121.1,8,13,5,8
NZ_AP022122.1,4,5,3,2
NZ_CP073286.1,15,25,12,13
NZ_CP107978.1,28,29,9,20
NZ_CP053290.1,13,10,7,3
NZ_OX637965.1,13,15,9,6
NZ_CP084493.1,23,29,23,6
NZ_CP084494.1,21,18,17,1
NZ_CP082159.1,19,28,9,19
NZ_CP025516.1,6,10,6,4
NZ_CP025517.1,9,14,10,4
NZ_CP028124.1,17,19,5,14
NZ_CP110314.1,5,7,5,2
NZ_CP124512.1,12,10,5,5
NZ_CP051699.1,3,6,1,5
NZ_CP103752.1,23,20,16,4
NZ_CP103754.1,4,4,4,0
NZ_CP069902.1,3,3,1,2
NZ_CP069903.1,23,24,19,5
NZ_CP069904.1,48,46,38,8
NZ_CP069906.1,4,2,1,1
NZ_AP022922.1,15,17,14,3
NZ_AP022925.1,1,2,1,1
NZ_CP085184.1,5,6,5,1
NZ_CP085186.1,3,3,3,0
NZ_CP085185.1,2,2,2,0
NZ_AP020321.1,4,3,3,0
NZ_CP121255.1,1,2,0,2
NZ_CP121260.1,2,1,1,0
NZ_CP121259.1,1,2,2,0
NZ_CP121257.1,5,7,4,3
NZ_CP121258.1,5,5,5,0
NZ_LR135333.1,31,29,20,9
NZ_LR135334.1,7,6,6,0
NZ_LR135335.1,6,7,5,2
NZ_LR135336.1,2,1,1,0
NZ_CP065214.1,1,0,0,0
NZ_CP022909.1,3,3,3,0
NZ_CP039220.1,72,71,52,19
NZ_CP039221.1,26,27,14,13
NZ_CP039222.1,34,26,15,11
NZ_CP039223.1,26,24,14,10
NZ_CP039224.1,1,0,0,0
NZ_CP039225.1,17,15,12,3
NZ_CP039226.1,6,5,2,3
NZ_CP114165.1,29,34,26,8
NZ_CP114166.1,10,9,5,4
NZ_CP019036.1,5,3,1,2
NZ_CP019037.1,10,12,6,6
NZ_CP080596.1,11,14,13,1
NZ_CP072388.1,3,1,1,0
NZ_CP094384.1,4,4,2,2
NZ_CP020496.1,14,16,12,4
NZ_CP008815.1,2,0,0,0
NZ_CP008814.1,4,3,2,1
NZ_CP050494.1,3,7,3,4
NZ_CP050495.1,2,4,2,2
NZ_CP010955.1,2,1,1,0
NZ_CP010956.1,16,15,13,2
NZ_CP010957.1,3,4,3,1
NZ_CP010958.1,6,5,4,1
NZ_CP010959.1,3,2,2,0
NZ_CP010960.1,2,1,1,0
NZ_CP042809.1,17,19,12,7
NZ_CP042810.1,5,4,2,2
NZ_CP042811.1,5,3,0,3
NZ_CP012636.1,11,16,7,9
NZ_CP038914.1,53,62,28,34
NZ_CP038915.1,17,14,10,4
NZ_CP038916.1,10,12,6,6
NZ_CP038917.1,2,3,1,2
NZ_CP042557.1,30,23,20,3
NZ_CP042558.1,6,9,0,9
NZ_CP019561.1,17,21,17,4
NZ_AP019699.1,2,0,0,0
NC_017163.1,2,2,2,0
NZ_CP095722.1,1,0,0,0
NZ_CP061207.1,6,14,5,9
NZ_CP104167.1,40,43,14,29
NZ_CP104168.1,28,35,14,21
NZ_CP062957.1,3,2,2,0
NZ_CP062958.1,1,1,1,0
NZ_CP044451.1,22,25,13,12
NZ_CP044452.1,3,3,3,0
NZ_CP076710.1,1,2,0,2
NZ_CP076711.1,4,13,6,7
NZ_CP064114.1,3,3,2,1
NZ_CP064115.1,7,4,3,1
NZ_CP064116.1,7,8,5,3
NZ_CP104527.1,33,40,31,9
NZ_CP104528.1,2,4,3,1
NZ_CP104529.1,7,6,4,2
NZ_CP034654.1,6,3,2,1
NZ_CP027513.1,30,39,27,12
NZ_CP027514.1,1,0,0,0
NZ_CP027516.1,6,7,6,1
NZ_CP109949.1,20,29,17,12
NZ_CP109950.1,12,17,13,4
NZ_CP109951.1,6,7,5,2
NZ_CP037994.1,1,0,0,0
NZ_CP039961.1,7,7,6,1
NZ_CP039962.1,4,4,4,0
NZ_CP117571.1,28,26,12,14
NZ_CP117572.1,1,1,1,0
NZ_CP018674.1,7,7,5,2
NZ_CP018675.1,21,18,13,5
NZ_CP129138.1,2,1,0,1
NZ_CP129139.1,2,1,0,1
NZ_CP129140.1,2,1,1,0
NZ_CP129141.1,1,1,1,0
NZ_CP042384.1,11,5,1,4
NZ_CP042385.1,2,2,1,1
NZ_CP042386.1,2,1,1,0
NZ_CP033739.1,4,6,4,2
NZ_CP033741.1,2,4,1,3
NZ_CP048822.1,13,15,11,4
NZ_CP048823.1,9,11,9,2
NZ_CP048824.1,2,2,2,0
NZ_CP048825.1,10,9,7,2
NZ_CP048826.1,1,1,1,0
NZ_CP059380.1,19,31,19,12
NZ_AP025694.1,2,2,2,0
NZ_CP066757.1,2,8,2,6
NZ_CP101859.1,8,19,16,3
NZ_CP101860.1,4,5,4,1
NZ_CP101861.1,1,1,1,0
NZ_CP101173.1,7,8,5,3
NZ_CP098127.1,12,17,10,7
NZ_CP098129.1,12,19,9,10
NZ_CP098130.1,6,6,5,1
NZ_CP011053.1,10,24,13,11
NZ_CP011054.1,5,4,4,0
NZ_AP025552.1,13,13,12,1
NZ_AP017937.1,4,5,2,3
NZ_CP031722.1,2,2,1,1
NZ_CP031723.1,7,10,7,3
NZ_CP031725.1,5,4,4,0
NZ_CP031724.1,24,22,15,7
NZ_CP088289.1,68,67,31,36
NZ_CP088290.1,36,46,21,25
NZ_CP088291.1,29,47,24,23
NZ_CP010168.1,6,8,7,1
NZ_CP108576.1,2,3,2,1
NC_017627.1,13,22,13,9
NC_007274.1,12,29,11,18
NC_007275.1,2,1,1,0
NZ_CP039835.1,7,9,4,5
NZ_CP051397.1,14,14,11,3
NZ_CP060826.1,2,1,1,0
NZ_CP084523.1,1,1,1,0
NZ_CP107433.1,21,18,16,2
NZ_CP107434.1,10,13,10,3
NZ_CP110137.1,10,3,0,3
NZ_CP110138.1,2,1,1,0
NZ_CP091559.1,23,21,15,6
NZ_CP054704.1,1,1,1,0
NZ_CP033111.1,9,7,3,4
NZ_CP144140.1,10,9,8,1
NZ_CP144139.1,10,7,7,0
NZ_CP039596.1,3,3,2,1
NZ_CP062775.1,5,7,3,4
NZ_CP023978.1,39,44,27,17
NZ_CP023980.1,2,1,1,0
NZ_CP023984.1,1,1,0,1
NZ_CP023985.1,5,4,2,2
NZ_CP082281.1,19,22,17,5
NZ_CP082282.1,2,6,1,5
NZ_CP092674.1,5,7,2,5
NZ_CP092675.1,2,2,0,2
NZ_CP075483.1,6,6,5,1
NZ_CP075485.1,22,31,16,15
NZ_CP027137.1,2,2,1,1
NZ_CP027138.1,6,5,3,2
NZ_CP027135.1,9,10,6,4
NZ_CP111118.1,1,1,1,0
NZ_CP111119.1,1,1,1,0
NZ_CP082012.1,19,20,18,2
NZ_AP022079.1,22,23,15,8
NZ_AP022080.1,10,8,8,0
NZ_AP022081.1,4,3,1,2
NZ_CP054409.1,4,4,4,0
NZ_CP077726.1,3,0,0,0
NZ_CP139708.1,7,7,3,4
NZ_CP139709.1,17,22,11,11
NZ_CP139710.1,28,19,12,7
NZ_CP139711.1,17,13,8,5
NZ_CP139712.1,5,5,4,1
NZ_CP139713.1,4,4,2,2
NZ_CP139714.1,4,2,2,0
NZ_CP020532.1,13,9,7,2
NZ_CP097368.1,17,19,14,5
NZ_CP121487.1,1,1,0,1
NZ_CP121488.1,1,1,1,0
NZ_CP081930.1,1,1,1,0
NZ_OW849156.1,4,4,3,1
NZ_OW849157.1,1,5,0,5
NZ_CP102144.1,1,1,1,0
NZ_CP123238.1,13,12,8,4
NZ_CP123239.1,6,4,3,1
NZ_CP137341.1,21,25,19,6
NZ_CP137342.1,16,15,12,3
NZ_CP009905.1,4,10,1,9
NZ_CP009904.1,8,8,4,4
NZ_CP009903.1,2,1,0,1
NZ_CP068417.1,8,5,3,2
NZ_CP037823.1,2,2,0,2
NZ_CP100314.1,7,12,9,3
NZ_CP100313.1,11,5,4,1
NZ_CP089297.1,2,13,3,10
NZ_CP089298.1,4,6,2,4
NZ_CP089299.1,2,2,0,2
NZ_CP094951.1,10,9,4,5
NZ_CP057244.1,12,11,3,8
NZ_CP057245.1,13,12,5,7
NZ_CP090916.1,6,8,5,3
NZ_CP090917.1,1,1,1,0
NZ_CP101765.1,31,42,29,13
NZ_CP101766.1,11,10,9,1
NZ_CP101767.1,6,8,5,3
NZ_CP020546.1,9,14,9,5
NZ_CP020547.1,12,14,10,4
NZ_CP121663.1,25,28,20,8
NZ_CP121664.1,32,32,18,14
NZ_CP121665.1,7,4,1,3
NC_007607.1,24,57,27,30
NC_009344.1,2,1,0,1
NZ_CP011156.1,17,18,12,6
NZ_CP011157.1,3,2,2,0
NZ_CP109805.1,5,5,5,0
NZ_CP087801.1,2,1,1,0
NZ_CP101468.1,19,21,10,11
NZ_CP101469.1,2,0,0,0
NZ_CP101470.1,1,1,1,0
NZ_AP024325.1,5,4,3,1
NZ_AP024326.1,24,43,22,21
NZ_AP024327.1,1,2,2,0
NZ_AP024328.1,6,11,3,8
NZ_CP012668.1,12,13,10,3
NZ_CP058324.1,2,2,1,1
NZ_CP117046.1,27,23,19,4
NZ_CP064396.1,7,9,7,2
NZ_CP073765.1,33,23,16,7
NZ_CP092513.1,22,24,19,5
NZ_CP092514.1,14,14,9,5
NZ_CP092516.1,4,6,3,3
NZ_CP092515.1,4,4,3,1
NZ_CP100444.1,10,17,10,7
NZ_CP040909.1,1,0,0,0
NZ_CP049170.1,4,9,7,2
NZ_CP058858.1,8,9,7,2
NZ_CP015323.1,3,2,2,0
NZ_CP015324.1,5,10,9,1
NZ_CP015325.1,1,2,1,1
NZ_CP015326.1,1,0,0,0
NZ_CP015327.1,6,12,4,8
NZ_CP015329.1,1,1,1,0
NZ_CP065606.1,5,6,2,4
NZ_CP050037.1,11,13,8,5
NZ_CP050038.1,1,0,0,0
NZ_CP020115.1,8,6,5,1
NZ_CP056884.1,15,19,16,3
NZ_CP056885.1,10,10,8,2
NZ_CP036321.1,14,18,11,7
NZ_CP089208.1,28,25,22,3
NZ_CP098744.1,10,10,10,0
NZ_CP098745.1,1,0,0,0
NZ_CP098746.1,1,0,0,0
NZ_CP045390.1,6,6,4,2
NZ_CP045391.1,1,1,1,0
NZ_CP025455.1,4,3,1,2
NZ_CP099713.1,2,3,3,0
NZ_CP099714.1,5,4,4,0
NZ_CP099715.1,4,3,2,1
NZ_CP099716.1,12,14,11,3
NZ_CP119218.1,14,26,20,6
NZ_CP020881.1,1,0,0,0
NZ_CP086855.1,27,22,10,12
NZ_CP086856.1,11,14,10,4
NZ_CP086858.1,3,4,2,2
NZ_CP086859.1,1,1,1,0
NZ_CP086860.1,2,1,0,1
NZ_CP086861.1,1,0,0,0
NZ_CP065696.1,3,5,0,5
NZ_CP065697.1,8,6,1,5
NZ_CP009039.1,8,11,3,8
NZ_LR890255.1,12,13,10,3
NZ_LR890256.1,11,8,7,1
NZ_LR890258.1,3,3,2,1
NZ_LR890259.1,4,4,4,0
NZ_CP044435.1,4,7,3,4
NZ_CP099317.1,2,4,1,3
NZ_CP049176.1,1,2,1,1
NZ_CP081315.1,21,14,13,1
NZ_CP081316.1,9,5,1,4
NZ_CP081318.1,3,2,2,0
NZ_OW970493.1,15,11,6,5
NZ_OW970494.1,14,14,10,4
NZ_OW970495.1,4,4,4,0
NZ_OW970496.1,1,1,1,0
NZ_OW970497.1,1,0,0,0
NZ_CP083394.1,9,5,3,2
NZ_CP066905.1,23,29,20,9
NZ_CP066906.1,10,11,9,2
NZ_CP066907.1,7,9,6,3
NZ_CP079684.1,16,15,11,4
NZ_CP079685.1,9,7,5,2
NZ_CP116694.1,1,0,0,0
NZ_CP116695.1,2,1,1,0
NZ_CP078082.1,9,6,5,1
NZ_CP078083.1,3,4,1,3
NC_017647.1,6,10,7,3
NZ_CP037863.1,6,2,2,0
NZ_CP100099.1,20,23,16,7
NZ_CP100100.1,5,6,5,1
NZ_CP100101.1,7,9,6,3
NZ_CP083889.1,13,23,11,12
NZ_CP083890.1,7,4,2,2
NZ_CP032156.1,2,2,1,1
NZ_CP034724.1,4,5,4,1
NZ_CP087378.1,16,19,13,6
NZ_CP016446.1,3,2,2,0
NZ_CP012100.1,13,13,9,4
NZ_CP012101.1,24,37,25,12
NZ_CP012102.1,4,4,4,0
NZ_CP012103.1,2,1,1,0
NZ_CP012108.1,1,0,0,0
NZ_CP086817.1,4,3,1,2
NZ_CP086818.1,12,15,9,6
NZ_CP086819.1,2,1,0,1
NZ_CP086820.1,26,22,10,12
NZ_CP086822.1,1,1,1,0
NZ_CP086823.1,2,0,0,0
NZ_CP106930.1,8,15,8,7
NZ_CP073370.1,3,6,1,5
NZ_CP073367.1,7,6,5,1
NZ_CP073372.1,3,4,3,1
NZ_CP073371.1,36,46,29,17
NZ_CP073369.1,2,1,0,1
NZ_CP073368.1,20,31,21,10
NZ_CP125884.1,8,8,7,1
NZ_CP061673.1,11,20,14,6
NZ_CP061674.1,6,12,7,5
NZ_CP054028.1,8,12,4,8
NZ_CP054029.1,2,5,1,4
NZ_CP054030.1,16,17,8,9
NZ_CP025147.1,17,10,8,2
NZ_CP025148.1,15,17,11,6
NZ_CP132280.1,11,12,7,5
NZ_CP132281.1,11,6,6,0
NZ_CP132282.1,24,21,20,1
NZ_CP132283.1,15,11,9,2
NZ_CP132284.1,3,4,4,0
NZ_CP132286.1,8,5,3,2
NZ_CP132287.1,1,0,0,0
NZ_LN831789.1,3,8,4,4
NZ_CP031960.1,1,0,0,0
NZ_CP077367.1,4,3,1,2
NZ_CP077368.1,1,2,1,1
NZ_CP046417.1,13,20,12,8
NZ_CP046418.1,2,2,2,0
NZ_CP047998.1,5,9,5,4
NZ_CP047999.1,4,3,2,1
NZ_CP042245.1,16,22,11,11
NZ_CP024246.1,1,7,3,4
NZ_CP024247.1,1,4,3,1
NZ_CP024248.1,28,30,8,22
NZ_CP036116.1,4,4,1,3
NZ_CP036118.1,12,17,13,4
NZ_CP036119.1,16,27,21,6
NZ_CP139484.1,19,20,15,5
NZ_CP076808.1,12,15,10,5
NZ_CP076809.1,1,1,0,1
NZ_CP076811.1,2,2,0,2
NZ_CP039991.1,11,11,5,6
NZ_CP028679.1,5,7,4,3
NZ_CP015833.1,7,6,3,3
NZ_CP072747.1,11,16,8,8
NZ_CP019241.1,2,4,2,2
NZ_CP019242.1,4,4,1,3
NZ_CP119009.1,1,0,0,0
NZ_AP027374.1,4,10,5,5
NZ_AP027376.1,1,2,1,1
NC_003296.1,40,44,34,10
NZ_CP012563.1,1,0,0,0
NZ_CP012564.1,7,7,5,2
NZ_CP012566.1,15,14,9,5
NZ_CP012567.1,17,20,15,5
NZ_CP124074.1,1,0,0,0
NZ_CP096588.1,23,22,15,7
NZ_CP096589.1,11,13,10,3
NZ_CP104644.1,4,5,3,2
NZ_CP017929.1,9,5,4,1
NZ_CP017930.1,16,20,12,8
NZ_CP017933.1,1,0,0,0
NZ_CP017932.1,4,4,4,0
NZ_AP019795.1,12,8,4,4
NZ_CP143588.1,4,4,3,1
NZ_CP019166.1,5,2,1,1
NZ_CP026701.1,3,3,2,1
NZ_CP024132.1,1,1,1,0
NZ_CP024133.1,24,29,19,10
NZ_CP014849.1,1,2,0,2
NZ_CP014851.1,11,7,7,0
NZ_CP014852.1,8,8,4,4
NZ_CP014853.1,22,16,13,3
NZ_CP110653.1,1,4,0,4
NZ_CP116509.1,6,6,6,0
NZ_CP071243.1,6,5,4,1
NZ_CP063230.1,2,4,3,1
NZ_CP116192.1,15,19,14,5
NZ_CP047556.1,15,18,12,6
NZ_CP035195.1,2,1,1,0
NZ_CP012059.1,9,13,10,3
NZ_CP012058.1,5,7,4,3
NZ_CP095103.1,9,10,9,1
NZ_CP116429.1,4,3,3,0
NZ_CP080768.1,3,3,1,2
NZ_CP080769.1,22,23,10,13
NZ_CP041589.1,1,0,0,0
NZ_CP041590.1,11,12,10,2
NZ_CP014925.1,4,3,2,1
NZ_CP014926.1,4,4,3,1
NZ_CP014927.1,10,9,2,7
NZ_CP014928.1,2,0,0,0
NZ_CP014929.1,5,7,5,2
NZ_CP014930.1,1,0,0,0
NZ_CP014932.1,13,11,8,3
NZ_CP021525.1,18,29,20,9
NZ_CP021526.1,2,4,2,2
NZ_CP133180.1,11,11,8,3
NZ_CP081193.1,17,13,10,3
NZ_CP081194.1,4,9,2,7
NZ_CP081195.1,9,10,6,4
NZ_CP081196.1,2,1,1,0
NZ_CP143965.1,2,6,3,3
NZ_CP124019.1,2,0,0,0
NZ_CP085391.1,13,10,10,0
NZ_CP056182.1,26,27,22,5
NZ_CP110259.1,11,16,9,7
NZ_CP017380.1,12,10,6,4
NZ_CP017382.1,11,9,7,2
NZ_CP017383.1,6,8,4,4
NZ_CP026339.1,1,1,0,1
NZ_CP026144.1,2,4,1,3
NZ_CP107494.1,19,23,19,4
NZ_CP107495.1,16,16,14,2
NZ_AP022070.1,19,22,15,7
NZ_AP022071.1,2,1,1,0
NZ_AP022072.1,2,3,2,1
NZ_CP061765.1,16,16,11,5
NZ_CP019324.1,8,5,2,3
NZ_CP114787.1,5,8,3,5
NZ_CP114788.1,7,7,1,6
NZ_CP114789.1,11,4,2,2
NZ_CP114790.1,8,6,4,2
NZ_CP139029.1,25,19,14,5
NZ_CP139030.1,9,19,11,8
NZ_CP139034.1,1,0,0,0
NZ_CP139031.1,4,4,3,1
NC_012656.1,4,10,5,5
NZ_CP024128.1,1,0,0,0
NZ_CP024129.1,12,14,10,4
NZ_CP024130.1,10,18,12,6
NZ_CP115352.1,13,15,8,7
NZ_CP115353.1,5,6,5,1
NZ_CP025267.1,1,1,1,0
NZ_CP103587.1,30,36,25,11
NZ_CP051728.1,11,16,6,10
NZ_CP051729.1,3,4,1,3
NZ_CP021690.1,24,28,22,6
NZ_CP063404.1,25,38,16,22
NZ_AP023001.1,14,11,7,4
NZ_AP023004.1,1,1,1,0
NZ_CP083446.1,26,30,20,10
NZ_CP083447.1,3,4,3,1
NZ_CP034807.1,2,6,3,3
NZ_CP091979.1,16,25,15,10
NZ_CP091980.1,6,6,6,0
NZ_CP058653.1,21,24,15,9
NZ_CP058654.1,1,1,1,0
NZ_CP058652.1,3,3,2,1
NZ_CP056452.1,3,2,1,1
NZ_CP017441.1,2,6,3,3
NZ_CP091545.1,11,13,8,5
NZ_CP101617.1,4,4,3,1
NZ_CP101618.1,9,9,7,2
NZ_CP031610.1,9,9,6,3
NZ_CP071406.1,1,1,1,0
NZ_CP071407.1,2,2,0,2
NZ_CP071408.1,3,2,0,2
NZ_CP066940.1,5,4,4,0
NZ_CP066941.1,1,1,0,1
NZ_CP137172.1,4,4,2,2
NZ_CP137171.1,4,3,3,0
NC_002679.1,11,12,7,5
NC_002682.1,2,5,2,3
NZ_CP032445.1,1,1,1,0
NZ_CP042421.1,4,3,2,1
NZ_CP042422.1,1,2,0,2
NZ_CP042423.1,1,4,2,2
NZ_AP025261.1,3,2,1,1
NZ_CP099470.1,1,0,0,0
NZ_CP098184.1,14,14,11,3
NZ_CP098185.1,11,11,7,4
NZ_CP098186.1,2,2,1,1
NZ_CP103973.1,6,13,5,8
NZ_CP019014.1,21,18,12,6
NZ_CP120746.1,1,0,0,0
NZ_CP113033.1,2,2,2,0
NZ_CP113034.1,1,2,1,1
NZ_CP113030.1,2,2,1,1
NZ_CP111000.1,15,23,14,9
NZ_CP111001.1,7,9,5,4
NZ_CP006725.1,4,4,2,2
NZ_CP006726.1,5,5,3,2
NZ_CP042825.1,3,8,3,5
NZ_CP100720.1,7,12,9,3
NZ_CP100719.1,7,6,6,0
NZ_CP134539.1,1,2,1,1
NC_015579.1,4,5,2,3
NC_015583.1,13,19,11,8
NC_015582.1,1,0,0,0
NZ_CP020834.1,6,5,2,3
NZ_CP046321.1,2,2,1,1
NZ_CP045305.1,6,2,2,0
NZ_CP045304.1,1,1,0,1
NZ_CP142774.1,7,10,5,5
NZ_OX460319.1,8,15,9,6
NZ_CP097801.1,5,3,2,1
NZ_AP018520.1,11,6,5,1
NZ_AP018521.1,6,7,2,5
NZ_CP096122.1,6,15,8,7
NZ_CP096123.1,3,10,6,4
NZ_CP096121.1,34,35,25,10
NZ_LR130553.1,23,31,28,3
NZ_LR130554.1,8,7,5,2
NZ_CP009841.1,6,10,4,6
NZ_CP009839.1,2,2,0,2
NZ_CP035048.1,1,0,0,0
NZ_CP035047.1,4,4,4,0
NZ_CP081988.1,3,4,3,1
NZ_CP095391.1,48,45,33,12
NZ_CP095392.1,28,32,20,12
NZ_CP095393.1,7,5,2,3
NZ_CP014652.1,13,16,10,6
NZ_CP014653.1,1,4,1,3
NZ_CP014654.1,1,1,1,0
NZ_CP048424.1,1,7,3,4
NZ_CP048425.1,5,7,2,5
NZ_CP048428.1,2,2,1,1
NZ_CP029274.1,2,4,2,2
NZ_CP093536.1,48,49,37,12
NZ_CP144283.1,13,18,10,8
NZ_CP032395.1,18,18,14,4
NZ_CP032394.1,2,3,2,1
NZ_CP135245.1,9,8,5,3
NZ_CP135246.1,6,5,5,0
NZ_CP135247.1,11,13,5,8
NZ_CP135248.1,6,7,5,2
NZ_CP135249.1,1,1,1,0
NZ_CP121152.1,21,21,17,4
NZ_CP085751.1,2,2,2,0
NZ_CP085752.1,5,4,2,2
NZ_CP117557.1,12,9,5,4
NZ_CP066102.1,22,23,18,5
NZ_CP066103.1,1,1,0,1
NZ_CP066104.1,6,7,6,1
NZ_CP090147.1,3,2,1,1
NZ_CP090148.1,5,3,3,0
NZ_CP072173.1,2,3,3,0
NZ_CP072175.1,30,40,15,25
NZ_CP072174.1,17,13,7,6
NZ_CP072176.1,12,9,6,3
NZ_CP098256.1,2,2,2,0
NZ_CP101252.1,19,24,16,8
NZ_CP101255.1,5,5,4,1
NZ_CP101254.1,1,2,1,1
NZ_CP122508.1,16,16,12,4
NZ_CP122509.1,16,14,11,3
NZ_CP122510.1,2,5,4,1
NZ_CP122511.1,2,1,0,1
NZ_CP122512.1,1,1,1,0
NZ_CP122513.1,6,8,5,3
NZ_CP122514.1,2,5,3,2
NZ_CP083632.1,1,1,1,0
NZ_CP048262.1,13,9,7,2
NZ_CP035721.1,9,9,6,3
NZ_CP099998.1,2,2,1,1
NZ_CP083072.1,20,26,17,9
NZ_CP083073.1,4,4,4,0
NZ_CP039728.1,12,7,6,1
NZ_CP099747.1,12,10,7,3
NZ_CP099744.1,20,25,17,8
NZ_CP099745.1,1,1,0,1
NZ_CP051411.1,7,6,2,4
NZ_CP051412.1,13,10,6,4
NZ_CP089166.1,2,3,3,0
NC_013852.1,1,2,0,2
NZ_CP038142.1,4,6,3,3
NZ_OX638703.1,2,2,1,1
NZ_OX638702.1,42,31,20,11
NZ_CP039494.1,3,4,4,0
NZ_CP103563.1,33,36,26,10
NZ_CP103564.1,2,2,2,0
NZ_CP031801.1,12,13,10,3
NZ_CP031802.1,11,8,7,1
NZ_CP031804.1,3,3,2,1
NZ_CP031805.1,4,4,4,0
NZ_CP040800.1,1,0,0,0
NZ_CP138680.1,37,47,30,17
NZ_CP031942.1,1,2,0,2
NZ_CP031945.1,3,3,1,2
NZ_CP047810.1,1,1,1,0
NZ_CP029874.1,9,13,8,5
NZ_CP010243.1,20,29,20,9
NZ_CP010244.1,1,2,1,1
NZ_CP135503.1,18,23,13,10
NZ_CP135504.1,5,5,2,3
NZ_CP020556.1,3,2,2,0
NZ_CP019207.1,1,2,0,2
NZ_CP088278.1,70,87,42,45
NZ_CP088281.1,51,73,26,47
NZ_CP088279.1,9,23,16,7
NZ_CP088277.1,25,34,11,23
NZ_AP026869.1,5,1,0,1
NZ_CP097871.1,5,4,3,1
NZ_CP020990.2,2,4,2,2
NZ_CP066496.1,8,5,3,2
NZ_CP066497.1,5,4,2,2
NZ_CP066498.1,6,6,4,2
NZ_CP066499.1,6,8,6,2
NZ_CP100356.1,6,13,8,5
NZ_CP100357.1,1,1,1,0
NZ_CP021834.1,21,23,17,6
NZ_CP021835.1,16,9,6,3
NZ_CP021836.1,2,2,2,0
NZ_CP021837.1,2,1,0,1
NZ_CP126162.1,3,2,2,0
NZ_CP126163.1,17,26,15,11
NZ_CP126164.1,5,6,6,0
NZ_CP056506.1,10,6,5,1
NZ_CP136944.1,2,2,2,0
NZ_CP027401.1,15,23,19,4
NZ_CP107474.1,18,23,19,4
NZ_CP107475.1,16,16,14,2
NZ_CP128597.1,16,19,11,8
NZ_CP074029.1,10,11,9,2
NZ_CP048305.1,12,9,7,2
NZ_CP025677.1,11,13,10,3
NZ_CP025678.1,2,12,3,9
NZ_CP025679.1,1,0,0,0
NZ_CP034941.1,55,47,30,17
NZ_CP034942.1,4,3,2,1
NZ_CP103451.1,2,2,1,1
NZ_CP039446.1,25,36,18,18
NZ_CP019193.1,1,4,4,0
NZ_CP085624.1,3,4,3,1
NZ_CP085625.1,5,11,10,1
NZ_CP085626.1,2,1,1,0
NZ_CP085623.1,31,29,19,10
NZ_CP097698.1,13,12,10,2
NZ_CP097699.1,2,1,1,0
NZ_CP097700.1,2,2,0,2
NZ_CP097701.1,1,1,1,0
NZ_CP097702.1,10,11,9,2
NZ_CP109762.1,1,0,0,0
NZ_CP109763.1,4,4,3,1
NZ_CP109764.1,2,1,0,1
NZ_CP109765.1,1,1,0,1
NZ_CP008990.1,3,4,2,2
NZ_CP008991.1,4,3,2,1
NZ_CP059850.1,4,7,5,2
NC_013968.1,11,10,8,2
NC_013964.1,6,6,5,1
NC_013966.1,39,46,40,6
NZ_CP076362.1,1,1,0,1
NZ_CP076364.1,16,10,7,3
NZ_CP076365.1,15,7,6,1
NZ_CP076366.1,11,8,4,4
NZ_CP076367.1,2,1,0,1
NZ_CP020883.1,7,5,3,2
NZ_CP020884.1,3,0,0,0
NZ_CP012188.1,12,12,10,2
NZ_CP012189.1,11,13,8,5
NZ_CP012190.1,8,14,10,4
NZ_CP012191.1,2,7,3,4
NZ_CP124805.1,17,21,14,7
NZ_CP124806.1,10,12,10,2
NZ_CP124807.1,4,4,4,0
NZ_LR890315.1,1,1,0,1
NZ_CP038291.1,11,9,6,3
NZ_CP066444.1,22,33,25,8
NZ_CP066446.1,8,9,7,2
NZ_CP066445.1,3,1,0,1
NZ_CP083843.1,13,16,13,3
NZ_CP083844.1,13,19,13,6
NZ_CP083845.1,1,4,2,2
NZ_CP120198.1,1,1,1,0
NZ_CP106761.1,20,29,17,12
NZ_CP106762.1,11,14,10,4
NZ_CP106763.1,6,8,5,3
NZ_CP106764.1,1,1,0,1
NZ_CP013561.1,22,26,11,15
NZ_CP013562.1,12,8,3,5
NZ_CP113104.1,4,5,3,2
NZ_CP061036.1,2,2,1,1
NZ_CP042256.1,5,8,5,3
NZ_CP042257.1,7,6,4,2
NZ_CP042258.1,9,8,6,2
NZ_CP042259.1,6,4,2,2
NZ_CP136404.1,3,5,5,0
NZ_CP021697.1,28,38,21,17
NZ_CP021698.1,20,19,11,8
NZ_CP021699.1,32,36,26,10
NZ_CP021700.1,1,0,0,0
NZ_CP007647.1,21,14,7,7
NZ_CP007648.1,4,2,2,0
NZ_CP081005.1,3,5,2,3
NZ_CP054998.1,9,12,10,2
NZ_CP054999.1,10,10,8,2
NZ_CP095248.1,18,22,17,5
NZ_CP095249.1,7,7,6,1
NZ_CP095251.1,1,0,0,0
NZ_CP003425.1,3,3,2,1
NZ_CP027670.1,3,1,1,0
NZ_CP027671.1,8,11,5,6
NZ_CP025981.1,16,16,7,9
NZ_CP025980.1,21,22,7,15
NZ_OU015341.1,18,20,13,7
NZ_CP047213.1,2,1,1,0
NZ_CP009980.1,4,9,6,3
NZ_CP009321.1,22,14,7,7
NZ_CP009319.1,1,0,0,0
NZ_CP043762.1,4,2,1,1
NZ_CP098519.1,2,2,1,1
NZ_CP098520.1,12,9,6,3
NZ_CP051211.1,6,3,3,0
NZ_CP051210.1,1,0,0,0
NZ_CP051209.1,31,36,22,14
NZ_CP095151.1,17,19,12,7
NZ_CP095152.1,10,11,6,5
NZ_CP095153.1,5,3,3,0
NZ_CP079637.1,18,12,8,4
NZ_CP079638.1,9,7,5,2
NZ_CP079639.1,1,0,0,0
NC_020909.1,18,26,13,13
NC_020910.1,30,38,21,17
NZ_CP091672.1,25,32,21,11
NZ_CP091675.1,5,5,1,4
NZ_CP091674.1,4,7,4,3
NZ_CP049180.1,1,2,1,1
NZ_CP027056.1,10,7,5,2
NZ_CP027054.1,15,18,12,6
NZ_CP027055.1,13,12,8,4
NZ_CP027057.1,2,2,2,0
NZ_CP099557.1,13,9,5,4
NC_007351.1,3,3,3,0
NC_007352.1,3,3,3,0
NZ_CP033663.1,33,31,22,9
NZ_CP033660.1,17,14,8,6
NZ_CP033661.1,21,20,15,5
NZ_CP033662.1,3,5,2,3
NC_020057.1,7,6,4,2
NZ_CP037442.1,30,39,26,13
NZ_CP037443.1,1,1,1,0
NZ_CP037444.1,5,12,9,3
NZ_CP037445.1,1,0,0,0
NZ_CP037446.1,1,3,1,2
NZ_CP037448.1,1,1,1,0
NZ_CP070563.1,1,1,1,0
NZ_CP070562.1,17,19,15,4
NZ_CP070561.1,2,2,2,0
NZ_CP070560.1,10,4,3,1
NZ_CP033797.1,4,1,1,0
NZ_CP033798.1,9,12,8,4
NZ_CP033799.1,7,4,4,0
NZ_CP033801.1,1,0,0,0
NZ_CP059091.1,2,5,2,3
NZ_CP059088.1,1,2,1,1
NZ_CP059087.1,1,0,0,0
NZ_CP085472.1,7,8,4,4
NZ_CP085473.1,3,4,2,2
NZ_CP085474.1,7,7,5,2
NZ_CP085475.1,1,1,1,0
NZ_CP085476.1,1,2,2,0
NZ_CP091638.1,1,1,1,0
NZ_CP091637.1,30,31,21,10
NZ_CP110470.1,34,38,18,20
NZ_CP081921.1,3,0,0,0
NZ_CP077629.1,4,4,2,2
NZ_CP077630.1,2,0,0,0
NZ_CP110385.1,5,13,2,11
NZ_OW849378.1,12,15,9,6
NZ_OW849380.1,1,1,1,0
NZ_OW849381.1,5,5,3,2
NZ_CP020455.1,1,1,0,1
NZ_CP020456.1,3,5,1,4
NZ_CP024986.1,2,1,0,1
NC_017273.1,31,26,12,14
NZ_CP028195.1,9,16,4,12
NZ_CP028193.1,1,1,1,0
NZ_CP080012.1,5,9,8,1
NZ_CP069289.1,8,7,5,2
NZ_CP069290.1,6,5,5,0
NZ_CP069291.1,7,2,1,1
NZ_CP117360.1,8,6,5,1
NZ_CP117361.1,4,6,4,2
NZ_CP102717.1,7,3,2,1
NZ_CP102718.1,2,1,1,0
NZ_CP010624.1,2,2,1,1
NZ_CP010627.1,2,1,1,0
NZ_CP009317.1,2,8,2,6
NZ_CP061841.1,1,0,0,0
NZ_CP066674.1,24,32,26,6
NZ_CP066675.1,7,6,5,1
NZ_CP066676.1,3,2,1,1
NZ_CP022696.1,36,32,29,3
NZ_CP022697.1,26,23,19,4
NZ_CP022698.1,10,7,4,3
NZ_CP120617.1,5,7,4,3
NZ_CP115993.1,2,2,2,0
NZ_CP115994.1,13,11,10,1
NZ_CP115995.1,4,5,4,1
NZ_CP126947.1,17,21,11,10
NZ_CP020036.1,4,3,3,0
NZ_CP069991.1,9,24,6,18
NZ_CP047664.1,1,1,1,0
NZ_CP091103.1,22,26,21,5
NZ_CP091101.1,8,8,5,3
NZ_CP091102.1,4,4,2,2
NZ_CP017320.1,2,0,0,0
NZ_CP017322.1,2,1,1,0
NZ_CP060835.1,21,24,15,9
NZ_CP049955.1,7,7,6,1
NZ_CP049954.1,4,4,4,0
NZ_CP041688.1,3,2,1,1
NZ_CP035381.1,5,9,4,5
NZ_CP035380.1,4,8,4,4
NZ_CP050651.1,15,19,14,5
NC_014120.1,36,50,25,25
NZ_CP081849.1,59,58,39,19
NZ_CP081850.1,2,2,1,1
NZ_CP054213.1,1,2,0,2
NZ_CP038919.1,64,82,55,27
NZ_CP038920.1,3,7,1,6
NZ_CP038921.1,16,15,12,3
NZ_CP038922.1,10,11,9,2
NZ_CP103239.1,3,0,0,0
NC_007930.1,8,6,4,2
NC_006529.1,2,2,2,0
NC_006530.1,1,4,1,3
NZ_CP030324.1,3,4,4,0
NZ_CP072568.1,33,36,29,7
NZ_CP072569.1,7,8,6,2
NZ_CP072570.1,8,6,5,1
NZ_CP072571.1,2,1,1,0
NZ_CP072572.1,2,1,1,0
NZ_CP020515.1,14,19,15,4
NZ_CP116524.1,24,23,20,3
NZ_CP116525.1,5,2,1,1
NZ_CP116526.1,7,7,5,2
NZ_CP116527.1,4,4,4,0
NZ_CP092570.1,23,34,27,7
NZ_CP092571.1,15,15,14,1
NZ_CP089878.1,19,21,15,6
NZ_CP089879.1,32,42,25,17
NZ_CP030726.1,12,16,10,6
NZ_CP030727.1,13,10,6,4
NZ_CP065070.1,33,32,24,8
NZ_CP033072.1,2,4,1,3
NZ_CP132025.1,2,2,2,0
NZ_CP104585.1,7,8,5,3
NZ_CP021042.1,1,1,1,0
NC_006625.1,14,19,9,10
NZ_CP066255.1,19,25,13,12
NZ_CP066256.1,14,15,14,1
NZ_CP066257.1,7,10,6,4
NZ_AP028060.1,1,1,0,1
NZ_AP025802.1,25,27,22,5
NZ_CP007180.1,2,1,1,0
NZ_CP122723.1,5,4,0,4
NZ_CP122724.1,18,23,6,17
NZ_CP063066.1,1,2,1,1
NZ_CP062892.1,5,8,5,3
NZ_CP062893.1,7,11,6,5
NZ_CP062890.1,1,1,0,1
NZ_CP036368.1,6,6,5,1
NZ_CP036369.1,1,0,0,0
NZ_CP036367.1,6,5,2,3
NZ_CP036366.1,15,17,14,3
NZ_CP045411.1,5,7,2,5
NZ_CP045412.1,2,2,2,0
NZ_CP045414.1,1,1,1,0
NZ_CP074117.1,5,5,4,1
NZ_CP074118.1,14,12,9,3
NZ_CP032758.1,7,8,5,3
NZ_AP024791.1,2,0,0,0
NZ_AP024790.1,20,18,11,7
NZ_AP024789.1,9,9,7,2
NZ_CP034556.1,7,9,5,4
NZ_CP039235.1,140,120,60,60
NZ_CP039236.1,89,82,51,31
NZ_CP039237.1,39,29,15,14
NZ_CP039238.1,37,31,14,17
NZ_CP039239.1,9,9,2,7
NZ_CP082048.1,11,17,9,8
NZ_CP099505.1,1,1,1,0
NZ_CP072159.1,36,38,19,19
NZ_CP072161.1,3,3,1,2
NZ_CP072160.1,24,29,14,15
NZ_CP058147.1,8,8,7,1
NZ_CP058148.1,3,2,1,1
NZ_AP026376.1,23,16,12,4
NZ_AP026377.1,1,1,1,0
NZ_AP026380.1,2,1,0,1
NZ_CP116977.1,14,9,7,2
NZ_CP116978.1,16,21,15,6
NZ_CP116979.1,8,6,5,1
NZ_CP091021.1,1,4,1,3
NZ_CP099911.1,4,6,5,1
NZ_CP132652.1,18,21,10,11
NZ_CP016024.1,7,1,1,0
NZ_CP072989.1,1,1,0,1
NZ_CP012113.1,5,13,7,6
NZ_CP130157.1,29,23,16,7
NZ_CP130158.1,3,3,3,0
NZ_CP130159.1,14,14,8,6
NZ_CP130160.1,10,6,3,3
NZ_CP013976.1,38,50,36,14
NZ_CP013977.1,10,12,9,3
NZ_CP013978.1,4,8,3,5
NZ_CP009564.1,8,7,5,2
NZ_LR890411.1,5,8,7,1
NZ_LR890412.1,1,0,0,0
NZ_CP109179.1,46,60,27,33
NZ_CP109180.1,2,2,0,2
NZ_AP019725.1,6,4,2,2
NZ_AP019726.1,3,2,1,1
NZ_CP075904.1,6,5,5,0
NZ_CP023570.1,18,17,15,2
NZ_CP023571.1,3,2,1,1
NZ_CP027175.1,3,0,0,0
NZ_CP140793.1,2,0,0,0
NZ_CP140794.1,8,4,4,0
NZ_CP029100.1,2,2,2,0
NZ_CP029101.1,18,20,14,6
NZ_CP029102.1,17,6,3,3
NZ_LR213460.1,2,1,1,0
NZ_LR213461.1,5,4,4,0
NZ_CP087265.1,11,4,3,1
NZ_CP126865.1,1,0,0,0
NZ_CP126866.1,1,3,2,1
NZ_CP126868.1,1,0,0,0
NZ_CP126867.1,4,4,4,0
NZ_CP082767.1,11,11,9,2
NZ_CP082766.1,22,32,19,13
NZ_CP082768.1,7,7,6,1
NZ_CP043599.1,24,22,17,5
NZ_CP043598.1,45,40,33,7
NZ_CP043600.1,2,3,2,1
NZ_CP043601.1,1,1,1,0
NZ_CP069581.1,1,0,0,0
NZ_CP041111.1,11,17,11,6
NZ_CP041112.1,15,22,12,10
NZ_CP041113.1,2,1,1,0
NZ_CP041114.1,9,8,6,2
NZ_CP065021.1,24,34,24,10
NZ_CP065022.1,19,22,14,8
NZ_CP021706.1,2,2,0,2
NZ_CP030176.1,4,2,0,2
NZ_CP030177.1,5,7,1,6
NC_013855.1,35,47,25,22
NC_013856.1,53,66,45,21
NC_013857.1,22,16,11,5
NC_013858.1,5,5,4,1
NC_013859.1,9,10,5,5
NC_013860.1,21,27,14,13
NZ_CP023148.1,1,1,0,1
NZ_CP059897.1,11,9,4,5
NZ_CP117859.1,26,30,21,9
NZ_CP117858.1,22,25,11,14
NZ_CP117862.1,4,4,0,4
NZ_CP117860.1,3,6,5,1
NZ_CP068685.1,11,18,12,6
NZ_CP068686.1,17,27,15,12
NZ_CP068687.1,16,15,14,1
NZ_CP107837.1,1,2,0,2
NZ_AP019546.1,2,2,2,0
NZ_CP121273.1,4,4,4,0
NZ_CP025868.1,6,4,2,2
NZ_CP025867.1,6,7,6,1
NZ_CP025866.1,15,22,12,10
NZ_CP091949.1,1,0,0,0
NZ_CP091950.1,6,7,3,4
NZ_CP091951.1,2,5,2,3
NZ_CP091952.1,2,3,1,2
NC_020538.1,2,2,1,1
NZ_CP015339.1,11,12,7,5
NZ_CP015340.1,4,4,2,2
NZ_CP018070.1,4,4,3,1
NZ_CP018072.1,13,13,11,2
NZ_CP018073.1,40,41,33,8
NZ_CP044019.1,11,16,10,6
NZ_CP044020.1,3,2,1,1
NZ_CP027678.1,18,16,14,2
NZ_CP027679.1,17,13,12,1
NZ_CP051322.1,13,7,6,1
NZ_CP051321.1,1,0,0,0
NZ_CP078111.1,3,5,0,5
NZ_CP028186.1,5,3,1,2
NZ_CP104369.1,33,25,23,2
NZ_CP104370.1,3,5,2,3
NZ_CP009349.1,13,17,13,4
NZ_CP009350.1,6,5,5,0
NZ_CP061187.1,9,9,8,1
NZ_CP061188.1,11,13,7,6
NZ_CP061186.1,2,1,1,0
NZ_CP096541.1,2,2,2,0
NZ_CP029779.1,2,2,2,0
NZ_CP025965.2,4,7,5,2
NZ_CP025964.2,16,12,10,2
NZ_CP025966.2,12,12,10,2
NZ_CP027784.1,3,3,3,0
NZ_CP027785.1,3,2,2,0
NZ_LR735433.1,4,5,5,0
NZ_CP017182.1,4,2,1,1
NC_020240.1,1,1,1,0
NC_020249.1,14,11,11,0
NC_020239.1,4,4,2,2
NZ_CP126330.1,14,13,8,5
NZ_CP126331.1,2,0,0,0
NZ_CP126332.1,9,5,3,2
NZ_CP126333.1,7,7,5,2
NZ_CP126334.1,3,3,3,0
NZ_CP023534.1,2,2,1,1
NZ_CP023533.1,15,21,9,12
NZ_CP011048.1,2,2,2,0
NZ_CP141988.1,30,26,18,8
NZ_CP141989.1,13,13,11,2
NZ_CP141990.1,7,6,4,2
NZ_CP107922.1,8,8,5,3
NZ_CP004389.1,2,2,1,1
NZ_CP026489.1,10,11,8,3
NZ_CP104492.1,1,1,1,0
NZ_CP094259.1,1,1,1,0
NZ_CP094260.1,7,8,5,3
NZ_CP094261.1,2,2,2,0
NZ_CP103167.1,3,1,1,0
NZ_CP047004.1,3,2,2,0
NZ_CP047006.1,5,5,3,2
NZ_CP047003.1,14,23,19,4
NZ_CP047005.1,15,15,14,1
NZ_LR881935.1,27,26,21,5
NZ_CP096989.1,12,9,7,2
NZ_CP063999.1,1,0,0,0
NZ_CP018720.1,9,11,10,1
NZ_CP018722.1,8,6,5,1
NZ_CP018723.1,3,2,2,0
NZ_CP018724.1,10,11,5,6
NZ_CP121530.1,1,2,1,1
NZ_CP013822.1,3,7,1,6
NZ_CP013823.1,18,17,12,5
NZ_CP013824.1,65,89,59,30
NZ_CP013825.1,8,12,8,4
NZ_CP034172.1,2,0,0,0
NZ_CP027853.1,6,8,5,3
NZ_CP027855.1,3,4,2,2
NZ_CP038373.1,2,6,3,3
NZ_CP132988.1,1,1,0,1
NZ_CP132989.1,12,16,8,8
NZ_CP060808.1,9,8,5,3
NZ_CP060810.1,35,33,27,6
NZ_CP113952.1,16,31,12,19
NZ_CP023246.1,14,14,12,2
NZ_CP088114.1,4,11,5,6
NZ_CP088115.1,20,32,15,17
NZ_CP088116.1,24,38,11,27
NZ_CP088117.1,25,37,17,20
NZ_CP088118.1,10,18,7,11
NZ_CP021967.1,12,7,5,2
NZ_CP021968.1,4,7,3,4
NC_011355.1,11,21,14,7
NZ_CP013660.2,1,1,1,0
NZ_CP108363.1,16,23,13,10
NZ_CP104139.1,14,17,4,13
NZ_CP104140.1,3,4,1,3
NZ_CP104141.1,2,2,2,0
NZ_CP109888.1,2,1,1,0
NZ_CP072708.1,36,49,33,16
NZ_CP072719.1,1,1,0,1
NZ_CP072709.1,2,2,2,0
NZ_CP072710.1,11,7,7,0
NZ_CP072711.1,4,3,1,2
NZ_CP072712.1,3,2,2,0
NZ_CP072713.1,3,3,3,0
NZ_CP072714.1,2,1,1,0
NZ_CP066722.1,3,3,3,0
NZ_CP066723.1,4,4,3,1
NZ_CP066724.1,1,1,1,0
NZ_AP022622.1,4,2,0,2
NZ_CP026781.1,8,20,8,12
NZ_CP016623.1,6,9,6,3
NZ_CP016624.1,1,1,0,1
NZ_CP090638.1,11,7,3,4
NZ_CP090639.1,1,3,1,2
NZ_CP034046.1,34,38,34,4
NZ_CP034048.1,10,7,7,0
NZ_CP113523.1,2,1,0,1
NZ_CP072877.1,5,8,3,5
NZ_AP024832.1,13,16,12,4
NZ_AP024833.1,5,5,2,3
NZ_CP074169.1,4,9,5,4
NZ_CP091007.1,2,5,2,3
NZ_CP091008.1,2,2,2,0
NZ_CP014489.1,11,15,10,5
NZ_CP024110.1,2,0,0,0
NZ_CP136646.1,4,5,3,2
NZ_CP025436.1,2,2,2,0
NZ_CP091885.1,1,2,0,2
NZ_CP129264.1,3,2,1,1
NZ_CP065242.1,1,2,0,2
NZ_CP047617.1,6,7,5,2
NZ_CP116111.1,14,19,14,5
NZ_CP116112.1,8,13,9,4
NZ_CP116113.1,11,10,10,0
NZ_CP141788.1,11,9,9,0
NZ_CP070411.1,18,12,8,4
NZ_CP070412.1,3,5,2,3
NZ_CP071299.1,7,10,7,3
NZ_CP086980.1,5,5,3,2
NZ_CP086981.1,1,0,0,0
NZ_CP086982.1,29,22,10,12
NZ_CP086983.1,2,0,0,0
NZ_CP086985.1,9,10,6,4
NZ_LS998784.1,1,4,3,1
NZ_CP009417.1,1,1,1,0
NZ_AP023220.2,9,10,6,4
NZ_AP023221.2,16,16,9,7
NZ_AP023222.2,3,2,2,0
NZ_CP061604.1,13,8,6,2
NZ_CP061605.1,5,10,5,5
NZ_CP115776.1,1,5,1,4
NZ_CP115777.1,11,10,7,3
NZ_CP115778.1,1,2,1,1
NZ_CP115779.1,1,2,1,1
NZ_CP070340.1,9,12,10,2
NZ_CP070341.1,3,2,1,1
NZ_CP093529.1,1,1,1,0
NZ_CP093530.1,10,6,4,2
NZ_CP093531.1,17,11,5,6
NZ_CP093532.1,3,1,0,1
NZ_CP093533.1,1,1,1,0
NZ_CP093534.1,2,2,0,2
NZ_CP067233.1,8,5,4,1
NZ_CP047634.1,8,11,5,6
NZ_CP047635.1,1,11,4,7
NZ_CP047637.1,1,1,1,0
NZ_CP032636.1,6,6,2,4
NZ_CP020824.1,4,4,3,1
NZ_CP068596.1,3,2,1,1
NZ_CP117314.1,1,1,0,1
NZ_CP094779.1,1,7,6,1
NZ_CP065774.1,30,31,28,3
NZ_CP065775.1,6,6,6,0
NZ_CP065776.1,9,8,7,1
NZ_CP010880.1,1,0,0,0
NZ_CP010881.1,18,11,9,2
NZ_CP010882.1,13,17,12,5
NZ_CP048797.1,8,4,2,2
NZ_CP098692.1,4,4,3,1
NZ_CP073314.1,6,4,3,1
NZ_CP022999.1,15,8,4,4
NZ_CP023000.1,17,17,10,7
NZ_CP064694.1,42,57,21,36
NZ_AP024752.1,2,0,0,0
NZ_AP024751.1,18,18,10,8
NZ_CP010246.1,6,12,2,10
NZ_CP010248.1,8,10,7,3
NZ_AP017987.1,2,1,1,0
NZ_AP017988.1,9,13,5,8
NZ_AP017989.1,12,22,11,11
NZ_CP109861.1,1,1,0,1
NZ_CP035808.1,2,2,1,1
NZ_CP034143.1,1,1,1,0
NZ_CP034144.1,1,1,1,0
NZ_CP016299.1,2,3,1,2
NZ_CP058640.1,24,33,17,16
NZ_CP058639.1,15,24,7,17
NZ_CP058641.1,24,29,15,14
NZ_CP058642.1,5,6,3,3
NZ_CP058643.1,1,1,1,0
NZ_CP038867.1,1,2,1,1
NZ_CP029209.1,5,11,6,5
NZ_CP081859.1,1,0,0,0
NZ_CP025144.1,15,10,7,3
NZ_CP025145.1,10,12,8,4
NZ_CP125877.1,3,1,1,0
NZ_CP065048.1,2,0,0,0
NZ_CP065049.1,2,0,0,0
NZ_CP118105.1,5,3,3,0
NZ_CP024226.1,2,6,2,4
NZ_CP024227.1,25,42,12,30
NZ_CP129728.1,9,11,8,3
NZ_CP129729.1,10,10,5,5
NZ_CP129727.1,6,4,3,1
NZ_CP024816.1,18,22,19,3
NZ_CP024817.1,2,1,1,0
NZ_CP024818.1,5,4,4,0
NZ_CP125659.1,17,23,21,2
NZ_CP041956.1,8,11,7,4
NZ_CP041957.1,4,5,4,1
NZ_CP041959.1,1,0,0,0
NZ_CP041960.1,2,1,1,0
NZ_LS997974.1,8,9,6,3
NZ_CP110290.1,7,11,7,4
NZ_CP110291.1,6,7,5,2
NZ_CP096049.1,5,7,6,1
NZ_OW968017.1,4,4,4,0
NZ_OX460318.1,2,3,1,2
NZ_OX460317.1,2,3,3,0
NZ_CP053053.1,14,14,13,1
NZ_CP053054.1,3,3,2,1
NZ_CP053052.1,4,4,4,0
NC_013386.1,1,0,0,0
NZ_CP009011.1,3,4,2,2
NZ_CP009012.1,4,3,2,1
NZ_CP044362.1,4,5,3,2
NZ_CP044363.1,5,10,4,6
NZ_CP044364.1,9,8,6,2
NZ_CP044365.1,10,12,5,7
NZ_CP044366.1,14,16,14,2
NZ_CP048331.1,7,9,8,1
NZ_CP048332.1,4,5,3,2
NZ_CP048334.1,3,3,3,0
NZ_CP024108.1,2,0,0,0
NZ_CP063859.1,14,26,15,11
NZ_CP063860.1,3,3,3,0
NZ_CP063861.1,4,7,5,2
NZ_CP021914.1,3,7,4,3
NZ_CP021915.1,16,12,6,6
NZ_CP021916.1,6,5,2,3
NZ_CP042885.1,34,39,23,16
NZ_CP042886.1,2,5,2,3
NZ_CP042887.1,3,3,3,0
NC_021501.1,12,16,13,3
NC_018107.1,39,33,24,9
NZ_CP125316.1,3,3,2,1
NZ_CP125317.1,4,6,4,2
NZ_CP125318.1,1,1,0,1
NZ_CP125319.1,2,2,2,0
NZ_CP019982.1,21,15,12,3
NZ_CP019983.1,3,3,3,0
NZ_CP040577.1,6,8,4,4
NZ_CP040578.1,1,1,1,0
NZ_CP040579.1,1,1,1,0
NZ_CP127022.1,3,3,3,0
NZ_CP047294.1,3,2,2,0
NZ_CP066536.1,16,15,12,3
NZ_CP066535.1,19,27,17,10
NZ_CP080532.1,8,9,5,4
NZ_CP080533.1,28,28,15,13
NZ_CP080530.1,96,110,62,48
NZ_CP102910.1,7,6,6,0
NZ_CP130097.1,16,13,8,5
NZ_CP021510.1,3,3,3,0
NZ_CP021511.1,38,42,35,7
NZ_CP021512.1,41,42,22,20
NZ_CP021513.1,4,2,2,0
NZ_CP076271.1,5,7,1,6
NZ_CP038362.1,7,9,7,2
NZ_CP016871.1,5,4,3,1
NZ_CP017760.1,8,3,3,0
NZ_CP017759.1,19,15,10,5
NZ_CP029924.1,14,13,12,1
NZ_CP078133.1,10,12,3,9
NZ_CP078134.1,2,4,1,3
NZ_CP078135.1,7,6,4,2
NZ_CP133570.1,27,24,20,4
NZ_CP027473.1,14,18,7,11
NZ_CP014130.1,2,1,1,0
NZ_CP121272.1,1,2,1,1
NZ_CP068217.1,2,2,2,0
NZ_CP019735.1,14,13,12,1
NZ_CP019736.1,4,4,3,1
NZ_CP019738.1,9,12,7,5
NZ_CP019740.1,1,1,1,0
NZ_CP064218.1,20,24,17,7
NZ_CP064219.1,15,18,12,6
NZ_CP064220.1,12,12,8,4
NZ_CP031028.1,9,7,6,1
NZ_CP031029.1,7,7,7,0
NZ_CP020854.1,24,24,14,10
NZ_CP020855.1,22,25,17,8
NZ_CP020856.1,9,15,9,6
NZ_CP103996.1,11,7,5,2
NZ_CP014175.1,2,2,1,1
NZ_CP027247.2,4,7,5,2
NZ_CP027248.1,1,1,1,0
NZ_CP027249.2,13,16,10,6
NZ_CP104148.1,17,17,11,6
NZ_CP104149.1,33,48,28,20
NZ_CP104150.1,45,65,47,18
NZ_CP129280.1,19,23,10,13
NZ_CP129281.1,11,8,3,5
NZ_CP129282.1,10,8,3,5
NZ_CP129283.1,6,5,4,1
NZ_CP129284.1,6,6,5,1
NZ_CP129285.1,1,1,1,0
NZ_CP062730.1,5,7,3,4
NC_017373.1,6,3,3,0
NZ_CP018177.1,14,13,5,8
NZ_CP018178.1,5,6,0,6
NZ_CP018179.1,7,6,3,3
NZ_CP018385.1,16,6,5,1
NZ_CP021845.1,8,7,3,4
NZ_CP021846.1,20,19,13,6
NZ_CP021847.1,6,7,6,1
NZ_CP034795.1,7,9,7,2
NZ_CP065996.1,11,5,5,0
NZ_CP017439.1,6,9,6,3
NZ_CP060915.1,13,20,14,6
NZ_CP060916.1,2,1,0,1
NZ_CP060917.1,5,6,5,1
NZ_AP024838.1,21,30,21,9
NZ_AP024839.1,2,4,2,2
NZ_CP143310.1,9,12,9,3
NZ_CP013958.1,4,2,1,1
NC_014641.1,11,5,5,0
NZ_CP042391.1,8,8,4,4
NZ_CP076242.1,7,9,7,2
NZ_CP019002.1,3,2,1,1
NZ_CP019003.1,2,1,0,1
NZ_CP019001.1,27,25,21,4
NZ_CP095095.1,1,1,0,1
NZ_CP039909.1,19,24,12,12
NZ_CP061102.1,11,16,6,10
NZ_CP061103.1,2,1,1,0
NZ_CP061105.1,1,1,0,1
NZ_AP025187.1,17,14,11,3
NZ_AP025188.1,6,3,3,0
NZ_CP029285.1,4,6,3,3
NZ_CP029286.1,8,9,9,0
NC_007103.1,28,45,35,10
NC_007105.1,1,2,2,0
NZ_CP063363.1,10,9,6,3
NZ_CP063364.1,3,3,0,3
NZ_CP063365.1,1,1,0,1
NZ_CP040994.1,10,15,3,12
NZ_CP040995.1,10,8,5,3
NZ_CP040996.1,1,1,1,0
NZ_CP035465.1,2,1,1,0
NZ_CP117655.1,9,18,9,9
NZ_CP117656.1,2,1,1,0
NZ_CP117657.1,2,2,1,1
NZ_CP083363.1,4,10,4,6
NZ_CP083364.1,4,3,2,1
NZ_CP072179.1,2,3,3,0
NZ_CP122653.1,4,12,3,9
NZ_CP122654.1,7,7,5,2
NZ_CP131946.1,5,4,2,2
NZ_CP131947.1,26,34,25,9
NZ_CP131948.1,4,2,0,2
NZ_CP143006.1,8,22,7,15
NZ_CP086539.1,4,4,3,1
NZ_CP086540.1,3,3,2,1
NC_006362.1,2,1,0,1
NC_006363.1,1,0,0,0
NZ_CP036126.1,1,0,0,0
NZ_CP036128.1,1,0,0,0
NZ_CP036125.1,3,2,1,1
NZ_CP036122.1,2,1,1,0
NZ_CP036131.1,4,1,1,0
NZ_CP036124.1,2,0,0,0
NZ_CP036127.1,21,24,20,4
NZ_CP068619.1,2,1,0,1
NZ_CP068620.1,17,19,13,6
NZ_CP068621.1,17,13,7,6
NZ_CP050717.1,7,8,5,3
NZ_CP050718.1,4,5,3,2
NZ_CP141185.1,5,0,0,0
NZ_CP141186.1,8,2,1,1
NZ_CP141187.1,12,6,4,2
NZ_CP141188.1,3,1,0,1
NZ_CP141189.1,5,0,0,0
NZ_CP141190.1,3,3,0,3
NZ_CP082220.1,2,2,2,0
NZ_CP014934.1,11,11,7,4
NZ_CP014935.1,5,5,5,0
NZ_AP025618.1,24,26,22,4
NZ_AP025619.1,8,11,9,2
NZ_AP025620.1,1,1,1,0
NZ_CP003988.1,4,3,3,0
NZ_CP014697.2,11,13,9,4
NZ_CP014698.2,3,4,4,0
NZ_CP070590.1,5,7,6,1
NZ_CP070589.1,4,3,0,3
NZ_CP070587.1,13,9,6,3
NZ_CP113045.1,2,3,3,0
NZ_CP100686.1,32,30,22,8
NZ_CP100687.1,2,1,1,0
NZ_CP020593.1,1,1,1,0
NZ_CP047543.1,10,10,7,3
NZ_CP054927.1,21,27,18,9
NZ_CP032388.1,11,13,8,5
NZ_CP032389.1,1,2,1,1
NZ_CP124699.1,10,12,6,6
NZ_CP124700.1,3,3,2,1
NZ_CP124701.1,7,8,5,3
NZ_CP134073.1,10,10,6,4
NZ_CP134074.1,7,11,7,4
NZ_CP134075.1,5,6,5,1
NZ_CP134076.1,5,5,5,0
NZ_CP134078.1,1,1,1,0
NZ_CP011106.1,4,3,2,1
NZ_CP137231.1,8,5,1,4
NZ_LR135340.1,40,41,32,9
NZ_LR135342.1,3,3,3,0
NZ_LR135343.1,2,2,2,0
NZ_CP141843.1,10,11,10,1
NZ_CP141841.1,23,20,15,5
NZ_CP141842.1,11,13,10,3
NZ_CP080123.1,27,27,21,6
NZ_CP080122.1,19,18,14,4
NZ_CP080124.1,9,11,8,3
NZ_CP065195.1,2,1,1,0
NZ_CP117691.1,2,2,1,1
NZ_CP068288.1,32,40,32,8
NZ_CP009713.1,6,16,5,11
NZ_CP009714.1,6,9,6,3
NZ_CP129022.1,6,5,4,1
NZ_CP129023.1,6,6,6,0
NZ_CP129024.1,3,1,1,0
NZ_CP017268.1,1,1,1,0
NZ_CP022429.1,2,2,1,1
NZ_CP036032.1,3,3,3,0
NZ_CP036028.1,20,23,18,5
NZ_CP036030.1,23,27,20,7
NZ_CP066668.1,27,34,23,11
NZ_CP066669.1,5,6,5,1
NZ_CP066670.1,3,2,1,1
NZ_CP047708.1,14,14,12,2
NZ_CP047709.1,9,16,7,9
NZ_CP081002.1,36,37,25,12
NZ_CP081004.1,3,2,2,0
NZ_CP083180.1,11,21,10,11
NZ_CP018351.1,24,31,23,8
NZ_CP018350.1,12,13,11,2
NZ_CP070352.1,4,10,3,7
NZ_CP070354.1,3,6,0,6
NZ_AP022223.1,21,20,15,5
NZ_AP022224.1,2,2,1,1
NZ_AP022225.1,3,2,1,1
NZ_OW969692.1,10,7,4,3
NZ_OW969693.1,4,4,4,0
NZ_CP043829.1,12,23,7,16
NZ_CP043828.1,1,1,0,1
NZ_CP043827.1,7,7,3,4
NZ_CP123004.1,14,16,6,10
NZ_CP123005.1,30,52,33,19
NZ_CP123006.1,11,17,6,11
NZ_CP010239.1,23,29,13,16
NZ_CP020475.1,2,3,2,1
NZ_CP017262.1,9,8,6,2
NZ_CP017263.1,10,10,7,3
NZ_CP017264.1,9,13,7,6
NZ_CP017265.1,1,1,1,0
NZ_CP017266.1,14,17,10,7
NZ_CP070230.1,19,26,13,13
NZ_CP103792.1,13,26,10,16
NZ_CP118749.1,3,1,0,1
NZ_AP024571.1,22,26,20,6
NZ_CP099261.1,17,26,15,11
NZ_CP071203.1,6,5,4,1
NZ_CP119731.1,13,11,9,2
NZ_CP119732.1,8,14,7,7
NZ_CP119733.1,12,19,8,11
NZ_CP120552.1,1,0,0,0
NZ_CP120550.1,14,14,10,4
NZ_CP120551.1,5,2,2,0
NZ_CP127091.1,6,13,9,4
NZ_CP127092.1,1,2,0,2
NZ_CP102676.1,29,30,24,6
NZ_CP102678.1,1,1,1,0
NZ_CP102677.1,6,6,4,2
NZ_CP040025.1,9,11,10,1
NZ_CP040024.1,7,8,5,3
NZ_LR890447.1,8,8,5,3
NZ_CP127248.1,1,1,1,0
NZ_CP127249.1,1,1,1,0
NZ_CP083044.1,17,16,11,5
NZ_CP083045.1,27,28,18,10
NZ_CP140001.1,3,3,1,2
NZ_CP140002.1,16,15,5,10
NZ_CP051491.1,16,22,16,6
NZ_CP051492.1,10,27,13,14
NZ_AP022651.1,12,15,11,4
NZ_CP100146.1,30,28,18,10
NZ_CP100147.1,17,16,10,6
NZ_CP100148.1,16,21,14,7
NZ_CP100149.1,7,7,3,4
NZ_CP116544.1,27,28,22,6
NZ_CP116545.1,9,10,7,3
NZ_AP026903.1,24,24,21,3
NZ_AP026904.1,4,5,2,3
NZ_AP026905.1,8,13,5,8
NZ_CP070061.1,1,1,0,1
NZ_CP070058.1,1,1,0,1
NZ_CP017250.1,2,8,1,7
NZ_CP124484.1,13,15,8,7
NZ_CP124485.1,1,0,0,0
NZ_CP102510.1,4,6,0,6
NZ_CP014069.2,6,7,7,0
NZ_CP039708.1,4,5,2,3
NZ_CP039709.1,9,13,5,8
NZ_CP047842.1,1,1,1,0
NZ_CP092658.1,7,8,6,2
NZ_CP092661.1,3,15,7,8
NZ_CP119981.1,16,25,11,14
NZ_CP092168.1,6,8,6,2
NZ_CP092169.1,6,6,5,1
NZ_CP092170.1,5,7,6,1
NZ_CP014668.1,8,9,4,5
NZ_CP014669.1,10,7,4,3
NZ_CP089384.1,27,32,24,8
NZ_CP104197.1,3,3,2,1
NZ_CP104198.1,9,8,6,2
NZ_CP104199.1,9,10,7,3
NZ_CP064305.1,14,16,10,6
NZ_CP064306.1,12,10,3,7
NZ_CP064307.1,11,9,4,5
NZ_CP064309.1,1,2,2,0
NZ_CP041938.1,7,6,5,1
NZ_CP041935.1,17,21,19,2
NZ_CP041936.1,33,31,21,10
NZ_CP041937.1,2,2,1,1
NZ_CP129717.1,10,7,6,1
NZ_CP129716.1,17,14,14,0
NZ_CP122769.1,16,9,7,2
NZ_CP122770.1,5,3,0,3
NZ_CP122771.1,4,2,2,0
NZ_CP122772.1,6,9,2,7
NZ_CP013491.1,1,1,1,0
NZ_CP013492.1,22,28,12,16
NZ_CP013494.1,5,5,5,0
NZ_CP080081.1,26,35,23,12
NZ_CP080082.1,11,16,9,7
NZ_CP050772.1,13,14,11,3
NZ_CP050773.1,5,7,5,2
NZ_CP127040.1,40,44,35,9
NZ_CP127041.1,1,1,0,1
NZ_CP127042.1,1,1,0,1
NZ_CP127044.1,4,2,0,2
NZ_CP090138.1,40,36,25,11
NZ_CP090139.1,5,3,3,0
NZ_CP090140.1,2,1,1,0
NZ_CP021692.1,5,5,4,1
NZ_CP021693.1,4,3,2,1
NZ_AP014705.1,29,28,12,16
NZ_AP014706.1,16,45,18,27
NZ_AP014708.1,2,1,1,0
NZ_AP014709.1,10,8,5,3
NZ_CP123913.1,2,2,2,0
NZ_CP123914.1,3,10,4,6
NZ_CP123915.1,2,0,0,0
NZ_CP077412.1,11,12,8,4
NZ_CP077413.1,8,9,8,1
NZ_LT853886.1,1,1,1,0
NZ_CP099897.1,9,13,6,7
NZ_CP103469.1,1,1,1,0
NZ_CP103470.1,2,2,1,1
NZ_CP019216.3,14,19,13,6
NZ_CP019215.2,1,1,0,1
NZ_CP019214.3,28,23,19,4
NZ_CP056855.1,28,24,18,6
NZ_CP056856.1,9,6,5,1
NZ_CP056857.1,2,3,2,1
NZ_CP056858.1,7,8,4,4
NZ_CP139410.1,10,14,11,3
NZ_CP139409.1,6,5,5,0
NZ_CP013918.1,1,2,0,2
NZ_CP013917.1,2,2,2,0
NZ_CP036059.1,1,3,0,3
NZ_CP036058.1,17,18,15,3
NZ_CP054369.1,2,8,2,6
NZ_CP045953.1,12,15,11,4
NZ_CP032447.1,4,5,3,2
NZ_CP032448.1,8,7,6,1
NZ_CP016179.1,10,5,3,2
NZ_CP026236.1,10,5,4,1
NZ_CP026237.1,45,49,37,12
NZ_CP092742.1,4,5,1,4
NZ_CP092744.1,8,7,4,3
NZ_CP092746.1,7,9,3,6
NZ_CP092747.1,8,8,5,3
NZ_CP089035.1,2,6,4,2
NZ_AP022554.1,18,27,20,7
NZ_CP025212.1,23,24,18,6
NZ_CP025213.1,15,16,14,2
NZ_CP025214.1,7,8,6,2
NZ_CP025215.1,4,3,3,0
NZ_CP018670.1,18,17,6,11
NZ_CP018668.1,5,1,1,0
NZ_CP018669.1,10,6,6,0
NZ_CP103294.1,1,1,1,0
NZ_CP084918.1,8,6,2,4
NZ_CP084917.1,1,1,0,1
NZ_CP050732.1,17,22,15,7
NZ_CP033774.1,13,15,9,6
NZ_CP033775.1,4,4,4,0
NZ_CP033776.1,9,15,12,3
NZ_CP070495.1,1,0,0,0
NC_020817.1,8,11,3,8
NZ_CP092718.1,12,10,10,0
NZ_CP079928.1,3,3,2,1
NZ_CP079929.1,5,5,5,0
NZ_CP096765.1,2,4,2,2
NZ_CP039943.1,7,6,5,1
NZ_CP039944.1,4,4,4,0
NZ_CP087646.1,34,34,27,7
NZ_CP087647.1,25,20,19,1
NZ_CP087648.1,1,1,1,0
NZ_CP008806.1,5,8,6,2
NZ_CP055049.1,3,7,2,5
NZ_CP055050.1,6,5,5,0
NZ_CP061557.1,33,39,33,6
NZ_CP061558.1,6,11,6,5
NZ_CP061559.1,4,5,4,1
NZ_CP061635.1,11,7,5,2
NZ_CP061636.1,5,10,7,3
NZ_CP061637.1,1,1,0,1
NZ_CP124437.1,13,11,11,0
NZ_CP095559.1,9,7,5,2
NZ_CP095558.1,16,14,10,4
NZ_CP023845.1,16,24,17,7
NZ_CP028188.1,2,1,1,0
NZ_CP053212.1,1,1,1,0
NZ_CP053213.1,1,1,0,1
NZ_OW969712.1,4,4,4,0
NZ_LR135373.1,20,23,16,7
NZ_LR135374.1,7,7,5,2
NZ_LR135375.1,9,5,5,0
NZ_CP004883.1,1,1,0,1
NZ_CP004872.1,4,1,1,0
NZ_CP004873.1,10,7,5,2
NZ_CP004874.1,2,1,1,0
NZ_CP004875.1,3,3,2,1
NZ_CP004876.1,13,26,16,10
NZ_CP004877.1,23,22,19,3
NZ_CP056239.1,26,25,22,3
NZ_CP056240.1,1,0,0,0
NZ_CP056241.1,2,3,1,2
NZ_CP127216.1,2,3,3,0
NZ_CP032149.2,5,6,4,2
NZ_CP032150.2,5,6,5,1
NZ_CP060781.1,1,0,0,0
NZ_CP088902.1,18,28,10,18
NZ_CP144338.1,15,25,12,13
NZ_CP053298.1,17,17,13,4
NZ_CP103509.1,12,15,9,6
NZ_CP103510.1,5,7,5,2
NZ_CP022692.2,19,20,14,6
NZ_CP022693.2,10,4,3,1
NZ_CP022694.2,2,2,2,0
NZ_CP045796.1,2,1,0,1
NZ_CP124491.1,14,17,9,8
NZ_CP102531.1,8,8,6,2
NZ_CP078039.1,10,9,4,5
NZ_CP078040.1,14,13,9,4
NZ_LR890182.1,4,5,3,2
NZ_CP054016.1,4,5,4,1
NZ_CP041301.1,9,14,10,4
NZ_CP045763.1,12,11,9,2
NZ_CP109740.1,9,8,7,1
NZ_CP109742.1,1,0,0,0
NZ_CP109741.1,9,4,1,3
NC_013442.1,2,2,1,1
NZ_CP054255.1,1,3,0,3
NZ_CP072796.1,1,0,0,0
NZ_CP072795.1,1,0,0,0
NZ_CP072792.1,1,0,0,0
NZ_CP128791.1,6,10,6,4
NZ_CP051520.1,6,8,5,3
NZ_CP051519.1,6,9,8,1
NZ_CP051521.1,13,13,10,3
NZ_CP063350.1,11,11,9,2
NZ_CP063351.1,9,15,11,4
NZ_CP134684.1,2,3,2,1
NZ_CP134685.1,3,2,2,0
NZ_CP134687.1,5,3,3,0
NZ_CP032893.1,22,23,20,3
NZ_CP032895.1,7,7,3,4
NZ_CP023469.1,1,7,4,3
NZ_CP040845.1,9,14,8,6
NZ_CP102187.1,20,24,16,8
NZ_CP102188.1,15,18,12,6
NZ_CP102190.1,12,12,8,4
NZ_CP109512.1,4,2,2,0
NC_008688.1,1,4,0,4
NZ_CP093182.1,1,0,0,0
NZ_AP022390.1,7,6,5,1
NZ_CP077918.1,1,3,1,2
NZ_CP038928.1,61,69,46,23
NZ_CP038929.1,18,18,14,4
NZ_CP038930.1,10,11,9,2
NZ_CP038931.1,6,8,1,7
NZ_CP073769.1,5,4,4,0
NZ_CP073770.1,12,13,10,3
NZ_AP025141.1,9,6,4,2
NZ_AP022816.1,6,13,8,5
NZ_AP022817.1,3,1,0,1
NZ_CP102063.1,3,3,1,2
NZ_CP102062.1,13,12,10,2
NZ_CP041231.1,3,0,0,0
NZ_CP074048.1,16,15,15,0
NZ_CP074049.1,15,18,11,7
NZ_CP074050.1,4,5,4,1
NZ_CP074051.1,2,2,2,0
NZ_CP041358.1,11,21,6,15
NZ_CP114589.1,1,0,0,0
NZ_AP025525.1,10,18,10,8
NZ_AP025526.1,6,3,2,1
NZ_AP025527.1,4,3,1,2
NZ_AP025528.1,2,1,1,0
NZ_CP020510.1,11,13,10,3
NZ_CP020511.1,1,1,0,1
NZ_CP020512.1,5,5,4,1
NZ_CP020513.1,1,1,1,0
NZ_CP085328.1,1,7,2,5
NZ_CP085333.1,5,4,3,1
NZ_CP045505.1,5,3,0,3
NZ_CP006641.1,6,8,3,5
NZ_CP006642.1,21,22,16,6
NZ_CP023143.1,12,12,9,3
NZ_CP023144.1,6,9,7,2
NZ_CP023145.1,9,12,10,2
NZ_CP121599.1,3,3,3,0
NZ_CP103119.1,2,0,0,0
NZ_CP103120.1,2,0,0,0
NZ_CP115958.1,31,39,30,9
NZ_CP061042.1,2,2,2,0
NZ_CP043349.1,10,9,8,1
NZ_CP043350.1,12,11,8,3
NZ_CP043351.1,7,8,4,4
NZ_CP058918.1,11,13,9,4
NZ_CP023312.1,49,35,30,5
NC_013453.1,1,2,1,1
NZ_CP053608.1,15,14,10,4
NZ_CP111040.1,2,1,0,1
NZ_CP111042.1,1,2,1,1
NZ_CP079116.1,17,13,9,4
NZ_CP079117.1,1,2,2,0
NZ_CP075923.1,3,3,2,1
NZ_CP020068.1,22,22,13,9
NZ_CP020069.1,24,26,15,11
NZ_CP020070.1,4,3,2,1
NZ_CP121793.1,27,33,24,9
NZ_CP121792.1,15,20,13,7
NZ_CP011119.1,6,4,4,0
NZ_CP103347.1,39,38,29,9
NZ_CP103348.1,15,16,9,7
NZ_CP103349.1,9,10,8,2
NZ_CP045419.1,9,6,6,0
NZ_CP035295.1,4,4,4,0
NZ_CP035296.1,3,3,3,0
NZ_CP035297.1,3,3,3,0
NZ_CP133184.1,21,18,17,1
NZ_CP133185.1,3,2,2,0
NZ_CP133186.1,1,1,0,1
NZ_CP054979.1,10,14,7,7
NZ_CP054980.1,11,14,8,6
NZ_CP076856.1,41,39,26,13
NZ_CP073210.1,14,13,10,3
NZ_CP073211.1,2,2,1,1
NZ_CP143093.1,12,10,4,6
NZ_CP143094.1,6,10,7,3
NZ_CP009457.1,6,4,4,0
NZ_CP087337.1,22,19,16,3
NZ_CP087338.1,8,8,6,2
NZ_CP087339.1,2,2,0,2
NZ_CP064380.1,5,12,4,8
NZ_CP082332.1,3,5,5,0
NZ_CP014753.1,6,5,5,0
NZ_HG938354.1,26,34,20,14
NZ_CP104690.2,4,4,3,1
NZ_CP020605.1,1,2,1,1
NZ_CP020606.1,1,2,1,1
NZ_CP020608.1,1,1,1,0
NZ_CP020611.1,4,2,1,1
NZ_CP060000.1,11,19,11,8
NZ_CP060001.1,7,6,4,2
NZ_CP042607.1,2,1,1,0
NZ_CP042608.1,3,7,5,2
NZ_CP019908.1,1,1,1,0
NZ_CP019904.1,7,8,6,2
NZ_CP019909.1,4,6,2,4
NZ_CP019910.1,3,3,3,0
NZ_CP019906.1,2,2,2,0
NZ_CP019905.1,17,16,15,1
NZ_CP100077.1,4,12,9,3
NZ_CP100078.1,14,22,11,11
NZ_CP100079.1,4,5,5,0
NZ_CP064361.1,4,4,4,0
NZ_CP064362.1,1,1,0,1
NZ_CP026551.1,29,31,24,7
NZ_CP026552.1,11,11,10,1
NZ_CP020434.2,4,4,4,0
NZ_CP020436.2,5,3,2,1
NZ_CP029079.1,1,0,0,0
NZ_CP107961.1,26,28,15,13
NZ_CP107962.1,38,43,27,16
NZ_CP086765.1,14,13,8,5
NZ_CP086766.1,14,11,3,8
NZ_CP086767.1,1,0,0,0
NZ_CP086768.1,3,4,2,2
NZ_CP086769.1,7,9,6,3
NZ_CP086770.1,4,5,3,2
NZ_CP086772.1,1,0,0,0
NZ_CP086773.1,1,0,0,0
NZ_CP086774.1,2,1,1,0
NZ_CP022710.1,7,8,6,2
NZ_AP027218.1,6,13,4,9
NZ_AP027219.1,1,0,0,0
NZ_CP096699.1,2,3,2,1
NZ_CP022416.1,24,28,16,12
NZ_CP022417.1,8,9,3,6
NZ_CP022418.1,8,10,3,7
NZ_CP022419.1,2,2,1,1
NZ_CP022420.1,11,10,6,4
NZ_CP022421.1,1,2,1,1
NZ_CP022422.1,2,1,0,1
NZ_AP018489.1,11,14,9,5
NC_015955.1,54,58,51,7
NC_015959.1,2,2,1,1
NZ_CP096288.1,13,10,6,4
NZ_CP040540.1,17,24,13,11
NZ_CP040542.1,4,4,3,1
NZ_CP040541.1,22,22,20,2
NZ_CP021289.1,13,22,10,12
NZ_CP086288.1,24,21,21,0
NZ_CP086289.1,5,4,4,0
NZ_CP086290.1,1,1,1,0
NZ_CP007673.1,1,3,3,0
NZ_CP014508.1,30,42,19,23
NZ_CP014509.1,5,4,2,2
NZ_CP014510.1,11,7,1,6
NZ_CP014511.1,2,1,0,1
NZ_CP025894.1,6,4,2,2
NZ_CP025893.1,22,26,16,10
NZ_CP025895.1,7,5,5,0
NZ_CP015231.1,7,17,7,10
NZ_CP015233.1,1,2,1,1
NZ_CP061702.1,14,15,10,5
NZ_CP061701.1,29,28,21,7
NZ_AP027422.1,18,13,11,2
NZ_AP027421.1,13,15,8,7
NZ_AP027420.1,7,5,5,0
NZ_CP065348.1,13,20,11,9
NZ_CP065349.1,13,9,8,1
NZ_CP065350.1,6,5,5,0
NZ_CP118671.1,4,6,2,4
NZ_CP058809.1,3,5,2,3
NZ_CP058810.1,12,12,12,0
NZ_CP058811.1,2,2,0,2
NZ_CP026578.2,12,20,12,8
NZ_CP026579.1,6,7,6,1
NZ_CP026577.2,5,4,4,0
NZ_CP026576.2,4,4,4,0
NZ_CP075139.1,1,4,1,3
NZ_CP132216.1,16,13,10,3
NZ_CP132217.1,14,13,12,1
NZ_CP132218.1,16,14,9,5
NZ_CP026418.1,7,3,1,2
NZ_CP026413.1,2,2,2,0
NZ_CP026415.1,7,10,3,7
NZ_CP026416.1,6,15,8,7
NZ_CP141332.1,6,4,3,1
NZ_CP013954.1,1,0,0,0
NZ_CP058173.1,7,8,5,3
NZ_CP058174.1,1,0,0,0
NZ_CP011928.1,4,1,0,1
NZ_CP056782.1,1,3,1,2
NZ_CP056781.1,2,3,1,2
NZ_CP032988.1,18,18,13,5
NZ_CP032987.1,3,2,1,1
NC_017507.1,1,1,1,0
NZ_CP028802.2,1,0,0,0
NZ_CP028804.2,30,32,27,5
NZ_CP028805.1,9,11,5,6
NZ_CP123205.1,24,31,20,11
NZ_CP123208.1,1,1,0,1
NZ_CP123207.1,19,19,9,10
NZ_CP123206.1,5,6,3,3
NZ_CP116584.1,1,1,1,0
NZ_CP116585.1,1,1,1,0
NZ_CP025033.1,1,4,4,0
NZ_CP116104.1,15,19,14,5
NZ_CP092559.1,18,17,16,1
NZ_CP092560.1,1,0,0,0
NZ_CP071282.1,16,17,10,7
NZ_CP071283.1,3,3,1,2
NZ_CP071280.1,24,23,17,6
NZ_CP071281.1,5,4,4,0
NZ_CP055413.1,38,44,35,9
NZ_CP055414.1,12,14,10,4
NZ_CP048511.1,1,2,2,0
NZ_CP048510.1,1,10,2,8
NZ_CP074426.1,10,11,8,3
NZ_CP074427.1,6,5,5,0
NZ_CP074554.1,18,15,5,10
NZ_CP074555.1,4,3,1,2
NZ_OX638565.1,4,4,3,1
NZ_CP073947.1,9,7,7,0
NZ_CP073948.1,5,14,7,7
NZ_CP035649.1,26,49,31,18
NZ_CP035644.1,6,7,7,0
NC_013201.1,2,4,2,2
NZ_CP081258.1,2,5,0,5
NZ_CP017429.1,15,18,18,0
NZ_CP128933.1,24,17,12,5
NZ_CP128932.1,12,9,9,0
NZ_CP128935.1,3,2,1,1
NZ_CP128936.1,3,3,3,0
NZ_CP013807.1,64,82,57,25
NZ_CP013808.1,16,18,13,5
NZ_CP013809.1,4,8,0,8
NZ_CP013810.1,10,13,8,5
NZ_CP140928.1,72,82,58,24
NZ_CP140929.1,38,57,32,25
NZ_CP140930.1,9,24,18,6
NZ_CP140931.1,49,67,33,34
NZ_CP140932.1,18,12,11,1
NZ_CP012701.1,14,10,7,3
NZ_CP012702.1,6,6,6,0
NZ_CP012703.1,5,4,2,2
NZ_CP012704.1,1,1,1,0
NZ_CP012705.1,1,1,1,0
NZ_CP060031.1,9,13,7,6
NZ_CP060032.1,4,3,3,0
NZ_CP060033.1,4,3,0,3
NZ_CP066613.1,1,1,0,1
NZ_CP066608.1,32,41,28,13
NZ_CP066610.1,9,9,7,2
NZ_CP066609.1,3,0,0,0
NZ_CP097043.1,4,4,3,1
NZ_AP025010.1,39,41,24,17
NZ_AP025011.1,26,27,22,5
NZ_AP025012.1,9,10,7,3
NZ_AP025013.1,13,16,10,6
NZ_CP026682.1,3,4,2,2
NZ_CP026684.1,2,2,0,2
NZ_CP026690.1,1,1,1,0
NZ_CP026691.1,2,2,2,0
NZ_CP116963.1,7,7,6,1
NZ_CP116964.1,11,12,12,0
NZ_CP116965.1,2,2,2,0
NZ_CP010807.1,11,24,8,16
NZ_CP010810.1,1,1,1,0
NZ_CP111033.1,3,2,2,0
NZ_CP121074.1,16,32,13,19
NZ_CP009543.1,4,11,6,5
NZ_AP024522.1,3,3,2,1
NZ_CP060850.1,20,24,13,11
NZ_CP084877.1,9,14,10,4
NZ_CP027801.1,1,1,1,0
NZ_CP027802.1,12,15,13,2
NZ_CP027803.1,22,29,15,14
NZ_CP069833.1,3,2,2,0
NZ_CP069829.1,7,7,4,3
NZ_CP069834.1,10,7,4,3
NZ_CP025277.1,8,5,4,1
NZ_CP024940.1,35,51,27,24
NZ_AP021918.1,3,4,4,0
NZ_AP021920.1,1,3,2,1
NZ_AP021921.1,1,1,1,0
NZ_AP021923.1,1,1,1,0
NZ_AP021924.1,1,1,0,1
NZ_CP107464.1,21,19,19,0
NZ_AP022269.1,18,18,16,2
NZ_AP022270.1,13,11,9,2
NZ_AP022271.1,6,7,5,2
NZ_CP019443.1,19,17,13,4
NZ_CP019444.1,9,8,8,0
NZ_CP052134.1,26,29,19,10
NZ_CP113248.1,3,1,1,0
NZ_CP097230.1,10,13,8,5
NZ_CP097229.1,34,36,23,13
NZ_CP076044.1,4,6,2,4
NZ_CP024497.1,4,4,3,1
NZ_AP017969.1,1,4,1,3
NZ_AP017970.1,1,1,1,0
NZ_CP104769.1,7,8,4,4
NZ_CP104771.1,9,4,3,1
NZ_CP104772.1,1,2,1,1
NZ_CP014498.1,28,33,28,5
NZ_CP024103.1,2,0,0,0
NZ_CP140747.1,1,1,1,0
NZ_CP137194.1,1,0,0,0
NZ_CP137197.1,9,10,6,4
NZ_CP041658.1,8,8,6,2
NZ_CP126793.1,10,8,5,3
NZ_CP126794.1,5,5,5,0
NZ_CP076182.1,5,10,5,5
NC_021056.1,1,2,0,2
NZ_CP107509.1,19,23,19,4
NZ_CP107510.1,16,16,14,2
NZ_AP025654.1,33,32,29,3
NZ_CP072323.1,14,19,15,4
NZ_CP072324.1,4,4,4,0
NZ_CP120750.1,1,0,0,0
NZ_CP042600.1,10,17,12,5
NZ_CP042601.1,6,5,5,0
NZ_CP042602.1,1,1,1,0
NZ_CP026605.1,4,2,2,0
NZ_CP100513.1,5,4,4,0
NZ_CP037916.1,1,0,0,0
NZ_CP037915.1,1,0,0,0
NZ_CP037914.1,18,20,16,4
NZ_CP083513.1,12,18,7,11
NZ_CP083514.1,5,3,3,0
NZ_CP083515.1,7,5,4,1
NZ_CP050724.1,7,9,6,3
NZ_CP050725.1,5,5,3,2
NZ_CP074097.1,3,3,2,1
NZ_CP036180.1,11,12,11,1
NZ_CP036181.1,5,5,3,2
NZ_CP036179.1,5,5,4,1
NZ_CP036178.1,15,14,11,3
NZ_CP048109.1,4,3,0,3
NZ_CP048110.1,31,30,15,15
NZ_CP048111.1,41,43,27,16
NZ_CP043456.1,2,4,2,2
NZ_CP128602.1,7,9,3,6
NZ_CP128603.1,7,13,2,11
NZ_CP128604.1,1,2,2,0
NZ_CP032634.1,6,6,2,4
NZ_CP104504.1,28,25,20,5
NZ_CP104506.1,3,1,1,0
NC_013206.1,4,2,0,2
NC_013207.1,4,4,2,2
NZ_CP017256.2,6,3,2,1
NZ_CP015011.1,3,5,3,2
NZ_CP059748.1,37,50,34,16
NZ_CP059749.1,5,5,5,0
NZ_CP059750.1,7,5,4,1
NZ_CP059751.1,2,1,1,0
NZ_CP099869.1,6,6,4,2
NZ_CP099870.1,2,4,2,2
NZ_CP084903.1,1,1,0,1
NZ_CP084906.1,1,0,0,0
NZ_CP084901.1,12,14,13,1
NZ_CP084904.1,1,1,1,0
NZ_CP084902.1,23,21,16,5
NZ_CP068573.1,17,14,12,2
NZ_CP068575.1,4,4,3,1
NZ_CP068574.1,6,4,3,1
NZ_CP066818.1,1,4,1,3
NZ_CP066819.1,3,1,0,1
NZ_CP066820.1,2,1,0,1
NZ_CP066821.1,2,2,2,0
NZ_CP066822.1,5,4,3,1
NZ_CP066823.1,1,0,0,0
NZ_CP066824.1,1,0,0,0
NZ_CP066826.1,1,2,0,2
NZ_CP104522.1,10,13,6,7
NZ_CP070507.1,11,11,9,2
NZ_CP031278.1,3,4,4,0
NZ_FO082061.1,3,3,1,2
NZ_CP079936.1,25,27,19,8
NZ_CP079937.1,7,10,6,4
NZ_CP115166.1,9,3,2,1
NZ_CP115167.1,7,2,0,2
NZ_CP115168.1,7,4,3,1
NZ_CP096756.1,1,1,1,0
NZ_CP085762.1,2,1,0,1
NZ_CP085763.1,20,20,15,5
NC_017588.1,10,17,8,9
NC_017590.1,9,7,3,4
NZ_CP128565.1,20,22,18,4
NZ_CP076395.1,7,5,2,3
NZ_CP060451.1,1,0,0,0
NZ_CP060450.1,1,0,0,0
NZ_CP060449.1,2,0,0,0
NZ_CP060448.1,4,6,5,1
NZ_CP060447.1,2,1,1,0
NZ_CP104615.1,18,20,15,5
NZ_CP104614.1,12,13,9,4
NZ_CP096167.1,4,5,3,2
NZ_CP084169.1,12,17,13,4
NZ_CP084170.1,1,1,1,0
NZ_CP023712.1,9,7,5,2
NZ_CP023713.1,10,8,6,2
NZ_CP055195.1,9,12,10,2
NZ_CP055196.1,4,6,4,2
NZ_CP055197.1,8,11,8,3
NZ_CP134381.1,5,6,4,2
NZ_CP120757.1,1,0,0,0
NZ_CP038401.1,5,7,3,4
NZ_CP022484.1,2,3,3,0
NZ_CP022485.1,2,1,0,1
NZ_CP022486.1,3,3,2,1
NZ_AP025752.1,17,41,14,27
NZ_AP025753.1,4,4,0,4
NZ_CP124842.1,23,22,14,8
NZ_CP124843.1,9,9,9,0
NZ_CP094764.1,2,5,4,1
NZ_CP016810.1,31,34,28,6
NZ_CP016812.1,12,11,8,3
NZ_CP033511.1,35,70,34,36
NZ_CP051224.1,16,23,19,4
NZ_AP023428.1,21,26,19,7
NZ_AP023429.1,4,3,2,1
NZ_CP029683.1,10,9,8,1
NZ_CP015867.1,2,3,1,2
NZ_AP022021.1,27,22,19,3
NZ_AP022022.1,21,21,19,2
NZ_CP100552.1,6,4,3,1
NC_011743.1,5,6,3,3
NZ_CP021758.1,17,12,7,5
NZ_CP021759.1,5,5,4,1
NZ_CP021761.1,14,19,14,5
NZ_CP025783.1,7,4,2,2
NZ_CP090963.1,7,8,3,5
NZ_CP090964.1,5,4,3,1
NZ_CP090966.1,1,0,0,0
NZ_CP053994.1,4,6,3,3
NZ_CP057331.1,19,20,18,2
NZ_CP084267.1,11,10,6,4
NZ_CP084270.1,52,66,34,32
NZ_CP084269.1,7,5,4,1
NZ_CP029737.1,7,6,2,4
NZ_CP107380.1,17,15,13,2
NZ_CP021017.2,2,4,2,2
NZ_CP021016.2,4,5,2,3
NZ_CP097062.1,6,6,5,1
NZ_CP097063.1,8,8,6,2
NZ_CP097064.1,3,3,2,1
NZ_CP023002.1,5,9,6,3
NZ_CP029854.1,2,2,1,1
NZ_CP021796.1,21,14,13,1
NZ_CP021794.1,48,54,34,20
NZ_CP021795.1,17,16,10,6
NZ_CP063481.1,5,5,3,2
NZ_CP095771.1,2,0,0,0
NZ_CP038858.1,13,14,11,3
NZ_CP127268.1,25,33,15,18
NZ_CP127266.1,4,5,5,0
NZ_CP083657.1,1,1,1,0
NZ_CP074559.1,39,36,23,13
NZ_CP074560.1,2,1,0,1
NZ_CP086112.1,42,42,26,16
NZ_CP086113.1,20,20,13,7
NZ_CP086114.1,4,4,2,2
NZ_CP086115.1,2,2,2,0
NZ_CP086116.1,4,4,2,2
NZ_CP086117.1,1,0,0,0
NZ_CP042974.1,10,21,12,9
NZ_CP107123.1,22,24,16,8
NZ_CP033029.1,14,17,11,6
NZ_CP033030.1,7,8,1,7
NZ_CP068436.1,27,25,14,11
NC_020567.1,4,4,4,0
NZ_CP104725.1,2,6,1,5
NZ_CP104726.1,2,1,1,0
NZ_CP056623.1,14,12,11,1
NZ_CP056624.1,17,20,15,5
NZ_CP114581.1,2,0,0,0
NZ_CP100398.1,6,8,6,2
NZ_CP085400.1,8,17,11,6
NZ_CP121660.1,28,30,19,11
NZ_CP121661.1,12,24,7,17
NZ_LR135171.1,33,30,27,3
NZ_LR135172.1,9,11,8,3
NZ_CP133427.1,4,5,3,2
NZ_CP133428.1,1,0,0,0
NZ_CP063701.1,4,5,3,2
NZ_CP068105.1,5,11,4,7
NZ_CP063493.1,15,18,10,8
NZ_CP063494.1,14,23,9,14
NZ_CP063496.1,1,1,1,0
NZ_CP092858.1,2,2,2,0
NZ_CP092859.1,2,2,2,0
NZ_LR890666.1,10,14,10,4
NZ_CP090350.1,6,6,5,1
NZ_CP090352.1,1,0,0,0
NZ_CP090353.1,4,4,4,0
NZ_CP022920.1,27,26,14,12
NZ_CP143628.1,3,1,1,0
NZ_CP143630.1,6,7,6,1
NZ_CP143629.1,15,17,12,5
NZ_CP143626.1,1,0,0,0
NZ_CP094475.1,6,3,2,1
NZ_CP094476.1,6,8,8,0
NZ_CP094477.1,10,10,9,1
NZ_CP094478.1,3,6,3,3
NZ_CP046723.1,3,3,2,1
NZ_CP046724.1,2,2,0,2
NZ_CP038308.1,5,9,2,7
NZ_CP038307.1,1,1,1,0
NZ_CP073267.1,11,12,7,5
NZ_CP073268.1,7,10,4,6
NZ_CP073269.1,6,6,3,3
NZ_CP073270.1,6,8,6,2
NZ_CP073271.1,2,2,1,1
NZ_CP073272.1,1,1,0,1
NZ_CP104763.1,7,7,5,2
NZ_CP017672.1,4,4,2,2
NZ_CP116137.1,12,15,14,1
NZ_CP035459.1,5,5,1,4
NZ_CP035460.1,7,11,0,11
NZ_CP035461.1,7,7,1,6
NZ_CP035462.1,12,19,11,8
NZ_CP021533.1,3,3,2,1
NZ_CP021534.1,5,5,4,1
NZ_CP113204.1,18,17,13,4
NZ_CP113205.1,9,11,9,2
NZ_CP113206.1,3,4,4,0
NZ_CP113207.1,1,1,1,0
NZ_CP113203.1,13,19,12,7
NZ_CP080236.1,16,14,8,6
NZ_CP080237.1,4,11,2,9
NZ_CP017445.1,2,6,3,3
NZ_CP063355.1,2,3,1,2
NZ_CP081926.1,2,3,1,2
NZ_CP013935.1,3,3,1,2
NZ_CP009606.1,4,6,3,3
NZ_CP050784.1,20,20,13,7
NZ_CP095235.1,20,18,17,1
NZ_CP095236.1,7,8,8,0
NZ_CP101543.1,21,23,21,2
NZ_CP067141.1,4,14,3,11
NZ_CP032450.1,7,8,6,2
NZ_AP025920.1,33,34,27,7
NZ_CP014370.1,3,5,3,2
NZ_CP078506.1,4,2,1,1
NZ_CP078507.1,3,3,2,1
NZ_CP093482.1,18,25,16,9
NZ_CP093485.1,1,0,0,0
NZ_CP093484.1,5,11,8,3
NZ_CP093483.1,4,1,1,0
NZ_CP086887.1,2,0,0,0
NZ_CP086888.1,13,14,8,6
NZ_CP086889.1,8,9,7,2
NZ_CP086891.1,4,4,2,2
NZ_CP086892.1,1,0,0,0
NZ_CP086893.1,1,0,0,0
NZ_AP027964.1,9,20,11,9
NZ_AP027965.1,4,8,4,4
NZ_AP027966.1,2,4,2,2
NZ_CP065692.1,1,1,1,0
NZ_CP065454.1,11,11,8,3
NZ_CP065455.1,7,4,3,1
NZ_CP015075.2,4,4,4,0
NZ_CP137697.1,8,7,7,0
NZ_CP137698.1,1,1,0,1
NC_013200.1,6,10,6,4
NC_019727.1,4,6,2,4
NC_019728.1,1,1,0,1
NC_019752.1,1,1,1,0
NZ_CP142954.1,13,12,8,4
NZ_CP142955.1,12,12,6,6
NZ_AP028098.1,1,1,1,0
NZ_AP025860.1,31,31,26,5
NZ_CP022764.1,2,12,2,10
NZ_CP020859.1,22,17,11,6
NZ_CP020860.1,1,1,1,0
NZ_CP018144.1,2,2,2,0
NZ_CP018855.1,2,1,0,1
NZ_CP018856.1,4,5,2,3
NZ_CP018857.1,1,1,0,1
NZ_AP027257.1,5,17,7,10
NZ_CP016476.1,3,4,4,0
NZ_CP032202.1,19,24,17,7
NZ_CP032203.1,1,2,1,1
NZ_LT960782.1,5,4,2,2
NZ_CP107617.1,1,5,3,2
NZ_CP028667.1,5,7,4,3
NZ_CP045211.1,8,6,4,2
NZ_CP045210.1,10,13,3,10
NZ_CP004407.1,1,1,1,0
NZ_CP053786.1,4,6,3,3
NZ_CP127889.1,3,1,1,0
NZ_CP127891.1,3,2,2,0
NZ_CP127890.1,28,31,22,9
NZ_CP077318.1,7,9,5,4
NZ_CP047406.1,14,19,14,5
NZ_CP047407.1,2,2,2,0
NC_019700.1,2,2,0,2
NC_019694.1,1,1,1,0
NZ_CP029688.1,24,29,20,9
NZ_CP019157.1,2,3,1,2
NZ_CP089017.1,6,6,5,1
NZ_CP089018.1,1,1,1,0
NZ_CP089015.1,1,1,1,0
NZ_CP089019.1,11,10,7,3
NZ_CP089020.1,16,23,11,12
NZ_CP089016.1,4,4,4,0
NZ_CP089990.1,33,39,22,17
NZ_CP089991.1,5,5,4,1
NZ_CP139045.1,5,6,5,1
NZ_CP139046.1,9,13,5,8
NZ_CP076489.1,8,7,5,2
NZ_CP076490.1,1,1,1,0
NZ_CP076492.1,8,6,5,1
NZ_CP055034.1,28,47,24,23
NZ_CP140716.1,11,16,11,5
NZ_CP140718.1,1,1,1,0
NZ_CP070931.1,8,12,8,4
NZ_CP070932.1,7,11,8,3
NZ_CP033083.2,2,2,2,0
NZ_CP142606.1,1,1,0,1
NZ_CP142605.1,1,1,1,0
NZ_CP033082.2,3,3,2,1
NZ_CP072971.1,34,26,23,3
NZ_CP072972.1,4,4,3,1
NZ_CP010111.1,11,9,4,5
NZ_CP010112.1,9,9,7,2
NZ_CP077104.1,1,1,0,1
NZ_CP077102.1,7,6,3,3
NZ_CP077103.1,4,7,4,3
NZ_LT222313.1,9,7,1,6
NZ_LT222314.1,10,9,1,8
NZ_LT222315.1,12,12,3,9
NZ_LT222316.1,5,5,0,5
NZ_LT222317.1,3,5,1,4
NZ_LT222318.1,2,1,0,1
NZ_LR135325.1,33,35,24,11
NZ_LR135326.1,4,3,1,2
NZ_LR135327.1,11,9,8,1
NZ_CP065126.1,3,4,2,2
NZ_CP058898.1,10,15,8,7
NZ_CP025493.2,2,3,3,0
NZ_CP025492.2,5,3,2,1
NZ_CP048505.1,1,2,2,0
NZ_CP048504.1,1,10,2,8
NZ_CP048507.1,1,0,0,0
NZ_CP030273.1,2,4,1,3
NZ_CP030274.1,1,1,1,0
NZ_CP030275.1,2,4,4,0
NZ_CP030276.1,10,13,4,9
NZ_CP015733.1,19,18,8,10
NZ_CP015734.1,7,2,2,0
NZ_CP076523.1,4,3,2,1
NZ_CP076525.1,1,1,0,1
NZ_CP019244.1,3,3,3,0
NZ_CP009252.1,4,7,5,2
NZ_CP021485.1,1,6,1,5
NZ_CP073982.1,11,9,5,4
NZ_CP047545.1,6,12,9,3
NZ_CP066991.1,3,1,1,0
NZ_CP092467.1,29,27,24,3
NZ_CP097661.1,1,1,1,0
NZ_CP097662.1,24,26,23,3
NZ_AP024938.1,10,8,6,2
NZ_AP024939.1,13,12,9,3
NZ_CP083375.1,4,9,2,7
NZ_CP083372.1,32,31,21,10
NZ_CP083373.1,14,12,7,5
NZ_CP083374.1,5,7,3,4
NZ_CP083371.1,20,27,15,12
NZ_CP038466.1,13,11,9,2
NZ_CP091218.1,28,26,22,4
NZ_CP091219.1,6,6,5,1
NZ_CP098212.1,8,12,7,5
NZ_CP029249.1,14,11,8,3
NZ_CP097007.1,5,4,3,1
NZ_CP029830.1,28,25,18,7
NZ_CP029832.1,12,20,11,9
NZ_CP029833.1,5,5,3,2
NZ_CP029834.1,3,1,1,0
NZ_CP029835.1,6,3,1,2
NZ_CP029836.1,2,3,1,2
NZ_CP029831.1,11,8,5,3
NZ_CP066525.1,21,25,19,6
NZ_CP066524.1,15,13,10,3
NZ_CP053565.1,1,0,0,0
NZ_CP034325.1,10,10,7,3
NZ_CP034324.1,15,16,16,0
NZ_CP034323.1,5,5,5,0
NZ_CP034326.1,22,25,18,7
NZ_CP136599.1,28,22,20,2
NZ_CP117422.1,7,4,3,1
NZ_CP117423.1,11,7,5,2
NZ_CP136994.1,7,13,4,9
NZ_CP139688.1,4,7,3,4
NZ_CP139689.1,3,1,0,1
NZ_CP139687.1,13,19,11,8
NZ_CP093243.1,21,22,18,4
NZ_CP085867.1,23,28,19,9
NZ_CP085868.1,4,4,4,0
NZ_CP027588.1,8,5,4,1
NZ_CP012688.1,66,74,65,9
NZ_CP091429.1,6,6,3,3
NZ_CP091428.1,13,19,13,6
NZ_AP022160.1,4,4,2,2
NZ_CP093203.1,5,6,3,3
NZ_CP063216.1,39,56,32,24
NZ_CP063217.1,2,1,1,0
NZ_CP063218.1,10,11,7,4
NZ_CP101691.1,2,1,1,0
NZ_AP022333.1,1,2,1,1
NZ_AP022334.1,28,37,10,27
NZ_AP022335.1,10,8,3,5
NZ_AP022336.1,3,1,0,1
NC_022610.1,3,3,3,0
NZ_CP042337.1,22,20,15,5
NZ_CP042339.1,6,5,5,0
NZ_CP042338.1,6,8,6,2
NZ_CP042340.1,2,1,0,1
NZ_AP021910.1,6,8,7,1
NZ_AP021911.1,11,12,6,6
NZ_CP054709.1,9,12,9,3
NZ_CP054710.1,4,2,2,0
NZ_CP056076.1,11,7,3,4
NZ_CP056079.1,13,13,6,7
NZ_CP124499.1,15,16,11,5
NZ_CP103530.1,14,15,11,4
NZ_CP103531.1,5,6,3,3
NZ_CP024557.1,24,22,18,4
NZ_CP024558.1,9,12,7,5
NZ_CP024559.1,17,19,13,6
NZ_CP141549.1,4,5,2,3
NZ_CP141548.1,20,28,22,6
NZ_CP092984.1,1,1,0,1
NZ_CP092986.1,7,7,5,2
NZ_CP092987.1,1,1,1,0
NZ_CP092988.1,8,10,5,5
NZ_CP092989.1,3,4,2,2
NZ_CP069864.1,12,13,10,3
NZ_CP069866.1,5,9,6,3
NZ_CP069867.1,1,0,0,0
NZ_CP090546.1,17,17,14,3
NZ_CP076223.1,4,10,5,5
NZ_CP084445.1,2,2,2,0
NZ_CP053937.1,1,1,1,0
NZ_CP018068.1,4,2,2,0
NZ_CP018066.1,34,33,27,6
NZ_CP018067.1,4,4,4,0
NZ_CP088137.1,2,4,2,2
NZ_CP063359.1,2,1,1,0
NC_022225.1,13,10,7,3
NZ_CP028634.1,5,7,4,3
NZ_CP121136.1,24,35,24,11
NZ_CP071069.1,16,18,13,5
NZ_CP019589.1,5,10,5,5
NZ_CP118261.1,16,28,9,19
NZ_CP118263.1,1,1,1,0
NZ_CP118262.1,8,6,5,1
NZ_CP027547.1,20,22,11,11
NZ_CP048067.1,86,99,51,48
NZ_CP048068.1,17,15,8,7
NZ_CP048069.1,12,9,5,4
NZ_CP048070.1,9,8,2,6
NZ_CP012975.1,1,0,0,0
NZ_CP139176.1,5,7,2,5
NZ_CP139371.1,18,16,15,1
NZ_CP058875.1,13,16,10,6
NZ_CP058876.1,10,10,6,4
NZ_CP058877.1,3,3,3,0
NZ_CP100737.1,21,23,18,5
NZ_OD940423.1,5,4,3,1
NZ_OD940424.1,4,5,4,1
NZ_OD940425.1,1,0,0,0
NZ_CP027395.1,2,1,0,1
NZ_CP027392.1,12,20,7,13
NZ_CP126027.1,22,45,20,25
NZ_CP009299.1,9,7,6,1
NZ_CP109476.1,76,84,43,41
NZ_CP048413.1,19,31,25,6
NZ_CP048414.1,16,22,19,3
NZ_CP143403.1,3,4,3,1
NZ_CP143408.1,3,3,0,3
NZ_CP143405.1,17,22,17,5
NZ_CP143409.1,4,2,2,0
NZ_CP143406.1,6,6,5,1
NZ_CP054757.1,18,29,16,13
NZ_CP054758.1,8,8,5,3
NZ_CP054759.1,7,7,6,1
NZ_CP107767.1,7,9,3,6
NZ_CP133125.1,2,7,3,4
NZ_CP072214.1,6,2,2,0
NZ_CP072215.1,3,2,1,1
NZ_CP098712.1,3,2,2,0
NZ_CP066307.1,7,8,4,4
NZ_CP124623.1,1,0,0,0
NZ_CP133675.1,4,6,6,0
NZ_CP065636.1,9,7,4,3
NZ_CP013721.1,3,3,2,1
NZ_AP025785.1,24,26,21,5
NZ_CP086663.1,12,14,13,1
NZ_CP027161.1,18,19,13,6
NZ_CP027158.1,10,4,3,1
NZ_CP027162.1,8,7,4,3
NZ_CP129811.1,8,10,6,4
NZ_CP129812.1,1,1,1,0
NZ_CP129810.1,15,13,13,0
NZ_OX359236.1,5,7,3,4
NZ_CP094842.1,5,6,2,4
NZ_CP094843.1,10,8,6,2
NZ_CP061127.1,20,21,16,5
NZ_CP062917.1,19,18,11,7
NZ_CP065667.1,4,4,2,2
NZ_CP027374.1,2,2,1,1
NZ_CP027375.1,1,7,6,1
NZ_CP092766.1,28,27,21,6
NZ_CP092767.1,11,5,4,1
NZ_CP092769.1,2,2,2,0
NZ_CP092770.1,2,1,1,0
NZ_CP058132.1,28,22,14,8
NZ_CP058133.1,3,4,3,1
NZ_CP058134.1,10,9,8,1
NZ_CP058135.1,1,1,1,0
NZ_CP058136.1,1,0,0,0
NZ_CP016879.1,5,8,4,4
NZ_CP091059.1,17,27,14,13
NZ_CP091060.1,6,7,5,2
NZ_CP072770.1,5,3,2,1
NZ_CP118049.1,1,1,1,0
NZ_LS992176.1,23,21,19,2
NZ_LS992177.1,2,3,2,1
NZ_LS992178.1,5,5,5,0
NC_007641.1,1,2,2,0
NZ_CP091857.1,28,32,21,11
NZ_CP091856.1,11,10,4,6
NZ_CP091860.1,1,0,0,0
NZ_CP091858.1,2,1,1,0
NZ_CP033574.1,8,7,4,3
NZ_CP089400.1,26,31,20,11
NZ_CP089401.1,25,33,19,14
NZ_CP089402.1,1,1,1,0
NZ_CP120529.1,3,2,2,0
NZ_LN614828.1,7,5,3,2
NZ_CP048050.1,1,1,0,1
NZ_CP114185.1,5,3,2,1
NC_022001.1,1,2,2,0
NZ_CP007675.1,1,3,3,0
NZ_CP053919.1,19,15,5,10
NZ_CP009425.1,3,5,3,2
NZ_CP033755.1,6,9,5,4
NZ_CP033758.1,29,33,25,8
NZ_CP017848.1,14,36,16,20
NZ_CP017846.1,7,8,4,4
NZ_CP017847.1,2,2,0,2
NZ_AP026807.1,1,0,0,0
NZ_CP083017.1,17,20,14,6
NZ_CP077975.1,1,0,0,0
NZ_CP077974.1,3,2,2,0
NZ_CP032309.1,1,2,0,2
NZ_CP032307.1,28,36,24,12
NZ_CP091197.1,10,12,11,1
NZ_CP091199.1,2,2,0,2
NZ_CP091200.1,6,6,5,1
NZ_CP132340.1,26,20,15,5
NZ_AP018516.1,5,11,4,7
NZ_CP104871.1,21,20,14,6
NZ_CP104872.1,7,7,6,1
NZ_CP026770.1,2,1,0,1
NZ_CP026771.1,35,73,37,36
NZ_CP051354.1,4,4,1,3
NZ_CP051355.1,1,1,0,1
NZ_CP071195.1,6,5,4,1
NZ_CP011417.1,52,88,45,43
NZ_CP011418.1,6,8,6,2
NZ_CP015527.1,4,4,3,1
NZ_CP053973.1,18,20,16,4
NZ_CP062764.1,5,7,3,4
NZ_CP054144.1,3,6,2,4
NC_016817.1,1,1,1,0
NZ_CP023785.1,37,40,32,8
NZ_CP023786.1,8,10,7,3
NZ_CP023787.1,2,1,1,0
NZ_CP036355.1,3,5,3,2
NZ_CP093540.1,4,4,4,0
NZ_CP093541.1,1,0,0,0
NZ_CP143281.1,4,4,4,0
NZ_CP143282.1,35,42,24,18
NZ_CP034068.1,1,0,0,0
NZ_AP022299.1,7,17,5,12
NZ_AP022300.1,5,6,5,1
NZ_CP022683.1,3,3,3,0
NZ_CP094708.1,7,11,11,0
NZ_CP061966.1,13,15,11,4
NZ_CP061969.1,4,4,4,0
NZ_CP086939.1,1,1,1,0
NZ_CP086940.1,3,0,0,0
NZ_CP086941.1,16,14,8,6
NZ_CP086942.1,1,0,0,0
NZ_CP086943.1,1,0,0,0
NZ_CP086944.1,4,4,2,2
NZ_CP086945.1,9,10,6,4
NZ_CP086946.1,1,0,0,0
NZ_CP114411.1,2,1,0,1
NZ_CP114410.1,3,1,1,0
NZ_CP114409.1,15,15,9,6
NZ_CP114408.1,10,8,7,1
NZ_CP114407.1,16,18,14,4
NZ_CP076236.1,6,8,6,2
NC_011758.1,27,35,19,16
NZ_CP056702.1,14,16,9,7
NZ_CP056703.1,9,12,7,5
NZ_CP056704.1,2,2,2,0
NZ_CP117731.1,21,23,19,4
NZ_CP117732.1,14,12,7,5
NZ_CP117733.1,11,12,12,0
NZ_CP117734.1,2,2,1,1
NZ_CP117735.1,1,2,1,1
NZ_CP117736.1,6,6,2,4
NZ_CP117738.1,1,1,1,0
NZ_CP102757.1,3,3,2,1
NZ_OW970414.1,15,11,6,5
NZ_OW970415.1,14,14,11,3
NZ_OW970416.1,4,4,4,0
NZ_OW970417.1,1,0,0,0
NZ_OW970418.1,1,0,0,0
NZ_CP109023.1,7,10,5,5
NZ_CP042567.1,15,13,10,3
NZ_CP042568.1,7,7,4,3
NZ_CP019637.1,1,0,0,0
NZ_CP060727.1,13,12,8,4
NZ_CP060728.1,4,2,1,1
NZ_CP122631.1,7,7,3,4
NZ_CP122633.1,8,13,6,7
NZ_CP050264.1,1,2,1,1
NZ_CP060053.1,46,51,33,18
NZ_CP060054.1,9,5,5,0
NZ_CP026601.1,2,2,0,2
NZ_CP026603.1,1,0,0,0
NZ_CP067067.1,30,32,25,7
NZ_CP067068.1,15,19,10,9
NZ_CP095734.1,15,9,6,3
NZ_CP016921.1,23,24,15,9
NZ_CP016922.1,8,9,7,2
NZ_CP016919.1,10,13,6,7
NZ_CP115769.1,8,13,5,8
NZ_CP115770.1,2,2,2,0
NZ_CP115771.1,3,4,3,1
NZ_CP115773.1,2,4,3,1
NZ_CP110266.1,39,48,31,17
NZ_CP110267.1,16,16,11,5
NZ_CP098779.1,25,23,20,3
NZ_CP098781.1,3,3,1,2
NZ_CP013134.1,6,5,3,2
NZ_CP013135.1,1,3,1,2
NZ_CP086501.1,10,11,7,4
NZ_CP086502.1,17,19,12,7
NZ_CP086504.1,3,3,3,0
NZ_CP086505.1,1,1,0,1
NZ_CP015151.1,1,1,0,1
NZ_CP015152.1,8,7,4,3
NZ_CP015154.1,4,3,2,1
NZ_CP015155.1,5,2,1,1
NZ_CP015156.1,8,6,4,2
NZ_CP027502.1,29,33,27,6
NZ_CP027503.1,1,0,0,0
NZ_CP027504.1,10,8,7,1
NZ_CP027505.1,6,6,6,0
NZ_CP129837.1,10,6,4,2
NZ_CP129836.1,18,17,14,3
NZ_AP021882.1,1,0,0,0
NZ_AP021883.1,2,1,1,0
NZ_CP013802.1,3,7,1,6
NZ_CP013803.1,17,16,13,3
NZ_CP013804.1,68,89,57,32
NZ_CP013805.1,8,11,8,3
NZ_CP123925.1,31,27,18,9
NZ_CP123926.1,3,3,2,1
NZ_CP072560.1,27,25,21,4
NZ_CP072561.1,8,8,1,7
NZ_CP018729.1,2,1,0,1
NZ_CP021166.1,15,15,13,2
NZ_CP100671.1,2,0,0,0
NZ_CP033743.1,1,1,0,1
NZ_CP059857.1,5,2,1,1
NZ_CP020913.1,1,1,1,0
NZ_CP028181.1,22,21,16,5
NZ_CP028182.1,2,2,2,0
NZ_CP027299.1,1,4,3,1
NZ_CP059482.1,3,3,3,0
NZ_CP059480.1,12,11,5,6
NZ_CP059483.1,19,15,13,2
NZ_CP059484.1,11,12,5,7
NZ_CP059485.1,1,1,1,0
NC_015710.1,10,6,3,3
NZ_CP040355.1,16,25,15,10
NZ_CP117344.1,6,5,4,1
NZ_CP117345.1,4,5,3,2
NZ_CP091413.1,1,0,0,0
NZ_CP013691.1,8,0,0,0
NZ_CP115301.1,4,9,4,5
NZ_CP067312.1,23,29,23,6
NZ_CP067313.1,8,12,6,6
NZ_CP067314.1,4,4,4,0
NZ_CP067315.1,2,3,2,1
NZ_CP067316.1,1,1,1,0
NZ_CP047716.1,1,1,0,1
NZ_CP047717.1,6,7,5,2
NZ_CP033882.1,2,2,2,0
NZ_CP033883.1,2,4,3,1
NZ_CP033880.1,4,2,2,0
NZ_CP122452.1,10,12,4,8
NZ_CP122453.1,5,5,4,1
NZ_CP101525.1,10,12,8,4
NZ_CP101526.1,3,7,4,3
NZ_CP066548.1,6,9,8,1
NZ_CP066549.1,13,14,12,2
NZ_CP066550.1,9,9,7,2
NZ_CP066551.1,7,8,4,4
NZ_CP036001.1,7,7,6,1
NZ_CP036002.1,17,21,18,3
NC_017722.1,13,9,5,4
NC_017724.1,19,27,13,14
NZ_CP079783.1,6,6,5,1
NZ_CP079782.1,13,14,10,4
NZ_CP079784.1,18,23,15,8
NZ_AP014817.1,1,2,1,1
NZ_CP060894.1,15,12,10,2
NZ_CP060893.1,17,24,15,9
NZ_AP022208.1,17,20,12,8
NZ_CP099218.1,16,15,14,1
NZ_CP116930.1,13,24,17,7
NZ_CP039604.1,3,1,1,0
NZ_CP039605.1,8,10,5,5
NZ_CP019877.1,3,4,4,0
NZ_CP019878.1,4,3,1,2
NZ_CP019879.1,4,2,2,0
NZ_CP019880.1,5,6,6,0
NZ_CP019881.1,1,3,3,0
NZ_CP132951.1,3,5,2,3
NZ_CP027168.1,6,2,2,0
NZ_CP027170.1,8,7,5,2
NZ_CP027167.1,3,2,2,0
NZ_CP069941.1,15,25,12,13
NZ_CP043967.1,5,1,1,0
NZ_CP043968.1,2,1,1,0
NZ_CP128980.1,13,19,9,10
NZ_CP128981.1,10,6,4,2
NZ_CP128982.1,2,2,1,1
NZ_CP119447.1,31,71,28,43
NZ_CP075549.1,10,21,10,11
NZ_CP075550.1,10,12,8,4
NZ_CP075551.1,18,18,16,2
NZ_CP025137.1,5,6,2,4
NZ_CP025138.1,1,1,0,1
NZ_CP068181.1,8,12,9,3
NZ_CP068182.1,8,19,11,8
NZ_CP090408.1,5,2,1,1
NZ_CP044010.1,1,2,0,2
NZ_CP091482.1,25,22,15,7
NZ_CP091483.1,5,5,4,1
NZ_CP100164.1,30,28,18,10
NZ_CP100165.1,18,16,10,6
NZ_CP100166.1,18,23,16,7
NZ_CP100167.1,4,6,2,4
NZ_CP130074.1,16,13,8,5
NZ_CP106835.1,2,5,2,3
NZ_CP106836.1,1,1,1,0
NZ_CP140265.1,9,9,6,3
NZ_CP029643.1,13,11,7,4
NZ_CP038392.1,7,19,4,15
NZ_CP038393.1,4,10,4,6
NZ_CP035825.1,10,7,3,4
NZ_CP035824.1,4,5,3,2
NZ_CP035823.1,24,27,15,12
NZ_CP116225.1,1,3,1,2
NZ_CP028569.1,15,14,9,5
NZ_CP028573.2,4,5,2,3
NZ_CP101136.1,12,7,5,2
NZ_CP128913.1,16,28,15,13
NZ_CP128915.1,3,2,1,1
NZ_CP129336.1,1,0,0,0
NZ_CP013739.1,1,2,1,1
NC_019397.1,20,21,13,8
NZ_CP142036.1,21,21,17,4
NZ_CP142037.1,18,21,17,4
NZ_CP142038.1,4,4,3,1
NZ_CP142039.1,5,4,4,0
NZ_LR882964.1,5,4,3,1
NZ_LR882965.1,1,0,0,0
NZ_CP101941.1,8,7,6,1
NZ_CP035766.1,17,19,7,12
NZ_CP118110.1,5,4,2,2
NZ_CP035536.1,14,16,9,7
NZ_CP035537.1,14,16,11,5
NZ_CP035538.1,7,10,6,4
NZ_CP141053.1,14,20,10,10
NZ_CP141054.1,1,2,0,2
NZ_CP024100.1,2,0,0,0
NZ_CP025462.1,17,22,15,7
NZ_CP025463.1,22,22,19,3
NC_020801.1,2,3,1,2
NC_020798.1,1,0,0,0
NC_020797.1,3,4,1,3
NZ_CP047526.1,14,17,11,6
NZ_CP125732.1,5,8,6,2
NZ_CP125733.1,22,26,15,11
NZ_CP083953.1,9,10,3,7
NZ_CP082784.1,1,1,0,1
NZ_CP063020.1,15,17,11,6
NZ_CP107288.1,1,0,0,0
NZ_CP107285.1,12,15,8,7
NZ_CP051018.1,1,1,0,1
NZ_CP051016.1,11,11,6,5
NZ_CP051015.1,18,22,15,7
NZ_CP051014.1,54,62,43,19
NZ_AP024771.1,2,0,0,0
NZ_AP024770.1,19,18,11,7
NZ_CP010317.1,6,3,1,2
NZ_CP010316.1,8,11,5,6
NZ_CP029935.1,15,14,13,1
NZ_CP033627.1,14,18,13,5
NZ_CP033628.1,18,16,13,3
NZ_CP033629.1,3,3,3,0
NZ_CP033630.1,3,3,3,0
NZ_CP033624.1,1,1,1,0
NZ_CP076548.1,5,5,4,1
NZ_CP076553.1,9,7,6,1
NZ_CP076554.1,16,16,15,1
NZ_CP124907.1,7,11,6,5
NZ_CP049605.1,17,21,12,9
NZ_CP093857.1,11,12,7,5
NZ_CP103684.1,29,24,20,4
NZ_CP103685.1,13,9,7,2
NZ_CP003562.2,4,3,2,1
NZ_CP104606.1,10,11,9,2
NZ_CP104604.1,20,25,16,9
NZ_CP104605.1,42,47,29,18
NZ_CP104607.1,6,5,5,0
NZ_CP104608.1,8,9,6,3
NZ_CP104609.1,1,1,1,0
NZ_CP045662.1,23,21,11,10
NZ_CP039857.1,12,14,10,4
NZ_LR745044.1,4,4,4,0
NZ_LR745043.1,14,21,9,12
NZ_CP119783.1,4,5,3,2
NZ_CP119784.1,4,4,2,2
NZ_CP033938.1,17,16,11,5
NZ_CP033939.1,8,11,7,4
NZ_CP033940.1,9,9,6,3
NZ_CP033941.1,2,5,4,1
NZ_CP033942.1,84,86,49,37
NZ_CP033943.1,24,14,10,4
NZ_CP033944.1,14,15,7,8
NZ_CP033945.1,3,3,3,0
NZ_CP045074.1,2,4,3,1
NZ_CP013513.1,1,2,1,1
NZ_CP013514.1,22,26,11,15
NZ_CP045013.1,18,23,17,6
NZ_CP045014.1,3,3,2,1
NZ_CP025083.1,8,6,4,2
NZ_CP135972.1,1,0,0,0
NZ_CP035548.1,10,9,7,2
NZ_CP111100.1,5,9,1,8
NZ_CP122605.1,8,14,2,12
NZ_CP122606.1,10,7,2,5
NZ_CP122607.1,1,1,1,0
NZ_CP135657.1,23,25,20,5
NC_017136.1,32,45,34,11
NC_017113.1,25,36,25,11
NC_017114.1,8,7,7,0
NZ_CP021492.1,12,5,5,0
NZ_CP109206.1,14,14,7,7
NZ_CP034739.1,10,18,11,7
NZ_CP034744.1,5,4,4,0
NZ_CP008800.1,15,18,11,7
NZ_CP008798.1,21,17,12,5
NZ_CP008799.1,5,6,5,1
NZ_CP067025.1,4,3,2,1
NZ_CP067026.1,3,3,2,1
NZ_CP141667.1,18,26,18,8
NZ_CP141668.1,12,13,10,3
NZ_CP141669.1,6,7,5,2
NZ_CP021328.1,40,45,32,13
NZ_CP046124.1,1,0,0,0
NZ_CP046125.1,10,13,10,3
NZ_CP046126.1,9,5,4,1
NZ_CP012501.1,24,50,29,21
NZ_CP027673.1,4,3,0,3
NZ_CP027674.1,5,6,2,4
NZ_CP085179.1,5,9,5,4
NZ_CP085180.1,7,8,4,4
NZ_CP085181.1,1,2,1,1
NZ_AP023181.1,20,25,15,10
NZ_AP023182.1,36,46,30,16
NZ_AP023183.1,34,41,26,15
NZ_CP071189.1,6,5,4,1
NZ_CP051373.1,8,9,6,3
NC_017020.1,1,2,0,2
NC_017029.1,1,4,2,2
NC_017021.1,1,5,1,4
NZ_CP023977.1,1,1,1,0
NZ_AP020314.1,4,3,3,0
NZ_CP120882.1,2,1,1,0
NZ_CP049346.1,5,9,3,6
NZ_CP049347.1,2,6,1,5
NZ_CP008830.1,10,7,5,2
NZ_CP008828.1,2,0,0,0
NZ_CP008829.1,18,23,16,7
NZ_CP115818.1,3,2,1,1
NZ_CP053453.1,2,1,1,0
NZ_CP070027.1,11,14,9,5
NC_010063.1,3,4,4,0
NZ_OX359244.1,7,9,5,4
NZ_CP012641.2,11,14,10,4
NZ_CP065929.1,25,27,22,5
NZ_CP065932.1,9,10,7,3
NZ_CP065931.1,3,1,1,0
NZ_CP065930.1,5,7,2,5
NZ_CP062747.1,5,7,3,4
NZ_CP084508.1,4,18,7,11
NC_017143.1,32,45,34,11
NC_017122.1,25,36,25,11
NC_017110.1,8,7,7,0
NZ_CP023072.1,68,100,53,47
NZ_CP023071.1,39,52,26,26
NZ_CP023073.1,1,1,1,0
NZ_CP120591.1,1,1,1,0
NZ_CP120593.1,1,1,0,1
NZ_CP072516.1,11,16,9,7
NZ_CP072517.1,12,16,10,6
NZ_CP072518.1,12,22,18,4
NZ_CP092582.1,1,0,0,0
NZ_CP068043.1,20,20,13,7
NZ_CP068042.1,32,32,21,11
NZ_CP068044.1,8,5,5,0
NZ_CP073357.1,33,30,20,10
NZ_CP021367.1,15,10,5,5
NZ_CP021368.1,8,7,3,4
NZ_CP021370.1,1,0,0,0
NZ_CP116910.1,5,4,4,0
NZ_CP082294.1,1,1,0,1
NZ_CP082295.1,1,1,1,0
NZ_CP082297.1,2,2,0,2
NZ_KR071788.1,1,0,0,0
NZ_CP023670.1,5,2,2,0
NZ_CP026163.1,2,2,1,1
NZ_AP022291.1,13,15,8,7
NZ_AP028416.1,22,24,16,8
NZ_AP028417.1,8,8,6,2
NZ_CP027185.1,11,13,9,4
NZ_CP027184.1,5,3,1,2
NZ_CP018353.1,2,1,0,1
NZ_CP018355.1,18,21,14,7
NZ_CP018354.1,9,8,5,3
NZ_CP015133.1,3,3,3,0
NZ_CP015131.1,15,16,11,5
NZ_CP015132.1,16,26,19,7
NZ_LT960615.1,6,9,3,6
NZ_CP083565.1,6,16,7,9
NZ_CP083566.1,1,0,0,0
NZ_CP083567.1,14,19,13,6
NZ_CP014238.1,2,2,1,1
NZ_CP014237.1,1,1,1,0
NZ_CP014236.1,6,4,2,2
NZ_CP014235.1,10,7,3,4
NZ_CP088230.1,13,15,9,6
NZ_CP088232.1,5,5,5,0
NZ_CP031374.1,2,2,2,0
NZ_CP031369.1,16,39,23,16
NZ_CP031372.1,7,10,6,4
NZ_CP031373.1,3,3,3,0
NZ_CP022051.2,5,5,1,4
NZ_CP022052.2,7,12,4,8
NZ_CP015996.1,3,3,1,2
NZ_CP026141.1,17,15,15,0
NZ_CP010232.1,11,21,15,6
NZ_CP010233.1,6,6,5,1
NZ_CP010234.1,11,26,20,6
NZ_CP048851.1,17,4,2,2
NZ_CP035050.1,1,0,0,0
NZ_CP049607.1,4,8,4,4
NZ_CP091848.1,20,22,17,5
NZ_CP091850.1,2,2,2,0
NZ_CP091849.1,11,12,10,2
NZ_CP091847.1,32,34,24,10
NZ_CP102867.1,2,1,1,0
NZ_CP102868.1,9,2,0,2
NZ_CP096240.1,5,5,3,2
NZ_CP096241.1,9,8,5,3
NZ_CP096239.1,18,25,16,9
NZ_CP015091.1,1,2,1,1
NZ_CP015092.1,10,11,9,2
NZ_CP015095.1,3,3,3,0
NZ_CP015094.1,1,1,1,0
NZ_CP021856.1,18,22,14,8
NZ_CP021857.1,11,8,3,5
NZ_CP021858.1,10,9,6,3
NZ_CP021860.1,7,3,2,1
NZ_CP021861.1,6,2,2,0
NZ_CP031350.1,5,5,3,2
NZ_CP031351.1,1,1,1,0
NZ_CP031352.1,19,17,6,11
NZ_CP078003.1,5,5,5,0
NC_006139.1,3,5,1,4
NZ_CP135205.1,17,22,12,10
NZ_CP135206.1,4,4,2,2
NZ_CP135207.1,1,0,0,0
NZ_CP082976.1,24,31,24,7
NZ_CP091959.1,4,10,4,6
NZ_CP091960.1,3,5,2,3
NZ_CP091961.1,2,3,1,2
NZ_CP038338.1,2,5,1,4
NZ_CP024936.1,11,11,5,6
NC_017718.1,1,1,0,1
NC_017720.1,3,5,2,3
NZ_CP098717.1,4,4,3,1
NZ_CP124874.1,25,27,20,7
NZ_CP124875.1,11,15,9,6
NZ_CP124876.1,1,1,1,0
NZ_CP058575.1,17,18,13,5
NZ_CP058576.1,4,5,5,0
NZ_CP068387.1,6,3,2,1
NZ_CP068388.1,5,4,1,3
NZ_AP025771.1,1,0,0,0
NZ_CP063279.1,13,15,11,4
NZ_CP063278.1,14,27,14,13
NZ_CP063280.1,4,4,4,0
NZ_CP094314.1,4,10,3,7
NZ_CP063048.1,1,3,1,2
NZ_CP124634.1,1,1,1,0
NZ_OW967803.1,17,19,17,2
NZ_CP062864.1,12,18,13,5
NZ_CP062862.1,7,9,6,3
NZ_CP062860.1,3,3,3,0
NZ_CP129766.1,9,10,7,3
NZ_CP129765.1,17,18,15,3
NZ_CP129768.1,5,8,7,1
NZ_CP129767.1,5,3,3,0
NZ_CP129769.1,1,1,1,0
NZ_CP007723.1,1,1,1,0
NZ_CP129788.1,9,11,8,3
NZ_CP129787.1,10,9,5,4
NZ_CP129786.1,4,2,2,0
NZ_CP129785.1,1,1,0,1
NZ_CP129789.1,4,2,2,0
NZ_CP096347.1,18,17,13,4
NZ_CP117487.1,2,8,2,6
NZ_CP082937.1,14,12,9,3
NZ_CP082938.1,34,30,28,2
NZ_CP091013.1,28,30,11,19
NZ_CP091014.1,5,5,3,2
NZ_CP091015.1,4,7,2,5
NZ_CP131963.1,4,4,3,1
NZ_CP009020.1,1,2,1,1
NZ_CP009021.1,3,3,2,1
NZ_CP056322.1,23,24,20,4
NZ_CP056323.1,12,10,7,3
NZ_CP056325.1,2,0,0,0
NZ_CP035971.1,4,6,2,4
NZ_CP035967.1,22,27,19,8
NZ_CP035969.1,28,35,29,6
NZ_AP028095.1,19,25,11,14
NZ_AP028096.1,5,4,4,0
NZ_CP021177.1,13,12,12,0
NZ_LR881464.1,3,5,2,3
NZ_CP013746.1,5,4,2,2
NZ_CP133858.1,7,8,4,4
NZ_CP133857.1,24,20,17,3
NZ_CP104036.1,2,2,2,0
NZ_CP104037.1,1,3,2,1
NZ_CP104038.1,4,4,4,0
NZ_CP040574.1,11,15,11,4
NZ_CP023773.1,6,7,3,4
NZ_CP023774.1,7,5,4,1
NZ_CP134754.1,1,4,1,3
NZ_CP134756.1,1,0,0,0
NZ_CP022284.1,1,2,1,1
NZ_CP022285.1,16,22,11,11
NZ_CP039899.1,3,6,3,3
NZ_CP039900.1,3,2,1,1
NZ_CP039902.1,2,2,0,2
NZ_CP018872.1,5,4,2,2
NZ_CP018873.1,9,7,1,6
NZ_CP041624.1,5,7,4,3
NZ_CP038196.1,34,42,21,21
NZ_CP049029.1,6,10,8,2
NZ_CP049030.1,8,18,9,9
NZ_CP049031.1,4,5,3,2
NZ_CP049032.1,13,18,15,3
NZ_CP049033.1,3,3,2,1
NZ_CP049034.1,2,1,0,1
NZ_CP049035.1,3,2,2,0
NZ_CP103705.1,21,25,15,10
NZ_CP103706.1,5,5,3,2
NZ_CP035272.1,15,6,6,0
NZ_CP035273.1,1,1,0,1
NZ_CP035274.1,6,7,5,2
NZ_CP095054.1,6,0,0,0
NZ_OX291475.1,5,4,4,0
NZ_CP093932.1,5,5,5,0
NZ_CP007515.1,2,2,1,1
NZ_CP007517.1,2,1,0,1
NZ_CP045828.1,11,18,2,16
NZ_CP045829.1,1,2,1,1
NZ_CP140709.1,13,18,13,5
NZ_CP140710.1,2,5,2,3
NZ_CP015919.1,2,4,2,2
NZ_CP119806.1,2,2,0,2
NZ_CP119807.1,2,3,1,2
NZ_CP119808.1,1,1,0,1
NZ_CP126863.1,4,4,4,0
NC_014310.1,4,11,6,5
NZ_CP093915.1,28,27,18,9
NZ_CP093916.1,5,4,4,0
NZ_CP104857.1,5,4,3,1
NZ_CP019608.1,2,1,1,0
NZ_CP010135.1,1,0,0,0
NZ_CP010136.1,9,13,3,10
NZ_OU659126.1,4,17,9,8
NZ_OU659127.1,2,3,2,1
NZ_OU659128.1,1,1,1,0
NZ_OU659129.1,2,1,1,0
NZ_CP093408.1,35,35,27,8
NZ_LR890485.1,27,33,26,7
NZ_CP072603.1,8,14,7,7
NZ_CP127318.1,12,21,11,10
NZ_CP127317.1,3,1,1,0
NZ_CP127320.1,8,9,6,3
NZ_CP065422.1,2,3,1,2
NZ_CP098235.1,18,18,14,4
NZ_CP098236.1,12,15,12,3
NZ_CP107442.1,19,23,19,4
NZ_CP107443.1,16,16,14,2
NZ_CP070097.1,14,19,10,9
NZ_CP130155.1,3,3,2,1
NZ_CP130154.1,26,24,21,3
NZ_CP141078.1,24,22,15,7
NZ_CP115827.1,1,1,1,0
NZ_CP115824.1,5,6,3,3
NZ_CP115825.1,3,3,2,1
NZ_CP115823.1,7,6,5,1
NZ_CP115822.1,12,16,9,7
NZ_CP058310.1,5,13,8,5
NZ_CP058311.1,12,13,12,1
NZ_CP035148.1,11,11,2,9
NZ_CP099326.1,1,1,1,0
NZ_CP027341.1,7,11,4,7
NZ_CP050823.1,21,27,19,8
NC_010844.1,1,0,0,0
NZ_CP024529.1,28,25,22,3
NZ_CP024530.1,9,12,7,5
NZ_CP024531.1,17,19,13,6
NZ_OY725907.1,1,0,0,0
NZ_OY725913.1,1,1,0,1
NZ_OY725914.1,1,0,0,0
NZ_OY725917.1,1,0,0,0
NZ_OY725919.1,1,2,0,2
NZ_OY725921.1,2,2,1,1
NZ_OY725922.1,1,0,0,0
NZ_OY725938.1,3,0,0,0
NZ_OY725958.1,3,2,0,2
NZ_OY725959.1,1,0,0,0
NZ_OY725972.1,2,1,1,0
NZ_OY725884.1,1,0,0,0
NZ_OY725886.1,1,1,0,1
NZ_OY725889.1,1,1,1,0
NZ_OY725896.1,1,0,0,0
NZ_CP041349.1,15,20,6,14
NZ_CP041350.1,24,25,19,6
NZ_CP041351.1,1,2,1,1
NZ_CP040765.1,33,32,21,11
NZ_CP040762.1,29,33,19,14
NZ_CP040764.1,4,3,3,0
NZ_CP040763.1,10,14,8,6
NZ_CP040761.1,5,4,1,3
NZ_CP040760.1,10,9,6,3
NZ_CP040758.1,6,13,5,8
NZ_CP040759.1,10,9,5,4
NZ_CP040757.1,3,2,0,2
NZ_CP091214.1,17,26,18,8
NZ_CP091216.1,7,7,6,1
NZ_CP047758.1,9,14,5,9
NZ_CP047759.1,3,7,3,4
NZ_CP047760.1,5,7,5,2
NZ_CP014597.1,15,20,16,4
NZ_CP014598.1,2,2,0,2
NZ_CP014599.1,2,2,1,1
NZ_CP014600.1,1,2,1,1
NZ_CP014601.1,2,5,0,5
NZ_CP014394.1,2,3,1,2
NZ_OU015947.1,30,35,24,11
NZ_OU015948.1,9,10,7,3
NZ_OU015949.1,2,1,1,0
NZ_CP099350.1,19,20,18,2
NZ_AP022162.1,19,17,15,2
NZ_CP129253.1,3,6,3,3
NZ_CP129254.1,1,3,0,3
NZ_CP015973.1,1,1,1,0
NZ_CP060869.1,1,1,0,1
NZ_CP060868.1,15,17,10,7
NZ_CP068016.1,13,29,15,14
NZ_CP068017.1,5,7,4,3
NZ_CP016572.1,5,6,2,4
NZ_CP077694.1,5,10,7,3
NZ_CP124468.1,5,7,5,2
NZ_CP016011.1,1,1,1,0
NZ_CP087953.1,6,4,3,1
NZ_CP087581.1,15,22,15,7
NZ_CP087582.1,10,10,4,6
NZ_CP132224.1,14,14,12,2
NZ_CP132225.1,16,13,9,4
NZ_CP106664.1,6,12,6,6
NZ_CP010662.1,6,9,5,4
NZ_CP010667.1,3,3,1,2
NZ_CP083769.1,29,31,19,12
NZ_CP086462.1,28,34,25,9
NZ_CP018746.1,1,1,1,0
NZ_CP071074.1,11,9,6,3
NZ_CP071075.1,19,26,18,8
NZ_CP071076.1,4,4,3,1
NZ_CP071077.1,1,1,1,0
NZ_CP104844.1,2,2,1,1
NZ_CP104845.1,17,18,14,4
NZ_CP016452.1,12,33,10,23
NZ_CP016451.1,2,4,2,2
NZ_CP070542.1,1,4,3,1
NZ_CP070541.1,6,5,2,3
NZ_CP070540.1,4,3,1,2
NZ_CP070539.1,10,11,8,3
NZ_CP070538.1,8,8,7,1
NZ_CP137477.1,41,38,32,6
NZ_CP137475.1,14,15,11,4
NZ_CP017756.1,2,2,2,0
NZ_CP026841.1,55,78,45,33
NZ_LN879548.1,1,0,0,0
NZ_CP021119.1,4,3,0,3
NZ_CP030071.1,5,10,5,5
NZ_CP063206.1,15,17,9,8
NZ_CP024279.1,3,8,2,6
NZ_CP024280.1,10,15,4,11
NZ_CP024281.1,11,7,5,2
NZ_CP045493.1,5,7,1,6
NZ_CP045494.1,3,4,4,0
NZ_CP045495.1,6,8,0,8
NZ_CP107173.1,22,22,15,7
NZ_CP016626.1,8,8,4,4
NZ_CP092492.1,12,9,9,0
NZ_CP050188.1,18,18,14,4
NZ_CP050189.1,4,11,6,5
NZ_CP050190.1,1,0,0,0
NZ_CP101846.1,4,8,4,4
NZ_CP033067.1,4,1,1,0
NC_017180.1,2,1,0,1
NC_017183.1,3,1,1,0
NC_017181.1,1,1,0,1
NC_017184.1,2,2,2,0
NZ_CP018431.1,2,2,2,0
NZ_CP018429.1,1,2,1,1
NZ_CP018432.1,6,6,3,3
NZ_CP018430.1,16,20,13,7
NZ_CP067242.1,27,29,20,9
NC_000959.1,2,6,5,1
NC_000958.1,19,17,16,1
NZ_CP011586.1,2,1,0,1
NZ_CP011587.1,7,10,6,4
NZ_CP011588.1,6,3,3,0
NZ_CP011590.1,12,7,6,1
NZ_CP011589.1,8,6,4,2
NZ_CP043319.1,1,1,0,1
NZ_CP032385.1,9,7,6,1
NZ_CP032386.1,5,6,3,3
NZ_CP117258.1,7,8,6,2
NZ_CP117259.1,1,1,1,0
NZ_CP117260.1,1,2,1,1
NZ_CP117256.1,27,30,18,12
NZ_CP117257.1,43,54,29,25
NZ_CP045273.1,5,3,1,2
NZ_CP045274.1,4,1,0,1
NZ_CP045276.1,2,0,0,0
NZ_CP021271.1,1,0,0,0
NZ_CP031216.1,6,7,4,3
NZ_CP075962.1,2,2,2,0
NZ_CP056169.1,29,26,16,10
NZ_CP056170.1,5,3,3,0
NZ_CP097166.1,13,8,5,3
NZ_CP097167.1,2,1,0,1
NZ_CP055270.1,19,29,19,10
NZ_CP055271.1,18,20,15,5
NZ_CP055272.1,4,2,1,1
NZ_CP055274.1,2,4,3,1
NZ_CP022451.1,18,22,16,6
NZ_CP022453.1,5,7,6,1
NZ_CP022454.1,3,4,4,0
NC_019941.1,6,3,3,0
NZ_CP036193.1,14,17,7,10
NZ_CP036192.1,5,9,6,3
NZ_CP036195.1,6,7,6,1
NZ_CP036191.1,15,27,17,10
NZ_CP095387.1,5,4,3,1
NZ_CP012421.1,1,3,3,0
NZ_CP012422.1,1,5,1,4
NZ_CP118824.1,1,1,1,0
NZ_CP046963.1,15,14,11,3
NZ_CP140299.1,49,67,36,31
NZ_CP140300.1,11,18,4,14
NZ_CP110075.1,1,2,1,1
NZ_CP110076.1,3,5,2,3
NZ_AP027958.1,9,10,5,5
NZ_AP027959.1,1,1,1,0
NZ_CP030182.1,17,19,13,6
NZ_CP090068.1,7,17,9,8
NZ_CP086825.1,2,1,0,1
NZ_CP086826.1,12,15,9,6
NZ_CP086828.1,1,0,0,0
NZ_CP086829.1,25,25,12,13
NZ_CP086831.1,4,4,2,2
NZ_CP117389.1,8,7,5,2
NZ_CP031121.1,3,2,1,1
NZ_CP031122.1,8,4,3,1
NZ_OY970411.1,10,15,10,5
NZ_OY970412.1,6,5,2,3
NZ_AP025896.1,30,30,26,4
NZ_CP087326.1,15,22,17,5
NZ_CP066916.1,14,15,14,1
NZ_CP082828.1,16,19,10,9
NZ_CP082829.1,2,2,1,1
NZ_CP042546.1,12,16,10,6
NZ_CP042547.1,20,22,15,7
NZ_CP042548.1,4,5,2,3
NZ_CP109428.1,68,110,57,53
NZ_CP025960.1,1,1,0,1
NZ_CP025961.1,4,2,2,0
NZ_CP057464.1,5,3,1,2
NZ_CP120989.1,2,4,2,2
NZ_CP072201.1,4,11,3,8
NZ_CP072202.1,5,7,4,3
NC_007762.1,17,30,13,17
NC_007763.1,1,1,1,0
NC_007764.1,1,1,1,0
NC_004041.2,26,29,11,18
NZ_CP037966.1,13,15,10,5
NZ_CP037965.1,5,5,5,0
NZ_CP037964.1,16,16,15,1
NZ_CP001975.2,5,10,5,5
NZ_CP072312.1,9,10,6,4
NZ_CP072314.1,4,6,4,2
NZ_CP072315.1,14,15,15,0
NZ_CP072316.1,1,1,1,0
NZ_CP072317.1,3,3,3,0
NZ_CP102150.1,1,0,0,0
NZ_CP083642.1,24,23,19,4
NZ_CP104759.1,1,0,0,0
NZ_CP104760.1,1,2,1,1
NZ_CP104761.1,3,2,2,0
NZ_CP084399.1,8,4,4,0
NZ_CP084400.1,5,2,2,0
NZ_CP084401.1,4,3,2,1
NZ_CP084402.1,4,4,4,0
NZ_CP084404.1,1,1,1,0
NC_009726.1,1,1,1,0
NC_013010.1,6,8,6,2
NZ_CP040270.1,2,1,0,1
NZ_CP085427.1,2,1,1,0
NZ_CP085429.1,1,2,2,0
NZ_CP085430.1,2,0,0,0
NZ_CP047274.1,34,30,29,1
NZ_CP104722.1,13,16,15,1
NZ_CP104723.1,4,5,4,1
NZ_CP063506.1,17,21,10,11
NZ_CP063509.1,2,3,2,1
NZ_CP034659.1,62,57,45,12
NZ_CP121649.1,5,7,3,4
NZ_CP032798.1,2,6,3,3
NZ_CP114602.1,19,27,10,17
NZ_CP114603.1,3,8,3,5
NZ_CP114604.1,1,1,0,1
NZ_AP022376.1,9,8,6,2
NZ_CP116437.1,3,3,3,0
NZ_CP075196.1,2,0,0,0
NZ_CP104789.1,22,20,13,7
NZ_CP104790.1,21,40,18,22
NZ_CP104791.1,3,3,3,0
NZ_CP104792.1,3,4,3,1
NZ_CP084291.1,7,9,6,3
NZ_CP084295.1,15,17,13,4
NZ_CP038301.1,7,7,4,3
NZ_AP022006.1,35,31,27,4
NZ_AP022007.1,14,13,9,4
NZ_AP022008.1,8,10,7,3
NZ_AP022009.1,8,11,6,5
NZ_AP022010.1,1,1,1,0
NZ_CP024459.1,12,23,13,10
NZ_CP024461.1,4,8,5,3
NZ_CP108570.1,2,0,0,0
NZ_CP029972.1,14,15,10,5
NZ_CP088101.1,19,28,14,14
NZ_CP088102.1,38,74,32,42
NZ_CP088103.1,6,12,5,7
NZ_CP091570.1,18,18,14,4
NZ_CP023526.1,9,20,5,15
NZ_CP018625.1,5,6,4,2
NZ_CP018626.1,2,6,1,5
NZ_CP116266.1,1,1,1,0
NZ_CP116267.1,17,22,9,13
NZ_CP092063.1,1,1,0,1
NZ_CP122382.1,10,12,8,4
NZ_CP122383.1,8,13,9,4
NZ_CP122388.1,1,1,0,1
NZ_CP085711.1,11,22,15,7
NZ_CP066028.1,6,3,3,0
NZ_CP118183.1,1,1,1,0
NC_011881.1,1,1,1,0
NZ_CP115449.1,3,3,2,1
NZ_LT960613.1,7,6,4,2
NZ_CP028673.1,5,7,4,3
NZ_CP032809.1,5,7,4,3
NZ_CP032810.1,2,3,2,1
NZ_CP073278.1,5,4,3,1
NZ_CP114522.1,8,6,5,1
NZ_CP114525.1,1,1,1,0
NZ_CP128621.1,1,1,1,0
NZ_CP128619.1,11,5,5,0
NZ_CP141766.1,1,1,1,0
NZ_CP099881.1,2,3,1,2
NZ_CP099882.1,6,7,5,2
NZ_CP061972.1,9,10,8,2
NZ_CP061973.1,4,4,2,2
NZ_CP061974.1,5,5,4,1
NC_017263.1,3,9,1,8
NC_017266.1,8,7,4,3
NC_017264.1,1,2,0,2
NZ_CP071180.1,12,7,6,1
NZ_CP071930.1,29,41,28,13
NZ_CP071929.1,9,10,8,2
NZ_CP071927.1,2,1,1,0
NZ_CP071926.1,2,1,1,0
NZ_CP018646.1,4,2,0,2
NZ_CP077700.1,5,10,7,3
NZ_CP024177.1,8,10,4,6
NZ_CP024178.1,6,10,7,3
NZ_CP024179.1,1,1,0,1
NC_019789.1,45,41,22,19
NC_019790.1,10,6,2,4
NZ_OX638611.1,1,1,1,0
NZ_OX638612.1,1,1,1,0
NZ_CP043940.1,6,8,3,5
NZ_CP055185.1,6,5,5,0
NZ_CP041605.2,1,1,0,1
NZ_CP026752.1,23,25,17,8
NZ_CP026753.1,9,13,8,5
NZ_CP025905.1,6,8,7,1
NZ_CP025904.1,23,27,14,13
NZ_CP068231.1,16,13,8,5
NZ_CP020337.1,36,72,34,38
NZ_CP020338.1,10,12,8,4
NZ_CP029356.1,3,2,1,1
NZ_CP029357.1,1,1,1,0
NZ_CP029358.1,4,4,3,1
NZ_CP029359.1,2,1,1,0
NZ_CP038418.1,6,8,6,2
NZ_CP038417.1,1,2,0,2
NZ_CP014519.1,4,2,1,1
NZ_CP100495.1,6,6,4,2
NZ_CP098773.1,2,3,1,2
NZ_CP021071.1,1,2,1,1
NC_010846.1,1,0,0,0
NZ_CP025338.2,1,0,0,0
NZ_CP025339.1,5,6,4,2
NZ_CP025340.1,19,20,14,6
NZ_CP088981.1,4,1,1,0
NZ_CP113086.1,1,2,1,1
NZ_CP113087.1,1,1,0,1
NZ_CP039108.1,64,86,59,27
NZ_CP039109.1,3,7,1,6
NZ_CP039110.1,14,18,13,5
NZ_CP039111.1,10,11,9,2
NZ_CP034782.1,16,25,10,15
NZ_CP051174.1,19,22,14,8
NZ_CP058781.1,12,15,11,4
NZ_CP058782.1,10,15,10,5
NZ_CP103317.1,1,1,1,0
NZ_CP103318.1,7,10,6,4
NZ_CP103319.1,9,7,6,1
NZ_CP103320.1,5,5,4,1
NZ_CP103316.1,25,31,19,12
NC_021907.1,2,2,2,0
NC_021909.1,13,35,17,18
NC_021911.1,9,8,4,4
NC_021910.1,7,4,2,2
NZ_CP009691.1,17,29,24,5
NZ_CP043574.1,20,16,10,6
NZ_CP039853.1,9,12,8,4
NZ_CP014527.1,8,7,4,3
NZ_CP041645.1,15,22,15,7
NZ_CP026714.1,3,2,2,0
NZ_CP008930.1,14,17,12,5
NZ_CP008932.1,9,7,5,2
NZ_CP008933.1,35,32,25,7
NZ_CP140769.1,18,22,18,4
NZ_CP140770.1,3,3,0,3
NZ_CP140768.1,3,3,2,1
NZ_CP140767.1,12,17,11,6
NZ_CP126993.1,1,0,0,0
NZ_CP097035.1,5,7,5,2
NZ_CP097036.1,2,0,0,0
NZ_CP097037.1,6,6,5,1
NZ_CP098353.1,22,19,13,6
NZ_CP098354.1,11,14,9,5
NZ_CP118715.1,1,1,0,1
NZ_CP118716.1,1,1,0,1
NZ_CP095166.1,28,35,23,12
NZ_CP095167.1,11,10,8,2
NZ_CP013844.1,2,4,4,0
NZ_CP015386.1,16,19,14,5
NZ_CP015387.1,16,13,5,8
NZ_CP015388.1,12,10,8,2
NZ_CP015389.1,6,7,4,3
NZ_CP015391.1,2,1,0,1
NZ_CP040260.1,17,25,16,9
NZ_CP100252.1,30,28,19,9
NZ_CP100253.1,17,9,6,3
NZ_CP100254.1,25,24,19,5
NZ_CP100255.1,2,2,1,1
NZ_AP023338.1,12,17,12,5
NZ_AP023340.1,7,7,5,2
NZ_AP023341.1,4,4,4,0
NZ_CP059475.1,2,5,3,2
NZ_CP059476.1,4,5,3,2
NZ_CP021936.1,5,2,0,2
NZ_CP021937.1,19,27,22,5
NZ_CP069883.1,17,16,12,4
NZ_CP069885.1,1,1,1,0
NZ_CP028579.2,2,1,1,0
NZ_CP028580.2,1,0,0,0
NZ_CP028582.2,20,24,19,5
NZ_CP102535.1,1,1,1,0
NZ_CP063937.1,13,23,16,7
NZ_CP063938.1,9,12,5,7
NZ_CP085321.1,3,5,1,4
NZ_CP042343.1,8,6,6,0
NZ_CP091080.1,1,0,0,0
NZ_CP091079.1,2,0,0,0
NZ_AP018544.1,10,9,7,2
NZ_AP018545.1,2,2,2,0
NZ_AP018546.1,5,6,4,2
NZ_AP018547.1,1,1,1,0
NC_009777.1,10,9,2,7
NZ_CP143279.1,2,1,0,1
NZ_CP009767.1,9,8,7,1
NZ_CP090540.1,15,16,15,1
NZ_CP076211.1,4,11,6,5
NZ_CP084435.1,2,5,3,2
NZ_CP084436.1,2,2,2,0
NZ_CP123849.1,9,14,5,9
NZ_CP123850.1,6,5,3,2
NZ_CP123851.1,1,3,2,1
NZ_CP016934.1,10,11,7,4
NZ_CP039559.1,16,13,11,2
NZ_CP039560.1,3,3,2,1
NZ_CP068512.2,13,13,10,3
NZ_CP068513.1,6,5,4,1
NZ_CP068514.2,5,9,8,1
NZ_CP068515.2,5,5,2,3
NZ_CP068516.2,7,8,5,3
NZ_CP129594.1,2,2,2,0
NZ_CP028156.1,4,4,3,1
NZ_CP072998.1,17,16,16,0
NZ_CP072997.1,20,28,16,12
NZ_CP073001.1,2,2,2,0
NZ_CP073000.1,1,1,1,0
NZ_AP024500.1,25,22,19,3
NZ_AP024499.1,5,7,6,1
NZ_CP081815.1,17,16,8,8
NZ_CP081818.1,8,10,8,2
NZ_CP081819.1,3,4,4,0
NZ_CP022176.1,15,14,8,6
NZ_CP022177.1,5,5,4,1
NZ_CP022178.1,9,13,7,6
NZ_CP022179.1,1,0,0,0
NZ_CP021253.1,1,1,0,1
NZ_CP069171.1,20,23,16,7
NZ_CP069172.1,12,14,11,3
NZ_CP069173.1,9,9,8,1
NZ_CP069176.1,7,7,6,1
NZ_CP071767.1,16,23,12,11
NZ_CP071768.1,7,6,5,1
NZ_CP070955.1,19,22,15,7
NZ_CP070956.1,11,18,5,13
NZ_CP070957.1,1,2,2,0
NZ_CP070958.1,4,9,3,6
NZ_CP028256.1,12,6,5,1
NZ_CP048483.1,1,6,2,4
NZ_CP048484.1,1,2,2,0
NZ_CP116506.1,4,4,4,0
NZ_CP034564.1,15,12,5,7
NZ_CP075653.1,1,2,1,1
NZ_CP075654.1,4,6,3,3
NZ_CP075655.1,12,10,3,7
NZ_CP074450.1,4,3,1,2
NZ_CP074451.1,2,1,1,0
NZ_CP073989.1,25,35,25,10
NZ_CP073990.1,1,1,1,0
NZ_CP073991.1,1,1,1,0
NZ_CP103861.1,3,4,3,1
NZ_CP040312.1,5,7,4,3
NZ_CP055257.1,1,0,0,0
NZ_CP055258.1,6,6,5,1
NC_010404.1,2,7,5,2
NZ_LR890191.1,27,34,25,9
NZ_LR890192.1,8,9,7,2
NZ_LR890193.1,10,7,3,4
NZ_CP029594.1,3,5,2,3
NZ_CP032870.1,8,9,5,4
NZ_CP142916.1,11,16,8,8
NZ_CP142917.1,2,2,2,0
NZ_CP069434.1,1,1,1,0
NZ_CP069435.1,7,8,7,1
NZ_AP018727.1,2,3,2,1
NZ_AP018728.1,2,3,3,0
NZ_AP018730.1,1,2,0,2
NZ_LT991955.1,13,9,7,2
NZ_LT991956.1,8,5,2,3
NZ_CP027023.1,7,10,3,7
NZ_CP027024.1,8,9,2,7
NZ_CP027025.1,12,12,5,7
NZ_CP027026.1,4,4,1,3
NZ_CP138692.1,31,37,28,9
NZ_CP138693.1,25,39,19,20
NZ_CP138694.1,7,6,4,2
NZ_CP018621.1,1,1,1,0
NZ_CP013098.1,4,5,3,2
NZ_CP076744.1,3,4,2,2
NZ_CP060089.1,3,6,2,4
NZ_CP060091.1,4,2,1,1
NZ_CP031576.1,9,8,8,0
NZ_CP031575.1,21,16,15,1
NZ_LR883013.1,16,12,8,4
NZ_LR883014.1,22,24,8,16
NZ_CP123898.1,4,2,2,0
NZ_CP059695.1,8,9,7,2
NZ_CP082086.1,7,11,4,7
NC_009669.1,17,20,12,8
NC_009670.1,8,6,3,3
NC_009671.1,14,10,8,2
NZ_LR898875.1,6,12,5,7
NZ_LR898876.1,1,2,1,1
NZ_CP043202.1,1,1,0,1
NZ_CP077292.1,1,3,0,3
NZ_CP024856.1,22,24,15,9
NZ_CP024857.1,14,17,11,6
NZ_CP083145.1,20,20,17,3
NZ_CP083146.1,14,17,10,7
NZ_CP083147.1,14,12,12,0
NZ_CP083148.1,4,2,1,1
NZ_CP083149.1,3,3,3,0
NZ_CP110149.1,35,40,30,10
NZ_CP028865.1,1,1,1,0
NZ_CP050917.1,1,1,1,0
NZ_CP132549.1,15,14,10,4
NZ_CP130617.1,5,12,8,4
NZ_CP033024.1,1,2,1,1
NZ_CP033025.1,2,4,2,2
NZ_CP033026.1,1,3,2,1
NZ_CP091789.1,3,0,0,0
NZ_CP023721.1,1,1,1,0
NZ_CP060282.1,15,23,11,12
NZ_CP060283.1,6,10,5,5
NZ_CP060284.1,3,3,2,1
NZ_CP014986.1,7,10,5,5
NZ_CP014987.1,5,5,2,3
NZ_CP014988.1,8,7,7,0
NZ_CP079223.1,1,3,0,3
NZ_CP079221.1,1,1,0,1
NZ_CP113180.1,12,16,10,6
NZ_CP113181.1,1,2,1,1
NZ_CP113179.1,15,22,17,5
NZ_CP058161.1,5,7,4,3
NZ_CP058162.1,6,5,3,2
NZ_CP024835.1,18,14,7,7
NZ_CP024836.1,7,6,5,1
NZ_CP118384.1,13,12,7,5
NZ_CP118385.1,2,2,2,0
NZ_CP118386.1,5,3,1,2
NZ_CP118387.1,1,0,0,0
NZ_CP017657.1,9,4,4,0
NC_008010.2,34,37,30,7
NC_009939.1,19,18,16,2
NZ_AP024686.1,3,5,3,2
NZ_CP044294.1,11,24,18,6
NZ_CP050045.1,21,26,19,7
NZ_CP050046.1,11,13,8,5
NZ_CP014580.1,28,27,16,11
NZ_CP014581.1,2,1,0,1
NZ_CP014582.1,3,2,1,1
NZ_CP130721.1,7,13,5,8
NZ_CP028781.2,19,20,17,3
NZ_CP028782.2,13,17,10,7
NZ_CP069474.1,4,5,5,0
NZ_CP132369.1,5,5,5,0
NZ_CP068250.1,9,8,6,2
NZ_CP082128.1,12,15,9,6
NZ_OX359240.1,5,7,3,4
NZ_CP045523.1,6,9,7,2
NZ_CP011984.1,1,1,0,1
NZ_CP011981.1,15,13,9,4
NZ_CP011983.1,2,2,2,0
NZ_CP011982.1,2,7,5,2
NZ_CP087352.1,2,2,2,0
NZ_CP087353.1,2,2,1,1
NC_012527.1,5,6,1,5
NC_012529.1,3,5,1,4
NC_012528.1,3,5,2,3
NZ_AP018672.1,8,9,5,4
NZ_AP018673.1,7,11,7,4
NZ_AP018674.1,11,12,11,1
NZ_CP014052.1,11,12,7,5
NZ_CP091698.1,2,1,0,1
NZ_CP091699.1,1,0,0,0
NZ_AP027303.1,2,3,2,1
NZ_CP023065.1,68,98,56,42
NZ_CP023064.1,2,5,1,4
NZ_CP020462.1,1,1,1,0
NZ_CP074008.1,2,1,1,0
NZ_CP074009.1,14,23,16,7
NZ_CP074010.1,1,1,0,1
NZ_CP074011.1,1,0,0,0
NZ_CP142383.1,17,23,13,10
NZ_CP142385.1,1,2,1,1
NZ_CP142384.1,10,10,7,3
NZ_CP123595.1,4,4,2,2
NZ_CP047551.1,13,16,10,6
NZ_CP028469.1,4,6,4,2
NZ_CP046272.1,2,2,1,1
NZ_CP046274.1,5,4,4,0
NZ_CP046275.1,4,3,2,1
NZ_CP046273.1,6,6,5,1
NZ_CP104367.1,3,5,2,3
NZ_CP007679.1,3,3,3,0
NZ_CP012500.1,16,42,11,31
NZ_CP056648.1,13,19,13,6
NZ_CP041182.1,24,24,18,6
NZ_CP034252.1,2,2,1,1
NZ_CP034251.1,17,19,14,5
NZ_CP114618.1,21,29,20,9
NZ_CP114619.1,8,6,5,1
NZ_CP114620.1,8,7,5,2
NZ_OU538996.1,4,5,4,1
NZ_OU538997.1,3,3,2,1
NZ_OU538998.1,1,1,0,1
NC_010478.1,2,0,0,0
NC_010480.1,1,0,0,0
NC_010474.1,3,2,2,0
NZ_CP121589.1,1,1,1,0
NZ_CP103132.1,3,0,0,0
NZ_CP123845.1,1,1,1,0
NZ_CP123846.1,1,3,2,1
NZ_CP109170.1,30,47,34,13
NZ_CP013554.1,1,1,1,0
NZ_CP013555.1,18,26,11,15
NZ_CP013556.1,12,8,4,4
NZ_CP058955.1,4,4,3,1
NZ_CP058956.1,5,3,3,0
NZ_CP034691.1,7,11,9,2
NZ_CP034693.1,12,12,9,3
NZ_CP060135.1,16,18,15,3
NZ_CP060136.1,5,7,6,1
NZ_CP084518.1,3,4,1,3
NZ_CP084519.1,3,2,2,0
NZ_CP066271.1,7,11,5,6
NZ_CP086381.1,15,20,13,7
NZ_CP086382.1,16,16,8,8
NZ_CP086384.1,8,12,8,4
NZ_CP086383.1,4,4,4,0
NZ_CP029113.1,8,11,6,5
NZ_CP029116.1,1,0,0,0
NZ_CP029117.1,2,2,2,0
NZ_CP029118.1,13,13,7,6
NZ_CP029119.1,1,1,1,0
NZ_CP025078.1,8,9,7,2
NZ_CP039405.1,4,8,5,3
NZ_CP141551.1,7,9,8,1
NZ_CP031655.1,7,7,4,3
NZ_CP031656.1,3,3,2,1
NZ_CP048922.1,7,11,5,6
NZ_CP048923.1,4,2,2,0
NZ_CP048924.1,7,6,6,0
NZ_WUQC01000002.1,15,19,12,7
NZ_AP023318.1,11,11,9,2
NZ_CP014425.1,3,5,3,2
NZ_CP024895.1,2,0,0,0
NZ_CP139650.1,32,35,11,24
NZ_CP139648.1,41,53,17,36
NZ_CP110658.1,14,15,14,1
NZ_CP110659.1,5,5,4,1
NZ_CP018242.1,5,7,3,4
NZ_CP054304.1,16,15,12,3
NZ_CP054305.1,13,15,12,3
NZ_CP054832.1,2,0,0,0
NZ_CP054833.1,2,0,0,0
NZ_CP015368.1,10,15,7,8
NZ_CP057566.1,7,4,1,3
NZ_LR881937.1,4,4,1,3
NZ_CP053958.1,2,2,2,0
NZ_CP090463.1,16,23,10,13
NZ_CP090464.1,12,13,10,3
NZ_CP090465.1,6,7,5,2
NZ_CP101641.1,8,4,2,2
NZ_CP110803.1,1,1,0,1
NZ_CP035302.1,3,5,2,3
NZ_CP033710.1,4,10,4,6
NZ_LR699117.1,3,4,2,2
NZ_LR699118.1,1,1,1,0
NZ_CP025758.1,7,3,2,1
NZ_CP031272.1,1,3,3,0
NZ_CP081127.1,1,0,0,0
NZ_CP115197.1,11,8,7,1
NZ_CP036363.1,3,2,1,1
NZ_CP036362.1,18,18,16,2
NZ_CP017191.1,10,10,5,5
NZ_CP017192.1,3,2,2,0
NZ_CP017193.1,3,2,2,0
NZ_CP039466.1,3,4,4,0
NZ_CP087074.1,4,3,1,2
NZ_CP087075.1,11,16,10,6
NZ_CP087076.1,1,1,0,1
NZ_CP087077.1,26,22,10,12
NZ_CP087079.1,1,1,0,1
NZ_CP087080.1,1,0,0,0
NZ_CP087081.1,2,1,1,0
NZ_CP065077.1,16,17,12,5
NZ_CP038139.1,21,20,19,1
NZ_CP038140.1,20,35,18,17
NZ_CP026798.1,22,59,34,25
NZ_CP054208.1,27,24,15,9
NZ_CP054209.1,7,9,6,3
NZ_CP054210.1,3,3,2,1
NZ_CP054211.1,3,1,1,0
NZ_CP019180.1,4,5,2,3
NZ_CP030234.1,4,9,4,5
NZ_CP138764.1,18,21,14,7
NZ_CP138765.1,28,30,20,10
NZ_CP061390.1,16,20,13,7
NZ_CP061391.1,1,1,1,0
NZ_CP061392.1,4,3,1,2
NZ_CP061393.1,1,1,0,1
NZ_CP061394.1,5,3,0,3
NZ_CP117576.1,13,15,8,7
NZ_CP071264.1,4,4,4,0
NZ_CP021839.1,3,2,1,1
NZ_CP015248.1,1,1,1,0
NZ_CP010619.1,4,3,3,0
NZ_CP010620.1,2,2,2,0
NZ_CP010621.1,1,0,0,0
NZ_CP098612.1,1,1,1,0
NZ_CP076707.1,3,15,5,10
NZ_CP076708.1,2,2,0,2
NZ_CP083742.1,9,16,10,6
NZ_CP083743.1,3,12,10,2
NZ_CP047899.1,4,2,2,0
NZ_CP047900.1,2,0,0,0
NZ_CP061630.1,11,6,3,3
NZ_CP061631.1,5,10,5,5
NZ_CP061632.1,1,1,0,1
NZ_CP013298.1,4,2,1,1
NZ_CP046254.1,13,6,2,4
NZ_CP046256.1,16,9,9,0
NZ_AP018751.1,7,8,6,2
NZ_AP018752.1,3,2,0,2
NZ_CP022045.1,5,10,5,5
NZ_CP026826.1,34,69,37,32
NZ_CP087612.1,16,19,15,4
NZ_CP087613.1,8,9,7,2
NZ_CP087614.1,1,1,1,0
NZ_CP087615.1,1,2,0,2
NZ_CP055062.1,40,48,32,16
NZ_CP067083.1,23,25,22,3
NZ_CP139340.1,10,13,9,4
NZ_CP139341.1,8,10,6,4
NZ_CP139342.1,8,9,7,2
NZ_CP038426.1,5,7,3,4
NZ_CP138758.1,10,16,10,6
NZ_CP138759.1,18,26,19,7
NZ_CP057682.1,2,3,1,2
NZ_CP082891.1,2,4,2,2
NZ_CP082892.1,1,2,2,0
NZ_CP043645.1,9,7,4,3
NZ_CP043646.1,6,0,0,0
NZ_CP043647.1,11,4,0,4
NZ_CP043648.1,1,0,0,0
NZ_CP043649.1,13,10,4,6
NZ_CP060391.1,2,2,1,1
NZ_CP031973.1,8,8,7,1
NZ_CP099410.1,32,27,13,14
NZ_CP099412.1,6,4,1,3
NZ_CP099411.1,15,17,14,3
NZ_CP072495.1,15,23,11,12
NZ_CP103248.1,2,0,0,0
NZ_CP013603.1,1,2,1,1
NZ_CP013604.1,22,26,11,15
NZ_CP084230.1,1,0,0,0
NZ_CP084232.1,2,2,2,0
NZ_CP074103.1,2,1,1,0
NZ_CP061330.1,6,15,5,10
NZ_CP013817.1,5,10,3,7
NZ_CP013818.1,10,11,9,2
NZ_CP013819.1,2,2,2,0
NZ_CP013820.1,61,84,60,24
NZ_CP091616.1,20,24,13,11
NZ_CP058834.1,9,9,8,1
NZ_CP058835.1,13,19,13,6
NZ_CP062793.1,9,10,9,1
NZ_CP062794.1,1,1,0,1
NZ_CP007736.1,14,11,9,2
NZ_CP007732.1,32,34,23,11
NZ_CP007735.1,22,22,18,4
NZ_CP007733.1,6,5,4,1
NZ_CP007734.1,41,39,27,12
NZ_CP027409.1,14,11,2,9
NZ_CP043470.1,2,3,1,2
NZ_CP097321.1,32,24,13,11
NZ_CP128583.1,20,26,12,14
NZ_CP014364.1,3,5,3,2
NZ_CP104540.1,22,23,12,11
NZ_CP104541.1,13,6,5,1
NZ_CP104542.1,2,2,2,0
NZ_AP014566.1,9,10,6,4
NZ_CP073352.1,10,10,8,2
NZ_CP024772.1,56,78,56,22
NZ_CP024773.1,30,30,20,10
NZ_CP024774.1,18,20,14,6
NZ_CP024775.1,9,10,6,4
NZ_CP024777.1,1,1,1,0
NZ_CP098342.1,12,11,5,6
NZ_CP095178.1,18,22,17,5
NZ_CP018638.1,2,2,1,1
NZ_CP018639.1,4,5,3,2
NZ_CP058210.1,13,11,6,5
NZ_CP058211.1,10,6,5,1
NZ_CP038792.1,17,20,10,10
NZ_CP038793.1,1,1,0,1
NZ_CP082968.1,19,22,14,8
NZ_CP082969.1,4,4,4,0
NZ_CP082970.1,6,8,4,4
NZ_CP082971.1,4,3,2,1
NZ_CP097047.1,3,4,3,1
NZ_CP134037.1,7,7,5,2
NZ_CP134038.1,9,11,10,1
NZ_CP085715.1,11,15,7,8
NZ_LR890186.1,15,20,15,5
NZ_CP009874.1,1,1,1,0
NZ_CP009873.1,2,0,0,0
NZ_CP009875.1,10,7,5,2
NZ_CP082007.1,16,23,16,7
NZ_CP082004.1,6,7,3,4
NZ_CP028270.1,4,8,3,5
NZ_AP022106.1,16,17,9,8
NZ_CP053338.1,1,0,0,0
NZ_CP053340.1,1,0,0,0
NZ_CP053341.1,6,8,3,5
NZ_CP053342.1,8,8,4,4
NZ_AP021964.1,15,19,11,8
NZ_CP077408.1,9,18,9,9
NZ_CP077409.1,3,2,1,1
NZ_CP084861.1,28,28,19,9
NZ_CP084862.1,14,10,5,5
NZ_CP021208.1,2,2,0,2
NZ_CP021209.1,11,11,7,4
NZ_CP021210.1,3,4,4,0
NZ_CP061340.1,9,14,3,11
NZ_CP051715.1,10,12,6,6
NZ_CP041374.1,21,29,16,13
NZ_CP041375.1,12,13,10,3
NZ_CP041376.1,7,9,6,3
NZ_CP103619.1,22,25,19,6
NZ_CP097520.1,3,2,2,0
NZ_CP033109.1,9,7,3,4
NZ_CP084414.1,4,4,2,2
NZ_CP073792.1,3,13,5,8
NZ_CP073793.1,11,13,8,5
NZ_CP076193.1,5,10,5,5
NZ_CP056937.1,14,11,4,7
NZ_CP126808.1,4,4,4,0
NZ_CP050649.1,15,19,13,6
NC_010660.1,48,75,45,30
NZ_CP110140.1,5,1,0,1
NZ_CP067431.1,2,5,1,4
NZ_CP091557.1,17,17,13,4
NZ_AP024211.1,12,13,7,6
NZ_AP024212.1,3,2,1,1
NZ_AP024213.1,3,4,3,1
NZ_AP024214.1,2,2,2,0
NZ_AP024215.1,1,5,1,4
NZ_AP024216.1,1,1,1,0
NZ_AP024217.1,1,2,1,1
NZ_CP010201.1,4,8,2,6
NZ_CP039440.1,33,36,23,13
NZ_CP031887.1,6,5,5,0
NZ_CP016842.1,1,2,0,2
NZ_CP097833.1,6,12,6,6
NZ_CP097832.1,37,71,30,41
NZ_CP016356.1,15,14,11,3
NZ_CP112863.1,41,54,33,21
NZ_CP112864.1,4,4,2,2
NZ_CP112865.1,11,15,12,3
NZ_CP063703.1,20,21,18,3
NZ_CP116515.1,22,19,17,2
NZ_CP116516.1,14,14,12,2
NZ_CP031614.1,17,21,13,8
NZ_CP031615.1,6,6,4,2
NZ_CP116095.1,7,9,9,0
NZ_CP116096.1,2,2,0,2
NZ_CP038146.1,17,23,16,7
NZ_CP011617.1,17,17,14,3
NZ_CP011616.1,1,0,0,0
NZ_CP011614.1,8,9,7,2
NZ_CP011615.1,9,5,4,1
NC_010815.1,7,4,2,2
NZ_CP058549.1,26,37,27,10
NZ_CP058550.1,2,4,3,1
NZ_CP058551.1,13,17,14,3
NZ_CP068635.1,5,4,4,0
NZ_CP068636.1,2,2,1,1
NZ_CP068637.1,2,1,1,0
NZ_CP098796.1,20,24,18,6
NZ_CP082247.1,30,45,24,21
NZ_CP082248.1,25,59,29,30
NZ_CP085895.1,39,44,30,14
NZ_CP085897.1,4,4,4,0
NZ_CP085898.1,3,3,3,0
NZ_CP085899.1,2,1,1,0
NZ_CP085896.1,20,14,13,1
NZ_CP095110.1,2,1,1,0
NZ_CP013001.1,15,28,13,15
NZ_CP074529.1,16,17,12,5
NZ_CP074530.1,13,15,12,3
NZ_CP074531.1,11,11,8,3
NZ_CP022789.1,4,10,4,6
NZ_CP073940.1,2,1,1,0
NZ_CP116036.1,1,0,0,0
NZ_CP116037.1,8,13,4,9
NZ_CP134785.1,6,9,5,4
NZ_CP134786.1,3,8,1,7
NZ_CP134787.1,2,2,0,2
NZ_CP109493.1,37,44,21,23
NZ_CP081203.1,16,11,3,8
NZ_CP026617.1,2,5,1,4
NZ_CP021217.1,70,73,44,29
NZ_CP021218.1,32,28,21,7
NZ_CP021213.1,4,3,2,1
NZ_CP021214.1,15,12,9,3
NZ_CP021215.1,10,12,5,7
NZ_CP021216.1,20,19,6,13
NZ_CP096856.1,7,8,6,2
NZ_CP096857.1,5,9,4,5
NZ_CP096859.1,11,12,5,7
NZ_CP086784.1,13,13,8,5
NZ_CP086785.1,5,4,2,2
NZ_CP086787.1,1,1,1,0
NZ_CP086788.1,8,10,6,4
NZ_CP086789.1,1,0,0,0
NZ_CP079894.1,2,1,1,0
NZ_CP056840.1,2,3,2,1
NZ_CP056841.1,9,13,9,4
NZ_CP012748.1,18,14,12,2
NZ_CP141218.1,12,13,7,6
NZ_CP141219.1,7,7,4,3
NZ_AP025876.1,31,31,26,5
NZ_CP117399.1,3,3,2,1
NZ_CP080299.1,9,10,7,3
NZ_CP080298.1,21,29,16,13
NZ_CP080300.1,7,7,6,1
NZ_CP096687.1,2,4,2,2
NZ_CP061684.1,11,8,6,2
NZ_CP061685.1,5,10,7,3
NZ_CP026172.1,14,14,12,2
NZ_CP026173.1,5,5,1,4
NZ_CP026174.1,8,7,4,3
NZ_CP026176.1,2,1,0,1
NZ_CP026175.1,20,17,13,4
NZ_CP061661.1,5,10,5,5
NZ_CP061662.1,2,2,1,1
NZ_CP083130.1,38,34,23,11
NZ_CP083131.1,3,1,1,0
NZ_CP083132.1,2,1,0,1
NZ_CP076822.1,2,2,2,0
NZ_CP053838.1,3,3,1,2
NZ_CP049172.1,4,8,6,2
NZ_CP065451.1,8,8,5,3
NZ_CP065452.1,2,4,2,2
NZ_CP065448.1,2,2,1,1
NZ_CP065449.1,8,11,10,1
NZ_CP053670.1,11,14,11,3
NZ_CP053667.1,12,18,13,5
NZ_CP053668.1,13,10,9,1
NZ_CP053669.1,3,3,2,1
NZ_CP077337.1,2,5,1,4
NZ_CP077338.1,23,34,19,15
NZ_CP077339.1,1,2,1,1
NZ_CP115451.1,2,2,1,1
NZ_CP115452.1,4,5,0,5
NZ_CP115453.1,1,1,0,1
NZ_CP089033.1,2,6,4,2
NZ_CP072879.1,29,34,24,10
NZ_CP072880.1,8,8,7,1
NZ_CP039033.1,53,62,28,34
NZ_CP039034.1,17,14,10,4
NZ_CP095272.1,12,16,7,9
NZ_CP095273.1,3,4,3,1
NZ_CP040306.1,8,8,4,4
NZ_CP033347.2,25,24,17,7
NZ_CP087003.1,25,25,12,13
NZ_CP087005.1,5,4,2,2
NZ_CP087006.1,5,10,6,4
NZ_CP087008.1,1,0,0,0
NZ_CP050107.1,7,25,8,17
NZ_CP050104.1,9,13,7,6
NZ_CP050106.1,1,3,2,1
NZ_CP050105.1,1,4,0,4
NZ_CP087720.1,38,37,22,15
NZ_CP087721.1,3,3,2,1
NZ_CP039066.1,74,87,40,47
NZ_CP039067.1,2,4,0,4
NZ_CP039068.1,9,12,3,9
NZ_CP039069.1,12,13,3,10
NZ_CP141792.1,22,26,19,7
NZ_CP141793.1,2,4,3,1
NZ_CP141794.1,4,5,5,0
NZ_CP070431.1,18,12,8,4
NZ_CP070432.1,3,3,1,2
NZ_CP104931.1,1,3,1,2
NZ_CP117596.1,14,13,7,6
NZ_CP051431.1,13,17,11,6
NZ_CP051432.1,7,9,6,3
NZ_CP051433.1,4,8,7,1
NZ_CP083831.1,33,33,24,9
NZ_CP083832.1,9,8,6,2
NZ_CP107797.1,9,6,0,6
NZ_CP045319.1,4,7,3,4
NZ_CP045320.1,1,1,1,0
NZ_CP045321.1,1,5,3,2
NZ_CP045322.1,2,2,2,0
NZ_CP142096.1,4,3,0,3
NZ_CP063685.2,16,19,12,7
NZ_CP021168.1,9,14,8,6
NZ_CP086432.1,9,6,5,1
NZ_CP086433.1,14,18,13,5
NZ_CP086434.1,12,15,10,5
NZ_CP086435.1,4,4,4,0
NZ_CP084253.1,3,1,1,0
NZ_CP084254.1,10,11,2,9
NZ_CP122680.1,5,12,3,9
NZ_CP030282.1,4,4,2,2
NZ_CP030283.1,11,12,10,2
NZ_CP030284.1,1,1,1,0
NZ_CP030285.1,14,21,13,8
NZ_CP135713.1,16,16,14,2
NZ_CP135716.1,4,3,2,1
NZ_CP135714.1,1,0,0,0
NZ_CP093502.1,22,26,17,9
NZ_CP093504.1,5,4,4,0
NZ_CP093503.1,6,9,7,2
NZ_CP062367.1,3,4,4,0
NZ_CP036329.1,4,5,5,0
NZ_CP036328.1,12,15,9,6
NZ_CP036330.1,1,1,1,0
NZ_CP036332.1,1,0,0,0
NC_011081.1,1,2,1,1
NZ_CP035053.1,1,0,0,0
NZ_CP035052.1,4,4,4,0
NZ_CP140351.1,6,3,3,0
NZ_CP140352.1,2,1,1,0
NZ_CP140353.1,2,1,1,0
NZ_CP094786.1,1,4,3,1
NZ_CP071509.1,2,2,2,0
NZ_CP071510.1,2,2,2,0
NZ_CP092253.1,3,3,3,0
NZ_CP092254.1,4,5,4,1
NZ_CP092255.1,6,6,3,3
NZ_CP083624.1,3,0,0,0
NZ_CP034542.1,4,2,2,0
NZ_CP093048.1,1,0,0,0
NZ_CP093050.1,2,1,0,1
NZ_CP093051.1,2,1,0,1
NZ_CP064209.1,15,25,12,13
NZ_CP025992.1,5,7,2,5
NZ_OV754011.1,19,20,12,8
NZ_OV754012.1,1,5,3,2
NZ_CP087565.1,14,17,10,7
NZ_CP087566.1,8,7,2,5
NZ_CP087567.1,1,1,1,0
NZ_CP054057.1,19,22,11,11
NZ_CP050844.1,39,56,36,20
NZ_CP099512.1,15,10,10,0
NC_017232.1,4,2,2,0
NC_017237.1,1,2,0,2
NZ_CP027478.1,5,2,2,0
NZ_CP027479.1,7,5,1,4
NZ_CP027480.1,5,7,6,1
NZ_CP043768.1,3,5,2,3
NZ_CP043767.1,27,25,18,7
NZ_CP065516.1,2,1,1,0
NZ_CP062743.1,5,6,2,4
NZ_CP116888.1,9,9,1,8
NZ_CP038882.1,53,61,34,27
NZ_CP038883.1,17,14,10,4
NZ_CP038884.1,10,11,7,4
NZ_CP038885.1,2,3,1,2
NZ_CP096564.1,9,4,3,1
NZ_CP096565.1,3,3,1,2
NZ_CP096566.1,2,1,1,0
NZ_CP096567.1,22,23,16,7
NZ_CP096568.1,9,7,4,3
NZ_CP014450.1,27,32,22,10
NZ_CP014451.1,2,2,2,0
NZ_CP014452.1,5,6,4,2
NZ_CP014011.1,13,23,11,12
NZ_CP023387.1,2,0,0,0
NZ_CP074588.1,11,7,1,6
NZ_CP129246.1,14,8,6,2
NZ_CP092862.1,21,32,18,14
NZ_CP060951.1,1,1,0,1
NZ_CP060952.1,6,5,5,0
NZ_CP097083.1,13,23,14,9
NZ_CP097084.1,7,9,5,4
NZ_CP048377.1,5,12,8,4
NZ_CP042995.1,5,13,10,3
NZ_CP061843.1,19,16,12,4
NZ_CP051311.1,20,12,9,3
NZ_CP051312.1,7,7,3,4
NZ_CP034107.1,18,25,17,8
NZ_CP034108.1,6,5,4,1
NZ_CP054615.1,2,2,1,1
NZ_CP054617.1,8,7,5,2
NZ_CP054618.1,7,15,5,10
NZ_CP054621.1,8,13,5,8
NZ_CP054622.1,25,17,6,11
NZ_CP025870.1,6,4,2,2
NZ_CP025871.1,5,8,7,1
NZ_CP025872.1,16,22,13,9
NZ_CP039580.1,11,14,9,5
NZ_CP125362.1,5,7,6,1
NZ_CP097060.1,4,4,4,0
NZ_CP011332.1,16,21,10,11
NZ_CP042879.1,12,21,6,15
NZ_CP042880.1,2,5,3,2
NZ_CP042881.1,6,10,4,6
NC_011246.1,4,3,3,0
NZ_CP137376.1,16,11,7,4
NZ_CP137377.1,5,4,3,1
NZ_CP137375.1,25,31,24,7
NZ_CP014479.1,4,5,4,1
NZ_CP014478.1,12,12,8,4
NC_008826.1,15,18,12,6
NC_010942.1,1,0,0,0
NZ_CP020502.1,3,4,4,0
NZ_CP085486.1,6,3,1,2
NZ_CP102904.1,13,13,7,6
NZ_CP102905.1,4,4,4,0
NZ_CP102906.1,3,2,2,0
NZ_CP098202.1,9,14,11,3
NZ_CP043878.1,4,4,3,1
NZ_AP023255.1,25,35,15,20
NZ_CP090457.1,23,23,19,4
NZ_CP090458.1,20,18,13,5
NZ_CP090459.1,5,4,4,0
NZ_AP026817.1,3,3,2,1
NZ_AP022447.1,26,23,18,5
NZ_AP022448.1,5,5,3,2
NZ_AP022449.1,3,1,1,0
NZ_CP137347.1,17,21,10,11
NZ_CP137348.1,16,23,18,5
NZ_CP137349.1,8,10,6,4
NZ_CP130116.1,16,13,8,5
NZ_CP064947.1,8,5,2,3
NZ_CP064948.1,20,25,12,13
NC_010123.1,2,2,2,0
NZ_CP124815.1,3,3,3,0
NZ_CP124816.1,7,11,7,4
NZ_CP124818.1,1,1,1,0
NZ_CP124814.1,4,4,4,0
NZ_CP130504.1,4,4,2,2
NZ_CP114150.1,23,34,25,9
NZ_CP114151.1,16,17,14,3
NZ_CP114152.1,9,9,4,5
NZ_CP114153.1,1,1,1,0
NZ_CP077674.1,10,22,9,13
NZ_CP077675.1,15,35,20,15
NZ_CP077676.1,2,1,1,0
NZ_CP077677.1,4,3,1,2
NZ_CP020095.1,3,2,2,0
NZ_CP020096.1,10,9,4,5
NZ_CP020097.1,1,1,0,1
NZ_CP020098.1,5,8,5,3
NZ_CP066469.1,1,1,1,0
NZ_CP066468.1,32,41,28,13
NZ_CP066467.1,2,2,1,1
NZ_CP012928.1,1,1,1,0
NZ_CP012929.1,3,5,2,3
NZ_CP133742.1,27,35,24,11
NZ_CP133741.1,4,7,4,3
NZ_CP034254.1,5,5,4,1
NZ_CP034255.1,2,2,2,0
NZ_CP034256.1,2,6,6,0
NZ_CP033781.1,2,3,3,0
NZ_CP094305.1,4,10,3,7
NZ_CP138507.1,3,4,3,1
NZ_CP127849.1,6,4,4,0
NZ_CP127850.1,8,8,8,0
NZ_CP127852.1,3,2,2,0
NZ_CP127853.1,3,3,2,1
NZ_CP081856.1,6,6,4,2
NZ_CP081857.1,2,2,2,0
NZ_CP014127.2,3,2,2,0
NZ_CP017294.1,15,13,10,3
NZ_CP110984.1,1,1,1,0
NZ_CP094852.1,3,2,2,0
NZ_CP029199.1,1,0,0,0
NC_006377.1,2,1,1,0
NZ_CP048610.1,23,25,16,9
NZ_CP048612.1,3,2,2,0
NZ_CP129617.1,23,26,22,4
NZ_CP133870.1,6,5,1,4
NZ_CP133873.1,4,4,4,0
NZ_CP092395.1,20,21,19,2
NZ_CP092394.1,9,8,6,2
NZ_CP095852.1,19,15,9,6
NZ_CP083435.1,2,2,2,0
NZ_CP080074.1,1,0,0,0
NZ_CP080071.1,2,1,1,0
NZ_CP080072.1,4,4,4,0
NZ_CP062858.1,10,10,7,3
NZ_CP132295.1,16,30,8,22
NZ_CP129723.1,9,11,8,3
NZ_CP129722.1,10,9,5,4
NZ_CP129724.1,4,4,4,0
NZ_CP023280.1,3,3,0,3
NZ_CP023282.1,2,1,0,1
NZ_CP023279.1,1,1,0,1
NZ_CP023283.1,1,1,0,1
NZ_CP023281.1,2,1,0,1
NZ_CP119128.1,22,20,14,6
NZ_CP119129.1,3,4,3,1
NZ_CP119130.1,2,3,2,1
NZ_AP024803.1,8,10,7,3
NZ_AP024806.1,1,1,1,0
NZ_CP110550.1,30,39,19,20
NZ_CP026065.1,5,6,1,5
NZ_CP066134.1,5,9,7,2
NZ_CP042506.1,32,31,26,5
NZ_CP042507.1,18,22,14,8
NZ_CP042508.1,1,0,0,0
NZ_CP042509.1,5,5,4,1
NZ_CP067398.1,3,3,2,1
NZ_CP056547.1,14,13,12,1
NZ_CP099901.1,2,1,1,0
NZ_CP099902.1,8,11,4,7
NZ_CP012632.1,4,2,2,0
NZ_CP091025.1,8,6,4,2
NZ_AP026408.1,10,10,8,2
NZ_AP026409.1,10,10,7,3
NZ_AP026410.1,39,42,30,12
NZ_AP026411.1,6,3,3,0
NZ_AP026412.1,9,10,8,2
NZ_AP026414.1,1,1,1,0
NZ_CP027324.1,8,6,4,2
NZ_CP084198.1,1,5,1,4
NZ_CP084199.1,2,1,1,0
NZ_CP084200.1,1,1,1,0
NZ_CP015393.1,20,24,17,7
NZ_CP015394.1,7,4,0,4
NZ_CP015395.1,11,4,3,1
NZ_CP015396.1,10,8,6,2
NZ_CP015397.1,2,1,1,0
NZ_CP104327.1,16,22,17,5
NC_013767.1,5,4,2,2
NZ_CP089607.1,12,19,8,11
NZ_CP047350.1,10,11,6,5
NZ_CP032697.1,10,11,5,6
NZ_CP032696.1,18,28,12,16
NZ_CP032695.1,47,38,22,16
NZ_CP031171.1,7,7,5,2
NZ_CP031172.1,4,5,2,3
NZ_CP031173.1,5,3,1,2
NZ_CP070262.1,5,8,3,5
NZ_CP063342.1,22,21,17,4
NZ_CP063343.1,13,19,15,4
NZ_CP063344.1,3,5,4,1
NZ_CP045003.1,30,32,25,7
NZ_LR898869.1,3,3,2,1
NZ_LR898870.1,5,6,5,1
NZ_LR898871.1,1,0,0,0
NZ_LR898872.1,1,0,0,0
NZ_CP070042.1,10,12,4,8
NZ_CP110284.1,5,9,5,4
NZ_CP040857.1,3,3,1,2
NZ_CP048571.1,1,6,2,4
NZ_CP048572.1,1,2,2,0
NZ_CP065065.1,1,0,0,0
NZ_CP065063.1,5,5,3,2
NZ_CP065064.1,1,1,1,0
NZ_CP092479.1,4,3,3,0
NZ_AP026692.1,37,41,29,12
NZ_AP026693.1,6,2,2,0
NZ_AP026694.1,3,2,2,0
NC_018021.1,1,1,1,0
NZ_CP083052.1,14,13,10,3
NZ_CP083053.1,4,4,4,0
NZ_AY208917.1,5,4,2,2
NC_010379.1,3,2,2,0
NZ_CP139381.1,5,6,6,0
NZ_CP139380.1,2,2,2,0
NZ_CP045260.1,3,15,4,11
NZ_CP045259.1,8,7,4,3
NZ_CP045262.1,2,1,0,1
NZ_CP115286.1,3,2,0,2
NZ_CP056127.1,16,18,12,6
NZ_CP027535.1,4,4,1,3
NZ_CP027537.1,14,13,9,4
NZ_CP027536.1,2,0,0,0
NZ_CP135960.1,13,12,9,3
NZ_CP135961.1,12,8,4,4
NZ_CP089446.1,17,18,13,5
NZ_CP089447.1,20,21,19,2
NZ_CP039289.1,12,26,8,18
NZ_CP034720.1,3,5,2,3
NZ_CP095408.1,14,13,6,7
NZ_CP032806.1,2,6,3,3
NZ_CP023437.1,6,6,5,1
NZ_CP023438.1,4,6,3,3
NZ_CP018920.1,10,12,3,9
NZ_CP018921.1,1,0,0,0
NZ_CP120634.1,12,15,8,7
NZ_CP102819.1,1,1,1,0
NZ_AP023206.1,5,8,6,2
NZ_AP023207.1,1,0,0,0
NZ_AP023209.1,1,0,0,0
NZ_AP023210.1,5,4,4,0
NZ_CP107888.1,4,3,2,1
NZ_CP120975.1,29,30,20,10
NZ_CP120976.1,3,2,0,2
NZ_CP084706.1,16,29,18,11
NZ_CP084707.1,6,10,7,3
NZ_CP084708.1,7,8,6,2
NZ_AP017625.1,16,15,10,5
NZ_CP125096.1,1,1,1,0
NZ_CP125097.1,1,3,2,1
NZ_CP094299.1,13,16,11,5
NZ_CP033097.1,2,1,1,0
NZ_CP033093.1,9,10,7,3
NZ_CP033095.1,18,19,12,7
NZ_CP033094.1,22,26,22,4
NZ_CP066641.1,11,11,9,2
NZ_CP066640.1,3,3,2,1
NZ_CP066639.1,4,3,2,1
NZ_CP066638.1,5,3,3,0
NZ_CP071809.1,7,16,7,9
NZ_OU342920.1,1,5,4,1
NZ_CP007453.1,38,35,27,8
NZ_CP054295.1,21,21,19,2
NZ_CP054297.1,5,3,0,3
NZ_CP054296.1,12,10,3,7
NZ_CP015040.1,4,4,2,2
NZ_CP015041.1,2,4,2,2
NZ_CP015042.1,2,1,1,0
NZ_CP059440.1,4,2,2,0
NZ_CP061745.1,2,2,2,0
NZ_CP061746.1,43,43,36,7
NZ_CP061747.1,3,3,3,0
NZ_CP123030.1,2,1,0,1
NZ_CP123031.1,11,12,9,3
NZ_CP110810.1,1,2,0,2
NZ_AP022262.1,15,23,6,17
NZ_AP022263.1,2,7,2,5
NZ_CP047411.1,1,2,0,2
NZ_CP071219.1,6,5,4,1
NZ_CP114376.1,10,16,14,2
NZ_CP114377.1,5,6,5,1
NZ_CP114378.1,3,5,3,2
NZ_CP114379.1,1,1,1,0
NZ_CP135232.1,16,12,9,3
NZ_CP135230.1,1,1,1,0
NZ_OW970358.1,16,10,7,3
NZ_OW970359.1,13,15,10,5
NZ_OW970360.1,4,4,4,0
NZ_CP091096.1,4,5,2,3
NZ_CP049601.1,12,9,6,3
NZ_CP049602.1,4,4,4,0
NZ_CP090153.1,9,11,6,5
NZ_CP090154.1,6,3,2,1
NZ_CP090160.1,14,20,9,11
NZ_CP061829.1,12,7,6,1
NZ_CP061830.1,5,10,7,3
NZ_CP025683.1,14,21,16,5
NZ_CP026712.1,4,4,3,1
NZ_CP113050.1,1,2,1,1
NZ_CP024578.1,5,5,3,2
NZ_CP034911.1,35,42,23,19
NZ_CP045633.1,10,14,7,7
NZ_CP045634.1,13,14,8,6
NZ_CP045635.1,19,25,15,10
NZ_CP137119.1,14,17,11,6
NZ_CP137118.1,18,16,12,4
NZ_CP114265.1,1,1,1,0
NZ_CP114266.1,1,1,1,0
NZ_CP118391.1,6,6,4,2
NZ_AP025838.1,2,1,0,1
NZ_AP025837.1,26,28,23,5
NZ_CP028991.1,15,17,13,4
NZ_CP028993.1,6,7,5,2
NZ_CP100697.1,9,15,12,3
NZ_CP100696.1,7,6,6,0
NZ_CP088219.1,1,0,0,0
NZ_CP080158.1,17,19,11,8
NZ_CP080157.1,14,18,10,8
NZ_CP080156.1,9,10,9,1
NZ_CP128994.1,24,24,21,3
NZ_CP117368.1,10,9,7,2
NZ_CP117369.1,5,7,5,2
NZ_CP063928.1,14,23,12,11
NZ_CP063929.1,23,27,20,7
NZ_CP102696.1,1,1,1,0
NZ_CP102697.1,5,6,4,2
NZ_CP102698.1,3,3,2,1
NZ_CP102699.1,2,2,2,0
NZ_CP130675.1,34,36,25,11
NZ_CP130676.1,17,19,13,6
NZ_CP130677.1,5,4,4,0
NZ_CP083345.1,9,10,6,4
NZ_CP110043.1,6,5,3,2
NZ_AP025796.1,23,24,19,5
NZ_CP038501.1,9,10,8,2
NZ_CP038502.1,5,8,6,2
NZ_AP028063.1,2,3,2,1
NZ_CP013769.1,67,83,38,45
NZ_CP013770.1,7,6,3,3
NZ_CP013771.1,7,6,3,3
NZ_CP013772.1,11,11,2,9
NZ_CP102939.1,3,2,1,1
NZ_CP129746.1,9,11,9,2
NZ_CP129744.1,14,13,11,2
NZ_CP018693.1,19,25,19,6
NZ_CP018694.1,3,5,4,1
NZ_LR135318.1,32,35,24,11
NZ_LR135319.1,7,6,6,0
NZ_LR135320.1,11,9,8,1
NZ_CP112875.1,16,12,10,2
NZ_CP112876.1,11,8,4,4
NZ_CP112877.1,12,8,2,6
NZ_CP112878.1,3,1,0,1
NZ_CP112879.1,1,0,0,0
NZ_CP014775.1,16,12,12,0
NZ_CP134367.1,20,24,15,9
NZ_CP134369.1,2,6,3,3
NZ_CP123862.1,6,1,0,1
NZ_AP014644.1,26,23,12,11
NZ_CP056456.1,9,12,9,3
NZ_CP056457.1,10,14,12,2
NZ_AP027060.1,5,3,3,0
NZ_CP091602.1,27,28,15,13
NZ_CP091599.1,24,24,14,10
NZ_CP091600.1,9,13,8,5
NZ_OX359176.1,11,20,14,6
NZ_CP137499.1,1,0,0,0
NZ_CP024629.1,2,6,4,2
NZ_CP069366.1,15,25,12,13
NZ_CP069367.1,1,5,1,4
NZ_CP069368.1,1,1,0,1
NZ_CP043415.1,10,19,5,14
NZ_CP032914.1,5,5,1,4
NZ_CP006743.1,4,10,5,5
NZ_CP049227.1,6,3,1,2
NZ_CP065465.1,8,9,6,3
NZ_CP065466.1,15,14,12,2
NZ_CP046302.1,1,1,1,0
NZ_CP132345.1,13,10,7,3
NZ_CP035221.1,27,36,26,10
NZ_CP023190.1,19,24,14,10
NZ_CP080464.1,3,1,1,0
NZ_CP082905.1,1,1,1,0
NZ_CP082907.1,1,0,0,0
NZ_CP064667.1,22,22,16,6
NZ_LS999207.1,8,7,4,3
NC_009926.1,17,12,3,9
NC_009927.1,24,22,12,10
NC_009928.1,19,20,8,12
NC_009929.1,9,5,2,3
NC_009930.1,7,6,3,3
NC_009931.1,12,15,7,8
NC_009932.1,9,6,1,5
NC_009933.1,5,5,3,2
NZ_CP065658.1,2,2,0,2
NZ_CP091082.1,16,20,13,7
NZ_CP091083.1,4,4,2,2
NZ_CP091084.1,2,3,2,1
NZ_CP051867.1,10,14,9,5
NZ_CP058168.1,9,15,9,6
NZ_CP058169.1,7,9,8,1
NZ_CP119160.1,9,8,5,3
NZ_CP119161.1,1,0,0,0
NZ_CP119162.1,11,8,7,1
NZ_CP017991.1,8,4,2,2
NZ_CP017992.1,3,3,2,1
NZ_CP017993.1,3,2,1,1
NZ_CP130527.1,4,4,4,0
NZ_CP058224.1,10,8,8,0
NZ_CP058225.1,3,1,1,0
NZ_CP085685.1,11,15,5,10
NZ_CP085686.1,7,12,3,9
NZ_CP085687.1,2,3,0,3
NZ_CP116558.1,5,4,3,1
NZ_CP072654.1,14,21,13,8
NZ_CP010164.1,6,5,4,1
NZ_CP010166.1,2,2,2,0
NZ_CP012052.1,5,8,5,3
NZ_CP027600.1,5,5,4,1
NZ_CP027601.1,20,24,7,17
NZ_CP072457.1,8,10,8,2
NZ_CP072458.1,13,19,12,7
NZ_CP041180.1,26,27,21,6
NZ_CP099983.1,2,2,2,0
NZ_CP099984.1,2,4,3,1
NZ_CP099985.1,16,13,6,7
NZ_CP099986.1,6,6,4,2
NZ_CP063442.1,1,3,2,1
NZ_CP085890.1,12,15,11,4
NZ_CP085891.1,17,29,13,16
NZ_CP085892.1,7,9,7,2
NZ_CP044976.1,6,4,2,2
NZ_CP044977.1,15,14,7,7
NZ_CP009527.1,1,2,2,0
NZ_CP073925.1,29,32,30,2
NZ_CP096924.1,5,9,5,4
NZ_CP059280.1,20,22,12,10
NZ_CP066973.1,10,9,9,0
NZ_CP053554.1,2,2,2,0
NZ_CP084511.1,2,2,1,1
NZ_CP029110.1,3,4,1,3
NZ_CP029112.1,4,3,2,1
NZ_CP078147.1,23,37,23,14
NZ_CP078148.1,26,26,22,4
NZ_CP135592.1,1,1,0,1
NZ_CP104589.1,8,9,6,3
NZ_CP061932.1,20,24,22,2
NZ_CP061933.1,16,14,12,2
NZ_CP061931.1,9,12,12,0
NZ_CP052037.1,16,20,12,8
NZ_CP006909.1,5,5,3,2
NZ_CP014431.1,3,5,3,2
NZ_CP024882.1,5,3,3,0
NZ_CP058351.1,29,36,21,15
NZ_CP041256.1,37,33,25,8
NZ_CP041258.1,10,8,6,2
NZ_CP041254.1,4,3,3,0
NZ_CP018207.1,11,17,13,4
NZ_CP030043.1,5,5,5,0
NZ_CP030044.1,2,4,2,2
NZ_CP063823.1,5,3,3,0
NZ_CP063824.1,5,5,3,2
NZ_CP047672.1,8,9,5,4
NZ_CP026705.1,4,4,4,0
NZ_CP026706.1,3,3,3,0
NZ_CP133902.1,2,2,2,0
NZ_CP133903.1,2,8,3,5
NZ_CP133904.1,3,3,2,1
NZ_CP042167.1,15,15,9,6
NZ_CP042168.1,1,0,0,0
NZ_AP022246.1,13,22,16,6
NZ_AP022247.1,4,6,4,2
NZ_AP022248.1,10,10,8,2
NZ_AP022249.1,5,4,4,0
NZ_CP045151.1,3,15,4,11
NZ_CP045150.1,8,7,4,3
NZ_CP045153.1,2,1,0,1
NZ_CP071211.1,6,5,4,1
NZ_CP015813.1,1,1,0,1
NZ_CP104296.1,1,1,0,1
NZ_CP069963.1,1,0,0,0
NZ_CP069964.1,18,30,18,12
NZ_CP069966.1,1,1,0,1
NZ_CP033714.1,6,15,4,11
NZ_CP012662.1,1,3,1,2
NZ_CP012664.1,21,19,12,7
NZ_CP126943.1,14,20,11,9
NZ_CP103555.1,21,22,17,5
NZ_CP103556.1,1,1,1,0
NZ_AP026661.1,25,32,21,11
NZ_AP026663.1,3,4,3,1
NZ_AP026665.1,4,2,2,0
NZ_CP139683.1,2,5,3,2
NZ_CP139684.1,3,1,0,1
NZ_CP139682.1,14,20,12,8
NZ_LR135298.1,31,33,24,9
NZ_LR135300.1,3,3,3,0
NZ_LR135301.1,2,2,2,0
NZ_CP025708.1,19,22,18,4
NZ_CP025710.1,9,7,5,2
NZ_CP025709.1,2,1,0,1
NZ_CP037744.1,12,6,4,2
NZ_CP037743.1,16,26,13,13
NZ_CP111099.1,6,11,5,6
NZ_CP070570.1,1,0,0,0
NZ_CP070571.1,13,8,5,3
NZ_CP015279.1,7,4,3,1
NZ_CP015280.1,4,2,2,0
NZ_CP129802.1,22,16,14,2
NZ_CP129801.1,7,7,5,2
NZ_CP129800.1,24,34,24,10
NZ_CP030224.1,20,16,16,0
NZ_CP010691.1,11,24,8,16
NZ_CP010693.1,2,0,0,0
NZ_CP010695.1,1,1,1,0
NZ_CP048631.1,7,8,3,5
NZ_AP019818.1,6,5,3,2
NZ_AP019819.1,3,2,2,0
NZ_CP091631.1,20,24,13,11
NZ_CP029895.1,15,14,13,1
NZ_CP100749.1,1,0,0,0
NZ_CP100748.1,12,13,10,3
NZ_CP021672.1,6,3,3,0
NZ_CP021673.1,2,2,2,0
NZ_CP021675.1,7,8,5,3
NZ_CP018460.1,19,26,17,9
NZ_CP018461.1,2,4,4,0
NZ_CP018462.1,2,3,1,2
NZ_CP041926.1,1,1,1,0
NZ_CP080261.1,13,15,10,5
NZ_CP080262.1,12,10,7,3
NZ_CP080263.1,6,17,5,12
NZ_CP080264.1,8,6,5,1
NC_011960.1,2,3,0,3
NZ_CP119538.1,6,8,5,3
NZ_CP119539.1,1,1,1,0
NZ_AP018757.1,21,19,15,4
NZ_AP018758.1,4,3,2,1
NZ_CP132201.1,5,3,2,1
NZ_AP018559.1,7,8,6,2
NZ_CP011596.1,16,16,12,4
NZ_CP011593.1,2,2,2,0
NZ_CP011595.1,9,5,4,1
NZ_CP054419.1,1,1,1,0
NZ_CP054420.1,1,3,1,2
NZ_CP054421.1,6,3,1,2
NZ_CP129008.1,2,1,1,0
NZ_CP129009.1,3,2,0,2
NZ_CP043485.1,18,25,16,9
NZ_CP019182.1,1,5,0,5
NZ_CP025413.1,6,7,5,2
NZ_CP025415.1,4,4,3,1
NZ_CP025416.1,8,4,1,3
NZ_CP025417.1,5,5,3,2
NZ_CP117355.1,6,5,4,1
NZ_CP117356.1,5,6,4,2
NZ_CP098420.1,3,5,2,3
NZ_CP098421.1,6,8,8,0
NZ_CP098422.1,2,2,2,0
NZ_CP067414.1,8,11,7,4
NZ_CP016375.1,1,0,0,0
NZ_CP020458.1,9,8,6,2
NZ_CP025081.1,15,26,13,13
NZ_CP087033.1,27,25,12,13
NZ_CP087034.1,1,0,0,0
NZ_CP087035.1,4,5,3,2
NZ_CP087036.1,1,1,1,0
NZ_CP087037.1,4,3,1,2
NZ_CP087038.1,7,8,6,2
NZ_CP087040.1,3,1,1,0
NZ_CP087041.1,2,0,0,0
NZ_CP050102.1,9,27,9,18
NZ_CP050100.1,1,2,2,0
NZ_CP050098.1,2,3,3,0
NZ_CP070450.1,18,12,8,4
NZ_CP070451.1,3,5,2,3
NZ_CP045785.1,53,85,47,38
NZ_CP065240.1,1,2,0,2
NZ_CP046074.1,2,2,2,0
NZ_CP046075.1,4,4,4,0
NZ_CP046078.1,5,6,5,1
NZ_CP046076.1,36,41,29,12
NZ_CP069382.1,24,25,18,7
NZ_CP074702.1,14,8,8,0
NZ_CP074703.1,13,17,14,3
NZ_CP074705.1,3,4,3,1
NZ_CP013582.1,1,1,1,0
NZ_CP013583.1,20,28,8,20
NZ_CP013584.1,10,11,2,9
NZ_CP117629.1,33,33,14,19
NZ_CP117630.1,1,1,1,0
NZ_CP117631.1,7,3,1,2
NZ_CP117632.1,3,4,2,2
NZ_CP079824.1,1,1,0,1
NZ_CP079825.1,1,0,0,0
NZ_CP079826.1,5,6,4,2
NZ_CP104630.1,28,30,23,7
NZ_CP104631.1,16,18,15,3
NZ_CP104632.1,1,1,0,1
NZ_CP104634.1,1,0,0,0
NZ_CP069047.1,18,20,13,7
NZ_CP069049.1,11,8,1,7
NZ_CP069051.1,9,8,5,3
NZ_CP069050.1,5,1,1,0
NZ_CP056149.1,25,17,14,3
NZ_LR890370.1,24,27,21,6
NZ_LR890371.1,7,7,2,5
NZ_CP068577.1,1,1,0,1
NZ_CP068578.1,1,0,0,0
NC_011782.1,1,0,0,0
NZ_CP025006.1,17,14,9,5
NZ_CP025007.1,3,5,5,0
NZ_CP115945.1,11,26,14,12
NZ_CP135647.1,18,23,19,4
NZ_CP135648.1,2,2,0,2
NZ_CP055097.1,12,11,8,3
NZ_CP055098.1,2,2,0,2
NZ_CP027353.1,6,8,3,5
NZ_CP027354.1,10,9,3,6
NZ_CP096865.1,3,7,4,3
NZ_CP096866.1,10,10,7,3
NZ_CP096867.1,12,13,6,7
NZ_CP025513.1,15,19,10,9
NZ_CP058531.1,1,2,1,1
NZ_CP058532.1,1,0,0,0
NZ_LN907829.1,1,3,2,1
NZ_CP119328.1,1,0,0,0
NZ_CP081469.1,2,2,2,0
NZ_CP045449.1,14,13,9,4
NZ_CP094794.1,2,4,2,2
NZ_AP023307.1,17,22,11,11
NZ_CP013024.1,6,4,3,1
NZ_CP013026.1,2,3,0,3
NZ_CP013027.1,30,27,16,11
NZ_CP103858.1,3,4,1,3
NZ_CP119418.1,5,8,5,3
NZ_CP119419.1,7,8,1,7
NZ_CP064267.1,10,18,11,7
NZ_CP064268.1,29,32,26,6
NZ_CP064269.1,8,8,8,0
NC_008545.1,9,9,4,5
NZ_CP068220.1,2,1,1,0
NZ_CP110616.1,6,3,2,1
NZ_CP110617.1,1,2,2,0
NZ_AP024922.1,19,20,7,13
NZ_AP024923.1,2,3,3,0
NZ_CP110819.1,16,11,7,4
NZ_CP007135.1,15,14,5,9
NZ_CP007134.1,1,1,1,0
NZ_CP104113.1,14,14,8,6
NZ_CP015757.1,1,1,0,1
NZ_LT960785.1,8,12,4,8
NZ_CP097722.1,9,17,11,6
NZ_CP097723.1,3,1,1,0
NZ_CP008927.1,4,5,3,2
NZ_CP044991.1,2,0,0,0
NZ_CP044989.1,8,9,5,4
NZ_CP090984.1,7,5,1,4
NZ_CP010214.1,3,8,1,7
NZ_CP061201.1,57,62,31,31
NZ_CP061197.1,1,3,0,3
NZ_CP061192.1,15,14,9,5
NZ_CP061195.1,15,16,11,5
NZ_CP061193.1,3,3,3,0
NZ_CP061200.1,17,18,13,5
NZ_CP061199.1,13,15,8,7
NZ_CP061194.1,3,3,1,2
NZ_CP061190.1,4,4,0,4
NZ_CP016845.1,3,3,2,1
NZ_CP016846.1,2,0,0,0
NZ_CP016847.1,5,3,3,0
NZ_CP016848.1,1,0,0,0
NZ_CP024254.1,4,5,4,1
NZ_CP024255.1,22,18,11,7
NC_020527.1,26,36,18,18
NC_020560.1,14,20,13,7
NZ_CP014624.1,11,9,4,5
NZ_CP014626.1,6,8,4,4
NZ_CP014627.1,1,0,0,0
NZ_CP014628.1,7,6,3,3
NZ_CP014629.1,2,2,0,2
NZ_CP014630.1,1,1,1,0
NZ_CP014631.1,6,5,3,2
NZ_CP014632.1,4,2,1,1
NZ_CP014633.1,7,6,3,3
NZ_CP014625.1,4,2,0,2
NZ_CP011610.1,16,14,11,3
NZ_CP011609.1,3,3,2,1
NZ_CP011611.1,21,18,14,4
NZ_CP011608.1,6,2,2,0
NZ_CP027052.1,2,1,0,1
NZ_CP027050.1,1,1,0,1
NZ_CP027049.1,18,19,11,8
NZ_CP027051.1,2,2,2,0
NZ_CP126349.1,8,11,9,2
NZ_CP063866.1,16,22,15,7
NZ_CP116737.1,22,30,23,7
NZ_CP010654.1,1,0,0,0
NZ_CP028810.1,16,8,4,4
NZ_CP130326.1,13,21,11,10
NZ_CP130329.1,1,0,0,0
NZ_CP130330.1,13,15,7,8
NZ_CP017325.1,2,4,2,2
NZ_CP059700.1,2,3,0,3
NZ_CP059701.1,4,3,2,1
NZ_AP023244.1,7,7,4,3
NZ_CP036440.1,6,5,2,3
NZ_CP036441.1,5,2,2,0
NZ_CP079132.1,23,25,14,11
NZ_CP079133.1,1,2,0,2
NZ_CP079134.1,18,18,10,8
NZ_CP079135.1,8,5,5,0
NZ_CP079136.1,1,0,0,0
NZ_CP038352.1,2,6,3,3
NZ_CP121511.1,2,0,0,0
NZ_CP121512.1,5,2,2,0
NZ_CP026835.1,22,41,18,23
NC_015561.1,3,2,2,0
NZ_CP003711.1,2,2,1,1
NZ_CP003713.1,1,1,0,1
NZ_CP053282.1,8,14,7,7
NZ_CP053283.1,2,1,1,0
NC_008502.1,4,6,4,2
NZ_CP098702.1,1,0,0,0
NC_014916.1,4,3,3,0
NZ_CP094546.1,14,13,9,4
NZ_CP094547.1,1,0,0,0
NZ_CP094551.1,1,0,0,0
NZ_LR214941.1,3,1,1,0
NZ_LR214942.1,2,1,0,1
NZ_LR214943.1,1,0,0,0
NC_013957.1,1,2,1,1
NZ_CP126768.1,23,22,15,7
NZ_CP126770.1,4,4,3,1
NZ_CP126769.1,6,5,4,1
NZ_CP026191.1,3,2,2,0
NZ_CP026189.1,11,12,11,1
NZ_CP026190.1,1,0,0,0
NZ_CP026188.1,5,3,2,1
NZ_CP030770.1,18,20,14,6
NZ_CP068718.1,12,14,13,1
NZ_CP118676.1,29,32,22,10
NZ_CP118673.1,12,15,8,7
NZ_CP118672.1,6,1,0,1
NZ_CP118674.1,1,2,0,2
NZ_ON511091.1,4,7,2,5
NZ_CP138649.1,9,9,7,2
NZ_CP138650.1,4,3,3,0
NZ_CP138651.1,6,6,5,1
NZ_CP138652.1,2,2,2,0
NZ_CP025561.1,7,4,3,1
NZ_CP072907.1,4,5,4,1
NZ_CP072906.1,40,40,27,13
NZ_CP135509.1,18,19,14,5
NC_007974.2,34,23,21,2
NC_007972.2,7,4,1,3
NC_007971.2,9,7,3,4
NZ_CP049102.1,11,14,7,7
NZ_CP049105.1,1,1,1,0
NZ_CP049103.1,2,0,0,0
NZ_CP064685.1,9,8,4,4
NZ_CP038933.1,87,98,54,44
NZ_CP038934.1,17,14,10,4
NZ_CP038935.1,11,12,6,6
NZ_CP038936.1,2,3,1,2
NC_010070.1,7,6,4,2
NZ_CP051207.1,4,3,2,1
NZ_CP087722.1,5,4,2,2
NZ_CP050780.1,23,29,22,7
NZ_CP113004.1,4,4,4,0
NZ_CP039056.1,64,82,55,27
NZ_CP039057.1,3,7,1,6
NZ_CP039058.1,16,13,11,2
NZ_CP039059.1,10,11,9,2
NZ_CP098168.1,19,26,17,9
NZ_CP122845.1,3,4,2,2
NZ_CP122847.1,4,4,3,1
NZ_CP122848.1,2,2,1,1
NZ_CP122849.1,8,7,7,0
NZ_CP122851.1,9,12,6,6
NZ_CP040921.1,1,0,0,0
NZ_CP040922.1,12,18,12,6
NZ_CP040923.1,3,3,2,1
NZ_LT703506.1,7,9,8,1
NZ_LT703507.1,3,1,0,1
NZ_LT703509.1,3,1,1,0
NZ_LT703510.1,1,1,0,1
NZ_CP032792.1,2,6,4,2
NZ_AP025641.1,32,31,28,3
NZ_AP025652.1,1,1,0,1
NZ_AP025643.1,2,1,1,0
NZ_AP025649.1,1,1,1,0
NZ_AP025650.1,1,1,1,0
NZ_CP029430.1,17,17,12,5
NZ_CP029428.1,5,3,1,2
NZ_CP029431.1,30,20,18,2
NZ_CP029429.1,8,5,4,1
NZ_AP025521.1,7,11,7,4
NZ_AP025522.1,2,5,2,3
NZ_CP096188.1,7,8,6,2
NZ_CP096189.1,10,11,6,5
NZ_CP096190.1,5,4,3,1
NZ_CP096191.1,1,0,0,0
NZ_CP101157.1,1,0,0,0
NZ_CP101160.1,2,3,2,1
NC_004838.1,8,7,4,3
NZ_CP100711.1,2,3,1,2
NZ_MN961670.1,35,29,16,13
NZ_CP110951.1,2,0,0,0
NZ_CP110948.1,19,21,16,5
NZ_CP110949.1,16,6,3,3
NZ_CP110950.1,2,2,2,0
NZ_CP077733.1,1,0,0,0
NZ_CP077735.1,2,2,1,1
NZ_CP038173.1,8,8,7,1
NZ_CP026110.1,1,3,2,1
NZ_CP124527.1,4,4,1,3
NZ_CP029860.1,9,15,6,9
NZ_CP039490.1,4,3,0,3
NZ_CP104314.1,5,8,5,3
NZ_CP104315.1,11,15,11,4
NZ_CP104316.1,20,23,15,8
NZ_CP096119.1,15,18,10,8
NZ_CP064652.1,6,1,0,1
NZ_CP040426.1,2,0,0,0
NZ_CP040427.1,1,0,0,0
NZ_CP070344.1,5,6,1,5
NZ_CP120950.1,5,2,2,0
NZ_CP120952.1,1,1,1,0
NZ_CP031564.1,9,7,6,1
NZ_CP031563.1,39,52,31,21
NZ_CP115475.1,3,4,4,0
NZ_CP076155.1,5,10,5,5
NZ_CP085721.1,1,1,1,0
NZ_CP085722.1,2,2,1,1
NZ_CP121077.1,16,32,13,19
NZ_CP135489.1,22,22,14,8
NZ_CP135490.1,4,4,3,1
NZ_CP135491.1,2,2,2,0
NZ_CP100287.1,32,22,17,5
NZ_CP100288.1,24,27,16,11
NZ_CP100289.1,8,9,6,3
NZ_CP100290.1,3,1,1,0
NZ_AP023037.1,3,2,2,0
NZ_CP057105.1,8,8,2,6
NZ_CP057107.1,1,1,0,1
NZ_CP122965.1,3,6,5,1
NZ_AP022058.1,26,35,24,11
NZ_AP022059.1,6,4,3,1
NZ_CP063920.1,1,3,2,1
NZ_CP038812.1,76,82,47,35
NZ_CP038813.1,17,14,10,4
NZ_CP038814.1,10,12,6,6
NZ_CP038815.1,2,3,1,2
NZ_CP063315.1,10,11,5,6
NZ_CP058664.1,5,5,4,1
NZ_CP058663.1,22,20,16,4
NZ_CP058662.1,3,3,2,1
NZ_AP021937.1,8,12,8,4
NZ_CP069844.1,8,14,6,8
NZ_CP069845.1,9,9,9,0
NZ_CP069846.1,35,44,27,17
NZ_CP069848.1,16,13,11,2
NZ_CP069849.1,8,10,9,1
NZ_AP022971.1,13,14,9,5
NZ_CP108519.1,1,2,0,2
NZ_CP108520.1,1,0,0,0
NZ_CP022280.1,17,35,9,26
NZ_CP022281.1,7,5,2,3
NZ_CP115366.1,17,20,11,9
NZ_CP115367.1,3,3,2,1
NZ_CP115368.1,6,8,5,3
NZ_CP023355.1,2,2,0,2
NZ_CP023356.1,4,4,2,2
NZ_CP081775.1,39,34,23,11
NZ_CP081776.1,1,2,1,1
NZ_CP081777.1,15,17,13,4
NZ_CP053186.1,1,0,0,0
NZ_CP051736.1,10,12,6,6
NZ_CP051737.1,1,0,0,0
NZ_CP103634.1,22,25,16,9
NZ_OY970452.1,3,2,2,0
NZ_OY970453.1,1,1,1,0
NZ_CP107368.1,14,12,9,3
NZ_CP107371.1,2,3,1,2
NZ_CP137181.1,5,6,5,1
NZ_CP137180.1,15,20,11,9
NZ_LN774770.1,5,5,3,2
NZ_LN774771.1,7,6,5,1
NZ_CP143293.1,4,5,3,2
NZ_CP143295.1,1,1,0,1
NZ_CP114773.1,20,21,17,4
NZ_CP114774.1,14,19,13,6
NZ_CP114775.1,5,4,4,0
NZ_CP104648.1,4,11,4,7
NC_022126.1,2,2,2,0
NZ_CP096660.1,1,1,0,1
NZ_CP096661.1,2,3,0,3
NZ_CP096662.1,8,4,2,2
NZ_CP096663.1,3,3,2,1
NZ_CP045313.1,7,11,6,5
NZ_CP020695.1,1,0,0,0
NZ_CP020696.1,9,5,4,1
NZ_CP020697.1,3,3,2,1
NZ_CP020698.1,6,6,4,2
NZ_CP048530.1,1,6,2,4
NZ_CP048531.1,1,3,2,1
NZ_CP011950.1,2,2,1,1
NZ_CP116124.1,6,8,7,1
NZ_CP116125.1,2,1,0,1
NZ_CP039592.1,3,3,2,1
NC_015686.1,1,0,0,0
NZ_CP096277.1,4,4,4,0
NZ_CP096278.1,4,2,2,0
NZ_CP139959.1,6,5,4,1
NZ_CP133922.1,1,1,0,1
NZ_CP133921.1,11,17,12,5
NZ_CP133920.1,16,13,13,0
NZ_CP071016.1,27,26,21,5
NZ_CP028351.1,1,1,1,0
NZ_CP095101.1,8,10,9,1
NZ_CP024681.1,4,6,3,3
NZ_CP024682.1,3,1,1,0
NZ_CP070867.1,20,32,19,13
NZ_CP073963.1,17,16,12,4
NZ_CP073964.1,3,2,2,0
NZ_CP076655.1,12,20,8,12
NZ_CP116045.1,3,2,0,2
NZ_CP059289.1,18,24,20,4
NZ_CP059291.1,1,1,1,0
NZ_CP059292.1,7,9,3,6
NC_012124.1,4,5,3,2
NZ_CP134840.1,1,1,0,1
NZ_CP134841.1,3,5,3,2
NZ_CP077761.1,5,4,2,2
NZ_CP077762.1,5,1,1,0
NZ_AP024848.1,2,1,1,0
NZ_CP106927.1,2,1,1,0
NZ_CP106928.1,3,2,2,0
NZ_CP010596.1,8,4,4,0
NZ_CP071679.1,3,2,1,1
NZ_CP071680.1,7,7,2,5
NZ_CP071681.1,7,4,3,1
NZ_CP071682.1,35,39,24,15
NZ_CP096160.1,11,5,2,3
NZ_CP075332.1,1,2,0,2
NZ_CP082104.1,16,17,13,4
NZ_CP082105.1,3,3,2,1
NZ_CP065396.1,22,15,12,3
NZ_CP061670.1,5,10,5,5
NZ_CP090580.1,13,15,9,6
NZ_CP090581.1,8,9,7,2
NZ_CP090582.1,2,2,1,1
NZ_CP090583.1,1,1,0,1
NZ_CP090584.1,3,3,3,0
NZ_CP028814.1,5,5,5,0
NZ_CP028815.1,1,1,1,0
NZ_CP028479.1,4,6,4,2
NZ_CP028480.1,6,7,5,2
NZ_CP012698.1,11,7,4,3
NZ_CP012699.1,6,5,3,2
NZ_CP010305.1,6,8,6,2
NZ_CP047987.1,5,4,4,0
NZ_CP047988.1,3,2,1,1
NZ_CP047989.1,3,9,5,4
NZ_CP103695.1,17,19,14,5
NZ_CP103696.1,2,1,0,1
NZ_CP099913.1,6,5,0,5
NZ_CP029421.1,1,5,5,0
NZ_CP029422.1,13,11,8,3
NZ_CP043215.1,15,11,11,0
NZ_AP017932.1,2,1,1,0
NZ_AP027407.1,6,10,5,5
NZ_AP027406.1,2,2,2,0
NZ_AP027405.1,2,2,1,1
NZ_CP054192.1,33,37,28,9
NZ_CP054193.1,2,2,2,0
NZ_CP119004.1,18,13,8,5
NZ_CP119005.1,2,0,0,0
NZ_CP067137.1,8,9,6,3
NZ_CP113167.1,4,4,3,1
NZ_CP113166.1,31,42,22,20
NZ_CP053550.1,6,4,2,2
NZ_CP053551.1,3,1,1,0
NZ_CP053552.1,2,2,2,0
NZ_CP102411.1,4,3,2,1
NZ_CP102413.1,1,0,0,0
NZ_CP138638.1,3,3,3,0
NZ_AP024517.1,1,1,0,1
NZ_CP050939.1,11,10,6,4
NZ_CP050940.1,5,4,1,3
NZ_CP050941.1,18,14,10,4
NZ_CP050942.1,1,0,0,0
NZ_CP050943.1,7,9,3,6
NZ_CP050944.1,4,9,1,8
NZ_CP050945.1,83,106,56,50
NZ_CP050946.1,16,14,4,10
NZ_CP050947.1,3,3,1,2
NZ_CP082162.1,12,14,8,6
NZ_CP066390.1,29,33,24,9
NZ_CP066392.1,7,8,4,4
NZ_CP066391.1,4,3,2,1
NZ_CP022081.2,6,9,4,5
NZ_CP065625.1,3,7,2,5
NZ_CP136436.1,1,2,0,2
NZ_CP136440.1,5,2,2,0
NZ_CP050041.1,15,24,13,11
NZ_CP040802.1,1,0,0,0
NZ_CP045594.1,1,1,0,1
NZ_CP049193.1,18,33,26,7
NZ_CP055180.1,12,11,11,0
NZ_CP023365.1,2,1,0,1
NZ_CP023363.1,9,12,9,3
NZ_CP069452.1,10,6,3,3
NZ_CP022456.1,4,2,2,0
NZ_AP022541.1,11,12,8,4
NZ_AP022542.1,1,1,1,0
NZ_AP022543.1,9,10,9,1
NZ_AP022544.1,1,1,1,0
NZ_AP022545.1,3,6,4,2
NZ_CP042489.1,32,30,27,3
NZ_CP129792.1,23,17,17,0
NZ_CP129793.1,7,7,5,2
NZ_CP129791.1,25,33,24,9
NZ_CP064388.1,16,21,10,11
NZ_CP065741.1,7,9,5,4
NZ_CP065742.1,1,1,0,1
NZ_CP065744.1,7,9,4,5
NZ_CP040631.1,1,1,0,1
NC_020534.1,3,3,3,0
NZ_CP009937.1,3,14,3,11
NZ_CP009934.1,8,7,2,5
NZ_CP009936.1,1,1,0,1
NZ_CP084236.1,1,0,0,0
NZ_CP084238.1,2,2,2,0
NZ_CP075993.1,4,2,2,0
NZ_CP075994.1,1,0,0,0
NZ_CP079625.1,23,24,14,10
NZ_CP079626.1,15,13,11,2
NZ_CP079627.1,10,14,9,5
NZ_CP102465.1,19,12,8,4
NZ_CP125649.1,14,32,14,18
NZ_CP125648.1,1,1,0,1
NZ_CP125647.1,5,1,1,0
NZ_CP125650.1,19,39,10,29
NZ_CP125653.1,1,4,2,2
NZ_CP035661.1,28,61,38,23
NZ_CP035656.1,2,2,2,0
NZ_CP017148.1,9,15,4,11
NZ_CP031175.1,2,3,1,2
NZ_CP031176.1,4,7,4,3
NZ_CP031177.1,6,6,4,2
NZ_CP031178.1,3,3,1,2
NZ_CP031180.1,1,0,0,0
NZ_CP071694.1,28,26,20,6
NZ_CP071695.1,2,1,0,1
NZ_CP133224.1,14,25,12,13
NZ_CP133225.1,5,7,5,2
NZ_CP133226.1,6,8,6,2
NZ_CP039492.1,3,4,4,0
NZ_CP107138.1,19,22,14,8
NZ_CP107139.1,1,2,0,2
NZ_CP025498.1,12,12,9,3
NZ_CP026764.1,7,7,5,2
NZ_CP079808.1,8,7,5,2
NZ_CP079809.1,10,9,6,3
NZ_CP079810.1,1,2,2,0
NZ_CP079815.1,2,2,0,2
NZ_CP084649.1,6,6,3,3
NZ_CP018952.1,16,18,11,7
NZ_CP018951.1,2,2,2,0
NZ_CP018949.1,5,2,2,0
NZ_CP030779.2,4,3,0,3
NZ_CP030780.2,7,4,4,0
NZ_CP083755.1,34,31,28,3
NZ_CP072301.1,19,20,11,9
NZ_CP049849.1,1,1,1,0
NZ_CP049847.1,2,2,2,0
NZ_CP049846.1,7,3,2,1
NZ_CP058683.1,20,18,4,14
NZ_CP058684.1,1,1,1,0
NZ_CP064253.1,19,19,16,3
NZ_CP064254.1,6,3,3,0
NZ_AP017974.1,4,3,3,0
NZ_CP044120.1,6,10,6,4
NZ_CP142772.1,4,6,4,2
NZ_AP014681.1,8,11,5,6
NZ_AP014682.1,3,2,1,1
NZ_CP061120.1,18,20,15,5
NZ_CP051750.1,8,15,12,3
NZ_CP103541.1,21,23,15,8
NZ_CP048660.1,21,27,12,15
NZ_CP048661.1,22,28,20,8
NZ_CP048662.1,2,1,0,1
NZ_CP048664.1,1,2,2,0
NZ_CP048665.1,1,2,2,0
NZ_CP048668.1,1,0,0,0
NZ_CP060823.1,6,7,3,4
NZ_CP084213.1,5,3,2,1
NZ_CP084214.1,4,3,3,0
NZ_CP051426.1,11,8,7,1
NZ_CP051420.1,1,0,0,0
NZ_CP051421.1,2,2,2,0
NZ_CP027859.1,14,11,6,5
NZ_CP130275.1,16,14,9,5
NZ_AP022453.1,2,2,2,0
NZ_AP022455.1,1,1,0,1
NZ_CP133918.1,14,20,14,6
NZ_CP133917.1,9,8,6,2
NZ_CP065568.1,19,23,14,9
NZ_CP065569.2,6,5,3,2
NZ_CP047377.1,12,18,9,9
NZ_CP044142.1,9,7,6,1
NZ_CP044144.1,2,6,3,3
NZ_CP069390.1,4,2,2,0
NZ_CP048648.1,8,14,10,4
NZ_OD940421.1,6,4,3,1
NZ_CP076688.1,13,13,5,8
NZ_CP093166.1,3,3,2,1
NZ_CP093168.1,1,1,1,0
NZ_CP126139.1,3,3,2,1
NZ_CP086209.1,1,2,0,2
NZ_CP123610.1,9,11,7,4
NZ_CP027239.1,4,4,3,1
NZ_CP027240.1,7,7,3,4
NZ_CP143320.1,4,4,4,0
NZ_CP143321.1,2,1,1,0
NZ_CP143322.1,1,2,0,2
NZ_CP143324.1,6,4,2,2
NZ_CP143325.1,3,3,1,2
NZ_CP143326.1,1,0,0,0
NZ_CP124919.1,4,2,1,1
NZ_CP124920.1,4,1,1,0
NZ_CP110891.1,15,14,12,2
NZ_CP110892.1,12,7,5,2
NZ_CP110896.1,8,7,2,5
NZ_CP110895.1,1,2,0,2
NZ_CP110898.1,1,0,0,0
NZ_CP121134.1,25,38,25,13
NZ_CP109910.1,1,1,1,0
NZ_CP109909.1,20,23,12,11
NZ_CP117584.1,9,21,10,11
NZ_CP134363.1,10,14,8,6
NZ_CP134364.1,14,15,7,8
NZ_CP134365.1,4,5,3,2
NZ_CP040459.1,8,6,5,1
NZ_CP014110.1,11,12,6,6
NZ_CP014109.1,1,0,0,0
NZ_AP022840.1,20,17,6,11
NZ_AP022841.1,5,3,1,2
NC_011777.1,6,4,3,1
NZ_CP113799.1,46,51,28,23
NZ_CP113800.1,3,4,2,2
NZ_CP113801.1,3,2,1,1
NZ_CP113802.1,1,0,0,0
NZ_CP117816.1,1,0,0,0
NZ_CP142985.1,1,1,1,0
NZ_CP142986.1,1,1,1,0
NZ_CP142987.1,6,6,5,1
NZ_CP142988.1,16,23,12,11
NZ_CP142989.1,10,10,5,5
NZ_OW848786.1,11,8,7,1
NZ_CP054769.1,21,29,16,13
NZ_CP054770.1,11,12,9,3
NZ_CP054771.1,7,7,6,1
NZ_CP079956.1,17,19,15,4
NZ_CP079957.1,2,3,2,1
NZ_CP006927.1,11,10,7,3
NZ_CP006926.1,16,11,3,8
NZ_CP006925.1,4,3,1,2
NZ_CP006928.1,1,0,0,0
NZ_CP006924.1,1,0,0,0
NZ_CP043933.1,5,9,5,4
NZ_CP043934.1,24,30,20,10
NZ_CP043935.1,6,24,17,7
NZ_CP043936.1,10,18,15,3
NZ_CP119345.1,4,2,2,0
NZ_CP083076.1,9,8,8,0
NZ_CP083077.1,8,6,5,1
NZ_CP083078.1,10,11,6,5
NZ_CP126008.1,36,40,19,21
NZ_CP126009.1,40,42,19,23
NZ_CP141213.1,3,11,2,9
NZ_CP141214.1,7,9,4,5
NZ_CP141215.1,25,33,15,18
NZ_CP013518.1,1,1,1,0
NZ_CP013519.1,19,27,11,16
NZ_CP013521.1,8,9,8,1
NZ_CP102988.1,35,40,26,14
NZ_CP102989.1,12,8,6,2
NZ_CP102990.1,5,4,2,2
NZ_LR135288.1,48,60,43,17
NZ_LR135289.1,2,3,1,2
NZ_LR135290.1,7,7,6,1
NZ_LR135292.1,2,2,1,1
NZ_CP083268.1,5,2,0,2
NZ_CP013454.1,7,5,4,1
NZ_CP114131.1,2,2,1,1
NZ_CP114132.1,6,9,7,2
NZ_CP114133.1,5,10,1,9
NZ_CP091942.1,5,3,0,3
NZ_CP100757.1,76,112,81,31
NZ_CP100758.1,9,17,10,7
NZ_CP042975.1,11,18,9,9
NZ_CP042976.1,2,1,0,1
NZ_CP073240.1,4,4,3,1
NZ_CP125988.1,3,2,0,2
NZ_CP019710.1,6,14,1,13
NZ_CP019709.1,4,7,4,3
NZ_CP007745.1,6,8,5,3
NZ_CP127494.1,13,17,13,4
NZ_CP127495.1,4,4,3,1
NZ_AP018406.1,3,3,3,0
NZ_AP018407.1,1,3,0,3
NZ_AP018408.1,8,8,2,6
NZ_AP018409.1,12,19,13,6
NZ_CP046100.1,3,1,0,1
NZ_CP046101.1,2,5,0,5
NZ_CP046102.1,1,0,0,0
NZ_CP059765.1,47,67,48,19
NZ_CP059766.1,11,9,6,3
NZ_CP059767.1,4,3,3,0
NZ_CP007508.1,4,5,3,2
NZ_CP010138.1,6,7,7,0
NZ_CP010139.1,2,3,2,1
NZ_CP134778.1,2,3,1,2
NZ_CP073361.1,23,21,21,0
NZ_CP073362.1,11,15,10,5
NZ_CP073363.1,4,3,3,0
NZ_CP098832.1,23,27,18,9
NZ_CP035985.1,4,4,4,0
NZ_CP035986.1,22,33,22,11
NZ_CP040123.1,22,21,17,4
NZ_CP040124.1,7,7,7,0
NZ_CP091232.1,2,2,2,0
NZ_LR890715.1,1,1,1,0
NZ_CP085526.1,23,24,6,18
NZ_CP085527.1,13,18,10,8
NZ_CP085528.1,14,15,9,6
NZ_CP103325.1,4,4,4,0
NZ_CP103326.1,4,1,1,0
NZ_CP030056.1,60,85,36,49
NZ_CP046295.1,35,38,27,11
NZ_CP047113.1,2,2,1,1
NZ_CP047114.1,16,14,9,5
NZ_CP093186.1,5,5,5,0
NZ_CP094504.1,7,7,4,3
NZ_CP094505.1,4,5,3,2
NZ_CP094506.1,3,3,2,1
NZ_CP100276.1,30,28,18,10
NZ_CP100277.1,18,16,10,6
NZ_CP100278.1,18,23,16,7
NZ_CP100279.1,4,6,2,4
NZ_CP144462.1,1,2,0,2
NZ_CP144464.1,2,2,1,1
NZ_CP080468.1,10,6,3,3
NZ_AP022947.1,10,10,8,2
NZ_CP047808.1,2,2,2,0
NZ_CP086335.1,5,5,4,1
NZ_CP081699.1,22,25,20,5
NZ_CP115377.1,16,20,19,1
NZ_CP115378.1,1,1,0,1
NZ_CP103480.1,18,20,15,5
NZ_CP103481.1,8,11,9,2
NZ_CP040999.1,2,2,2,0
NZ_CP051695.1,6,13,12,1
NZ_CP042928.1,6,2,1,1
NZ_CP021360.1,6,2,2,0
NZ_CP138542.1,8,10,5,5
NZ_CP138543.1,15,15,11,4
NZ_CP138544.1,15,25,15,10
NZ_CP126146.1,5,8,3,5
NZ_CP126148.1,3,5,1,4
NZ_CP126150.1,7,7,2,5
NZ_CP126151.1,6,5,2,3
NZ_CP126152.1,1,1,1,0
NZ_CP126153.1,1,1,0,1
NZ_CP129218.1,3,1,1,0
NZ_CP015063.1,2,1,0,1
NZ_CP070626.1,6,12,5,7
NZ_CP026154.1,46,58,39,19
NZ_AP023035.1,1,3,3,0
NZ_CP121627.1,2,2,2,0
NZ_CP121626.1,1,2,1,1
NZ_CP050303.1,1,1,0,1
NZ_CP050302.1,10,14,9,5
NZ_CP037962.1,2,1,1,0
NZ_CP044256.1,13,14,10,4
NZ_CP104078.1,11,19,15,4
NZ_CP104079.1,8,10,8,2
NZ_CP104080.1,9,10,8,2
NZ_CP104082.1,6,7,4,3
NZ_AP018147.1,10,10,6,4
NZ_AP019190.1,7,6,4,2
NZ_CP032491.1,8,7,5,2
NZ_CP018425.1,2,1,0,1
NZ_CP018423.1,1,2,1,1
NZ_CP018426.1,6,6,3,3
NZ_CP018424.1,16,20,13,7
NZ_CP070903.1,17,18,14,4
NZ_CP070112.1,1,2,0,2
NZ_CP070113.1,5,4,1,3
NC_021552.1,1,0,0,0
NZ_CP051268.1,3,3,2,1
NZ_CP032006.1,1,1,0,1
NZ_CP032003.1,17,26,16,10
NZ_CP094569.1,1,0,0,0
NZ_CP126882.1,4,0,0,0
NZ_MF344582.1,27,22,18,4
NZ_CP096922.1,6,5,3,2
NZ_CP126883.1,3,1,1,0
NZ_CP064188.1,13,19,7,12
NZ_CP064189.1,22,30,16,14
NZ_CP064190.1,4,5,3,2
NZ_CP064191.1,22,33,5,28
NZ_CP097152.1,44,45,20,25
NZ_CP097153.1,27,18,6,12
NZ_CP097151.1,37,33,10,23
NZ_CP097150.1,48,54,17,37
NZ_CP097154.1,4,5,0,5
NZ_CP097157.1,26,19,8,11
NZ_CP097156.1,6,4,4,0
NZ_CP097155.1,17,16,7,9
NZ_CP097158.1,7,4,3,1
NZ_CP116215.1,42,48,35,13
NZ_CP116216.1,11,18,12,6
NZ_CP116217.1,11,13,10,3
NZ_CP116218.1,5,5,5,0
NZ_CP133926.1,5,7,3,4
NZ_CP133925.1,10,14,6,8
NZ_CP133924.1,22,15,11,4
NZ_CP035880.1,31,40,20,20
NZ_CP035881.1,8,6,3,3
NZ_CP042045.1,1,2,1,1
NZ_CP011529.1,1,1,1,0
NZ_CP025929.1,8,9,7,2
NZ_AP024927.1,15,10,4,6
NZ_CP097647.1,25,36,23,13
NC_015063.1,4,3,2,1
NZ_CP137234.1,12,10,9,1
NZ_CP137374.1,5,6,2,4
NZ_CP137370.1,14,9,6,3
NZ_CP137371.1,1,0,0,0
NZ_CP137372.1,28,34,24,10
NZ_CP023017.1,11,18,7,11
NZ_CP015818.1,3,2,2,0
NZ_CP097353.1,11,5,3,2
NZ_CP023723.1,4,9,6,3
NZ_CP023724.1,8,9,5,4
NZ_CP023725.1,12,13,12,1
NZ_CP035669.1,3,7,5,2
NZ_CP134750.1,2,3,1,2
NZ_CP134751.1,2,1,1,0
NZ_CP134752.1,1,0,0,0
NZ_CP072557.1,12,11,9,2
NZ_CP072558.1,19,25,13,12
NZ_CP082098.1,10,18,13,5
NZ_CP047262.1,2,2,1,1
NZ_CP047263.1,5,9,4,5
NZ_CP047261.1,9,11,7,4
NZ_CP103715.1,15,14,10,4
NZ_LT838202.1,4,4,4,0
NZ_LT838204.1,1,1,0,1
NZ_LT838201.1,1,1,1,0
NC_015918.1,2,0,0,0
NZ_CP093954.1,38,46,32,14
NZ_CP093955.1,14,12,9,3
NZ_CP053235.1,20,17,8,9
NZ_CP053236.1,16,16,10,6
NZ_CP053237.1,1,0,0,0
NZ_CP077332.1,6,5,3,2
NZ_CP077333.1,8,6,5,1
NZ_CP077334.1,2,2,2,0
NZ_CP103998.1,8,12,8,4
NZ_CP104000.1,2,2,2,0
NZ_CP117854.1,15,15,7,8
NZ_CP117855.1,1,0,0,0
NZ_CP110168.1,44,52,32,20
NZ_CP110169.1,13,14,10,4
NZ_CP030046.1,5,7,6,1
NZ_CP099402.1,11,15,8,7
NZ_CP099401.1,4,4,3,1
NZ_CP099398.1,39,48,17,31
NZ_CP099400.1,1,2,2,0
NZ_CP103402.1,1,1,1,0
NZ_CP103403.1,2,1,0,1
NZ_CP039809.1,20,24,18,6
NZ_CP039810.1,15,14,11,3
NZ_CP039811.1,5,5,5,0
NZ_CP097425.1,8,10,8,2
NZ_CP097424.1,3,3,3,0
NZ_CP043035.1,9,10,6,4
NZ_CP043034.1,15,12,10,2
NZ_CP055020.1,24,27,18,9
NZ_AP027439.1,2,1,1,0
NZ_AP027438.1,11,15,2,13
NZ_AP027437.1,3,2,2,0
NZ_CP088995.1,9,10,8,2
NZ_CP088996.1,16,30,17,13
NZ_CP088994.1,5,7,5,2
NZ_CP017571.1,4,5,3,2
NZ_CP011665.1,4,8,3,5
NZ_CP011666.1,2,1,1,0
NZ_CP011667.1,4,5,2,3
NZ_CP096838.1,13,14,7,7
NZ_CP045217.1,8,11,9,2
NZ_CP045218.1,1,2,2,0
NZ_CP010398.1,3,5,3,2
NZ_CP010399.1,4,3,2,1
NZ_CP046282.1,4,5,3,2
NZ_CP046284.1,1,1,0,1
NZ_CP060185.1,2,8,2,6
NZ_CP060187.1,26,25,12,13
NZ_CP060189.1,7,8,6,2
NZ_CP060184.1,10,6,3,3
NZ_CP014980.1,3,3,2,1
NZ_CP113201.1,18,17,12,5
NZ_CP113198.1,9,11,6,5
NZ_CP113199.1,3,4,4,0
NZ_CP113200.1,14,19,10,9
NZ_CP094513.1,11,9,8,1
NZ_CP094514.1,5,5,4,1
NZ_CP092590.1,11,14,9,5
NZ_CP092592.1,4,4,3,1
NZ_CP092593.1,11,13,9,4
NZ_CP092591.1,4,4,4,0
NZ_CP106755.1,1,0,0,0
NZ_CP103730.1,28,39,26,13
NZ_CP058676.1,9,9,5,4
NZ_CP058677.1,7,9,5,4
NZ_CP058678.1,2,3,1,2
NZ_CP040565.1,3,3,2,1
NZ_AP012545.1,7,11,6,5
NZ_AP012546.1,2,2,0,2
NZ_CP092371.1,5,2,0,2
NZ_CP067171.1,2,2,1,1
NZ_CP067170.1,1,4,1,3
NZ_CP022408.1,18,24,12,12
NZ_CP055171.1,17,23,13,10
NZ_CP016526.1,20,17,13,4
NZ_CP016529.1,1,1,1,0
NZ_CP046347.1,4,1,1,0
NZ_CP028382.1,7,11,2,9
NZ_CP044229.1,4,4,3,1
NZ_CP083786.1,9,9,6,3
NZ_CP134371.1,12,16,11,5
NZ_CP134372.1,6,7,3,4
NC_009649.1,17,20,12,8
NC_009650.1,4,4,3,1
NC_009651.1,14,14,13,1
NZ_CP096228.1,3,4,2,2
NZ_CP096229.1,4,3,2,1
NZ_CP133469.1,1,1,0,1
NZ_CP043544.1,9,8,6,2
NZ_CP043545.1,23,25,18,7
NZ_CP025013.1,4,6,4,2
NZ_CP025014.1,5,3,3,0
NZ_CP025015.1,31,37,21,16
NZ_CP086260.1,2,2,1,1
NZ_CP086261.1,14,21,10,11
NZ_CP033091.2,6,11,6,5
NC_009230.1,12,15,13,2
NC_009227.1,25,21,13,8
NC_009229.1,4,4,4,0
NC_009228.1,9,10,7,3
NZ_CP123216.1,28,34,24,10
NZ_CP123219.1,3,2,0,2
NZ_CP123218.1,18,18,8,10
NZ_CP123220.1,9,10,5,5
NZ_CP123217.1,5,6,3,3
NZ_CP071012.1,26,27,21,6
NZ_CP053219.1,9,16,12,4
NZ_CP053220.1,10,8,6,2
NZ_CP053221.1,1,1,1,0
NZ_LR594690.1,24,20,13,7
NZ_LR594691.1,23,19,12,7
NZ_LR594692.1,34,31,12,19
NZ_LR594693.1,9,5,5,0
NZ_CP077663.1,1,1,1,0
NZ_CP024839.1,22,19,11,8
NZ_CP024840.1,7,6,5,1
NZ_CP079755.1,10,10,7,3
NZ_CP079756.1,10,13,8,5
NZ_CP035198.1,9,8,5,3
NZ_CP035200.1,3,2,1,1
NZ_CP035201.1,3,1,0,1
NZ_CP035197.1,3,3,1,2
NZ_CP097187.1,17,10,9,1
NZ_CP097188.1,8,6,4,2
NZ_CP097189.1,1,1,1,0
NZ_CP120420.1,3,3,3,0
NZ_CP120421.1,1,0,0,0
NZ_CP120418.1,4,4,4,0
NZ_CP120419.2,6,6,4,2
NZ_CP017300.1,15,12,10,2
NZ_CP017303.1,23,27,15,12
NZ_CP017301.1,4,4,2,2
NZ_CP017304.1,13,14,10,4
NZ_CP128553.1,1,0,0,0
NZ_CP098764.1,1,0,0,0
NZ_CP098765.1,1,4,2,2
NZ_CP135710.1,7,8,6,2
NZ_CP059000.1,5,4,4,0
NZ_CP020429.2,4,5,2,3
NZ_CP054148.1,7,5,3,2
NZ_CP122390.1,33,36,23,13
NZ_CP122391.1,12,32,19,13
NZ_CP035144.1,6,3,0,3
NZ_CP035145.1,4,4,1,3
NZ_CP035146.1,9,9,3,6
NZ_CP035147.1,13,8,6,2
NZ_CP027348.1,7,9,4,5
NZ_CP101706.1,22,24,12,12
NZ_CP018064.1,28,29,21,8
NZ_CP024516.1,21,31,25,6
NZ_CP024517.1,4,4,3,1
NZ_CP116167.1,8,8,7,1
NZ_CP116168.1,17,18,14,4
NZ_CP123757.1,15,13,11,2
NZ_CP123754.1,3,2,2,0
NZ_CP081725.1,24,25,20,5
NZ_CP081726.1,19,19,18,1
NZ_CP013507.1,1,1,1,0
NZ_CP013508.1,18,25,8,17
NZ_CP013510.1,6,6,6,0
NZ_CP064394.1,2,3,2,1
NZ_CP038320.1,8,8,4,4
NZ_CP068629.1,3,3,3,0
NZ_CP034755.1,9,9,5,4
NZ_CP034756.1,10,12,8,4
NZ_CP034757.1,5,6,3,3
NZ_CP086186.1,1,2,1,1
NZ_AP022039.1,2,0,0,0
NZ_CP051387.1,10,9,5,4
NZ_CP051388.1,11,10,7,3
NZ_CP071847.1,5,6,5,1
NZ_CP018904.1,4,9,6,3
NZ_CP026385.1,5,3,2,1
NZ_CP026384.1,1,1,1,0
NZ_CP141626.1,20,22,15,7
NZ_CP141627.1,11,11,8,3
NZ_CP141628.1,10,7,7,0
NZ_CP141629.1,4,3,3,0
NZ_CP141630.1,1,0,0,0
NZ_CP033935.1,3,3,1,2
NZ_CP026545.1,1,1,0,1
NZ_CP026546.1,7,7,5,2
NZ_CP026547.1,12,8,8,0
NZ_CP124032.1,1,1,1,0
NZ_CP114191.1,3,12,5,7
NZ_CP114192.1,1,0,0,0
NZ_CP114193.1,2,1,1,0
NZ_CP017670.1,2,6,3,3
NZ_CP015884.1,4,4,2,2
NZ_CP038968.1,76,82,47,35
NZ_CP038969.1,17,14,10,4
NZ_CP038970.1,10,12,6,6
NZ_CP038971.1,2,3,1,2
NZ_CP102303.1,3,3,3,0
NZ_CP102304.1,1,3,0,3
NZ_CP102305.1,2,0,0,0
NZ_CP102307.1,1,1,0,1
NZ_CP076165.1,4,10,5,5
NZ_CP036468.1,1,0,0,0
NZ_CP107399.1,19,23,19,4
NZ_CP107400.1,16,15,12,3
NZ_CP084322.1,30,28,23,5
NZ_CP092654.1,19,22,17,5
NZ_CP092655.1,11,12,10,2
NZ_CP092653.1,34,36,28,8
NZ_CP041677.1,14,13,11,2
NZ_LS992169.1,22,27,19,8
NZ_CP108523.1,61,80,39,41
NZ_AP021984.1,20,16,14,2
NZ_AP021993.1,1,0,0,0
NZ_AP021985.1,4,3,1,2
NZ_AP021986.1,15,20,14,6
NZ_AP021987.1,6,5,5,0
NZ_AP021988.1,8,12,5,7
NZ_AP021989.1,3,6,3,3
NZ_AP021990.1,1,0,0,0
NZ_AP021992.1,1,0,0,0
NZ_CP010669.1,2,2,1,1
NZ_CP053738.1,7,12,7,5
NZ_CP053737.1,8,9,6,3
NZ_CP053739.1,8,10,8,2
NZ_CP053740.1,2,3,2,1
NZ_CP100498.1,8,7,6,1
NZ_CP100499.1,5,4,4,0
NZ_CP039483.1,3,4,4,0
NZ_CP031094.1,4,4,4,0
NZ_CP072409.1,18,12,8,4
NZ_CP072410.1,3,3,1,2
NZ_CP129127.1,2,4,2,2
NZ_CP018827.1,42,49,37,12
NZ_CP018825.1,9,10,8,2
NZ_CP018829.1,2,1,1,0
NZ_CP026838.1,19,42,21,21
NZ_CP040341.1,6,2,1,1
NZ_CP039955.1,22,25,19,6
NZ_CP039956.1,4,4,4,0
NZ_CP085771.1,12,18,12,6
NZ_CP085772.1,10,12,9,3
NZ_CP085773.1,15,17,9,8
NZ_CP049218.1,5,5,2,3
NZ_CP049219.1,6,6,4,2
NZ_CP049221.1,1,0,0,0
NZ_CP049222.1,2,1,1,0
NZ_CP049220.1,1,7,1,6
NZ_CP077881.1,1,1,1,0
NZ_CP077882.1,2,4,4,0
NZ_CP077883.1,2,3,2,1
NZ_CP144322.1,13,15,9,6
NZ_AP024089.1,6,18,4,14
NZ_AP024090.1,1,1,1,0
NZ_CP030191.1,9,7,5,2
NZ_CP098152.1,25,23,19,4
NZ_CP120175.1,1,1,0,1
NZ_CP024258.1,6,9,5,4
NZ_CP024259.1,20,19,10,9
NZ_CP139082.1,1,2,0,2
NZ_CP139081.1,6,8,4,4
NZ_CP030153.1,19,20,16,4
NZ_CP030154.1,21,24,21,3
NZ_CP030155.1,3,3,1,2
NZ_CP030156.1,1,1,1,0
NZ_CP084195.1,3,5,2,3
NZ_CP101198.1,10,12,8,4
NZ_CP101201.1,1,1,0,1
NZ_CP101199.1,7,9,8,1
NZ_CP051193.1,7,5,4,1
NZ_OW967179.1,5,4,4,0
NZ_CP005961.1,18,20,11,9
NZ_CP083913.1,32,42,32,10
NZ_CP083914.1,9,10,8,2
NZ_CP083915.1,2,1,1,0
NZ_CP107721.1,8,8,6,2
NZ_CP107722.1,33,35,32,3
NZ_CP107723.1,13,13,9,4
NZ_CP107724.1,2,2,2,0
NZ_CP064407.1,18,26,21,5
NZ_CP064408.1,9,13,11,2
NZ_CP064409.1,4,4,3,1
NZ_CP064412.1,1,1,0,1
NZ_CP064413.1,1,1,0,1
NZ_CP064414.1,1,0,0,0
NZ_CP064416.1,1,1,0,1
NZ_CP084009.1,1,1,0,1
NZ_CP084010.1,1,0,0,0
NZ_CP058410.1,17,17,1,16
NZ_CP031903.1,2,1,0,1
NZ_CP031904.1,17,19,9,10
NZ_CP137404.1,13,16,8,8
NZ_AP025828.1,23,25,20,5
NZ_AP025829.1,1,0,0,0
NZ_CP062825.1,5,8,5,3
NZ_CP123366.1,22,20,14,6
NZ_CP123367.1,5,4,3,1
NZ_CP123368.1,1,0,0,0
NZ_CP043265.1,10,20,8,12
NZ_CP043263.1,1,0,0,0
NZ_CP122802.1,1,1,0,1
NZ_CP122804.1,11,11,6,5
NZ_CP122805.1,13,6,3,3
NZ_CP122807.1,16,20,5,15
NZ_CP122808.1,1,1,1,0
NZ_CP122809.1,2,2,0,2
NZ_AP024759.1,7,2,1,1
NZ_AP024757.1,20,18,11,7
NZ_AP024758.1,1,1,0,1
NZ_CP064691.1,11,10,6,4
NZ_CP060673.1,12,10,9,1
NZ_CP046581.1,2,2,2,0
NZ_CP072139.1,3,2,1,1
NZ_CP072138.1,33,51,25,26
NZ_CP030208.1,4,5,3,2
NZ_CP111116.1,7,7,3,4
NZ_CP016699.1,9,16,13,3
NZ_CP016700.1,6,11,8,3
NZ_CP016701.1,3,10,5,5
NZ_CP016702.1,2,4,3,1
NZ_AP025494.1,10,7,4,3
NZ_CP022197.1,2,3,2,1
NZ_CP038446.1,1,1,1,0
NZ_CP091649.1,25,24,15,9
NZ_CP044237.1,7,7,6,1
NZ_CP044238.1,6,10,3,7
NZ_CP044239.1,9,7,5,2
NZ_CP044240.1,9,10,8,2
NZ_CP044242.1,1,1,0,1
NZ_CP044243.1,1,1,1,0
NZ_CP132616.1,15,23,13,10
NZ_CP132617.1,7,6,4,2
NZ_LR882051.1,10,16,11,5
NZ_CP042552.1,24,21,17,4
NZ_CP042553.1,21,22,19,3
NC_015851.1,42,39,27,12
NC_015852.1,2,0,0,0
NC_015854.1,1,2,2,0
NZ_CP085467.1,1,0,0,0
NZ_CP119792.1,7,7,5,2
NZ_CP119793.1,6,6,3,3
NZ_CP110355.1,24,21,18,3
NZ_CP110356.1,4,4,2,2
NZ_CP110357.1,4,5,5,0
NZ_CP110358.1,3,1,1,0
NZ_CP126825.1,16,16,11,5
NZ_CP126826.1,4,4,4,0
NZ_CP068091.1,31,51,28,23
NZ_LR890203.1,25,32,21,11
NZ_LT795503.1,9,6,5,1
NZ_LT795504.1,6,4,1,3
NZ_LT795505.1,2,1,1,0
NZ_LT795508.1,1,2,2,0
NZ_CP009560.1,9,9,8,1
NZ_CP029806.1,4,10,5,5
NZ_LR878366.1,46,79,37,42
NZ_LR878367.1,4,4,4,0
NZ_CP039513.2,4,5,4,1
NZ_CP082021.1,41,49,28,21
NZ_CP082020.1,20,22,20,2
NZ_CP120054.1,1,1,0,1
NZ_CP133572.1,13,11,7,4
NZ_CP048596.1,1,3,2,1
NZ_CP048595.1,2,6,1,5
NZ_CP048597.1,2,2,2,0
NZ_CP143415.1,3,3,3,0
NZ_CP143417.1,1,1,1,0
NZ_CP143416.1,21,21,11,10
NZ_CP116554.1,5,4,3,1
NZ_CP032263.1,17,18,8,10
NZ_CP032264.1,8,6,2,4
NZ_CP026557.1,2,5,1,4
NZ_CP026559.1,25,26,8,18
NZ_CP026560.1,3,2,0,2
NZ_CP076273.1,1,3,0,3
NZ_CP033253.2,5,6,6,0
NZ_CP115268.1,8,4,4,0
NZ_CP032794.1,8,11,5,6
NZ_CP128879.1,4,4,3,1
NZ_CP128880.1,4,4,3,1
NZ_CP128878.1,3,3,2,1
NZ_CP128882.1,2,2,1,1
NC_015963.1,4,6,3,3
NZ_CP131131.1,5,5,2,3
NZ_CP131132.1,6,8,5,3
NZ_CP131133.1,9,12,7,5
NC_017858.1,1,1,1,0
NZ_CP062722.1,5,7,3,4
NZ_CP101387.1,8,9,9,0
NZ_CP139670.1,15,20,11,9
NZ_CP139672.1,2,2,2,0
NZ_CP088201.1,12,10,10,0
NZ_CP088202.1,2,2,2,0
NZ_CP047741.1,28,25,19,6
NZ_CP047742.1,10,12,6,6
NZ_CP047743.1,9,14,5,9
NZ_CP047744.1,3,4,3,1
NZ_CP047745.1,5,6,6,0
NZ_CP020944.2,1,2,1,1
NZ_CP020945.2,1,4,0,4
NZ_CP024863.1,22,26,20,6
NZ_CP024864.1,2,7,0,7
NZ_AP017399.1,4,4,4,0
NZ_CP069912.1,10,9,6,3
NZ_CP069930.1,1,2,0,2
NZ_CP031582.1,11,14,9,5
NZ_CP031584.1,10,9,6,3
NZ_CP031580.1,2,5,3,2
NZ_CP031581.1,11,15,10,5
NZ_CP031583.1,18,21,11,10
NZ_CP140901.1,46,75,42,33
NZ_CP140904.1,21,19,14,5
NZ_CP140902.1,27,44,21,23
NZ_CP140903.1,39,62,31,31
NZ_AP026613.1,25,58,36,22
NZ_AP026615.1,5,5,5,0
NZ_AP026614.1,1,1,1,0
NZ_CP119401.1,9,12,10,2
NZ_CP136406.1,20,25,18,7
NZ_CP136407.1,10,4,3,1
NZ_CP136408.1,18,23,13,10
NZ_CP136409.1,2,2,2,0
NZ_CP136410.1,2,1,0,1
NZ_CP102666.1,9,7,6,1
NZ_CP102667.1,9,5,3,2
NZ_CP102668.1,11,12,10,2
NZ_CP080250.1,1,2,1,1
NZ_CP028670.1,6,8,6,2
NZ_CP129851.1,7,8,5,3
NZ_CP129853.1,6,5,3,2
NZ_CP129850.1,11,16,11,5
NZ_CP129852.1,10,8,8,0
NZ_CP013238.1,6,10,7,3
NZ_CP093472.1,17,25,17,8
NZ_CP093473.1,5,5,4,1
NZ_CP093475.1,1,0,0,0
NZ_CP093474.1,1,0,0,0
NZ_CP058797.1,7,8,7,1
NZ_CP055452.1,33,35,25,10
NZ_CP099451.1,12,7,5,2
NZ_CP091108.1,9,11,9,2
NZ_CP091106.1,3,5,2,3
NZ_CP065254.1,1,2,0,2
NZ_CP041928.1,20,23,17,6
NZ_CP041930.1,7,6,5,1
NZ_CP041931.1,4,4,3,1
NC_017475.1,7,6,5,1
NZ_CP025843.1,1,2,0,2
NZ_CP025845.1,9,10,7,3
NZ_CP025846.1,23,23,12,11
NZ_CP025844.1,19,13,10,3
NZ_CP059854.1,6,7,2,5
NZ_OW970366.1,17,12,7,5
NZ_OW970367.1,12,11,9,2
NZ_OW970368.1,4,4,4,0
NZ_OW970370.1,1,0,0,0
NZ_CP009330.1,4,9,5,4
NZ_CP061109.1,11,13,11,2
NZ_CP061110.1,4,5,3,2
NZ_CP092520.1,3,0,0,0
NZ_CP092521.1,7,2,1,1
NZ_CP117334.1,13,13,5,8
NZ_CP025552.1,13,16,11,5
NZ_CP123562.1,73,73,24,49
NZ_CP123563.1,30,28,7,21
NZ_CP123564.1,21,18,8,10
NZ_CP123565.1,12,14,3,11
NZ_CP123566.1,14,15,5,10
NZ_CP123567.1,24,18,3,15
NZ_CP123568.1,7,5,1,4
NZ_CP123571.1,8,7,0,7
NZ_CP123575.1,1,1,1,0
NZ_CP123576.1,1,0,0,0
NZ_CP133756.1,19,13,5,8
NZ_OX030729.1,13,13,12,1
NZ_OX030730.1,3,2,1,1
NZ_OX030731.1,2,1,0,1
NZ_OX030732.1,4,4,4,0
NZ_CP141831.1,2,2,2,0
NZ_CP071318.1,10,12,7,5
NZ_CP086902.1,11,16,10,6
NZ_CP086903.1,6,8,5,3
NZ_CP086905.1,7,6,3,3
NZ_CP086906.1,1,1,1,0
NZ_CP086907.1,1,0,0,0
NZ_CP086908.1,1,1,1,0
NZ_CP061949.1,26,33,24,9
NZ_CP061950.1,4,5,4,1
NZ_CP061951.1,8,8,4,4
NC_018611.1,11,10,8,2
NZ_CP039172.1,61,75,51,24
NZ_CP039173.1,3,7,1,6
NZ_CP039174.1,16,13,11,2
NZ_CP039175.1,10,11,9,2
NZ_CP019723.1,4,3,3,0
NZ_CP104628.1,25,24,20,4
NC_008791.1,3,12,4,8
NZ_CP091763.1,5,10,5,5
NZ_CP122905.1,4,4,4,0
NZ_CP122910.1,1,0,0,0
NZ_CP122911.1,1,1,1,0
NZ_CP122914.1,12,16,10,6
NZ_CP122915.1,4,4,3,1
NZ_CP122916.1,18,17,11,6
NZ_CP122917.1,12,15,10,5
NZ_CP122918.1,8,10,5,5
NZ_CP122919.1,8,13,4,9
NZ_CP122920.1,8,12,7,5
NZ_CP122922.1,5,12,1,11
NZ_CP038602.1,1,1,1,0
NZ_CP111097.1,6,9,3,6
NZ_CP070597.1,1,1,1,0
NZ_CP070596.1,11,7,5,2
NZ_CP070595.1,16,18,13,5
NZ_CP070594.1,13,9,6,3
NZ_LT904873.1,4,4,2,2
NZ_CP055088.1,8,8,6,2
NZ_CP030267.1,3,3,3,0
NZ_CP030270.1,15,24,10,14
NZ_CP033551.1,2,14,6,8
NZ_CP061621.1,13,7,6,1
NZ_CP061622.1,5,10,7,3
NZ_CP061623.1,1,1,0,1
NZ_CP116698.1,12,20,9,11
NZ_CP116699.1,13,14,4,10
NC_011986.1,4,4,1,3
NC_011991.1,3,4,1,3
NC_011984.1,15,13,8,5
NC_011981.1,12,23,12,11
NC_011982.1,24,40,21,19
NZ_CP019083.1,1,1,0,1
NZ_CP094769.1,1,1,1,0
NZ_CP029937.1,15,14,13,1
NZ_CP071201.1,6,5,4,1
NZ_CP042541.1,16,14,11,3
NZ_CP042542.1,7,7,4,3
NC_013502.1,4,8,1,7
NZ_AP019851.1,11,10,4,6
NZ_CP069993.1,7,14,9,5
NZ_CP010780.1,3,4,1,3
NZ_CP039144.1,4,8,2,6
NZ_CP039154.1,1,0,0,0
NZ_CP039145.1,4,7,3,4
NZ_CP039146.1,12,17,8,9
NZ_CP039147.1,1,3,1,2
NZ_CP039148.1,1,1,1,0
NZ_CP039152.1,1,0,0,0
NZ_CP104111.1,8,10,6,4
NZ_CP120604.1,8,7,5,2
NZ_CP120606.1,6,6,4,2
NZ_CP120607.1,4,3,2,1
NZ_CP022155.1,28,29,22,7
NZ_CP022156.1,5,2,0,2
NZ_CP022157.1,5,6,5,1
NZ_CP022158.1,1,2,1,1
NZ_CP103869.1,4,4,3,1
NZ_CP021923.1,31,41,32,9
NZ_CP021924.1,31,36,29,7
NZ_CP021925.1,7,7,6,1
NZ_CP059320.1,16,14,11,3
NZ_CP059321.1,3,1,1,0
NZ_CP102935.1,9,12,9,3
NZ_CP102936.1,8,11,7,4
NZ_AP018803.1,8,5,3,2
NZ_AP018805.1,9,12,2,10
NZ_CP016815.1,16,21,12,9
NZ_CP054225.1,20,25,19,6
NZ_CP022087.2,13,21,9,12
NZ_CP099550.1,1,1,0,1
NZ_CP071229.1,6,5,4,1
NZ_CP136533.1,14,23,11,12
NZ_CP054283.1,5,3,0,3
NZ_CP082894.1,2,4,2,2
NZ_CP082895.1,2,2,2,0
NZ_CP134000.1,7,7,5,2
NZ_CP134001.1,8,10,9,1
NZ_CP134002.1,1,1,0,1
NZ_CP134003.1,13,13,11,2
NZ_CP134004.1,2,2,2,0
NZ_CP134005.1,1,1,1,0
NZ_CP079180.1,23,18,14,4
NZ_CP079181.1,9,7,5,2
NZ_CP079182.1,1,2,2,0
NZ_CP135682.1,7,6,4,2
NZ_CP135681.1,7,12,5,7
NZ_CP135683.1,8,10,6,4
NZ_CP050299.1,73,78,47,31
NZ_CP050297.1,58,42,26,16
NZ_CP050298.1,48,78,49,29
NZ_CP050488.1,8,10,7,3
NZ_CP050489.1,6,7,5,2
NZ_CP050487.1,1,2,1,1
NZ_CP043951.1,10,10,9,1
NZ_CP043952.1,13,21,8,13
NZ_CP078163.1,7,8,7,1
NZ_CP018310.1,5,5,3,2
NZ_CP021340.1,1,1,1,0
NZ_CP021341.1,7,12,1,11
NZ_CP030914.1,2,2,1,1
NZ_CP126464.1,5,10,5,5
NZ_CP074360.1,21,20,16,4
NZ_CP028262.1,8,8,4,4
NZ_CP028263.1,13,16,10,6
NC_015598.1,11,11,9,2
NC_015603.1,1,0,0,0
NZ_CP090204.1,12,13,11,2
NZ_CP090205.1,4,4,2,2
NZ_CP090206.1,21,28,19,9
NZ_CP022498.1,2,0,0,0
NZ_CP022499.1,1,5,0,5
NZ_CP074108.1,22,22,21,1
NZ_CP092010.1,4,4,4,0
NZ_LR027879.1,4,4,4,0
NZ_AP026074.1,23,24,11,13
NZ_LR882058.1,5,4,2,2
NZ_LR882059.1,6,10,3,7
NZ_LR882060.1,3,3,2,1
NZ_LR882061.1,3,3,3,0
NZ_CP029577.1,13,19,10,9
NZ_CP029578.1,2,2,2,0
NZ_CP089763.1,21,19,18,1
NZ_CP089764.1,4,3,3,0
NZ_CP024031.1,2,3,1,2
NZ_CP024030.1,4,3,1,2
NZ_CP077990.1,3,2,2,0
NZ_CP077992.1,1,0,0,0
NZ_CP110933.1,4,5,3,2
NZ_CP038348.1,5,8,4,4
NZ_CP038347.1,1,2,0,2
NZ_CP132684.1,14,24,11,13
NZ_CP132685.1,3,3,3,0
NZ_CP128151.1,26,26,20,6
NZ_CP119336.1,6,6,2,4
NZ_CP033761.1,9,11,10,1
NZ_CP016031.1,1,0,0,0
NZ_CP058150.1,9,12,9,3
NZ_CP058151.1,10,15,13,2
NZ_CP123975.1,5,5,5,0
NZ_CP123976.1,10,8,6,2
NZ_CP077777.1,10,11,7,4
NZ_CP077778.1,17,29,16,13
NZ_CP077776.1,4,6,5,1
NZ_CP013069.1,2,2,0,2
NZ_CP098451.1,2,1,0,1
NZ_CP098452.1,3,4,3,1
NZ_CP062212.1,19,19,9,10
NZ_CP062213.1,5,4,1,3
NZ_CP062214.1,10,10,8,2
NZ_CP062215.1,5,4,4,0
NZ_CP069702.1,20,19,16,3
NZ_CP069703.1,12,13,12,1
NZ_CP069704.1,7,9,7,2
NZ_CP069705.1,1,1,1,0
NZ_CP043333.1,5,6,3,3
NZ_CP080554.1,2,3,3,0
NZ_AP017604.1,2,4,3,1
NZ_CP043196.1,1,1,0,1
NZ_CP129656.1,8,7,5,2
NZ_CP129657.1,6,6,4,2
NZ_CP129658.1,1,2,0,2
NZ_CP129659.1,1,1,1,0
NZ_LR882053.1,18,20,19,1
NZ_LR882055.1,6,8,6,2
NZ_CP136434.1,4,5,4,1
NZ_CP033045.1,13,10,4,6
NZ_CP085065.1,1,1,1,0
NZ_CP085064.1,9,12,7,5
NZ_CP096718.1,5,1,0,1
NZ_CP014177.1,4,10,5,5
NZ_CP012254.1,2,2,2,0
NZ_CP012256.1,1,1,1,0
NZ_CP063976.1,9,10,9,1
NZ_CP063977.1,20,31,28,3
NZ_CP020519.1,14,16,12,4
NZ_CP020517.1,8,10,6,4
NZ_AP022928.1,15,16,11,5
NZ_AP022929.1,14,14,13,1
NZ_CP103612.1,4,2,1,1
NZ_CP051712.1,10,12,6,6
NZ_CP051713.1,2,1,1,0
NZ_CP110307.1,6,7,4,3
NZ_CP110308.1,8,13,9,4
NZ_CP030343.1,16,21,14,7
NZ_CP030342.1,10,4,3,1
NZ_CP084470.1,2,7,3,4
NZ_LN606601.1,10,10,9,1
NZ_CP142825.1,3,5,5,0
NC_021813.2,9,5,2,3
NZ_CP061871.1,4,2,0,2
NZ_CP143300.1,19,25,13,12
NZ_CP143301.1,17,21,13,8
NZ_CP143302.1,6,8,4,4
NZ_CP121561.1,1,2,1,1
NZ_CP121562.1,1,1,1,0
NZ_CP026754.1,4,5,3,2
NZ_CP075111.1,2,3,1,2
NZ_CP021049.1,1,1,1,0
NZ_CP060745.1,9,8,5,3
NZ_CP060746.1,4,4,3,1
NZ_CP095171.1,14,17,15,2
NZ_CP091814.1,32,40,28,12
NZ_CP091815.1,6,5,4,1
NZ_CP091816.1,3,3,3,0
NZ_CP030060.1,60,85,36,49
NZ_AP022109.1,17,23,12,11
NZ_CP116924.1,2,4,3,1
NZ_CP093199.1,3,5,4,1
NZ_CP093200.1,5,6,6,0
NZ_CP084551.1,2,2,2,0
NZ_CP015585.1,39,36,23,13
NZ_CP015586.1,8,9,2,7
NZ_CP075123.1,4,5,3,2
NZ_CP100246.1,18,14,13,1
NZ_CP100247.1,34,29,19,10
NZ_CP100248.1,18,13,11,2
NZ_AP023238.1,14,16,13,3
NZ_CP094746.1,1,8,5,3
NZ_CP019513.1,7,7,7,0
NZ_CP019514.1,6,6,5,1
NZ_CP011837.1,10,11,11,0
NZ_CP011836.1,34,39,26,13
NZ_CP011838.1,4,6,2,4
NZ_AP022348.1,1,0,0,0
NZ_CP061400.1,11,7,4,3
NZ_CP061401.1,16,16,6,10
NZ_CP032752.1,4,4,2,2
NZ_CP032753.1,17,16,7,9
NZ_CP032754.1,9,7,3,4
NZ_CP032755.1,8,11,6,5
NZ_CP032756.1,5,3,2,1
NZ_CP133163.1,26,37,29,8
NZ_CP038435.1,4,3,2,1
NZ_CP062960.1,5,5,3,2
NZ_CP062961.1,2,2,2,0
NZ_CP062962.1,3,3,1,2
NZ_CP121115.1,2,2,2,0
NZ_CP121116.1,1,0,0,0
NZ_CP121117.1,9,9,4,5
NZ_CP121118.1,2,2,0,2
NZ_CP137540.1,5,2,2,0
NZ_CP137541.1,1,2,2,0
NZ_CP137542.1,4,6,1,5
NZ_CP080592.1,6,8,4,4
NZ_CP031547.1,14,13,9,4
NZ_CP031548.1,37,33,8,25
NZ_CP031549.1,15,16,11,5
NZ_CP031550.1,2,1,1,0
NZ_CP114169.1,31,34,25,9
NZ_CP114170.1,10,9,5,4
NZ_CP050542.1,9,6,6,0
NZ_CP050543.1,2,1,0,1
NZ_CP050544.1,3,3,2,1
NZ_CP050545.1,1,1,1,0
NZ_CP050546.1,1,1,0,1
NZ_CP050548.1,2,3,3,0
NZ_CP065088.1,31,12,5,7
NZ_CP048026.1,18,24,17,7
NZ_CP048028.1,5,4,4,0
NZ_CP048027.1,8,16,14,2
NZ_CP127000.1,10,14,7,7
NZ_CP127001.1,43,51,37,14
NZ_CP028728.1,1,1,1,0
NZ_AP022592.1,1,2,0,2
NZ_CP101514.1,20,27,23,4
NZ_CP101516.1,14,16,11,5
NZ_CP101515.1,5,4,2,2
NZ_CP036098.1,1,0,0,0
NZ_CP036096.1,8,10,8,2
NZ_CP036097.1,12,16,12,4
NZ_CP107987.1,2,3,0,3
NZ_CP053752.1,45,61,33,28
NZ_CP053753.1,1,1,1,0
NZ_CP053754.1,1,1,0,1
NZ_CP053755.1,4,4,4,0
NZ_CP053763.1,1,0,0,0
NZ_CP110146.1,11,15,9,6
NZ_CP110147.1,34,42,27,15
NZ_CP050915.1,7,3,2,1
NZ_CP055004.1,12,9,7,2
NZ_CP127383.2,1,1,1,0
NZ_CP119993.1,3,7,0,7
NZ_CP137407.1,17,18,12,6
NZ_CP137410.1,4,4,4,0
NZ_CP032284.1,6,6,4,2
NZ_CP032281.1,2,2,2,0
NZ_CP032282.1,2,3,2,1
NZ_CP032285.1,31,35,27,8
NC_020522.1,4,3,0,3
NZ_LR135352.1,37,48,37,11
NZ_LR135353.1,9,9,8,1
NZ_LR135354.1,3,3,2,1
NZ_CP027610.1,1,1,0,1
NZ_CP100121.1,21,26,21,5
NZ_CP100122.1,10,10,7,3
NZ_CP083710.1,19,17,14,3
NZ_CP083711.1,6,4,2,2
NZ_CP010630.1,5,7,2,5
NZ_CP010631.1,4,7,4,3
NZ_CP010635.1,2,3,1,2
NZ_CP023854.1,13,15,9,6
NZ_CP026266.1,3,3,1,2
NZ_CP026268.1,2,2,1,1
NZ_CP026267.1,1,1,0,1
NZ_CP117716.1,14,23,17,6
NZ_CP061688.1,15,16,15,1
NZ_CP061689.1,13,18,11,7
NZ_CP020385.1,5,5,2,3
NZ_CP062351.1,1,1,1,0
NZ_CP012432.1,3,1,1,0
NZ_CP012431.1,7,8,7,1
NZ_CP012435.1,2,1,1,0
NZ_CP012434.1,2,1,1,0
NZ_CP083611.1,21,28,20,8
NZ_CP124507.1,14,17,10,7
NZ_CP082084.1,9,15,7,8
NZ_CP095115.1,1,5,3,2
NZ_CP097182.1,23,29,16,13
NZ_CP097183.1,12,13,9,4
NZ_CP119553.1,18,19,12,7
NZ_CP035856.1,18,29,9,20
NZ_CP035859.1,4,4,1,3
NZ_CP035858.1,11,8,5,3
NZ_CP035857.1,8,6,5,1
NZ_CP045755.1,3,3,3,0
NZ_CP045756.1,4,3,0,3
NZ_CP097664.1,2,2,1,1
NZ_CP097665.1,9,8,4,4
NZ_CP097666.1,19,20,16,4
NZ_CP097667.1,14,10,8,2
NZ_CP097668.1,21,26,19,7
NZ_CP097669.1,5,6,2,4
NC_007949.1,11,11,9,2
NC_007950.1,22,17,13,4
NZ_CP068137.1,3,1,1,0
NZ_CP095725.1,3,3,2,1
NZ_CP046167.1,41,39,31,8
NZ_CP046168.1,4,4,3,1
NZ_CP046169.1,3,3,3,0
NZ_CP103446.1,4,2,1,1
NZ_CP125998.1,3,2,0,2
NZ_CP027311.1,3,11,2,9
NZ_CP014295.1,6,3,1,2
NZ_CP014296.1,8,8,8,0
NZ_CP014297.1,9,12,10,2
NZ_CP014298.1,3,3,2,1
NZ_CP014299.1,6,7,5,2
NZ_CP066840.1,21,20,16,4
NZ_CP066841.1,9,13,11,2
NZ_AP019717.1,11,15,11,4
NZ_CP022346.1,11,14,6,8
NZ_CP070149.1,2,5,3,2
NZ_CP070150.1,14,14,7,7
NC_021289.1,2,2,1,1
NC_021295.1,4,4,3,1
NZ_CP065124.1,2,2,1,1
NZ_CP065123.1,4,5,3,2
NZ_CP065122.1,3,1,0,1
NZ_CP116511.1,1,0,0,0
NZ_CP116512.1,1,1,0,1
NZ_CP136602.1,28,28,21,7
NZ_CP136603.1,20,18,17,1
NZ_CP136604.1,5,5,5,0
NZ_CP136605.1,7,7,4,3
NZ_CP136606.1,2,1,1,0
NZ_CP026024.1,15,26,14,12
NZ_CP026025.1,8,6,5,1
NZ_CP060133.1,23,25,21,4
NZ_CP109806.1,5,5,5,0
NZ_CP118441.1,17,15,10,5
NZ_CP026693.1,4,3,2,1
NZ_CP101772.1,6,8,5,3
NZ_CP101774.1,20,30,16,14
NZ_CP101775.1,12,11,9,2
NZ_CP116189.1,18,25,15,10
NZ_CP032539.1,1,0,0,0
NC_022782.1,2,2,2,0
NZ_CP031346.1,17,19,6,13
NZ_CP064404.1,7,4,3,1
NZ_CP038304.1,9,9,5,4
NZ_CP029887.1,15,14,13,1
NZ_CP045351.1,4,8,2,6
NZ_CP135523.1,3,8,6,2
NZ_CP135524.1,4,7,5,2
NZ_CP107183.1,18,13,11,2
NZ_CP100310.1,7,12,9,3
NZ_CP100309.1,11,5,4,1
NZ_CP062998.1,14,11,9,2
NZ_CP062999.1,15,10,6,4
NZ_CP014321.1,10,9,7,2
NZ_CP014320.1,14,15,10,5
NZ_CP090394.1,27,32,23,9
NZ_CP090395.1,18,21,16,5
NZ_CP123054.1,3,1,0,1
NZ_OU015710.1,6,4,3,1
NZ_OU015709.1,42,38,33,5
NZ_OU015711.1,10,11,9,2
NC_022883.1,3,5,4,1
NC_022879.1,3,7,3,4
NZ_CP065344.1,12,20,10,10
NZ_CP065345.1,14,9,8,1
NZ_CP065346.1,5,7,5,2
NZ_CP084503.1,21,27,18,9
NZ_CP084504.1,11,14,10,4
NZ_OW970487.1,17,12,7,5
NZ_CP084638.1,3,1,1,0
NZ_CP072962.1,35,26,18,8
NZ_CP072963.1,32,24,24,0
NZ_CP131920.1,8,8,8,0
NZ_CP131917.1,31,35,27,8
NZ_CP065690.1,4,5,4,1
NZ_CP079674.1,24,25,15,10
NZ_CP079676.1,1,0,0,0
NZ_CP079682.1,1,1,1,0
NZ_CP084882.1,14,33,9,24
NZ_CP084883.1,5,8,3,5
NZ_CP084884.1,4,12,6,6
NZ_CP084885.1,12,16,7,9
NZ_CP109593.1,2,2,2,0
NZ_CP066375.1,3,3,2,1
NZ_CP066374.1,1,1,0,1
NZ_CP066373.1,4,4,4,0
NZ_CP038909.1,22,21,11,10
NZ_CP038910.1,14,14,7,7
NZ_CP038911.1,8,7,4,3
NZ_CP038912.1,14,13,4,9
NZ_CP097386.1,21,23,12,11
NZ_CP097387.1,2,1,1,0
NZ_CP097388.1,7,7,6,1
NZ_CP097389.1,9,9,7,2
NZ_CP056049.1,11,19,13,6
NZ_CP056050.1,19,24,18,6
NZ_CP056051.1,24,41,21,20
NZ_CP114854.1,25,36,23,13
NZ_CP114855.1,21,22,17,5
NZ_CP114856.1,2,1,1,0
NC_014390.1,2,2,2,0
NC_014389.1,10,4,3,1
NZ_CP135277.1,5,17,9,8
NZ_CP135278.1,3,3,3,0
NZ_CP135279.1,2,2,2,0
NZ_CP135280.1,1,1,1,0
NZ_CP135281.1,3,4,2,2
NZ_CP089210.1,13,11,10,1
NZ_CP014530.1,46,46,35,11
NZ_CP014531.1,6,7,6,1
NZ_CP014534.1,1,1,0,1
NZ_CP014535.1,3,3,2,1
NZ_CP086621.1,16,17,11,6
NZ_CP020826.1,4,4,3,1
NZ_CP098132.1,14,20,13,7
NZ_CP098133.1,12,14,8,6
NZ_CP013725.1,3,3,2,1
NZ_CP080955.1,14,11,8,3
NZ_CP101177.1,3,3,1,2
NZ_LN879503.1,7,9,5,4
NZ_AP025684.1,2,1,1,0
NZ_CP102755.1,6,1,0,1
NZ_CP029091.1,3,2,2,0
NZ_CP029092.1,5,1,1,0
NZ_CP029094.1,8,7,5,2
NZ_CP010069.1,4,14,1,13
NZ_CP047287.1,2,3,0,3
NZ_CP047288.1,11,15,9,6
NZ_CP023030.1,4,4,4,0
NZ_CP076319.1,4,5,3,2
NZ_CP076320.1,3,3,1,2
NZ_CP076314.1,5,5,4,1
NZ_CP076315.1,8,11,7,4
NZ_CP065163.1,5,4,3,1
NZ_CP065164.1,26,32,24,8
NZ_CP065165.1,2,2,1,1
NZ_CP031671.1,4,4,4,0
NZ_CP096290.1,14,9,7,2
NZ_CP128615.1,10,12,6,6
NZ_CP128614.1,15,17,11,6
NZ_CP023658.1,21,22,18,4
NZ_CP023659.1,1,1,0,1
NZ_CP023660.1,1,1,1,0
NZ_CP085040.1,4,6,3,3
NZ_CP098522.1,22,29,19,10
NZ_AP022566.1,5,6,3,3
NZ_CP073020.1,2,4,2,2
NZ_CP073018.1,8,2,1,1
NZ_CP073019.1,3,1,1,0
NZ_CP072397.1,1,3,2,1
NZ_CP020755.1,12,26,20,6
NZ_CP020756.1,2,5,5,0
NZ_CP020757.1,1,8,6,2
NC_022047.1,9,7,6,1
NZ_CP041641.1,6,6,4,2
NZ_CP041640.1,23,25,21,4
NZ_CP041642.1,12,9,5,4
NZ_CP144304.1,21,29,16,13
NZ_CP144305.1,11,12,9,3
NZ_CP063751.1,3,3,1,2
NZ_CP109964.1,16,12,12,0
NZ_CP065714.1,19,12,8,4
NZ_CP065716.1,1,3,2,1
NZ_CP022191.1,6,6,1,5
NZ_CP022193.1,1,1,1,0
NZ_CP022195.1,3,3,1,2
NZ_CP066033.1,3,2,1,1
NZ_CP066034.1,5,3,1,2
NZ_CP029448.1,19,23,10,13
NZ_CP029445.1,1,0,0,0
NZ_CP029447.1,4,3,3,0
NZ_CP029446.1,11,7,5,2
NZ_CP041288.1,2,2,2,0
NZ_CP019487.1,12,13,9,4
NZ_CP019486.1,17,20,10,10
NZ_CP092665.1,3,0,0,0
NZ_CP092667.1,6,7,3,4
NZ_CP092668.1,2,2,0,2
NZ_CP092669.1,7,12,7,5
NZ_CP092670.1,7,6,4,2
NZ_CP092671.1,9,5,2,3
NZ_CP026584.1,16,16,13,3
NZ_CP097366.1,2,1,0,1
NZ_CP097364.1,16,17,12,5
NZ_CP097365.1,8,10,4,6
NZ_CP077202.1,17,11,8,3
NZ_CP077203.1,2,3,2,1
NZ_CP077204.1,6,8,2,6
NZ_CP028184.1,3,2,1,1
NZ_CP044176.1,2,3,0,3
NZ_OX460964.1,7,6,6,0
NZ_OX460965.1,2,1,0,1
NZ_CP067421.1,75,83,50,33
NZ_CP067422.1,6,5,5,0
NZ_CP067423.1,24,22,15,7
NZ_CP067424.1,8,2,1,1
NZ_CP067425.2,1,0,0,0
NZ_AP022015.1,29,27,21,6
NZ_AP022016.1,26,30,24,6
NZ_AP022017.1,10,9,7,2
NZ_AP022018.1,10,9,5,4
NZ_AP022019.1,2,3,3,0
NZ_CP135226.1,17,20,14,6
NZ_CP135225.1,1,1,1,0
NZ_CP019954.1,16,17,6,11
NZ_CP051400.1,12,13,10,3
NZ_CP021163.1,7,10,6,4
NZ_CP024166.1,4,6,4,2
NZ_CP024167.1,5,5,5,0
NZ_CP018714.1,9,11,10,1
NZ_CP018716.1,8,8,7,1
NZ_CP018717.1,4,2,2,0
NZ_CP018718.1,10,12,8,4
NZ_CP034185.1,2,3,1,2
NZ_CP034186.1,18,23,10,13
NZ_CP034187.1,9,9,2,7
NZ_CP034189.1,2,2,1,1
NZ_CP085292.1,4,7,4,3
NZ_CP085293.1,2,2,2,0
NZ_CP062772.1,5,7,3,4
NZ_CP107360.1,17,18,16,2
NZ_CP043057.1,8,9,7,2
NZ_CP043058.1,4,2,1,1
NZ_CP043059.1,4,4,4,0
NZ_CP091568.1,2,3,2,1
NZ_CP091567.1,1,1,1,0
NZ_CP074353.1,2,3,2,1
NZ_CP035044.1,2,2,2,0
NZ_CP023678.1,2,1,0,1
NZ_CP023679.1,2,2,0,2
NZ_CP023681.1,1,0,0,0
NZ_CP015616.1,8,18,10,8
NZ_CP015617.1,3,3,2,1
NZ_CP015621.1,1,1,1,0
NZ_AP019754.1,1,1,1,0
NZ_CP081276.1,4,6,0,6
NZ_CP046007.1,9,11,9,2
NZ_CP046008.1,5,6,5,1
NZ_CP048828.1,8,17,6,11
NZ_CP020838.1,22,22,17,5
NZ_CP020839.1,2,3,1,2
NZ_CP020840.1,1,0,0,0
NZ_CP104666.1,15,17,12,5
NZ_CP128917.1,15,17,11,6
NZ_CP128918.1,3,2,1,1
NZ_CP027367.1,6,9,4,5
NZ_CP101658.1,1,0,0,0
NZ_CP101659.1,2,0,0,0
NZ_CP108537.1,2,3,1,2
NZ_CP047421.1,6,5,4,1
NZ_CP040315.1,8,8,5,3
NZ_CP023286.1,2,4,1,3
NZ_CP023287.1,5,13,5,8
NZ_CP072609.1,1,0,0,0
NZ_CP038379.1,5,7,4,3
NZ_CP038378.1,1,1,1,0
NZ_CP056553.1,7,11,7,4
NZ_CP062072.1,25,19,10,9
NZ_CP062073.1,4,2,1,1
NZ_CP082026.1,40,47,27,20
NZ_CP082025.1,21,21,20,1
NZ_CP034802.1,5,8,6,2
NZ_CP127311.1,11,17,8,9
NZ_CP127310.1,7,6,4,2
NZ_CP127312.1,7,10,7,3
NZ_AP017296.1,11,10,7,3
NZ_AP017297.1,1,0,0,0
NZ_CP107499.1,19,23,19,4
NZ_CP107500.1,16,16,14,2
NZ_CP140266.1,1,0,0,0
NZ_CP140270.1,3,6,3,3
NZ_CP140271.1,2,1,0,1
NZ_CP034999.1,28,38,17,21
NZ_CP035000.1,15,19,9,10
NZ_CP035001.1,13,14,7,7
NZ_CP035002.1,15,14,10,4
NZ_CP117169.1,5,2,2,0
NZ_CP117170.1,2,0,0,0
NZ_CP117172.1,1,0,0,0
NZ_CP117173.1,1,1,1,0
NZ_CP048575.1,12,11,7,4
NZ_CP048577.1,4,7,3,4
NZ_CP048578.1,7,7,4,3
NZ_CP048579.1,1,2,2,0
NZ_CP048580.1,1,0,0,0
NZ_CP048581.1,1,0,0,0
NZ_CP018203.1,3,3,3,0
NZ_CP018204.1,5,5,4,1
NZ_CP021686.1,14,14,8,6
NZ_CP021687.1,12,7,5,2
NZ_CP021688.1,15,12,8,4
NZ_CP014271.1,13,13,7,6
NC_011350.1,6,8,6,2
NZ_CP049367.1,2,1,0,1
NZ_AP025478.1,9,20,7,13
NZ_AP025479.1,5,15,2,13
NZ_CP033847.1,12,15,11,4
NZ_CP033848.1,1,1,1,0
NZ_CP135271.1,23,24,15,9
NZ_CP044958.1,15,14,12,2
NZ_CP044959.1,3,5,2,3
NZ_CP044960.1,4,4,0,4
NZ_LT571450.1,3,5,3,2
NZ_CP132632.1,47,57,43,14
NZ_CP018961.1,27,26,19,7
NZ_CP018960.1,8,12,9,3
NZ_CP018958.1,2,2,0,2
NZ_CP018959.1,2,2,1,1
NZ_CP032467.1,7,5,3,2
NZ_CP025245.1,6,5,4,1
NZ_CP119810.1,2,3,0,3
NZ_CP119812.1,1,1,1,0
NZ_CP119813.1,1,1,0,1
NZ_CP069550.1,1,1,1,0
NZ_CP069553.1,1,1,0,1
NZ_CP065286.1,1,0,0,0
NZ_AP025813.1,23,24,19,5
NZ_AP025814.1,1,0,0,0
NZ_CP064769.1,17,19,14,5
NZ_CP064771.1,9,9,5,4
NZ_CP036360.1,9,10,5,5
NZ_CP142029.1,9,19,5,14
NZ_CP014308.1,47,56,25,31
NZ_CP014309.1,46,56,22,34
NZ_CP014310.1,60,103,47,56
NZ_CP014311.1,4,4,3,1
NZ_CP014312.1,2,0,0,0
NC_014298.1,3,5,3,2
NC_014299.1,4,3,0,3
NC_014300.1,1,1,1,0
NC_014301.1,1,1,0,1
NZ_CP084431.1,2,2,1,1
NZ_AP024774.1,2,0,0,0
NZ_AP024773.1,20,18,11,7
NZ_CP039129.1,1,1,0,1
NZ_LN824134.1,19,24,17,7
NZ_LN824135.1,20,13,8,5
NZ_LN824138.1,3,3,2,1
NZ_LN824139.1,1,1,1,0
NZ_CP094524.1,6,6,2,4
NZ_CP099496.1,1,0,0,0
NZ_CP116319.1,6,4,4,0
NZ_CP116323.1,6,3,2,1
NZ_CP116324.1,18,13,9,4
NZ_CP116317.1,23,27,18,9
NZ_CP116318.1,29,25,22,3
NZ_CP119870.1,7,13,6,7
NZ_CP119871.1,14,17,8,9
NZ_CP119872.1,23,20,15,5
NZ_CP065219.1,12,12,4,8
NZ_CP014199.1,10,14,10,4
NZ_CP014200.1,8,9,5,4
NZ_CP094352.1,3,0,0,0
NZ_CP119567.1,1,4,2,2
NZ_CP119568.1,8,8,3,5
NZ_CP119569.1,1,3,1,2
NZ_CP104385.1,24,23,17,6
NZ_CP060523.1,4,5,3,2
NZ_CP060524.1,1,1,1,0
NZ_CP021826.1,9,7,2,5
NZ_CP021827.1,29,30,20,10
NZ_CP021828.1,9,13,8,5
NZ_CP095738.1,4,4,3,1
NZ_CP095739.1,1,1,1,0
NZ_CP107321.1,20,24,16,8
NZ_CP107322.1,12,14,11,3
NZ_CP107324.1,6,7,5,2
NZ_CP016463.1,1,1,1,0
NZ_CP117318.1,1,2,0,2
NZ_CP117320.1,1,1,0,1
NZ_CP083776.1,27,29,23,6
NZ_CP083777.1,5,3,2,1
NZ_CP026959.1,1,1,1,0
NZ_CP089052.1,22,36,28,8
NZ_CP089053.1,25,40,23,17
NZ_CP089054.1,2,2,2,0
NZ_CP031793.1,3,9,6,3
NC_011367.1,1,0,0,0
NZ_CP129840.1,10,6,4,2
NZ_CP129839.1,18,16,14,2
NZ_CP016195.1,27,40,23,17
NZ_CP016196.1,8,14,6,8
NZ_CP016197.1,9,12,8,4
NZ_CP016198.1,8,13,7,6
NZ_CP032406.1,16,16,5,11
NZ_CP032407.1,4,5,3,2
NZ_CP032408.1,5,4,1,3
NZ_CP032409.1,4,5,3,2
NC_016825.1,11,9,9,0
NZ_CP064880.1,2,1,0,1
NZ_CP064881.1,12,8,8,0
NZ_CP064882.1,12,20,12,8
NZ_CP064884.1,5,3,3,0
NZ_CP064885.1,2,0,0,0
NZ_CP064887.1,1,0,0,0
NZ_CP064889.1,1,1,0,1
NZ_CP064892.1,1,0,0,0
NZ_CP064893.1,1,1,0,1
NZ_CP135466.1,6,2,2,0
NZ_CP135467.1,4,6,5,1
NZ_CP135468.1,4,4,3,1
NZ_CP070535.1,12,8,6,2
NZ_CP028684.1,2,6,3,3
NZ_CP024265.1,29,41,16,25
NZ_CP056382.1,30,26,20,6
NZ_CP086266.1,66,71,59,12
NZ_CP031949.1,8,4,4,0
NZ_CP083581.1,1,1,1,0
NZ_CP043297.1,12,13,10,3
NZ_CP043296.1,3,3,3,0
NZ_CP070178.1,4,3,3,0
NZ_CP070187.1,1,1,0,1
NZ_CP013750.1,1,3,0,3
NZ_CP013751.1,3,3,3,0
NZ_CP013752.1,4,1,1,0
NZ_CP020090.1,6,7,6,1
NZ_CP020091.1,11,26,15,11
NZ_CP032488.1,7,5,4,1
NZ_CP089469.1,30,25,19,6
NZ_CP089470.1,2,2,1,1
NZ_CP063761.1,15,14,13,1
NZ_CP063760.1,19,30,16,14
NZ_CP063762.1,8,8,6,2
NZ_CP063763.1,1,3,1,2
NZ_CP062233.1,1,6,3,3
NZ_CP094535.1,2,1,1,0
NZ_CP094536.1,2,1,1,0
NZ_CP094537.1,4,0,0,0
NZ_CP094538.1,2,1,1,0
NZ_CP115690.1,16,13,10,3
NZ_CP115691.1,7,6,5,1
NZ_CP050361.1,14,9,5,4
NZ_CP050364.1,16,20,16,4
NZ_CP050365.1,1,0,0,0
NZ_CP050367.1,9,8,7,1
NZ_CP050368.1,1,0,0,0
NZ_CP017937.1,5,1,1,0
NZ_CP017936.1,4,4,4,0
NZ_CP017935.1,8,7,6,1
NZ_OX411214.1,42,32,20,12
NZ_CP133420.1,1,0,0,0
NZ_CP015165.1,10,12,7,5
NZ_CP015166.1,3,2,0,2
NZ_CP015167.1,4,4,3,1
NZ_CP094340.1,10,16,10,6
NZ_CP094341.1,4,3,1,2
NZ_CP094342.1,2,3,3,0
NZ_CP035998.1,24,40,31,9
NZ_CP062712.1,5,7,3,4
NZ_CP098224.1,7,22,5,17
NZ_CP098225.1,7,11,8,3
NZ_CP091211.1,13,15,11,4
NZ_CP091212.1,8,8,7,1
NZ_CP047766.1,23,18,15,3
NZ_CP047767.1,1,0,0,0
NZ_CP101374.1,1,1,1,0
NZ_CP014916.1,3,5,4,1
NZ_CP014918.1,7,5,4,1
NZ_CP014919.1,1,1,1,0
NZ_CP014920.1,1,1,0,1
NZ_CP014923.1,2,3,1,2
NZ_CP015032.1,7,5,2,3
NZ_CP047193.1,20,26,14,12
NZ_CP047194.1,14,16,13,3
NZ_CP047195.1,7,9,6,3
NZ_CP043496.1,13,16,11,5
NZ_CP137463.1,26,29,23,6
NZ_CP137464.1,8,8,8,0
NZ_CP137462.1,2,4,2,2
NZ_CP041152.1,3,4,2,2
NZ_CP012988.3,16,18,11,7
NZ_CP012990.1,5,5,4,1
NZ_CP012989.1,17,24,18,6
NZ_CP055295.1,21,29,16,13
NZ_CP055296.1,11,12,9,3
NZ_CP055297.1,7,7,6,1
NZ_CP128480.1,8,10,7,3
NZ_CP128481.1,10,12,5,7
NZ_CP128482.1,9,8,3,5
NZ_CP128483.1,2,1,1,0
NZ_CP074144.1,15,20,12,8
NZ_CP074145.1,6,12,4,8
NZ_CP098362.1,3,3,3,0
NZ_CP098363.1,11,10,6,4
NZ_CP041985.1,1,1,1,0
NZ_CP024609.1,3,2,2,0
NC_006462.1,8,3,3,0
NC_021734.1,6,9,6,3
NZ_CP068681.1,5,9,3,6
NZ_AP025151.1,2,2,2,0
NZ_CP034385.1,2,6,3,3
NZ_AP022296.1,7,7,6,1
NZ_CP071191.1,6,5,4,1
NZ_CP018998.1,13,14,14,0
NZ_CP018999.1,18,18,14,4
NZ_CP020890.1,8,5,4,1
NZ_CP020891.1,3,1,1,0
NZ_CP130539.1,8,9,9,0
NZ_CP070021.1,15,19,13,6
NZ_CP070022.1,13,13,8,5
NZ_CP088110.1,10,11,8,3
NZ_CP088111.1,33,55,27,28
NZ_CP088112.1,10,16,6,10
NZ_CP027455.1,3,1,1,0
NZ_CP027456.1,15,21,9,12
NZ_CP057067.1,11,12,11,1
NZ_CP057068.1,20,25,21,4
NZ_CP071901.1,2,2,1,1
NZ_CP015816.1,7,12,6,6
NZ_CP028649.1,5,7,4,3
NZ_CP044381.1,19,24,18,6
NZ_CP044382.1,5,7,4,3
NZ_CP044383.1,1,1,1,0
NZ_CP130702.1,1,1,0,1
NC_017032.1,2,1,1,0
NZ_CP012461.1,37,43,32,11
NZ_CP012462.1,2,1,1,0
NZ_CP012463.1,3,2,1,1
NZ_CP012464.1,6,6,3,3
NZ_CP092919.1,4,4,0,4
NZ_CP092920.1,1,1,0,1
NZ_CP092922.1,1,2,1,1
NZ_CP049082.1,19,22,13,9
NZ_CP141662.1,23,23,18,5
NZ_CP141663.1,20,21,14,7
NZ_CP141664.1,6,10,5,5
NZ_CP081475.1,2,2,2,0
NZ_CP099536.1,1,4,1,3
NZ_CP099537.1,5,10,1,9
NZ_CP117992.1,4,3,3,0
NZ_CP117991.1,6,3,2,1
NZ_CP085176.1,2,5,1,4
NZ_CP123491.1,7,4,4,0
NZ_CP123492.1,10,8,2,6
NZ_CP123493.1,6,3,2,1
NZ_CP123494.1,9,8,3,5
NZ_CP123495.1,5,2,2,0
NZ_CP123496.1,7,6,4,2
NZ_CP119541.1,19,20,13,7
NZ_CP133876.1,16,23,12,11
NZ_CP133877.1,10,10,8,2
NZ_CP133878.1,1,1,0,1
NZ_CP133879.1,6,6,5,1
NZ_CP133880.1,4,4,4,0
NZ_CP133881.1,1,0,0,0
NZ_CP071294.1,4,6,4,2
NZ_CP086948.1,29,25,12,13
NZ_CP086949.1,8,10,6,4
NZ_CP086950.1,1,1,1,0
NZ_CP086951.1,5,3,1,2
NZ_CP086952.1,1,0,0,0
NZ_CP027441.1,5,11,3,8
NZ_LR890607.1,15,17,13,4
NZ_LR890608.1,1,1,1,0
NZ_LR890609.1,1,0,0,0
NZ_LR890610.1,8,6,4,2
NZ_CP084759.1,12,9,4,5
NZ_CP084760.1,2,0,0,0
NZ_AP027947.1,20,17,11,6
NZ_AP027948.1,2,1,1,0
NZ_AP027949.1,1,2,2,0
NZ_CP056748.1,8,12,7,5
NZ_CP025421.1,2,2,2,0
NZ_CP122873.1,2,2,2,0
NZ_CP122874.1,22,27,11,16
NZ_CP028919.1,6,10,4,6
NZ_CP028920.1,7,7,4,3
NZ_CP028921.1,3,3,1,2
NZ_CP047236.1,5,5,1,4
NC_012732.1,7,5,3,2
NZ_CP011162.1,2,3,2,1
NZ_CP011161.1,6,6,4,2
NZ_CP129698.1,6,7,4,3
NZ_CP129701.1,3,1,1,0
NZ_CP129699.1,19,23,18,5
NZ_CP047536.1,14,15,11,4
NZ_CP040237.1,28,37,30,7
NZ_CP040238.1,13,11,10,1
NZ_LR135476.1,35,49,37,12
NZ_LR135477.1,7,7,6,1
NZ_CP020596.1,25,28,18,10
NZ_CP015239.1,12,10,3,7
NZ_CP009683.1,4,5,1,4
NZ_CP082800.1,55,73,45,28
NZ_CP082801.1,3,3,3,0
NZ_CP082802.1,1,2,1,1
NZ_CP082803.1,2,3,3,0
NZ_CP096730.1,2,2,2,0
NZ_CP082930.1,4,13,2,11
NZ_CP082931.1,4,5,5,0
NZ_CP071528.1,7,8,2,6
NZ_CP071529.1,4,4,2,2
NZ_LR134122.1,2,4,1,3
NZ_LR134124.1,3,3,0,3
NZ_LR134125.1,1,0,0,0
NZ_LR134127.1,1,3,0,3
NZ_LR134132.1,4,2,0,2
NZ_CP091062.1,16,26,12,14
NZ_CP091063.1,7,8,5,3
NZ_CP084952.1,6,10,4,6
NZ_CP084953.1,8,10,6,4
NZ_CP084954.1,1,1,0,1
NZ_CP084955.1,17,19,7,12
NZ_CP084956.1,6,5,3,2
NZ_CP084957.1,1,0,0,0
NZ_CP027411.1,13,10,7,3
NZ_CP136525.1,4,4,4,0
NZ_CP019258.1,1,2,0,2
NZ_CP132706.1,13,11,10,1
NZ_CP132707.1,3,4,3,1
NZ_AP024199.1,1,0,0,0
NZ_CP041964.1,3,9,9,0
NZ_CP124867.1,12,14,12,2
NZ_CP124868.1,2,2,0,2
NZ_CP124869.1,4,5,2,3
NZ_CP124870.1,1,1,1,0
NZ_CP101186.1,11,8,8,0
NZ_CP101187.1,11,8,8,0
NZ_CP101188.1,3,2,2,0
NZ_CP133132.1,3,6,3,3
NZ_CP133131.1,3,4,3,1
NZ_AP023050.1,3,4,4,0
NZ_CP070282.2,7,10,3,7
NZ_CP070283.2,13,17,8,9
NZ_CP086611.1,4,4,2,2
NZ_CP086612.1,24,18,9,9
NZ_CP086613.1,5,4,3,1
NZ_CP086614.1,2,1,0,1
NZ_CP065638.1,3,5,2,3
NC_019956.1,1,1,1,0
NZ_CP081852.1,4,5,4,1
NZ_CP081853.1,2,3,2,1
NZ_CP101601.1,2,3,2,1
NZ_CP017461.1,2,7,3,4
NZ_CP038175.1,3,3,3,0
NZ_CP069678.1,13,16,10,6
NZ_CP069679.1,2,2,2,0
NZ_CP069680.1,1,1,1,0
NZ_CP138715.1,34,46,33,13
NZ_CP138716.1,13,14,8,6
NZ_CP098835.1,14,13,9,4
NZ_CP142830.1,3,5,5,0
NZ_CP029177.1,6,10,3,7
NZ_CP029178.1,6,4,0,4
NZ_CP029179.1,1,3,2,1
NZ_CP121651.1,53,78,45,33
NZ_CP040048.1,4,6,4,2
NZ_CP093292.1,11,15,12,3
NZ_CP012569.1,6,5,3,2
NZ_CP012571.1,15,13,8,5
NZ_CP012572.1,10,13,10,3
NZ_CP097096.1,1,0,0,0
NZ_CP097097.1,2,1,0,1
NZ_CP097098.1,9,9,7,2
NZ_CP141542.1,22,33,19,14
NZ_CP141544.1,4,4,3,1
NZ_CP031809.1,44,58,39,19
NZ_CP014005.1,5,8,5,3
NZ_CP014006.1,5,4,4,0
NZ_CP078005.1,7,9,7,2
NZ_CP084223.1,5,8,4,4
NZ_CP084224.1,6,6,3,3
NZ_CP084225.1,2,2,2,0
NZ_CP084226.1,2,5,3,2
NZ_CP084227.1,3,4,0,4
NZ_CP084228.1,3,3,2,1
NZ_CP040819.1,1,2,0,2
NZ_CP040823.1,3,1,1,0
NZ_CP027122.1,4,4,4,0
NZ_CP027121.1,3,3,3,0
NZ_CP032340.1,7,8,2,6
NZ_CP032341.1,1,1,0,1
NZ_CP032342.1,14,18,9,9
NZ_CP032344.1,3,5,2,3
NZ_CP038335.1,7,7,4,3
NZ_AP028411.1,5,2,2,0
NZ_AP028410.1,4,4,4,0
NZ_CP079187.1,23,18,14,4
NZ_CP079188.1,9,7,5,2
NZ_CP079189.1,1,1,0,1
NZ_CP032223.1,2,5,2,3
NZ_CP032226.1,9,8,5,3
NZ_CP032227.1,10,12,10,2
NZ_CP094829.1,8,9,5,4
NC_017665.1,5,4,3,1
NZ_CP020988.2,2,4,2,2
NZ_CP089396.1,9,10,10,0
NZ_CP089397.1,11,10,9,1
NZ_CP089398.1,2,2,2,0
NZ_CP042916.1,4,4,3,1
NZ_CP042915.1,37,36,28,8
NC_017345.1,2,1,1,0
NZ_CP019205.1,1,2,0,2
NZ_CP046053.1,3,3,3,0
NZ_CP046054.1,5,3,2,1
NZ_CP081283.1,2,4,2,2
NZ_CP096914.1,14,8,5,3
NZ_CP089449.1,6,4,2,2
NZ_CP107353.1,15,21,14,7
NZ_CP107354.1,17,16,14,2
NZ_CP107356.1,8,9,5,4
NZ_CP093250.1,15,17,13,4
NZ_CP093251.1,1,1,0,1
NZ_CP093252.1,1,1,1,0
NZ_CP093253.1,1,0,0,0
NZ_CP039215.1,75,83,47,36
NZ_CP039216.1,17,14,10,4
NZ_CP039217.1,11,12,5,7
NZ_CP039218.1,2,3,1,2
NC_008382.1,25,39,21,18
NC_008383.1,2,2,2,0
NC_008379.1,4,5,2,3
NC_008381.1,12,16,4,12
NC_008384.1,6,5,2,3
NC_008378.1,6,6,3,3
NZ_CP092568.1,1,0,0,0
NZ_CP089881.1,24,24,18,6
NZ_CP045394.1,6,8,3,5
NZ_CP130535.1,4,4,4,0
NZ_CP059333.1,14,19,15,4
NZ_CP072607.1,13,13,8,5
NZ_CP066837.1,7,12,9,3
NZ_CP066838.1,4,3,1,2
NZ_CP127315.1,1,0,0,0
NZ_CP063903.1,14,19,16,3
NZ_CP132650.1,13,19,10,9
NZ_CP117031.1,1,0,0,0
NZ_CP086202.1,4,4,2,2
NZ_AP026404.1,1,0,0,0
NZ_AP026405.1,4,3,2,1
NZ_AP026406.1,1,2,2,0
NZ_CP061724.1,27,26,16,10
NZ_CP009463.1,4,9,6,3
NZ_CP080077.1,7,6,4,2
NZ_CP080076.1,19,23,16,7
NZ_CP042351.1,3,4,3,1
NZ_CP129720.1,8,11,8,3
NZ_CP129719.1,11,11,6,5
NZ_CP009862.1,10,7,3,4
NZ_CP009860.1,12,12,8,4
NZ_CP042494.1,32,31,26,5
NZ_CP042495.1,14,23,12,11
NZ_CP042496.1,10,10,7,3
NZ_CP074417.1,3,3,2,1
NZ_CP033927.1,2,0,0,0
NZ_CP099509.1,1,0,0,0
NZ_CP099992.1,4,0,0,0
NZ_CP032079.1,8,9,9,0
NZ_CP032080.1,13,19,12,7
NZ_AP024799.1,2,6,4,2
NZ_AP024800.1,1,1,1,0
NZ_CP012944.1,14,21,9,12
NZ_CP025556.1,3,3,2,1
NZ_CP012348.1,4,4,1,3
NZ_CP030090.1,3,2,2,0
NZ_CP030091.1,3,2,2,0
NZ_CP077625.1,7,4,3,1
NZ_CP077626.1,1,1,1,0
NZ_OU659119.1,6,19,10,9
NZ_CP117366.1,8,8,7,1
NZ_CP098742.1,5,5,5,0
NZ_CP011375.1,1,1,1,0
NZ_CP023959.1,12,13,10,3
NZ_CP023957.1,3,3,2,1
NZ_CP130688.1,1,1,1,0
NZ_CP130689.1,12,13,11,2
NZ_CP130686.1,11,14,10,4
NZ_CP130690.1,19,25,17,8
NZ_CP069398.1,15,12,8,4
NZ_CP069407.1,1,1,1,0
NZ_CP069399.1,12,11,8,3
NZ_CP069417.1,1,1,1,0
NZ_CP069400.1,1,1,0,1
NZ_CP069401.1,1,0,0,0
NZ_CP069402.1,3,0,0,0
NZ_CP069403.1,1,0,0,0
NZ_CP069406.1,1,1,1,0
NZ_CP047660.1,13,22,9,13
NZ_CP047659.1,22,22,17,5
NZ_CP028562.2,1,0,0,0
NZ_CP028563.1,1,0,0,0
NZ_CP028566.1,4,4,3,1
NZ_CP028565.1,2,1,1,0
NZ_CP028567.2,36,27,22,5
NZ_CP070546.1,2,1,0,1
NZ_CP070545.1,24,29,18,11
NZ_CP034201.1,14,39,26,13
NZ_CP034202.1,3,5,3,2
NZ_CP030791.1,14,20,11,9
NZ_CP056952.1,14,11,4,7
NZ_CP032824.1,1,1,0,1
NZ_CP058113.1,21,21,14,7
NZ_CP058114.1,4,2,2,0
NZ_CP081914.1,3,0,0,0
NZ_CP081915.1,2,0,0,0
NZ_CP137558.1,4,4,1,3
NZ_CP048785.1,2,5,3,2
NZ_CP048786.1,1,1,1,0
NZ_CP119397.1,1,1,1,0
NZ_CP119396.1,2,1,1,0
NZ_CP100699.1,14,15,13,2
NZ_CP101120.1,14,19,15,4
NZ_CP116911.1,12,20,16,4
NZ_CP071223.1,6,5,4,1
NZ_CP060980.1,9,14,9,5
NZ_CP060981.1,6,4,3,1
NZ_CP060983.1,1,0,0,0
NZ_CP060982.1,7,6,5,1
NZ_CP016838.1,30,28,21,7
NZ_AP019778.1,6,5,3,2
NZ_CP103578.1,17,18,17,1
NZ_CP068794.1,4,6,4,2
NZ_CP068793.1,10,17,15,2
NZ_CP126956.1,11,15,7,8
NZ_CP066152.1,21,29,16,13
NZ_CP066153.1,11,12,9,3
NZ_CP066154.1,7,7,6,1
NZ_CP065969.1,1,1,0,1
NZ_CP065971.1,6,17,4,13
NZ_CP043229.1,3,3,2,1
NZ_CP043230.1,16,21,9,12
NZ_CP043228.1,8,9,5,4
NZ_CP132925.1,7,4,3,1
NZ_CP108539.1,6,2,1,1
NZ_CP071893.1,5,9,3,6
NZ_CP071894.1,8,12,4,8
NZ_CP071895.1,3,5,3,2
NZ_CP071896.1,5,7,3,4
NZ_CP071897.1,7,6,2,4
NZ_CP071898.1,1,2,2,0
NZ_CP119110.1,4,2,1,1
NZ_CP011920.1,13,14,14,0
NZ_CP034040.1,11,11,8,3
NZ_CP034041.1,4,4,4,0
NZ_CP032313.1,2,1,0,1
NZ_CP032314.1,8,12,5,7
NZ_CP034153.1,7,5,4,1
NZ_CP034154.1,3,2,2,0
NZ_CP034155.1,1,1,1,0
NZ_CP034156.1,48,49,33,16
NZ_CP014437.1,3,5,3,2
NZ_CP062779.1,2,6,2,4
NZ_OV753998.1,22,24,21,3
NZ_OV753999.1,15,15,12,3
NZ_OV754004.1,1,0,0,0
NZ_OV754000.1,5,7,3,4
NC_020531.1,3,3,3,0
NZ_CP061524.1,2,4,2,2
NZ_CP026053.1,1,1,0,1
NZ_CP026054.1,4,4,3,1
NZ_CP071231.1,6,5,4,1
NZ_CP090567.1,2,2,0,2
NZ_CP090566.1,11,20,10,10
NZ_CP081226.1,1,3,1,2
NZ_CP081227.1,1,2,1,1
NZ_CP090990.1,1,0,0,0
NZ_CP074171.1,31,38,20,18
NZ_CP074172.1,11,10,5,5
NZ_CP074173.1,1,2,1,1
NZ_CP074174.1,1,1,1,0
NZ_CP032649.1,5,7,3,4
NZ_CP032650.1,2,2,2,0
NZ_CP108515.1,2,4,3,1
NZ_CP099292.1,3,3,3,0
NZ_CP050379.1,27,32,28,4
NZ_CP050380.1,27,32,24,8
NZ_CP050381.1,5,5,4,1
NZ_CP134531.1,3,2,2,0
NZ_CP035114.1,6,6,1,5
NZ_CP035115.1,8,9,6,3
NZ_CP035116.1,19,20,14,6
NZ_CP035117.1,2,1,0,1
NZ_CP073590.1,1,9,2,7
NZ_CP016158.1,16,21,17,4
NZ_CP044049.1,4,10,4,6
NZ_CP044051.1,16,22,12,10
NZ_CP104144.1,16,27,13,14
NZ_CP104145.1,28,53,32,21
NZ_CP104146.1,14,26,16,10
NZ_CP061627.1,8,12,7,5
NZ_CP045382.1,6,2,1,1
NZ_CP045383.1,7,2,1,1
NZ_CP143002.1,5,6,6,0
NZ_CP143003.1,9,8,8,0
NZ_CP143004.1,1,2,0,2
NZ_CP135654.1,15,21,17,4
NZ_CP135655.1,5,6,2,4
NZ_AP014834.1,5,10,5,5
NZ_CP141576.1,14,17,9,8
NZ_CP092285.1,27,47,20,27
NZ_CP055120.1,11,13,6,7
NZ_CP072182.1,2,3,0,3
NZ_CP072183.1,1,1,1,0
NZ_CP108007.1,2,4,2,2
NZ_CP056373.1,33,30,25,5
NZ_CP056374.1,16,21,11,10
NZ_CP058535.1,49,33,20,13
NZ_CP058536.1,4,5,1,4
NZ_CP058537.1,6,5,4,1
NZ_CP058538.1,5,5,3,2
NZ_CP058540.1,1,0,0,0
NZ_CP050710.1,7,8,5,3
NZ_CP050711.1,4,5,3,2
NZ_CP106861.1,26,58,17,41
NZ_CP094784.1,2,4,3,1
NZ_CP081462.1,5,3,3,0
NZ_CP081463.1,2,2,2,0
NZ_CP081464.1,1,1,0,1
NZ_CP027115.1,3,2,2,0
NZ_CP070426.1,18,12,8,4
NZ_CP070427.1,3,5,2,3
NZ_CP071303.1,6,7,6,1
NZ_CP071304.1,1,2,2,0
NZ_CP071302.1,5,5,4,1
NZ_CP026820.1,43,68,37,31
NZ_OW967004.1,8,11,8,3
NZ_OW967005.1,2,1,1,0
NZ_OW967006.1,4,4,4,0
NZ_OW967008.1,1,1,1,0
NZ_OW967009.1,1,0,0,0
NZ_CP056862.1,22,22,19,3
NZ_CP033461.1,6,4,1,3
NZ_CP117601.1,6,19,9,10
NZ_CP117602.1,2,2,2,0
NZ_CP117603.1,1,6,1,5
NC_017805.1,2,1,1,0
NC_017791.1,25,34,20,14
NC_017771.1,11,11,5,6
NC_017792.1,5,6,2,4
NC_017806.1,1,2,0,2
NC_017793.1,1,1,0,1
NZ_CP110244.1,7,5,3,2
NZ_CP110245.1,7,9,6,3
NZ_CP110246.1,3,7,2,5
NZ_CP107794.1,23,28,14,14
NZ_CP042181.1,9,10,4,6
NZ_CP068690.1,11,21,14,7
NZ_CP068691.1,25,28,21,7
NZ_CP068692.1,16,15,14,1
NZ_CP015246.1,7,11,5,6
NZ_CP045591.1,3,3,2,1
NZ_CP126690.1,5,7,2,5
NZ_CP091513.1,1,6,2,4
NZ_CP091514.1,1,0,0,0
NZ_CP138643.1,9,9,5,4
NZ_CP138645.1,3,3,2,1
NZ_CP138646.1,1,0,0,0
NZ_CP086593.1,5,5,5,0
NZ_CP013787.1,64,82,61,21
NZ_CP013788.1,16,18,13,5
NZ_CP013789.1,3,8,1,7
NZ_CP013790.1,10,13,8,5
NZ_CP013047.2,3,7,2,5
NZ_CP024430.1,11,20,11,9
NZ_CP024431.1,17,12,7,5
NZ_CP096981.1,2,1,0,1
NZ_CP114282.1,25,25,15,10
NZ_CP133845.1,25,31,22,9
NZ_CP133846.1,4,2,2,0
NZ_CP095859.1,5,5,5,0
NZ_CP095857.1,21,22,17,5
NZ_CP095858.1,5,5,4,1
NZ_CP023056.1,2,3,0,3
NZ_CP046516.1,1,0,0,0
NZ_CP046517.1,4,0,0,0
NZ_CP114544.1,1,1,1,0
NZ_CP114545.1,8,5,2,3
NZ_CP037750.1,2,3,2,1
NZ_CP037753.1,8,4,4,0
NZ_CP037751.1,2,2,0,2
NZ_CP037754.1,1,1,0,1
NZ_CP100605.1,22,35,20,15
NZ_CP029441.1,19,24,17,7
NZ_CP029440.1,6,3,2,1
NZ_CP029438.1,5,2,2,0
NZ_CP029442.1,25,17,15,2
NZ_CP029439.1,7,4,3,1
NZ_CP140258.1,21,26,16,10
NZ_CP140259.1,9,11,9,2
NZ_CP133748.1,23,29,22,7
NZ_CP133747.1,5,8,6,2
NZ_CP123246.1,8,12,9,3
NZ_CP123245.1,12,11,11,0
NZ_CP034124.1,21,29,16,13
NZ_CP034125.1,10,10,8,2
NZ_CP034126.1,7,9,6,3
NZ_CP069584.1,22,27,19,8
NZ_CP025732.1,1,1,0,1
NZ_CP020485.1,27,38,29,9
NZ_CP020486.1,10,11,8,3
NZ_CP126877.1,4,4,4,0
NZ_CP045177.1,2,1,0,1
NZ_CP023167.1,23,27,24,3
NZ_CP102779.1,1,0,0,0
NZ_CP103198.1,3,3,1,2
NZ_CP102922.1,36,42,22,20
NZ_CP102923.1,9,11,8,3
NZ_CP102924.1,5,4,4,0
NZ_CP015988.1,9,12,7,5
NZ_CP015989.1,20,15,13,2
NZ_CP092420.1,11,11,4,7
NZ_CP092421.1,33,32,15,17
NZ_CP092422.1,1,3,1,2
NC_019976.1,3,5,3,2
NZ_CP046903.1,5,7,3,4
NZ_AP023258.1,22,13,6,7
NZ_AP023259.1,37,39,18,21
NZ_AP023260.1,21,21,15,6
NZ_CP090450.1,3,12,10,2
NZ_CP090452.1,6,7,3,4
NZ_CP090451.1,5,4,3,1
NZ_CP090449.1,11,13,6,7
NZ_CP038364.1,2,6,3,3
NZ_CP045744.1,10,4,3,1
NZ_CP050179.1,14,8,5,3
NZ_CP050180.1,8,11,7,4
NZ_CP050181.1,2,0,0,0
NZ_CP050182.1,3,2,1,1
NZ_CP094810.1,1,3,2,1
NC_014755.1,3,1,1,0
NC_014756.1,3,0,0,0
NZ_CP058197.1,20,20,17,3
NZ_CP058198.1,17,22,16,6
NC_013531.1,2,2,2,0
NZ_CP012170.1,25,22,20,2
NZ_CP010374.1,5,3,1,2
NZ_CP054609.1,5,6,3,3
NZ_CP054613.1,23,27,18,9
NC_012848.1,17,16,8,8
NC_012853.1,2,6,1,5
NC_012852.1,2,4,1,3
NZ_CP042883.1,14,18,13,5
NZ_CP016164.1,33,42,31,11
NZ_CP016165.1,4,2,2,0
NZ_CP016166.1,9,11,8,3
NZ_CP027222.1,3,4,1,3
NZ_CP027223.1,1,0,0,0
NZ_CP042646.1,5,10,7,3
NZ_CP042647.1,1,2,2,0
NZ_AP021970.1,19,28,18,10
NZ_AP021971.1,5,8,4,4
NZ_CP030312.1,16,23,9,14
NZ_CP091982.1,6,6,5,1
NZ_CP026333.1,36,32,20,12
NZ_CP027067.1,21,22,20,2
NZ_AP022995.1,1,0,0,0
NZ_AP017656.1,7,9,4,5
NZ_AP017657.1,11,7,5,2
NZ_AP017658.1,21,14,10,4
NZ_AP017659.1,10,7,5,2
NZ_AP017660.1,9,4,3,1
NZ_AP017661.1,5,4,3,1
NZ_CP085290.1,3,4,3,1
NZ_CP051717.1,12,12,10,2
NZ_CP103640.1,16,21,16,5
NZ_CP115344.1,9,12,8,4
NC_016833.1,40,65,29,36
NC_016834.1,2,1,0,1
NZ_CP107364.1,17,16,12,4
NZ_CP053863.1,14,20,10,10
NZ_CP138463.1,1,1,1,0
NZ_CP138464.1,1,1,0,1
NZ_CP083182.1,12,18,11,7
NZ_CP091555.1,17,19,14,5
NZ_CP102823.1,1,1,1,0
NZ_CP044962.1,12,13,11,2
NZ_CP027767.1,7,10,3,7
NC_009467.1,38,38,24,14
NC_009468.1,16,20,8,12
NC_009469.1,11,7,5,2
NC_009470.1,2,2,2,0
NC_009471.1,8,9,4,5
NZ_CP092684.1,4,2,1,1
NZ_CP092686.1,3,2,2,0
NZ_CP092687.1,1,1,1,0
NZ_CP092688.1,3,3,2,1
NZ_CP042836.1,6,5,4,1
NZ_CP042837.1,6,7,4,3
NZ_CP042840.1,16,21,17,4
NZ_CP085713.1,9,8,5,3
NZ_CP028595.1,8,8,4,4
NZ_CP028594.1,2,1,0,1
NZ_CP025236.1,8,8,6,2
NZ_CP018964.1,20,25,14,11
NZ_CP018963.1,6,4,3,1
NZ_CP141634.1,23,36,23,13
NZ_CP141633.1,22,22,18,4
NZ_AP021951.1,18,15,11,4
NZ_AP021961.1,1,1,0,1
NZ_AP021952.1,40,49,42,7
NZ_AP021953.1,14,14,9,5
NZ_AP021954.1,4,4,3,1
NZ_AP021955.1,8,12,7,5
NZ_AP021956.1,1,1,0,1
NZ_CP082003.1,19,20,18,2
NZ_CP122967.1,2,2,2,0
NZ_CP122968.1,7,6,5,1
NZ_CP122969.1,5,5,4,1
NZ_CP122970.1,8,6,4,2
NZ_CP122971.1,4,5,3,2
NZ_CP122972.1,2,1,1,0
NZ_CP122973.1,6,8,5,3
NZ_CP051656.1,20,28,11,17
NZ_CP064327.1,1,0,0,0
NZ_CP128135.1,19,26,20,6
NZ_CP128136.1,25,26,24,2
NZ_CP128130.1,5,4,3,1
NZ_CP128131.1,1,4,1,3
NZ_CP014276.1,4,3,1,2
NZ_CP014277.1,5,6,2,4
NZ_CP077705.1,1,1,1,0
NZ_CP097317.1,2,3,2,1
NZ_CP097318.1,7,10,6,4
NZ_CP097319.1,2,2,0,2
NZ_CP044377.1,20,28,18,10
NZ_CP044378.1,8,11,8,3
NC_009897.1,1,2,1,1
NZ_CP023568.1,3,3,0,3
NZ_CP034809.1,7,9,7,2
NZ_CP018116.1,9,11,8,3
NZ_CP018118.1,4,4,3,1
NZ_CP018117.1,12,15,12,3
NZ_CP012493.1,5,11,4,7
NZ_CP012492.1,9,9,5,4
NC_018666.1,11,18,8,10
NC_018659.1,2,1,0,1
NZ_CP099416.1,7,7,5,2
NZ_CP099415.1,16,14,12,2
NZ_CP099414.1,19,29,16,13
NZ_CP113020.1,3,2,2,0
NZ_CP139199.1,7,5,4,1
NZ_CP098191.1,3,1,1,0
NZ_CP135188.1,15,25,12,13
NZ_CP135187.1,2,4,2,2
NZ_CP078095.1,25,29,21,8
NZ_CP084057.1,27,30,23,7
NZ_CP084056.1,15,21,16,5
NZ_CP100424.1,13,14,7,7
NZ_CP025737.1,12,12,10,2
NZ_CP083664.1,1,2,1,1
NZ_CP034959.1,1,1,0,1
NZ_CP034964.1,7,8,8,0
NZ_CP034965.1,5,5,4,1
NZ_CP034963.1,3,3,2,1
NZ_CP042805.1,1,0,0,0
NZ_CP046454.1,1,1,1,0
NZ_CP017364.1,10,12,9,3
NZ_CP017365.1,6,11,6,5
NZ_CP017366.1,4,5,4,1
NZ_CP017367.1,5,3,3,0
NZ_CP017371.1,1,0,0,0
NZ_CP100733.1,10,9,6,3
NZ_CP100734.1,1,2,0,2
NZ_CP091620.1,10,9,9,0
NZ_CP014658.1,14,11,10,1
NZ_LR890210.1,24,28,21,7
NZ_LR890211.1,14,17,11,6
NZ_CP027377.1,1,1,1,0
NZ_CP027378.1,9,10,6,4
NZ_CP027379.1,1,0,0,0
NZ_CP111005.1,16,21,10,11
NZ_CP111006.1,7,6,4,2
NZ_CP106965.1,4,12,4,8
NZ_CP083135.1,13,17,12,5
NZ_CP083138.1,14,16,12,4
NZ_CP083139.1,4,4,3,1
NZ_CP076818.1,7,7,6,1
NZ_CP076819.1,2,2,1,1
NZ_CP076820.1,1,1,1,0
NZ_CP069802.1,26,22,19,3
NZ_CP069803.1,6,8,5,3
NZ_CP069804.1,1,0,0,0
NZ_CP069805.1,1,1,1,0
NZ_CP139489.1,15,15,9,6
NZ_CP139490.1,7,7,6,1
NZ_CP139491.1,5,5,4,1
NZ_CP139492.1,3,3,1,2
NZ_CP036113.1,10,8,7,1
NZ_CP036114.1,12,17,11,6
NZ_CP019582.1,3,3,2,1
NZ_CP024139.1,2,3,1,2
NZ_CP024140.1,23,19,16,3
NZ_CP056115.1,17,13,11,2
NZ_CP053663.1,27,40,28,12
NZ_AP022823.1,9,6,4,2
NZ_CP137019.1,1,1,1,0
NZ_CP137018.1,26,33,15,18
NZ_CP137017.1,53,50,26,24
NZ_AP025731.1,1,1,1,0
NZ_CP043383.1,6,4,3,1
NZ_CP054165.1,7,9,5,4
NZ_CP012062.1,9,13,10,3
NZ_CP012061.1,6,7,4,3
NZ_CP047549.1,15,16,12,4
NZ_CP102814.1,1,1,1,0
NZ_CP063225.1,21,14,13,1
NZ_CP063226.1,11,12,8,4
NZ_CP063227.1,7,6,4,2
NZ_CP007513.1,14,15,11,4
NZ_CP053104.1,12,13,9,4
NZ_CP053105.1,7,9,8,1
NZ_CP071633.1,7,9,4,5
NZ_CP071635.1,9,14,6,8
NZ_CP071637.1,2,4,1,3
NZ_CP065749.1,12,8,4,4
NZ_CP100085.1,21,27,18,9
NZ_CP100086.1,5,6,5,1
NZ_CP083874.1,6,9,6,3
NZ_CP083875.1,18,24,15,9
NZ_CP083876.1,9,11,7,4
NZ_CP080305.1,9,10,7,3
NZ_CP080304.1,19,26,15,11
NZ_CP080306.1,7,7,6,1
NZ_CP120058.1,1,1,1,0
NZ_CP066901.1,22,21,19,2
NZ_CP141593.1,7,6,5,1
NZ_CP061692.1,6,11,7,4
NZ_CP061694.1,7,6,6,0
NZ_CP032653.1,6,6,2,4
NZ_CP059438.1,4,1,1,0
NZ_CP080763.1,2,2,0,2
NZ_CP028692.1,2,6,3,3
NZ_CP073944.1,13,12,10,2
NZ_CP076670.1,1,0,0,0
NZ_CP143942.1,6,5,2,3
NZ_CP143943.1,3,0,0,0
NZ_CP024267.1,2,3,0,3
NZ_CP024268.1,14,23,12,11
NZ_CP088021.1,2,2,2,0
NZ_CP141206.1,16,17,12,5
NZ_CP128928.1,10,13,3,10
NZ_CP128927.1,14,20,14,6
NZ_CP128929.1,2,2,1,1
NC_021987.1,15,19,12,7
NC_021995.1,4,2,2,0
NC_021988.1,9,7,7,0
NZ_CP039472.1,3,4,4,0
NZ_CP104637.1,7,9,7,2
NZ_CP027256.1,3,10,2,8
NZ_CP027257.1,1,1,1,0
NZ_CP127116.1,25,18,10,8
NZ_CP127117.1,2,2,2,0
NZ_CP038848.1,3,3,2,1
NZ_CP053899.1,14,12,8,4
NZ_CP053900.1,4,2,1,1
NZ_CP070171.1,13,12,11,1
NZ_CP116101.1,16,18,10,8
NZ_CP116102.1,4,5,5,0
NZ_CP031889.1,3,4,4,0
NZ_CP021815.1,40,56,29,27
NZ_CP021816.1,23,45,18,27
NZ_CP021817.1,3,12,7,5
NZ_CP021813.1,70,74,52,22
NZ_CP021814.1,14,15,8,7
NZ_CP058545.1,2,4,3,1
NZ_CP058546.1,27,40,23,17
NZ_CP058547.1,6,7,6,1
NZ_CP056568.1,24,32,18,14
NZ_CP071769.1,20,26,15,11
NZ_CP020986.2,2,4,2,2
NZ_CP081154.1,6,10,2,8
NZ_CP047572.1,9,10,6,4
NZ_CP047573.1,19,23,17,6
NZ_CP047574.1,14,13,10,3
NZ_CP045964.1,2,1,1,0
NZ_CP045965.1,3,1,1,0
NZ_CP045966.1,1,1,0,1
NZ_CP014690.1,8,14,7,7
NZ_CP048311.1,13,27,16,11
NZ_CP048312.1,1,3,2,1
NZ_CP048321.1,3,3,0,3
NZ_CP064932.1,26,32,11,21
NZ_CP064934.1,1,1,0,1
NZ_CP064935.1,9,11,5,6
NZ_CP029058.1,14,13,9,4
NZ_CP029059.1,1,0,0,0
NZ_CP029060.1,2,2,1,1
NZ_CP114321.1,28,33,25,8
NZ_CP114322.1,10,9,5,4
NZ_CP123589.1,3,4,0,4
NZ_CP123590.1,6,5,4,1
NZ_CP123591.1,18,27,17,10
NZ_CP015534.1,1,0,0,0
NZ_CP066795.1,1,1,1,0
NZ_CP117205.1,3,4,4,0
NZ_CP097689.1,13,13,12,1
NZ_CP097690.1,13,17,14,3
NZ_CP097691.1,18,19,17,2
NZ_CP039444.1,25,36,18,18
NZ_CP013597.1,1,1,1,0
NZ_CP013598.1,18,25,8,17
NZ_CP013600.1,7,7,6,1
NZ_CP042365.1,22,28,22,6
NZ_CP042366.1,5,10,4,6
NZ_CP077802.1,12,15,8,7
NZ_CP056757.1,11,13,10,3
NZ_CP104933.1,1,2,1,1
NZ_CP082361.1,2,7,3,4
NZ_CP047217.1,2,1,1,0
NZ_CP031445.1,2,3,2,1
NZ_CP095000.1,12,12,10,2
NZ_CP095001.1,6,4,3,1
NZ_CP095002.1,11,10,9,1
NZ_CP095003.1,12,14,11,3
NZ_CP095004.1,20,24,19,5
NZ_CP009453.1,10,9,7,2
NZ_CP091692.1,22,27,19,8
NZ_CP091693.1,2,4,2,2
NZ_CP010222.1,3,9,1,8
NZ_CP138727.1,13,17,12,5
NZ_CP138728.1,27,30,18,12
NZ_CP138729.1,11,12,9,3
NZ_CP138730.1,12,13,13,0
NZ_CP138732.1,7,8,6,2
NZ_CP079643.1,18,12,8,4
NZ_CP079644.1,9,7,5,2
NZ_CP095138.1,12,13,8,5
NZ_CP095139.1,1,0,0,0
NZ_CP058127.1,1,1,1,0
NZ_CP058119.1,25,24,21,3
NZ_CP058120.1,20,22,19,3
NZ_CP058121.1,1,1,0,1
NZ_CP058122.1,2,2,2,0
NZ_CP113170.1,3,3,2,1
NZ_CP113169.1,15,22,13,9
NZ_CP133099.1,1,0,0,0
NZ_CP133100.1,2,0,0,0
NZ_CP020328.1,7,5,0,5
NZ_CP020329.1,4,3,3,0
NZ_CP089428.1,28,26,24,2
NZ_CP089429.1,3,2,2,0
NZ_CP089430.1,2,3,3,0
NZ_CP089431.1,4,4,3,1
NZ_CP089432.1,6,9,5,4
NZ_CP030772.1,152,197,115,82
NZ_CP066412.1,2,2,2,0
NZ_CP066410.1,32,41,28,13
NZ_CP066411.1,2,0,0,0
NZ_CP031144.1,2,2,0,2
NZ_CP055122.1,4,6,1,5
NZ_CP089994.1,4,9,4,5
NZ_CP054985.1,5,18,8,10
NZ_CP054986.1,10,12,10,2
NZ_CP054988.1,15,17,11,6
NZ_CP059418.1,16,23,12,11
NZ_CP059421.1,16,12,9,3
NZ_CP054862.1,9,11,4,7
NZ_CP054863.1,8,10,4,6
NZ_CP072253.1,2,2,1,1
NZ_CP069481.1,3,4,2,2
NZ_CP045134.1,1,1,0,1
NZ_CP045133.1,2,2,1,1
NZ_CP045132.1,20,17,11,6
NZ_CP122505.1,5,5,5,0
NZ_CP122506.1,1,1,1,0
NZ_CP045288.2,2,5,1,4
NZ_CP101246.1,19,24,16,8
NZ_CP101249.1,5,4,4,0
NZ_CP101248.1,1,2,1,1
NZ_CP142897.1,2,2,2,0
NZ_CP098254.1,2,2,2,0
NZ_CP067344.1,11,18,15,3
NZ_CP026407.1,3,3,1,2
NZ_CP026408.1,3,3,2,1
NZ_CP099995.1,1,3,2,1
NZ_CP082221.1,2,2,2,0
NZ_CP083639.1,6,8,5,3
NZ_CP062975.1,29,24,17,7
NZ_CP094753.1,3,5,1,4
NZ_CP137856.1,3,2,2,0
NZ_CP137857.1,3,2,2,0
NZ_CP137858.1,7,10,7,3
NZ_CP017464.1,2,3,2,1
NZ_CP017465.1,3,3,3,0
NZ_CP070492.1,3,1,1,0
NZ_CP087084.1,11,14,11,3
NZ_CP087085.1,6,6,3,3
NZ_CP087086.1,27,25,12,13
NZ_CP087088.1,2,0,0,0
NZ_CP087089.1,1,0,0,0
NZ_CP117610.1,4,4,2,2
NZ_CP117611.1,14,19,7,12
NZ_CP117612.1,9,6,3,3
NZ_CP117614.1,1,1,1,0
NZ_CP121154.1,23,24,15,9
NZ_CP055303.1,1,1,0,1
NZ_CP018441.1,19,24,18,6
NZ_CP018443.1,4,2,2,0
NZ_CP018442.1,4,4,4,0
NZ_CP029272.1,3,5,3,2
NZ_CP029271.1,5,8,4,4
NZ_CP016862.1,3,4,4,0
NZ_CP022673.1,8,2,2,0
NZ_CP075466.1,11,13,11,2
NZ_CP075467.1,22,30,19,11
NZ_CP050125.1,26,26,14,12
NZ_CP050127.1,2,1,1,0
NZ_CP062224.1,30,28,23,5
NZ_CP097860.1,5,3,3,0
NZ_CP097861.1,3,1,1,0
NZ_CP013419.1,32,46,15,31
NZ_CP139777.1,1,1,1,0
NZ_CP019890.1,4,3,3,0
NZ_CP019891.1,1,0,0,0
NZ_CP103513.1,15,25,12,13
NZ_CP103514.1,16,18,14,4
NZ_CP104026.1,1,2,1,1
NC_009425.1,3,2,1,1
NC_012634.1,1,2,1,1
NZ_CP102842.1,8,21,9,12
NZ_CP063940.1,13,18,11,7
NZ_CP063941.1,8,9,8,1
NZ_CP020568.1,14,12,5,7
NZ_CP051681.1,4,2,1,1
NZ_CP099755.1,12,10,7,3
NZ_CP061755.1,31,20,17,3
NZ_CP061756.1,12,11,9,2
NZ_CP026087.2,4,9,7,2
NZ_CP026086.2,17,23,19,4
NZ_CP109955.1,12,11,7,4
NZ_CP109956.1,14,25,9,16
NZ_CP136685.1,18,13,10,3
NZ_CP136688.1,9,8,5,3
NZ_CP136690.1,1,0,0,0
NZ_CP136691.1,1,3,1,2
NZ_CP110115.1,4,2,1,1
NZ_CP110116.1,5,7,3,4
NZ_CP130062.1,15,20,18,2
NZ_LN999988.1,28,33,24,9
NZ_LN999989.1,6,8,6,2
NC_018532.1,4,3,2,1
NZ_CP038654.1,22,19,15,4
NZ_CP026225.1,11,9,6,3
NZ_CP026224.1,4,6,4,2
NZ_CP090422.1,1,2,1,1
NZ_CP043309.1,26,25,19,6
NZ_CP116690.1,3,4,1,3
NZ_CP116691.1,13,7,4,3
NZ_CP015525.1,4,4,3,1
NZ_CP108406.1,4,7,3,4
NZ_CP012138.1,22,49,21,28
NZ_CP012139.1,9,7,7,0
NZ_OY754840.1,17,27,10,17
NZ_CP029943.1,15,14,13,1
NZ_CP041248.1,29,24,19,5
NZ_CP041249.1,7,4,3,1
NZ_CP041250.1,13,10,9,1
NZ_CP102429.1,8,6,4,2
NZ_CP102430.1,2,4,0,4
NZ_CP080765.1,2,2,1,1
NZ_CP074032.1,14,15,11,4
NZ_CP017283.1,10,9,9,0
NZ_CP017281.1,1,4,1,3
NZ_CP039051.1,66,86,56,30
NZ_CP039052.1,3,7,1,6
NZ_CP039053.1,17,16,13,3
NZ_CP039054.1,10,11,9,2
NZ_CP107141.1,18,17,13,4
NZ_CP022370.1,2,4,0,4
NZ_CP053372.1,20,19,12,7
NZ_CP053373.1,2,3,3,0
NZ_CP040176.1,19,25,16,9
NZ_CP040177.1,4,5,3,2
NZ_CP040178.1,3,9,4,5
NZ_AP028373.1,2,0,0,0
NZ_CP045385.1,5,10,6,4
NZ_CP045386.1,4,3,3,0
NZ_CP017021.1,1,0,0,0
NZ_CP017022.1,4,5,3,2
NZ_CP017023.1,6,8,3,5
NZ_CP063009.1,12,15,7,8
NZ_CP063010.1,7,7,5,2
NZ_CP114591.1,13,14,9,5
NZ_CP041780.1,12,13,7,6
NZ_AP022526.1,17,14,11,3
NZ_CP082342.1,3,2,2,0
NZ_CP082343.1,38,37,16,21
NZ_CP082344.1,1,0,0,0
NZ_CP082345.1,8,5,2,3
NZ_CP087341.1,7,13,8,5
NZ_CP064386.1,3,4,2,2
NZ_CP143096.1,3,2,2,0
NZ_CP143097.1,11,13,10,3
NZ_CP143098.1,4,2,2,0
NZ_CP091666.1,9,12,7,5
NZ_CP057460.1,25,20,10,10
NZ_CP109164.1,76,85,55,30
NZ_CP109165.1,28,36,21,15
NZ_CP113193.1,28,35,25,10
NZ_CP106787.1,5,3,2,1
NC_009661.1,8,8,6,2
NZ_CP142847.1,5,10,4,6
NZ_CP023753.1,8,6,4,2
NZ_CP082165.1,17,16,9,7
NZ_CP075928.1,3,3,2,1
NZ_CP041363.1,4,5,4,1
NZ_CP020923.1,3,5,2,3
NZ_CP060277.1,3,5,3,2
NZ_CP065623.1,25,41,15,26
NZ_CP141337.1,9,10,5,5
NZ_CP141339.1,9,8,6,2
NZ_CP141338.1,1,1,1,0
NZ_CP141336.1,2,4,2,2
NZ_CP012634.1,10,12,6,6
NZ_CP011829.1,26,29,17,12
NZ_CP011830.1,9,8,7,1
NZ_CP011831.1,1,1,0,1
NZ_AP019804.1,12,15,9,6
NZ_AP019806.1,3,3,2,1
NZ_CP027152.1,18,22,14,8
NZ_CP027150.1,18,11,7,4
NZ_CP027156.1,2,3,2,1
NZ_CP027148.1,3,1,0,1
NZ_CP027149.1,1,0,0,0
NZ_CP027151.1,1,1,1,0
NZ_CP029037.1,21,21,17,4
NZ_CP089271.1,2,6,4,2
NZ_CP025563.1,2,2,2,0
NZ_CP025564.1,2,1,1,0
NC_012030.1,37,35,28,7
NZ_CP142990.1,19,26,18,8
NZ_CP142992.1,7,7,5,2
NZ_CP055042.1,10,11,7,4
NZ_CP055043.1,5,3,3,0
NZ_CP055045.1,1,1,0,1
NZ_CP090208.1,3,3,2,1
NZ_CP090210.1,2,2,2,0
NZ_CP030132.1,15,18,8,10
NZ_CP030134.1,7,6,6,0
NZ_CP030135.1,4,3,3,0
NZ_CP030133.1,4,5,5,0
NZ_CP066095.1,30,26,19,7
NZ_CP066096.1,10,11,9,2
NZ_CP066097.1,2,3,1,2
NZ_CP066098.1,2,2,2,0
NZ_LR890570.1,7,11,5,6
NZ_CP032856.1,2,1,1,0
NZ_CP087640.1,11,12,9,3
NZ_CP087641.1,19,24,14,10
NZ_CP087642.1,7,9,6,3
NZ_CP137007.1,8,7,4,3
NZ_CP048734.1,5,4,3,1
NZ_CP048735.1,1,1,0,1
NZ_CP014328.1,4,4,2,2
NZ_CP023967.1,2,6,4,2
NC_014172.1,9,6,5,1
NZ_CP047692.1,7,6,4,2
NZ_CP060425.1,3,4,3,1
NZ_CP060423.1,9,17,11,6
NZ_CP060422.1,2,3,3,0
NZ_CP060424.1,9,8,1,7
NZ_CP060426.1,1,1,1,0
NZ_CP095868.1,14,20,16,4
NZ_CP095869.1,4,10,7,3
NZ_LR699074.1,5,5,5,0
NZ_CP094759.1,2,3,2,1
NZ_CP037949.1,1,4,1,3
NZ_LR135783.1,33,28,26,2
NZ_LR135784.1,8,10,7,3
NZ_CP009061.1,3,3,3,0
NZ_CP009067.1,1,2,0,2
NZ_CP049215.1,18,15,9,6
NZ_CP117660.1,21,17,8,9
NZ_CP117661.1,2,2,2,0
NZ_CP117662.1,5,15,9,6
NZ_CP096767.1,2,4,2,2
NZ_CP023175.1,2,0,0,0
NZ_CP023177.1,2,1,1,0
NZ_CP136830.1,1,1,0,1
NC_021728.1,6,5,4,1
NZ_CP053909.1,9,6,1,5
NZ_CP053910.1,7,2,0,2
NZ_CP053911.1,13,8,4,4
NZ_CP116804.1,2,4,2,2
NZ_CP027703.1,20,20,17,3
NZ_CP044215.1,22,33,24,9
NZ_CP046066.1,4,2,2,0
NZ_CP007056.1,1,1,1,0
NZ_CP007057.1,4,9,2,7
NZ_CP007059.1,4,2,0,2
NZ_CP126141.1,5,4,3,1
NZ_CP126142.1,2,1,1,0
NZ_CP065418.1,5,7,6,1
NZ_CP109509.1,3,3,2,1
NZ_AP020319.1,4,3,3,0
NZ_CP123608.1,25,35,23,12
NZ_CP006368.1,1,1,0,1
NZ_CP006369.1,1,0,0,0
NZ_CP006371.1,3,3,1,2
NZ_CP006372.1,4,3,1,2
NZ_CP036203.1,4,5,2,3
NZ_CP036204.1,9,16,8,8
NZ_CP036206.1,3,4,3,1
NZ_CP036205.1,7,7,4,3
NZ_CP084780.1,17,17,13,4
NZ_CP084781.1,16,17,13,4
NZ_CP084782.1,1,1,1,0
NZ_CP110637.1,17,23,15,8
NZ_CP053375.1,17,15,11,4
NZ_CP033753.1,2,8,3,5
NZ_CP053930.1,11,7,6,1
NZ_CP007671.1,1,1,1,0
NZ_CP014443.1,3,5,3,2
NZ_CP056130.1,19,23,18,5
NZ_CP056131.1,8,7,6,1
NZ_CP095404.2,26,35,27,8
NZ_CP095405.1,4,4,1,3
NZ_CP089093.2,34,33,25,8
NZ_CP092374.1,5,6,4,2
NZ_CP092375.1,14,17,15,2
NZ_CP089539.1,2,1,1,0
NZ_CP089543.1,5,1,1,0
NZ_CP089544.1,4,1,0,1
NZ_CP089547.1,5,3,2,1
NZ_AP024405.1,2,1,1,0
NZ_AP024407.1,1,1,1,0
NZ_AP021934.1,7,10,8,2
NZ_CP129220.1,21,33,15,18
NZ_CP024721.1,14,11,10,1
NZ_CP060847.1,20,24,13,11
NZ_CP053184.1,2,2,2,0
NZ_CP051734.1,9,13,8,5
NZ_CP113232.1,2,3,3,0
NZ_CP103615.1,15,21,16,5
NZ_CP107373.1,20,24,16,8
NZ_CP107374.1,12,14,11,3
NZ_CP107376.1,6,7,5,2
NZ_CP076179.1,5,10,5,5
NZ_CP060062.1,17,17,5,12
NZ_CP126789.1,15,13,9,4
NZ_CP126790.1,6,5,4,1
NZ_CP095779.1,3,4,3,1
NZ_CP095778.1,12,7,5,2
NZ_CP095777.1,26,28,17,11
NZ_CP032641.1,6,5,3,2
NZ_LT009691.1,2,4,4,0
NZ_CP006588.1,4,2,2,0
NZ_CP071045.1,28,28,17,11
NZ_CP028577.1,5,4,4,0
NZ_CP028576.1,15,16,15,1
NZ_CP127083.1,2,2,2,0
NZ_CP127082.1,37,67,30,37
NZ_CP021334.1,13,13,7,6
NZ_CP046109.1,2,2,0,2
NZ_CP046110.1,4,4,3,1
NZ_CP111035.1,2,1,1,0
NZ_CP117264.1,1,3,1,2
NZ_CP117262.1,16,28,12,16
NZ_CP117263.1,47,59,32,27
NZ_CP021035.1,2,2,1,1
NZ_CP044032.1,4,4,4,0
NZ_CP044034.1,1,0,0,0
NZ_AP022065.1,18,21,14,7
NZ_AP022066.1,2,1,0,1
NZ_LR890584.1,2,5,2,3
NZ_CP124536.1,1,0,0,0
NZ_CP025467.1,5,12,7,5
NZ_CP025468.1,7,6,4,2
NZ_CP025470.1,3,5,3,2
NZ_CP028111.1,16,24,10,14
NZ_CP104501.1,21,22,11,11
NZ_CP104502.1,1,1,0,1
NZ_CP043453.1,2,3,2,1
NZ_CP117377.1,8,7,5,2
NZ_CP044456.1,2,6,2,4
NZ_CP044457.1,24,29,14,15
NZ_CP044458.1,1,1,0,1
NZ_CP044460.1,3,3,3,0
NZ_CP120843.1,2,2,2,0
NZ_CP120844.1,2,5,2,3
NZ_CP120845.1,5,5,2,3
NZ_CP026012.1,14,24,11,13
NZ_CP039481.1,3,4,4,0
NZ_CP033947.1,17,12,8,4
NZ_CP033948.1,8,7,5,2
NZ_CP033949.1,1,2,2,0
NZ_LR890658.1,13,11,10,1
NZ_LR890659.1,18,19,13,6
NZ_CP026822.1,43,76,35,41
NZ_CP127882.1,6,5,1,4
NZ_CP127913.1,12,16,4,12
NZ_CP063897.1,15,20,15,5
NZ_CP039855.1,3,3,2,1
NZ_CP038243.1,3,5,5,0
NZ_CP074099.1,3,3,2,1
NZ_CP035408.1,1,1,0,1
NZ_CP083504.1,14,12,11,1
NZ_CP083507.1,2,3,0,3
NZ_CP083508.1,4,2,2,0
NZ_CP100723.1,16,20,15,5
NZ_CP058847.1,16,16,14,2
NZ_CP058848.1,6,7,6,1
NC_019772.1,5,5,4,1
NC_020157.1,1,2,1,1
NC_019773.1,6,5,3,2
NC_019774.1,4,6,3,3
NZ_CP011146.1,12,36,18,18
NZ_CP099359.1,8,9,4,5
NZ_CP096220.1,38,44,35,9
NZ_CP096221.1,3,2,1,1
NZ_CP096222.1,7,7,4,3
NZ_CP013797.1,61,83,59,24
NZ_CP013798.1,5,9,4,5
NZ_CP013799.1,10,12,9,3
NZ_CP013800.1,2,2,2,0
NZ_CP047992.1,4,3,2,1
NZ_CP047993.1,4,4,3,1
NZ_CP047994.1,5,10,6,4
NZ_AP018442.1,6,5,2,3
NZ_CP109612.1,4,5,4,1
NZ_CP109613.1,6,6,6,0
NZ_CP053246.1,8,10,5,5
NZ_CP056509.1,22,23,19,4
NZ_CP056510.1,11,9,5,4
NZ_CP056511.1,2,1,0,1
NZ_CP119007.1,27,27,15,12
NZ_CP100450.1,4,3,3,0
NZ_OW849112.1,5,5,3,2
NZ_CP050032.1,6,8,7,1
NZ_CP050033.1,1,0,0,0
NZ_CP050034.1,1,1,0,1
NZ_CP016925.1,10,11,9,2
NZ_CP016927.1,6,5,3,2
NZ_CP037428.1,3,2,0,2
NZ_CP071450.1,5,5,4,1
NZ_CP071451.1,7,10,4,6
NZ_CP071452.1,2,6,3,3
NZ_CP071453.1,1,1,1,0
NZ_CP071621.1,5,13,4,9
NZ_CP071622.1,2,6,4,2
NZ_CP071624.1,1,1,1,0
NZ_AP028147.1,1,5,3,2
NZ_AP028148.1,1,3,0,3
NZ_AP028149.1,4,4,2,2
NZ_AP028150.1,4,8,2,6
NZ_AP028151.1,1,1,0,1
NZ_CP016915.1,25,34,25,9
NZ_CP076529.1,6,7,7,0
NZ_CP076530.1,4,4,3,1
NZ_CP076531.1,3,3,2,1
NZ_CP096158.1,6,4,3,1
NZ_CP096697.1,3,5,2,3
NZ_CP091914.1,13,9,6,3
NZ_CP091915.1,11,11,9,2
NZ_CP091917.1,1,0,0,0
NZ_CP091919.1,1,0,0,0
NZ_CP091923.1,1,0,0,0
NZ_CP066892.1,21,24,22,2
NZ_CP044201.1,1,0,0,0
NZ_CP061676.1,6,11,6,5
NZ_CP061677.1,1,1,0,1
NZ_CP134745.1,1,5,2,3
NZ_CP134746.1,1,0,0,0
NZ_CP134747.1,2,1,1,0
NZ_AP027213.1,7,12,2,10
NZ_CP041355.1,6,2,2,0
NZ_CP085884.1,3,3,3,0
NZ_CP085883.1,15,17,14,3
NZ_LR135395.1,43,43,34,9
NZ_LR135396.1,5,4,3,1
NZ_LR135398.1,2,1,1,0
NZ_LR135402.1,43,43,34,9
NZ_LR135403.1,5,4,3,1
NZ_LR135405.1,2,2,1,1
NZ_CP073959.1,15,17,17,0
NZ_CP073960.1,9,10,5,5
NZ_CP014537.1,3,3,2,1
NZ_CP116049.1,16,20,11,9
NZ_CP116048.1,3,3,3,0
NZ_CP116047.1,12,14,9,5
NZ_CP138682.1,26,39,19,20
NZ_CP138683.1,8,11,10,1
NZ_CP138684.1,7,6,4,2
NC_020553.1,4,9,6,3
NC_012473.1,2,8,2,6
NZ_CP104692.1,6,7,2,5
NZ_CP104693.1,6,4,1,3
NZ_CP128955.1,3,3,3,0
NZ_CP128953.1,6,6,6,0
NZ_CP128952.1,19,19,16,3
NZ_CP128954.1,3,3,2,1
NZ_CP128951.1,13,19,13,6
NZ_CP128956.1,3,2,1,1
NZ_CP097652.1,15,23,12,11
NZ_CP097653.1,3,5,5,0
NZ_CP072954.1,40,33,26,7
NZ_AP024271.1,13,24,21,3
NZ_AP024272.1,16,13,11,2
NZ_AP024273.1,5,5,4,1
NZ_AP024274.1,1,1,1,0
NZ_CP141257.1,16,18,14,4
NZ_AP019395.1,34,36,31,5
NZ_AP019396.1,1,0,0,0
NZ_CP048526.1,7,5,2,3
NZ_CP048525.1,5,8,2,6
NZ_CP048524.1,4,8,2,6
NZ_CP071245.1,6,5,4,1
NZ_CP092557.1,1,0,0,0
NZ_CP116116.1,2,2,1,1
NZ_CP116117.1,2,3,1,2
NZ_CP116118.1,8,11,6,5
NZ_CP116119.1,1,1,0,1
NZ_CP116570.1,3,2,1,1
NZ_CP053948.1,13,23,14,9
NZ_CP030303.1,8,22,10,12
NZ_CP030304.1,12,9,8,1
NZ_CP030305.1,12,15,12,3
NZ_CP030307.1,1,0,0,0
NZ_CP030308.1,10,10,8,2
NZ_CP030309.1,4,3,2,1
NZ_CP030310.1,5,8,4,4
NZ_CP026382.1,5,4,4,0
NZ_CP082864.1,9,3,2,1
NZ_CP082865.1,8,4,2,2
NC_011892.1,36,55,31,24
NC_011887.1,30,36,16,20
NC_011893.1,1,2,1,1
NZ_CP035511.1,5,3,2,1
NZ_CP035513.1,2,1,1,0
NZ_CP035514.1,3,6,3,3
NZ_CP035515.1,9,6,3,3
NZ_CP035506.1,3,2,2,0
NZ_CP035507.1,4,3,2,1
NZ_CP035508.1,9,6,5,1
NZ_CP035509.1,13,11,10,1
NZ_CP097725.1,4,1,1,0
NZ_CP042970.1,1,1,0,1
NZ_CP042971.1,4,10,7,3
NZ_CP042972.1,10,7,5,2
NZ_CP022492.1,3,5,2,3
NZ_CP040068.1,21,11,9,2
NZ_CP040069.1,1,0,0,0
NZ_CP040070.1,16,15,11,4
NZ_CP020829.1,4,3,3,0
NZ_CP075641.1,2,10,2,8
NZ_CP023032.1,2,3,2,1
NZ_CP023033.1,3,3,3,0
NZ_CP060920.1,13,20,14,6
NZ_CP060921.1,2,1,0,1
NZ_CP060922.1,5,6,3,3
NZ_CP143434.1,25,32,27,5
NZ_CP024860.1,22,31,18,13
NZ_CP064230.1,15,25,12,13
NZ_CP064231.1,6,7,5,2
NZ_CP034934.1,23,43,23,20
NZ_CP028599.1,6,8,6,2
NC_022045.1,15,12,6,6
NZ_CP076472.1,40,49,37,12
NZ_CP076473.1,1,1,1,0
NZ_CP076474.1,3,2,1,1
NZ_CP076475.1,7,7,4,3
NZ_CP018975.1,4,3,2,1
NZ_CP018973.1,1,2,2,0
NZ_CP018974.1,5,4,4,0
NZ_CP039965.1,30,57,33,24
NZ_CP039966.1,5,7,2,5
NZ_CP062781.1,8,8,5,3
NZ_CP073663.1,23,15,14,1
NZ_CP073668.1,14,11,4,7
NZ_CP053942.1,14,15,6,9
NZ_CP053943.1,1,2,2,0
NZ_CP066727.1,2,0,0,0
NZ_CP036134.1,1,1,1,0
NZ_CP036135.1,9,20,10,10
NZ_CP042394.1,7,6,5,1
NZ_CP042395.1,4,3,0,3
NZ_CP042396.1,4,4,2,2
NZ_CP042397.1,1,2,0,2
NZ_CP042398.1,2,2,2,0
NZ_CP086533.1,4,5,3,2
NZ_CP086534.1,3,3,2,1
NZ_CP122443.1,13,13,8,5
NZ_CP057216.1,17,12,6,6
NZ_CP057217.1,12,11,4,7
NZ_CP115947.1,32,19,6,13
NZ_CP115948.1,7,3,0,3
NZ_CP135623.1,23,24,20,4
NZ_CP135624.1,20,20,17,3
NZ_CP120171.1,1,1,0,1
NZ_CP122657.1,5,4,2,2
NC_023146.1,5,8,5,3
NC_023136.1,10,30,15,15
NZ_CP009005.1,1,2,1,1
NZ_CP009006.1,3,3,2,1
NZ_CP017437.1,6,9,6,3
NZ_CP044369.1,12,19,12,7
NZ_CP044371.1,2,9,4,5
NZ_CP034832.1,15,17,15,2
NZ_CP034833.1,1,1,1,0
NZ_CP126457.1,13,12,7,5
NZ_CP126459.1,3,2,1,1
NZ_CP126460.1,26,26,11,15
NZ_CP065778.1,13,11,7,4
NZ_CP065779.1,10,10,8,2
NZ_CP141197.1,7,12,7,5
NZ_CP141198.1,8,9,7,2
NZ_CP141199.1,7,15,13,2
NZ_CP094796.1,1,4,1,3
NZ_CP087043.1,25,20,8,12
NZ_CP087044.1,4,5,4,1
NZ_CP087045.1,7,8,6,2
NZ_CP087046.1,1,0,0,0
NZ_CP087047.1,4,3,2,1
NZ_CP087048.1,2,1,1,0
NZ_CP087050.1,1,0,0,0
NZ_CP070455.1,16,17,14,3
NZ_CP070456.1,5,5,4,1
NZ_CP096283.1,17,9,7,2
NZ_CP021893.1,1,2,0,2
NC_022271.1,10,10,3,7
NZ_CP072540.1,25,33,25,8
NZ_CP072541.1,8,15,9,6
NZ_CP041047.1,28,38,29,9
NZ_CP041048.1,12,13,10,3
NZ_CP041049.1,2,1,1,0
NZ_CP041050.1,8,13,11,2
NZ_CP101830.1,2,4,2,2
NZ_CP065262.1,1,2,0,2
NC_006823.1,12,5,4,1
NC_006824.1,30,29,21,8
NZ_CP094127.1,1,1,1,0
NZ_CP009033.1,8,11,3,8
NZ_CP117651.1,2,2,2,0
NZ_CP083816.1,16,15,13,2
NZ_CP016799.1,5,5,5,0
NZ_CP016800.1,3,5,2,3
NZ_CP016801.1,1,0,0,0
NZ_CP016802.1,4,4,3,1
NZ_CP011133.1,10,6,6,0
NZ_CP136026.1,29,32,24,8
NZ_CP136027.1,3,3,3,0
NZ_CP029282.1,4,6,3,3
NZ_CP029283.1,9,15,7,8
NZ_CP014662.1,7,4,2,2
NZ_CP132299.1,3,8,1,7
NZ_CP027444.1,18,22,9,13
NZ_CP032236.1,3,2,2,0
NZ_CP129830.1,10,7,6,1
NZ_CP129831.1,17,14,14,0
NZ_CP126537.1,29,29,24,5
NZ_CP073055.1,12,4,2,2
NZ_CP073056.1,16,20,15,5
NZ_CP073057.1,10,9,4,5
NZ_CP021502.1,10,11,9,2
NC_017327.1,63,81,41,40
NC_017326.1,8,13,4,9
NC_017101.1,32,45,34,11
NC_017118.1,25,36,25,11
NC_017119.1,8,7,7,0
NZ_CP036260.1,4,3,0,3
NZ_CP012050.1,10,13,10,3
NZ_CP012049.1,5,7,4,3
NZ_CP050015.1,3,5,0,5
NZ_CP050016.1,4,18,10,8
NZ_CP050017.1,7,15,7,8
NZ_CP050018.1,1,2,1,1
NZ_CP050019.1,1,2,0,2
NZ_CP077431.1,3,4,3,1
NZ_CP077430.1,7,7,3,4
NZ_CP063660.1,9,4,3,1
NZ_CP064702.1,13,12,7,5
NZ_AP024709.1,13,18,7,11
NZ_CP098699.1,3,2,2,0
NZ_CP072233.1,8,4,3,1
NZ_CP034475.1,1,4,1,3
NZ_CP034476.1,2,4,0,4
NZ_CP034477.1,1,0,0,0
NZ_CP034478.1,1,1,1,0
NZ_CP073303.1,21,21,20,1
NZ_CP027326.1,5,15,7,8
NZ_CP027327.1,2,3,0,3
NZ_CP018884.1,17,14,9,5
NZ_CP125871.1,16,15,9,6
NZ_CP059794.1,35,49,33,16
NZ_CP059805.1,1,1,0,1
NZ_CP059795.1,2,2,2,0
NZ_CP059796.1,12,7,7,0
NZ_CP059797.1,4,3,1,2
NZ_CP059798.1,3,2,2,0
NZ_CP059799.1,3,3,3,0
NZ_CP059800.1,2,1,1,0
NZ_AP022548.1,17,16,12,4
NZ_CP126776.1,5,5,5,0
NZ_CP039525.1,2,1,1,0
NZ_CP039526.1,31,35,30,5
NZ_CP015991.1,12,14,8,6
NZ_CP127020.1,3,0,0,0
NZ_CP101131.1,1,1,1,0
NZ_CP016407.1,26,37,19,18
NZ_CP028699.1,2,6,3,3
NC_007322.2,4,10,5,5
NZ_CP023413.1,2,0,0,0
NZ_CP090440.1,20,63,34,29
NZ_CP110966.1,2,0,0,0
NZ_CP110963.1,19,21,16,5
NZ_CP110964.1,15,7,2,5
NZ_CP110965.1,2,2,2,0
NZ_CP024274.1,24,33,12,21
NZ_CP076265.1,12,13,4,9
NZ_CP076266.1,1,3,1,2
NZ_CP006663.1,11,13,8,5
NZ_CP006662.2,14,14,7,7
NZ_CP006661.1,4,3,1,2
NZ_CP068014.1,1,5,0,5
NZ_CP048350.1,22,21,17,4
NZ_CP048351.1,8,9,9,0
NZ_CP048352.1,14,10,9,1
NZ_CP048353.1,4,4,4,0
NZ_CP048354.1,1,1,1,0
NZ_CP007730.1,10,7,5,2
NZ_CP007728.1,2,0,0,0
NZ_CP007729.1,18,23,16,7
NZ_CP039468.1,3,4,4,0
NZ_LN868939.1,9,8,5,3
NC_017041.1,2,2,1,1
NZ_CP011350.1,50,48,39,9
NZ_CP011351.1,3,1,1,0
NZ_CP011353.1,3,3,1,2
NZ_CP011357.1,3,4,1,3
NZ_CP011358.1,6,3,2,1
NZ_CP051327.1,1,1,1,0
NZ_CP051330.1,1,4,0,4
NZ_CP090516.1,1,0,0,0
NZ_CP032176.1,13,16,10,6
NZ_CP050484.1,1,1,1,0
NC_017104.1,32,45,34,11
NC_017105.1,25,36,25,11
NC_017151.1,8,7,7,0
NZ_CP063864.1,5,6,3,3
NZ_LR135220.1,31,31,23,8
NZ_LR135221.1,15,15,15,0
NZ_LR135222.1,2,2,1,1
NZ_LR135223.1,12,10,8,2
NZ_LR135224.1,5,3,3,0
NZ_CP056192.1,34,33,25,8
NZ_CP056193.1,14,13,10,3
NZ_CP056194.1,2,3,2,1
NZ_CP027589.1,13,13,8,5
NZ_CP027592.1,3,0,0,0
NZ_CP021159.1,18,12,11,1
NZ_CP021160.1,27,27,22,5
NZ_CP047878.1,12,18,11,7
NZ_CP047877.1,22,22,17,5
NZ_CP032380.1,10,8,7,1
NZ_CP032381.1,4,5,2,3
NZ_CP073927.1,20,21,16,5
NZ_CP109847.1,8,5,3,2
NZ_CP064312.1,6,4,1,3
NZ_CP126517.1,5,10,7,3
NZ_CP126519.1,1,1,1,0
NZ_CP019356.1,11,12,9,3
NZ_CP019357.1,2,2,2,0
NZ_CP019358.1,2,1,0,1
NZ_CP025539.1,4,8,5,3
NZ_CP025540.1,3,4,1,3
NZ_CP039328.1,19,15,11,4
NZ_CP039329.1,13,15,11,4
NZ_CP119985.1,22,34,17,17
NZ_CP093272.1,6,7,3,4
NZ_CP021727.1,11,11,8,3
NZ_CP021728.1,17,22,18,4
NZ_CP021729.1,1,2,2,0
NZ_CP021730.1,3,2,2,0
NZ_CP030981.1,2,9,5,4
NZ_AP014865.1,26,22,21,1
NZ_AP014866.1,25,24,19,5
NZ_AP014867.1,15,13,12,1
NZ_AP014868.1,8,6,4,2
NZ_AP014869.1,2,2,2,0
NZ_CP096595.1,1,2,0,2
NC_012811.1,53,68,41,27
NC_012807.1,5,2,1,1
NC_012809.1,5,3,2,1
NC_012810.1,1,0,0,0
NZ_CP091077.1,1,2,0,2
NZ_CP091076.1,2,1,0,1
NZ_CP009702.1,6,7,3,4
NZ_CP009703.1,2,15,4,11
NZ_CP009701.1,1,1,0,1
NZ_CP040319.1,7,7,6,1
NZ_CP075470.1,20,28,15,13
NZ_CP048554.1,1,2,2,0
NZ_CP048553.1,3,11,3,8
NZ_CP136675.1,5,8,2,6
NZ_CP136676.1,1,2,2,0
NZ_CP100142.1,30,22,15,7
NZ_CP100143.1,21,19,13,6
NZ_CP139990.1,4,6,3,3
NZ_CP099976.1,3,1,1,0
NZ_CP083027.1,17,19,14,5
NZ_CP083028.1,9,11,8,3
NZ_CP036053.1,3,1,1,0
NZ_CP036054.1,6,9,6,3
NZ_CP036055.1,8,11,8,3
NZ_CP059169.1,4,4,2,2
NZ_CP059170.1,6,9,4,5
NZ_CP059171.1,5,5,3,2
NZ_CP059172.1,3,3,3,0
NZ_CP059174.1,1,1,0,1
NZ_CP091019.1,1,3,0,3
NZ_CP012977.1,1,0,0,0
NZ_AP026371.1,5,1,1,0
NZ_CP011659.1,1,0,0,0
NZ_CP011661.1,17,11,9,2
NZ_CP027641.1,1,5,1,4
NZ_CP080455.1,1,1,1,0
NZ_CP028637.1,5,7,4,3
NZ_CP092902.1,18,17,15,2
NZ_CP092903.1,22,25,17,8
NZ_CP092904.1,7,10,9,1
NZ_CP098041.1,14,9,7,2
NZ_CP098042.1,1,1,0,1
NZ_CP090142.1,38,35,26,9
NZ_CP090143.1,5,3,3,0
NZ_CP071394.1,17,18,13,5
NZ_CP071395.1,9,17,5,12
NZ_CP071396.1,5,4,4,0
NZ_CP062831.1,26,29,11,18
NZ_CP062830.1,8,8,5,3
NZ_CP062827.1,6,3,2,1
NZ_CP024125.1,2,3,1,2
NZ_CP061116.1,22,20,13,7
NZ_CP031365.1,12,15,11,4
NZ_CP031366.1,3,2,2,0
NZ_CP102715.1,1,1,0,1
NZ_CP129758.1,8,8,7,1
NZ_CP129757.1,36,38,27,11
NZ_CP129756.1,12,8,6,2
NZ_CP039340.1,24,32,22,10
NZ_CP109895.1,1,1,1,0
NZ_CP022747.1,4,3,3,0
NZ_CP022748.1,10,10,6,4
NZ_CP022749.1,8,5,5,0
NZ_CP022750.1,3,0,0,0
NZ_CP022751.1,3,3,3,0
NZ_CP046157.1,3,3,2,1
NZ_CP046158.1,2,0,0,0
NZ_CP046159.1,2,2,0,2
NZ_CP120183.1,1,1,1,0
NZ_CP017698.1,17,11,8,3
NZ_CP017699.1,6,1,1,0
NZ_CP045197.1,1,2,2,0
NZ_CP005987.1,17,27,19,8
NZ_CP005988.1,2,3,3,0
NZ_CP014072.1,3,4,4,0
NZ_CP014073.1,11,13,9,4
NZ_CP035102.1,2,2,2,0
NZ_CP075360.1,2,2,2,0
NZ_CP075362.1,7,8,6,2
NZ_CP075359.1,2,4,1,3
NZ_CP075358.1,1,1,1,0
NZ_CP018851.1,4,2,1,1
NZ_CP018852.1,6,13,3,10
NZ_CP018853.1,1,0,0,0
NZ_CP080256.1,19,26,21,5
NZ_CP080258.1,5,5,4,1
NZ_CP080259.1,4,9,6,3
NZ_CP050343.1,18,19,15,4
NZ_CP050344.1,1,1,0,1
NZ_CP050345.1,17,16,15,1
NZ_LR890572.1,24,31,25,6
NZ_LR890573.1,4,4,3,1
NZ_CP032205.1,1,1,1,0
NZ_CP080128.1,20,24,19,5
NZ_CP080127.1,15,16,11,5
NZ_CP080130.1,1,1,1,0
NZ_CP080129.1,6,6,4,2
NZ_CP045459.1,11,9,7,2
NZ_CP045460.1,1,1,1,0
NZ_CP071442.1,16,19,9,10
NZ_CP071443.1,2,3,1,2
NZ_CP029957.1,14,13,12,1
NZ_CP050119.1,5,8,5,3
NZ_CP050118.1,19,19,14,5
NZ_CP050856.1,5,5,4,1
NZ_CP050857.1,9,11,8,3
NZ_LR890425.1,13,20,11,9
NZ_CP016715.2,9,11,9,2
NZ_CP016716.2,3,2,1,1
NZ_CP117358.1,3,5,2,3
NZ_CP130682.1,7,5,4,1
NZ_CP072109.1,1,0,0,0
NZ_CP117760.1,1,1,0,1
NZ_CP018129.1,48,47,37,10
NZ_CP018130.1,6,7,5,2
NZ_CP018131.1,4,5,3,2
NZ_CP067047.1,15,12,8,4
NZ_CP067046.1,22,23,16,7
NZ_CP129834.1,15,15,12,3
NZ_CP129833.1,17,15,12,3
NZ_CP028945.1,5,8,2,6
NZ_AP025604.1,8,16,12,4
NZ_AP025605.1,13,9,6,3
NZ_AP025606.1,1,1,1,0
NZ_CP017600.1,1,1,0,1
NZ_CP017941.1,15,25,15,10
NZ_CP017943.1,4,12,8,4
NZ_CP017942.1,3,9,2,7
NZ_CP017945.1,1,1,1,0
NZ_CP110464.1,2,2,2,0
NZ_CP110466.1,5,4,4,0
NZ_CP110467.1,9,5,5,0
NZ_CP110468.1,11,10,9,1
NZ_CP030872.1,21,23,17,6
NZ_CP030873.1,1,0,0,0
NZ_CP124695.1,12,11,10,1
NZ_CP124696.1,3,4,2,2
NZ_CP124697.1,9,10,8,2
NZ_CP124694.1,18,20,17,3
NZ_CP054921.1,7,10,5,5
NZ_CP054922.1,7,6,5,1
NZ_CP100690.1,20,22,16,6
NZ_CP012594.1,4,3,2,1
NZ_CP012596.1,1,3,3,0
NZ_CP071209.1,6,5,4,1
NZ_CP019247.1,15,23,17,6
NZ_CP019248.1,5,4,4,0
NZ_CP119424.1,8,10,8,2
NZ_AP023281.1,9,24,8,16
NZ_AP023282.1,18,24,19,5
NZ_AP023285.1,2,1,1,0
NZ_AP023283.1,24,38,21,17
NZ_CP018737.1,13,19,12,7
NZ_CP018736.1,4,4,4,0
NZ_CP011986.1,10,7,5,2
NZ_CP011988.1,2,1,0,1
NZ_CP011987.1,8,10,8,2
NZ_CP141101.1,19,21,15,6
NZ_AP024569.1,22,26,20,6
NC_012624.1,4,1,0,1
NZ_CP069967.1,8,7,5,2
NZ_CP069969.1,11,18,10,8
NZ_LN997849.1,2,2,2,0
NZ_CP103610.1,3,3,2,1
NC_021811.1,12,11,8,3
NZ_CP118756.1,5,6,6,0
NZ_CP118757.1,8,8,7,1
NZ_CP071389.1,28,26,25,1
NZ_CP071390.1,2,2,2,0
NZ_CP071391.1,5,6,4,2
NZ_CP102673.1,19,24,18,6
NZ_CP102672.1,1,1,1,0
NZ_CP102674.1,4,6,4,2
NZ_CP137364.1,1,0,0,0
NZ_CP137362.1,5,6,2,4
NZ_CP137365.1,6,9,5,4
NZ_CP137363.1,23,24,20,4
NZ_CP120558.1,5,17,5,12
NZ_CP120559.1,4,4,2,2
NZ_CP120968.1,10,9,8,1
NZ_CP050817.1,3,3,1,2
NZ_CP019175.1,1,3,1,2
NZ_CP020585.1,3,4,2,2
NZ_CP066660.1,35,41,32,9
NZ_CP066661.1,3,1,1,0
NZ_CP066662.1,12,14,10,4
NZ_CP066663.1,1,1,0,1
NZ_CP036015.1,1,0,0,0
NZ_CP036016.1,9,10,9,1
NZ_CP097018.1,4,4,4,0
NZ_CP075884.1,32,40,27,13
NZ_CP075886.1,22,19,15,4
NZ_CP075887.1,4,4,4,0
NZ_CP019707.1,3,2,1,1
NZ_CP058923.1,13,19,11,8
NZ_CP108498.1,18,12,5,7
NZ_CP108499.1,4,1,1,0
NZ_CP090185.1,8,7,6,1
NZ_CP090186.1,1,1,1,0
NZ_CP090188.1,6,7,3,4
NZ_CP090189.1,4,3,3,0
NZ_CP090190.1,3,2,1,1
NZ_CP090191.1,5,6,5,1
NZ_CP043824.1,16,15,7,8
NZ_CP043823.1,22,20,10,10
NZ_CP123001.1,21,27,15,12
NZ_CP123002.1,36,34,15,19
NZ_CP038659.1,24,22,12,10
NZ_CP081967.1,3,0,0,0
NZ_CP083547.1,5,7,4,3
NZ_CP083549.1,1,0,0,0
NZ_CP083550.1,2,0,0,0
NZ_AP022242.1,18,15,5,10
NZ_AP022243.1,7,7,5,2
NZ_CP021488.1,3,10,4,6
NZ_CP014757.1,6,12,7,5
NZ_CP014756.1,2,1,0,1
NZ_CP014758.1,4,5,2,3
NZ_CP092555.1,1,0,0,0
NZ_CP050809.1,10,10,7,3
NZ_CP050808.1,4,5,4,1
NZ_CP050807.1,2,2,2,0
NZ_CP050806.1,11,11,7,4
NZ_CP090373.1,3,1,0,1
NZ_CP090374.1,1,0,0,0
NZ_CP041413.1,1,1,1,0
NZ_CP041414.1,5,5,2,3
NZ_CP041415.1,4,2,2,0
NZ_CP026587.1,14,21,9,12
NZ_CP026588.1,11,10,7,3
NZ_CP026589.1,15,15,13,2
NZ_CP026590.1,4,7,4,3
NZ_CP035918.1,18,18,14,4
NZ_CP054280.1,4,3,3,0
NZ_CP054281.1,4,2,2,0
NZ_CP054279.1,18,19,18,1
NZ_CP012574.1,1,0,0,0
NZ_CP012575.1,1,1,0,1
NZ_CP017067.1,6,5,2,3
NZ_CP086231.1,2,2,2,0
NZ_CP086232.1,6,4,3,1
NZ_CP086233.1,14,11,6,5
NZ_CP071199.1,6,5,4,1
NZ_CP072743.1,12,17,8,9
NZ_CP009972.1,4,17,4,13
NZ_CP009971.1,8,7,4,3
NZ_CP050841.1,3,4,3,1
NZ_CP110537.1,5,4,3,1
NZ_CP051357.1,14,11,10,1
NZ_CP010638.1,4,7,4,3
NZ_OU342707.1,17,23,12,11
NZ_OU342708.1,17,22,13,9
NZ_OU342709.1,6,6,5,1
NZ_OU342710.1,1,1,1,0
NZ_CP069995.1,17,21,16,5
NZ_CP107023.1,2,1,1,0
NZ_CP062759.1,5,7,3,4
NZ_CP070952.1,15,17,14,3
NZ_CP070953.1,14,20,16,4
NC_023148.1,3,3,2,1
NZ_AP022626.1,5,5,2,3
NZ_CP065555.1,13,26,17,9
NZ_CP065557.1,2,10,8,2
NZ_AP018539.1,10,9,7,2
NZ_AP018540.1,2,2,2,0
NZ_AP018541.1,5,6,4,2
NZ_CP073008.1,30,37,28,9
NZ_CP073009.1,15,6,5,1
NZ_CP073010.1,2,1,1,0
NZ_OX442408.1,2,2,2,0
NZ_OX442409.1,1,0,0,0
NZ_OX442410.1,8,15,11,4
NZ_CP050245.1,1,2,1,1
NZ_CP122626.1,2,2,0,2
NZ_CP017850.1,7,9,7,2
NZ_CP017851.1,1,3,1,2
NZ_CP017852.1,6,6,6,0
NC_010510.1,6,11,3,8
NC_010514.1,2,2,2,0
NC_010517.1,2,3,2,1
NC_010518.1,2,5,1,4
NC_010502.1,1,3,1,2
NC_014561.1,1,1,1,0
NC_014563.1,7,8,3,5
NC_014258.1,1,2,2,0
NZ_CP122470.1,14,13,9,4
NZ_CP122473.1,17,17,11,6
NZ_CP122471.1,1,1,1,0
NZ_CP122472.1,9,10,8,2
NZ_CP122474.1,4,3,3,0
NZ_CP087670.1,15,19,13,6
NZ_CP087671.1,9,8,7,1
NZ_CP087672.1,5,5,5,0
NZ_CP067011.1,1,4,1,3
NZ_AP020323.1,1,0,0,0
NZ_CP023800.1,39,42,34,8
NZ_CP023801.1,8,10,7,3
NZ_CP023802.1,2,1,1,0
NZ_CP137132.1,28,29,24,5
NZ_CP080359.1,14,17,13,4
NZ_CP080361.1,2,1,1,0
NZ_CP080360.1,4,4,4,0
NZ_CP114572.1,2,1,1,0
NZ_CP114573.1,7,7,4,3
NZ_CP114574.1,23,24,21,3
NZ_CP114575.1,5,5,5,0
NZ_QXCU01000003.1,9,11,8,3
NZ_CP050074.1,10,19,17,2
NZ_CP050075.1,11,9,4,5
NZ_CP050076.1,1,0,0,0
NZ_CP040167.1,61,80,54,26
NZ_CP040168.1,4,8,3,5
NZ_CP040169.1,18,18,14,4
NZ_CP040170.1,5,5,4,1
NZ_CP029948.1,15,14,13,1
NZ_CP094703.1,7,9,7,2
NZ_CP014357.1,3,3,2,1
NZ_CP134829.1,2,3,2,1
NZ_CP134830.1,2,4,1,3
NC_015658.1,2,5,3,2
NZ_CP117669.1,1,17,5,12
NZ_CP026806.1,14,31,13,18
NZ_CP028721.1,1,0,0,0
NZ_CP028723.1,2,1,1,0
NZ_CP065649.1,1,9,3,6
NZ_CP062913.1,6,8,6,2
NZ_CP062914.1,3,2,0,2
NZ_CP062915.1,12,16,10,6
NZ_CP050761.1,11,19,16,3
NZ_CP129880.1,2,8,5,3
NZ_CP043525.1,1,2,1,1
NZ_CP043526.1,7,15,10,5
NZ_CP043527.1,4,3,1,2
NZ_CP043528.1,1,2,1,1
NZ_CP043524.1,3,9,7,2
NZ_CP142812.1,14,17,10,7
NZ_CP129815.1,9,11,8,3
NZ_CP129817.1,1,1,1,0
NZ_CP129816.1,15,15,13,2
NZ_CP118047.1,1,1,1,0
NC_008757.1,12,12,5,7
NC_008758.1,13,11,8,3
NC_008759.1,8,5,2,3
NC_008760.1,20,23,13,10
NC_008761.1,3,4,2,2
NZ_AP024127.1,10,8,4,4
NZ_AP024128.1,3,1,1,0
NZ_CP106676.1,25,27,24,3
NZ_CP106677.1,9,14,9,5
NZ_CP085062.1,3,3,2,1
NZ_CP085061.1,19,21,11,10
NZ_CP044511.1,5,5,1,4
NZ_CP044512.1,3,4,2,2
NZ_CP033119.1,4,6,1,5
NZ_CP033124.1,1,1,0,1
NZ_CP033130.1,21,26,21,5
NZ_CP033131.1,5,7,4,3
NZ_CP137474.1,5,6,6,0
NZ_CP137473.1,43,41,29,12
NZ_CP095924.1,16,10,8,2
NZ_CP010716.1,4,8,5,3
NZ_CP010717.1,1,1,0,1
NZ_CP010718.1,9,15,8,7
NZ_CP010722.1,4,3,3,0
NZ_CP010723.1,1,1,0,1
NZ_CP066340.1,8,3,3,0
NZ_CP098704.1,1,0,0,0
NZ_CP046540.1,2,4,2,2
NZ_CP023821.1,14,13,10,3
NZ_CP044217.1,6,8,5,3
NZ_CP038278.1,5,5,4,1
NZ_CP038279.1,3,2,1,1
NZ_CP038280.1,8,5,5,0
NZ_CP038275.1,10,9,8,1
NZ_CP038276.1,7,8,8,0
NZ_CP038277.1,17,15,10,5
NZ_CP138689.1,12,11,11,0
NZ_CP138690.1,1,1,1,0
NZ_OX442404.1,17,15,11,4
NZ_OX442405.1,2,2,2,0
NZ_CP098448.1,2,1,0,1
NZ_CP098449.1,3,4,3,1
NZ_CP114875.1,1,1,1,0
NZ_CP114876.1,7,6,5,1
NZ_CP114877.1,6,6,4,2
NZ_CP114878.1,3,3,1,2
NZ_AP025783.1,25,26,21,5
NZ_CP101138.1,1,1,1,0
NZ_OW970423.1,17,12,7,5
NZ_OW970424.1,4,4,4,0
NZ_OW970425.1,3,3,1,2
NZ_OW970426.1,1,0,0,0
NZ_CP020031.1,3,1,1,0
NZ_CP020032.1,8,6,4,2
NZ_CP101459.1,9,12,5,7
NZ_CP026933.2,18,12,8,4
NZ_CP026934.1,14,12,7,5
NZ_CP041303.1,7,14,9,5
NZ_CP027436.1,19,26,10,16
NZ_CP074110.1,21,20,19,1
NZ_AP018819.1,9,11,5,6
NZ_AP018820.1,5,3,2,1
NZ_AP018821.1,7,5,3,2
NZ_AP018822.1,7,3,2,1
NZ_CP139692.1,5,10,6,4
NZ_CP139693.1,14,10,10,0
NZ_CP139695.1,11,13,7,6
NZ_CP139696.1,6,9,5,4
NZ_CP139697.1,1,0,0,0
NZ_CP077987.1,1,0,0,0
NZ_CP077986.1,3,2,2,0
NZ_CP079146.1,25,28,17,11
NZ_CP079147.1,23,24,14,10
NZ_CP083001.1,21,21,16,5
NZ_CP038350.1,2,6,3,3
NZ_CP021931.1,11,13,9,4
NZ_CP021930.1,2,1,1,0
NZ_CP020426.2,3,3,1,2
NZ_CP016685.2,11,13,10,3
NZ_CP016686.2,6,5,4,1
NZ_CP016687.2,3,9,7,2
NZ_CP016688.2,7,7,5,2
NZ_CP016689.2,2,2,2,0
NZ_CP069241.1,14,38,12,26
NZ_CP032873.1,11,7,6,1
NZ_CP089412.1,18,18,15,3
NZ_CP089413.1,7,5,3,2
NZ_CP074367.1,12,14,13,1
NZ_CP074368.1,12,11,4,7
NZ_CP092150.1,3,7,5,2
NZ_CP040264.1,2,2,1,1
NZ_CP040265.1,4,4,2,2
NZ_CP026014.1,35,32,24,8
NZ_CP026016.1,3,6,0,6
NZ_CP026015.1,7,7,5,2
NZ_CP035835.1,6,4,2,2
NZ_CP035834.1,8,4,4,0
NZ_CP035833.1,20,29,13,16
NZ_CP022061.1,3,3,3,0
NZ_CP022063.1,9,12,4,8
NZ_CP022064.1,5,6,2,4
NZ_CP129334.1,3,2,1,1
NZ_LR890350.1,40,34,27,7
NZ_LR890351.1,5,6,2,4
NZ_CP012906.1,2,1,1,0
NZ_CP086396.1,7,8,6,2
NZ_CP086398.1,4,3,3,0
NZ_CP045356.1,4,2,0,2
NZ_CP123283.1,5,7,6,1
NC_016858.1,3,5,2,3
NC_017675.1,1,1,0,1
NZ_CP063004.1,4,4,3,1
NZ_CP067077.1,2,1,1,0
NZ_CP067076.1,2,1,0,1
NZ_CP067075.1,12,9,6,3
NZ_CP067074.1,33,42,19,23
NZ_CP067073.1,15,13,7,6
NZ_CP067072.1,2,3,3,0
NZ_AP022499.1,21,18,16,2
NZ_AP022500.1,10,12,7,5
NZ_AP022501.1,8,9,5,4
NZ_AP018682.1,20,20,13,7
NZ_AP018683.1,3,4,2,2
NZ_CP121683.1,8,11,3,8
NZ_CP134465.1,2,2,2,0
NZ_CP134466.1,2,2,2,0
NZ_CP134468.1,3,2,2,0
NZ_CP026305.1,1,3,2,1
NZ_CP059698.1,3,4,2,2
NZ_CP140263.1,1,2,0,2
NZ_CP127254.1,7,13,4,9
NZ_CP135054.1,7,8,7,1
NZ_CP070070.1,5,5,1,4
NZ_CP070072.1,11,9,5,4
NZ_CP070074.1,2,2,0,2
NZ_CP130077.1,16,13,8,5
NZ_CP116565.1,7,7,5,2
NZ_CP036188.1,21,30,22,8
NZ_CP103711.1,15,9,6,3
NZ_CP103712.1,4,4,4,0
NZ_CP093855.1,17,19,8,11
NZ_CP038449.1,2,2,2,0
NZ_CP038450.1,16,11,8,3
NZ_CP079204.1,3,5,3,2
NZ_CP022169.1,5,7,6,1
NZ_CP119790.1,3,2,2,0
NZ_CP077743.1,2,0,0,0
NZ_CP069569.1,7,4,1,3
NZ_CP068286.1,43,64,48,16
NZ_CP126816.1,18,16,13,3
NZ_CP126817.1,4,4,4,0
NZ_CP032812.1,4,6,3,3
NZ_CP024660.1,17,19,6,13
NZ_CP101529.1,1,0,0,0
NZ_CP097350.1,5,5,5,0
NZ_CP114333.1,27,30,23,7
NZ_CP114334.1,10,9,5,4
NZ_CP133843.1,2,2,1,1
NZ_CP060671.1,11,8,7,1
NZ_CP066131.1,5,9,7,2
NZ_AP024204.1,1,0,0,0
NZ_CP032655.1,13,14,8,6
NZ_CP032657.1,1,3,0,3
NZ_CP107856.1,2,4,2,2
NZ_CP110295.1,10,8,8,0
NZ_CP096051.1,28,30,26,4
NZ_CP021133.1,4,4,3,1
NZ_CP021134.1,2,2,1,1
NZ_CP021135.1,1,0,0,0
NZ_CP082074.1,4,11,6,5
NZ_CP033429.1,5,7,2,5
NZ_LR215003.1,10,9,5,4
NZ_LR215004.1,8,10,7,3
NZ_LR215005.1,1,0,0,0
NZ_CP071467.1,4,3,2,1
NZ_CP071468.1,2,2,1,1
NZ_CP071469.1,3,3,2,1
NZ_CP071470.1,3,1,0,1
NZ_CP071472.1,2,2,0,2
NZ_CP071473.1,2,1,0,1
NZ_CP071478.1,1,1,1,0
NZ_CP024875.1,40,46,32,14
NZ_CP024876.1,14,12,8,4
NZ_CP024878.1,4,2,2,0
NZ_CP024879.1,3,2,2,0
NZ_CP065256.1,1,2,0,2
NZ_CP075356.1,2,2,2,0
NZ_CP075357.1,4,5,5,0
NZ_CP075353.1,2,4,1,3
NZ_CP075354.1,1,1,1,0
NZ_CP107152.1,21,26,18,8
NZ_CP080248.1,15,15,7,8
NZ_CP034651.1,5,4,3,1
NZ_CP013412.1,24,20,15,5
NZ_CP067266.1,26,30,27,3
NZ_CP067267.1,4,4,4,0
NZ_CP067268.1,2,5,2,3
NZ_CP067269.1,2,3,2,1
NZ_CP067270.1,1,1,1,0
NZ_CP067271.1,1,1,0,1
NC_017736.1,4,2,2,0
NZ_CP029362.1,2,4,3,1
NZ_CP029363.1,1,0,0,0
NZ_CP066248.1,4,2,0,2
NZ_CP129006.1,23,28,20,8
NZ_CP086491.1,9,10,6,4
NZ_CP086492.1,17,19,12,7
NZ_CP086494.1,3,3,3,0
NZ_CP086495.1,1,1,0,1
NZ_CP025917.1,34,36,13,23
NZ_CP025918.1,11,8,4,4
NZ_CP059577.1,5,2,2,0
NZ_CP059578.1,1,0,0,0
NZ_CP007529.1,4,5,3,2
NZ_CP092537.1,14,22,10,12
NZ_CP117822.1,1,1,1,0
NZ_CP033359.1,1,1,0,1
NZ_CP093469.1,1,1,0,1
NZ_CP093466.1,22,26,19,7
NZ_CP093468.1,1,0,0,0
NZ_CP093470.1,1,1,1,0
NZ_CP093467.1,2,3,1,2
NZ_CP014169.1,3,1,1,0
NZ_CP070519.1,12,8,5,3
NZ_CP058359.1,7,10,4,6
NZ_CP058360.1,3,5,3,2
NC_010631.1,18,12,5,7
NC_010632.1,12,9,2,7
NC_010630.1,6,3,1,2
NC_010633.1,2,1,1,0
NZ_CP088966.1,14,14,10,4
NZ_CP088967.1,1,0,0,0
NZ_CP065101.1,6,6,3,3
NZ_CP065102.1,10,13,7,6
NZ_CP065103.1,7,6,6,0
NZ_AP018785.1,10,12,4,8
NZ_CP048475.1,1,6,2,4
NZ_CP048476.1,1,3,2,1
NZ_CP087571.1,13,18,15,3
NZ_CP087572.1,5,5,3,2
NZ_CP092259.1,18,20,16,4
NZ_CP092260.1,5,7,6,1
NZ_CP033834.1,2,1,1,0
NZ_CP008899.1,22,18,18,0
NZ_CP008901.1,3,3,2,1
NZ_CP008898.1,7,6,6,0
NC_010679.1,1,1,1,0
NZ_CP114998.1,4,5,3,2
NZ_CP023350.1,21,21,9,12
NZ_CP023351.1,5,3,3,0
NZ_CP023352.1,6,11,3,8
NZ_CP089098.1,21,22,19,3
NZ_CP089099.1,18,17,14,3
NZ_CP091907.1,11,13,10,3
NC_014533.1,16,10,7,3
NC_014534.1,30,26,12,14
NC_014502.1,9,13,6,7
NC_014503.1,3,1,1,0
NC_014504.1,3,2,2,0
NZ_CP074581.1,12,17,13,4
NZ_CP074582.1,1,1,1,0
NZ_LR215015.1,2,2,0,2
NZ_CP128971.1,8,16,4,12
NZ_CP128973.1,4,3,2,1
NZ_CP128974.1,3,2,1,1
NZ_CP128972.1,1,2,2,0
NZ_LR890416.1,26,33,23,10
NZ_LR890417.1,7,7,2,5
NZ_CP028173.1,1,1,0,1
NZ_CP028174.1,1,1,1,0
NZ_CP071862.1,33,41,27,14
NZ_CP073103.1,1,1,1,0
NZ_CP070369.1,1,2,1,1
NZ_CP070372.1,3,6,2,4
NZ_CP012497.1,4,3,2,1
NZ_CP012498.1,31,43,15,28
NZ_CP122449.1,11,13,5,8
NZ_CP122450.1,4,4,3,1
NZ_CP101383.1,20,22,16,6
NZ_CP088204.1,5,5,5,0
NZ_CP088205.1,3,3,2,1
NZ_CP047737.1,29,28,22,6
NZ_CP047738.1,5,6,5,1
NZ_CP091295.1,9,12,5,7
NZ_CP091296.1,3,5,2,3
NZ_CP120362.1,12,19,10,9
NZ_CP120363.1,15,15,10,5
NZ_CP006665.1,9,6,3,3
NZ_CP006666.1,1,2,1,1
NZ_CP117017.1,13,17,11,6
NZ_AP022190.1,29,24,20,4
NZ_AP022191.1,8,7,4,3
NZ_AP022192.1,4,0,0,0
NZ_AP022193.1,5,4,3,1
NZ_CP140887.1,71,94,67,27
NZ_CP140888.1,42,63,34,29
NZ_CP140889.1,5,7,2,5
NZ_CP140890.1,15,16,12,4
NZ_CP140891.1,9,24,18,6
NZ_CP140892.1,41,52,27,25
NZ_CP140893.1,15,16,12,4
NZ_CP060900.1,19,26,21,5
NZ_CP060901.1,5,5,4,1
NZ_CP016890.1,2,3,2,1
NZ_CP016891.1,9,11,4,7
NZ_CP016892.1,1,1,0,1
NZ_CP076112.1,10,11,5,6
NZ_CP076111.1,12,19,10,9
NZ_CP054152.1,1,2,1,1
NZ_CP020848.1,28,31,25,6
NZ_CP020851.1,11,13,10,3
NZ_CP020852.1,3,2,1,1
NZ_CP020850.1,1,0,0,0
NZ_CP020849.1,1,2,1,1
NZ_CP116160.1,8,11,6,5
NZ_CP116161.1,10,9,5,4
NZ_CP013104.1,10,11,8,3
NZ_CP013105.1,12,20,10,10
NZ_CP045934.1,5,4,4,0
NZ_CP064398.1,7,8,7,1
NC_017480.1,1,2,2,0
NC_017499.1,9,6,4,2
NZ_CP038318.1,6,9,6,3
NZ_CP038317.1,1,1,1,0
NZ_CP068624.1,4,3,2,1
NZ_CP068625.1,4,4,3,1
NZ_CP068626.1,5,10,6,4
NZ_CP083652.1,5,3,3,0
NZ_CP083653.1,3,8,3,5
NZ_AP019539.1,27,22,21,1
NZ_CP036337.1,16,31,22,9
NZ_CP036336.1,10,20,16,4
NZ_CP085403.1,11,12,12,0
NZ_CP100393.1,21,19,12,7
NZ_CP090012.1,1,2,2,0
NZ_CP104735.1,1,0,0,0
NZ_CP040322.1,3,3,2,1
NZ_AP025210.2,26,29,22,7
NZ_AP025211.1,1,1,1,0
NZ_CP021841.1,8,6,3,3
NZ_CP021842.1,17,21,14,7
NZ_CP021843.1,6,7,6,1
NZ_CP021680.1,2,4,3,1
NZ_CP021681.1,12,18,10,8
NZ_CP021682.1,5,4,3,1
NZ_CP021684.1,10,8,5,3
NZ_CP110065.1,6,5,2,3
NZ_CP086863.1,12,15,9,6
NZ_CP086864.1,2,1,1,0
NZ_CP086865.1,27,26,11,15
NZ_CP086866.1,5,3,1,2
NZ_CP086867.1,1,0,0,0
NZ_CP086869.1,2,1,0,1
NZ_CP090053.1,13,8,7,1
NZ_AP025916.1,32,33,28,5
NZ_CP087313.1,23,26,15,11
NZ_CP087314.1,2,2,2,0
NZ_CP099723.1,23,25,16,9
NZ_CP099722.1,23,17,16,1
NZ_CP143916.1,24,28,13,15
NZ_CP025242.1,7,7,5,2
NZ_CP006028.1,17,19,5,14
NZ_CP006029.1,7,6,5,1
NZ_CP085203.1,33,66,32,34
NZ_CP085204.1,1,1,1,0
NZ_CP075974.1,3,5,3,2
NZ_CP118033.1,3,3,3,0
NZ_CP118034.1,2,3,2,1
NZ_CP088009.1,86,71,39,32
NZ_CP088011.1,113,156,91,65
NZ_CP088013.1,15,16,11,5
NZ_CP017788.1,37,44,34,10
NZ_CP017789.1,3,1,1,0
NZ_CP017790.1,7,8,5,3
NZ_CP017791.1,1,1,1,0
NZ_CP058329.1,2,1,1,0
NZ_CP058327.1,14,8,6,2
NZ_CP058326.1,17,19,14,5
NZ_CP058328.1,2,2,2,0
NZ_CP069498.1,8,13,8,5
NZ_CP020062.1,11,14,12,2
NZ_CP020063.1,1,0,0,0
NZ_CP020064.1,5,3,1,2
NZ_CP020065.1,8,8,5,3
NZ_CP020066.1,8,7,3,4
NZ_CP130448.1,8,15,5,10
NZ_CP130449.1,6,9,4,5
NZ_CP055175.1,42,50,33,17
NZ_CP055176.1,11,10,7,3
NZ_CP055177.1,1,1,1,0
NZ_CP055178.1,1,1,0,1
NZ_CP051007.1,4,5,3,2
NZ_CP051009.1,1,1,1,0
NZ_CP055200.1,21,20,11,9
NZ_CP055202.1,4,1,0,1
NZ_CP053444.1,9,11,3,8
NZ_CP053441.1,3,2,1,1
NZ_CP053440.1,4,5,2,3
NZ_CP084164.1,3,1,0,1
NZ_CP043831.1,13,12,9,3
NZ_CP043832.1,4,3,3,0
NZ_CP043834.1,4,3,2,1
NZ_CP059429.1,31,30,25,5
NZ_CP066760.1,2,8,2,6
NZ_CP106842.1,1,1,1,0
NZ_CP021807.1,4,6,3,3
NZ_CP021805.1,23,32,15,17
NZ_CP021806.1,3,8,5,3
NZ_CP012852.1,47,62,49,13
NZ_CP012853.1,5,3,2,1
NZ_CP012854.1,1,1,1,0
NZ_CP012855.1,1,1,1,0
NZ_CP012858.1,1,1,0,1
NZ_CP012860.1,22,24,19,5
NZ_CP012861.1,22,27,18,9
NZ_CP012862.1,7,7,2,5
NZ_CP012863.1,10,10,8,2
NZ_CP012864.1,9,5,4,1
NZ_CP012865.1,5,6,3,3
NZ_CP012867.1,7,1,1,0
NZ_CP029963.1,10,12,4,8
NZ_CP038404.1,8,8,4,4
NZ_CP016453.1,19,17,10,7
NZ_CP016457.1,6,4,2,2
NZ_CP016455.1,3,3,3,0
NZ_CP016454.1,5,1,1,0
NZ_CP063840.1,18,11,8,3
NZ_CP063841.1,10,9,4,5
NZ_CP063842.1,1,0,0,0
NZ_CP012025.1,2,1,1,0
NZ_CP031815.1,15,16,9,7
NZ_CP070365.1,2,2,2,0
NZ_CP104534.1,9,12,7,5
NZ_CP141746.1,18,22,15,7
NZ_CP141747.1,4,4,4,0
NZ_CP050727.1,19,21,14,7
NZ_CP088267.1,4,4,4,0
NZ_CP060464.1,1,0,0,0
NZ_CP060462.1,2,3,1,2
NZ_CP060461.1,5,4,3,1
NZ_CP056636.1,24,20,18,2
NZ_CP056637.1,5,3,2,1
NZ_CP056638.1,9,5,2,3
NZ_CP056639.1,2,1,1,0
NZ_CP039958.1,7,6,5,1
NZ_CP039959.1,4,4,4,0
NZ_CP085742.1,9,11,7,4
NZ_CP031947.1,1,4,1,3
NZ_CP096754.1,1,1,1,0
NZ_CP049210.1,2,3,2,1
NZ_CP049208.1,11,10,2,8
NZ_CP049209.1,2,3,2,1
NZ_CP049211.1,4,3,2,1
NZ_CP049212.1,1,0,0,0
NZ_CP077887.1,1,1,1,0
NZ_CP077886.1,1,1,0,1
NZ_CP022726.1,2,4,1,3
NZ_CP022727.1,1,1,0,1
NZ_CP076684.1,4,5,4,1
NZ_CP101916.1,26,26,20,6
NZ_CP063477.1,18,20,16,4
NZ_CP039454.1,7,6,5,1
NZ_CP013426.1,29,37,20,17
NZ_CP066044.1,4,4,2,2
NZ_CP107395.1,16,16,14,2
NZ_CP121508.1,1,0,0,0
NZ_CP055676.1,21,21,17,4
NZ_CP115209.1,6,1,1,0
NZ_CP051683.1,6,1,1,0
NZ_AP022037.1,2,2,0,2
NZ_CP016869.1,5,4,2,2
NZ_CP084857.1,4,6,3,3
NZ_CP014908.1,1,4,1,3
NZ_CP014910.1,2,1,1,0
NZ_CP090969.1,6,6,4,2
NZ_CP010582.1,2,2,1,1
NZ_CP010581.1,3,1,1,0
NZ_CP010580.1,2,0,0,0
NZ_CP010579.1,7,7,5,2
NZ_CP010578.1,8,9,8,1
NZ_CP137706.1,25,26,20,6
NZ_CP031079.1,5,10,5,5
NZ_CP031080.1,2,2,1,1
NZ_CP031081.1,24,29,13,16
NZ_CP031082.1,6,3,0,3
NZ_CP031083.1,10,9,3,6
NZ_CP031084.1,7,6,1,5
NZ_CP031085.1,1,1,1,0
NZ_OU015329.1,24,15,14,1
NZ_OU015330.1,2,1,0,1
NC_016149.1,3,3,1,2
NZ_CP031668.1,4,4,4,0
NZ_CP011936.1,7,6,4,2
NZ_CP040937.1,1,0,0,0
NZ_CP124509.1,17,18,13,5
NZ_CP138535.1,16,16,14,2
NZ_CP138536.1,4,7,4,3
NZ_CP138537.1,15,28,17,11
NZ_CP063944.1,4,4,3,1
NZ_CP101518.1,11,14,7,7
NZ_CP101519.1,25,27,16,11
NZ_CP101520.1,3,14,2,12
NZ_CP101521.1,6,6,4,2
NZ_CP042047.1,3,2,2,0
NC_019746.1,6,5,2,3
NC_020051.1,7,4,1,3
NZ_CP088135.1,4,5,3,2
NZ_CP126747.1,28,31,22,9
NZ_CP126748.1,17,17,15,2
NZ_CP126750.1,15,12,10,2
NZ_CP126751.1,8,12,9,3
NZ_CP126749.1,4,4,4,0
NZ_CP076226.1,5,10,5,5
NZ_CP090548.1,3,3,2,1
NZ_CP073579.1,29,28,27,1
NC_019690.1,19,12,9,3
NZ_CP032465.1,7,6,4,2
NZ_CP018982.1,15,15,13,2
NZ_CP018981.1,5,1,1,0
NC_017907.1,2,6,3,3
NZ_CP118678.1,17,18,12,6
NZ_CP091228.1,5,9,7,2
NZ_CP091229.1,2,3,3,0
NZ_CP027364.1,5,15,7,8
NZ_CP101696.1,5,4,4,0
NZ_CP101697.1,6,10,6,4
NZ_CP015086.1,19,21,18,3
NZ_CP043040.1,4,5,2,3
NZ_CP085502.1,9,9,5,4
NZ_CP130511.1,3,2,2,0
NZ_CP017252.1,2,8,1,7
NZ_CP100282.1,30,25,18,7
NZ_CP100283.1,19,14,8,6
NZ_CP100284.1,10,11,7,4
NZ_CP028640.1,5,7,4,3
NZ_CP116015.1,1,2,0,2
NZ_CP117297.1,3,4,2,2
NZ_CP045009.1,2,3,3,0
NZ_CP018110.1,10,12,9,3
NZ_CP018113.1,1,1,1,0
NZ_CP018112.1,4,4,3,1
NZ_CP018111.1,12,15,12,3
NZ_CP061381.1,18,26,18,8
NZ_CP061382.1,20,11,6,5
NZ_CP061383.1,2,0,0,0
NZ_CP030263.1,25,25,11,14
NZ_CP030264.1,28,21,14,7
NZ_CP118550.1,22,27,20,7
NZ_CP118549.1,4,5,4,1
NZ_CP118551.1,5,5,5,0
NC_005004.1,1,1,0,1
NZ_CP054733.1,17,29,16,13
NZ_CP054734.1,8,8,5,3
NZ_CP054735.1,7,9,6,3
NZ_CP013632.1,4,4,2,2
NZ_CP013633.1,21,42,18,24
NZ_CP013634.1,4,3,3,0
NZ_CP013635.1,4,3,2,1
NZ_CP015497.1,4,5,4,1
NZ_CP015517.1,4,5,4,1
NZ_CP059773.1,33,36,29,7
NZ_CP059774.1,7,8,6,2
NZ_CP059775.1,8,7,5,2
NZ_CP059776.1,2,1,1,0
NZ_CP059777.1,2,1,1,0
NC_007505.1,3,1,1,0
NC_007506.1,3,2,2,0
NC_007507.1,10,8,6,2
NZ_CP046657.1,4,1,1,0
NZ_CP103296.1,9,13,9,4
NZ_CP103297.1,9,9,8,1
NZ_AP019552.1,1,2,0,2
NZ_AP019553.1,11,8,5,3
NZ_CP055214.1,17,19,10,9
NZ_CP055215.1,1,2,2,0
NZ_CP121132.1,25,38,24,14
NZ_CP027372.1,8,13,4,9
NZ_CP083479.1,13,17,15,2
NZ_CP083480.1,1,0,0,0
NZ_CP058744.1,17,21,15,6
NZ_CP058745.1,3,3,3,0
NZ_CP058746.1,8,5,4,1
NZ_CP028929.1,23,24,15,9
NZ_CP028930.1,8,9,7,2
NZ_CP028931.1,10,13,6,7
NZ_CP047243.1,16,11,11,0
NZ_CP047244.1,10,12,10,2
NZ_CP047245.1,1,0,0,0
NZ_LN890521.1,8,8,7,1
NC_016864.1,3,3,2,1
NZ_CP110171.1,20,20,14,6
NZ_CP110172.1,1,1,1,0
NZ_CP063909.1,13,23,10,13
NZ_CP015501.1,19,21,14,7
NZ_CP015502.1,24,15,10,5
NZ_CP015503.1,3,2,2,0
NZ_CP015504.1,1,1,1,0
NZ_CP097420.1,15,17,11,6
NZ_CP097421.1,14,13,10,3
NZ_CP097422.1,3,3,3,0
NZ_CP077833.1,3,0,0,0
NZ_AP027444.1,7,8,6,2
NZ_AP027442.1,6,9,5,4
NZ_AP027441.1,4,7,5,2
NZ_LR135429.1,22,24,20,4
NZ_LR135430.1,6,7,5,2
NZ_CP033689.1,3,15,4,11
NZ_CP033691.1,2,2,0,2
NZ_CP033692.1,4,8,5,3
NZ_CP033693.1,8,10,1,9
NZ_CP086103.1,7,8,4,4
NZ_CP064370.1,10,8,5,3
NZ_CP064371.1,10,19,3,16
NZ_CP064372.1,1,1,1,0
NZ_CP019251.1,12,23,14,9
NZ_CP019252.1,4,6,4,2
NZ_CP019253.1,8,9,5,4
NZ_CP019254.1,4,4,0,4
NZ_CP019255.1,3,3,3,0
NZ_CP069443.1,1,1,1,0
NZ_CP142957.1,11,13,8,5
NZ_CP096162.1,6,4,3,1
NZ_CP077815.1,8,17,11,6
NZ_CP139261.1,1,1,1,0
NZ_CP139259.1,9,16,10,6
NZ_CP052762.1,29,31,24,7
NZ_CP052763.1,4,4,2,2
NZ_CP110051.1,3,0,0,0
NZ_CP069083.1,1,1,0,1
NZ_CP065398.1,24,16,12,4
NZ_CP083752.1,14,20,9,11
NZ_CP083753.1,9,5,5,0
NZ_AP027259.1,5,15,6,9
NZ_CP096708.1,2,2,2,0
NZ_CP096709.1,2,4,2,2
NZ_CP089294.1,1,1,1,0
NZ_CP082101.1,14,12,9,3
NZ_CP125896.1,2,2,2,0
NZ_CP064175.1,12,14,10,4
NZ_CP064179.1,14,15,9,6
NZ_CP064177.1,5,4,4,0
NZ_CP064176.1,4,4,3,1
NZ_CP039501.1,3,4,4,0
NZ_CP095488.1,11,13,8,5
NZ_CP095489.1,2,3,3,0
NZ_CP095490.1,26,24,16,8
NZ_CP102078.1,12,18,11,7
NZ_CP102080.1,4,4,3,1
NZ_CP102079.1,9,9,7,2
NZ_CP086337.1,5,5,4,1
NZ_CP039449.1,3,3,2,1
NZ_CP073969.1,11,9,5,4
NZ_CP073970.1,22,28,19,9
NZ_CP038165.1,7,10,9,1
NZ_CP030112.1,9,15,5,10
NZ_CP117189.1,13,11,7,4
NZ_CP117190.1,4,4,4,0
NZ_CP028380.1,17,19,6,13
NC_002774.1,4,4,4,0
NZ_CP068116.1,6,8,8,0
NZ_CP068117.1,1,0,0,0
NZ_CP068119.1,1,1,1,0
NZ_CP032208.1,34,28,23,5
NZ_CP032209.1,10,13,8,5
NZ_CP032211.1,1,1,1,0
NZ_CP032212.1,18,19,14,5
NZ_CP115926.1,1,4,1,3
NZ_CP115927.1,6,5,3,2
NZ_CP115928.1,3,1,1,0
NZ_CP115929.1,7,7,3,4
NZ_CP018859.1,4,3,2,1
NZ_CP018860.1,5,13,3,10
NZ_LR025089.1,19,24,18,6
NZ_LR025091.1,4,4,4,0
NZ_CP041393.1,12,15,9,6
NZ_CP041394.1,8,9,6,3
NZ_CP083449.1,6,7,5,2
NZ_CP083450.1,4,4,4,0
NZ_LK021128.1,13,11,7,4
NZ_CP022799.1,3,11,0,11
NZ_CP076519.1,14,26,11,15
NZ_CP076520.1,7,8,5,3
NZ_CP076521.1,4,3,3,0
NZ_CP121376.1,12,16,11,5
NZ_CP121377.1,1,1,1,0
NZ_CP121379.1,1,2,0,2
NZ_CP104304.1,8,8,8,0
NZ_CP104305.1,5,4,3,1
NZ_CP104306.1,3,3,2,1
NZ_CP117363.1,6,5,5,0
NZ_CP117364.1,5,6,4,2
NZ_CP045727.1,4,4,4,0
NZ_CP009824.1,2,1,1,0
NZ_CP060509.1,13,19,7,12
NZ_CP061716.1,3,5,2,3
NZ_CP061717.1,1,3,3,0
NZ_CP090500.1,2,3,1,2
NZ_CP023379.1,1,2,1,1
NZ_CP023380.1,2,1,1,0
NZ_CP023382.1,6,5,1,4
NZ_CP023378.1,11,13,10,3
NZ_CP077767.1,3,1,0,1
NZ_CP077768.1,4,2,2,0
NZ_CP112981.1,22,28,20,8
NC_020208.1,22,25,20,5
NZ_CP012984.1,7,9,4,5
NZ_CP139405.1,4,1,0,1
NZ_CP139407.1,4,2,2,0
NZ_CP091641.1,30,30,22,8
NZ_FO818638.1,10,17,9,8
NZ_CP031313.1,5,12,5,7
NZ_CP031314.1,1,0,0,0
NZ_CP010270.1,1,1,1,0
NZ_CP070558.1,4,6,4,2
NZ_CP070557.1,19,17,10,7
NZ_CP070556.1,5,4,3,1
NZ_CP070555.1,11,11,9,2
NZ_CP070554.1,6,6,5,1
NZ_CP094273.1,9,8,6,2
NZ_CP094274.1,6,7,4,3
NZ_CP094275.1,3,2,1,1
NZ_CP094276.1,10,11,9,2
NZ_CP094277.1,8,8,4,4
NZ_CP094278.1,2,1,1,0
NZ_CP033668.1,43,34,20,14
NZ_CP033669.1,17,11,10,1
NZ_CP033670.1,2,3,1,2
NZ_CP132233.1,1,2,0,2
NZ_CP012118.2,3,4,4,0
NZ_CP103421.1,54,81,42,39
NZ_CP103422.1,9,8,6,2
NZ_CP075543.1,6,4,4,0
NZ_CP040398.1,7,17,14,3
NZ_CP040399.1,4,4,3,1
NZ_CP053637.1,3,4,4,0
NZ_CP049952.1,6,6,4,2
NZ_CP049951.1,4,4,4,0
NZ_CP022964.1,5,5,4,1
NZ_CP022965.1,3,3,1,2
NZ_CP084557.1,13,8,3,5
NZ_CP060838.1,20,24,13,11
NZ_CP126927.1,22,21,12,9
NZ_CP060443.1,2,3,3,0
NZ_CP060444.1,3,2,1,1
NZ_CP060445.1,1,0,0,0
NZ_CP115937.1,13,14,7,7
NZ_CP115938.1,3,3,1,2
NZ_CP115939.1,1,1,1,0
NZ_CP115940.1,2,0,0,0
NC_021506.1,17,11,10,1
NZ_CP123044.1,8,8,6,2
NZ_CP072508.1,7,8,5,3
NZ_CP042217.2,4,8,4,4
NZ_CP107895.1,7,12,2,10
NZ_CP039047.1,75,91,62,29
NZ_CP039048.1,20,23,16,7
NZ_CP039049.1,7,8,5,3
NZ_CP120945.1,2,8,1,7
NZ_CP104217.1,5,7,2,5
NZ_CP142832.1,3,5,5,0
NZ_CP068036.1,1,1,1,0
NZ_CP068037.1,6,2,0,2
NZ_CP068039.1,9,10,3,7
NZ_CP068040.1,18,21,5,16
NZ_HG938356.1,7,16,7,9
NZ_HG938357.1,6,4,3,1
NZ_CP013709.1,2,3,3,0
NZ_CP013710.1,7,4,3,1
NZ_CP115282.1,4,2,2,0
NZ_CP132030.1,2,2,2,0
NZ_CP039135.1,16,28,20,8
NZ_CP039136.1,6,12,7,5
NZ_CP039137.1,2,2,2,0
NC_014558.2,7,5,4,1
NZ_CP063159.1,3,4,2,2
NZ_CP063160.1,2,5,2,3
NZ_CP029324.1,4,9,6,3
NZ_CP139658.1,18,29,15,14
NZ_CP100193.1,30,28,18,10
NZ_CP100194.1,18,16,10,6
NZ_CP100195.1,18,23,16,7
NZ_CP100196.1,4,6,2,4
NZ_CP030734.1,27,26,23,3
NZ_CP030735.1,12,16,10,6
NZ_CP030736.1,13,10,6,4
NZ_CP047850.1,3,3,3,0
NZ_CP089875.1,24,31,22,9
NZ_CP089876.1,7,10,7,3
NZ_CP048561.1,1,2,2,0
NZ_CP048560.1,1,1,1,0
NZ_CP048562.1,5,3,3,0
NZ_CP048563.1,2,5,1,4
NZ_CP129995.1,7,4,3,1
NZ_CP116560.1,4,4,3,1
NZ_CP012931.1,11,10,9,1
NZ_CP012936.1,5,6,2,4
NZ_CP072580.1,42,59,45,14
NZ_CP072581.1,7,8,7,1
NZ_CP072582.1,12,10,9,1
NZ_CP028646.1,5,7,4,3
NZ_CP014059.2,1,0,0,0
NZ_CP050859.2,3,7,5,2
NZ_CP050860.1,5,24,12,12
NZ_OW968329.1,1,2,1,1
NZ_OW968330.1,4,4,4,0
NZ_CP134802.1,1,0,0,0
NZ_CP061552.1,11,17,13,4
NZ_CP056911.1,8,7,6,1
NZ_CP084390.1,3,2,2,0
NZ_AP025765.1,23,25,20,5
NZ_AP025766.1,1,0,0,0
NZ_CP080471.1,14,16,9,7
NZ_CP080472.1,6,5,5,0
NZ_CP080473.1,5,5,5,0
NZ_CP100517.1,6,6,3,3
NZ_CP020506.1,33,34,28,6
NZ_CP020505.1,1,0,0,0
NZ_CP007177.1,3,4,4,0
NZ_CP047462.1,1,1,1,0
NZ_CP047466.1,14,26,12,14
NZ_CP040310.1,5,7,4,3
NZ_CP017058.1,17,10,7,3
NZ_CP017059.1,33,33,30,3
NZ_CP065740.1,11,13,8,5
NZ_CP091588.1,4,7,4,3
NZ_CP091591.1,13,18,14,4
NZ_CP091593.1,4,2,2,0
NZ_CP036048.1,6,4,4,0
NZ_CP036049.1,1,0,0,0
NZ_CP036050.1,25,31,24,7
NZ_AP025178.1,2,2,1,1
NZ_CP132654.1,36,45,36,9
NZ_CP132655.1,4,4,3,1
NZ_CP132656.1,3,4,4,0
NZ_CP132657.1,4,4,4,0
NZ_CP132659.1,6,5,3,2
NZ_CP134762.1,1,5,2,3
NZ_CP134763.1,1,0,0,0
NZ_CP134764.1,1,0,0,0
NZ_CP065445.1,13,11,11,0
NZ_CP065446.1,8,7,5,2
NZ_CP033342.1,4,4,3,1
NZ_CP116982.1,20,21,17,4
NZ_CP116983.1,4,4,4,0
NZ_CP116984.1,7,8,6,2
NZ_CP091023.1,11,8,4,4
NZ_AP026383.1,17,16,16,0
NZ_AP026384.1,13,12,9,3
NZ_AP026385.1,4,4,2,2
NZ_AP026386.1,1,1,1,0
NC_009140.1,15,12,11,1
NZ_CP039583.1,3,3,2,1
NZ_CP099503.1,1,0,0,0
NZ_CP032067.1,15,16,11,5
NZ_CP032068.1,11,17,13,4
NZ_CP032069.1,1,1,1,0
NZ_CP099369.1,3,2,2,0
NZ_AP024794.1,2,0,0,0
NZ_AP024793.1,23,17,10,7
NZ_CP122720.1,7,4,4,0
NZ_CP122721.1,8,12,2,10
NZ_CP025052.1,2,2,1,1
NZ_CP098424.1,19,18,15,3
NZ_CP098425.1,1,1,1,0
NZ_AP024917.1,4,1,1,0
NZ_CP101667.1,14,18,8,10
NZ_CP101668.1,12,13,10,3
NZ_CP053633.1,8,7,6,1
NZ_CP047640.1,12,13,9,4
NZ_CP028898.1,5,3,1,2
NZ_CP110833.1,8,6,3,3
NZ_CP079867.1,3,1,1,0
NZ_CP079868.1,16,21,11,10
NZ_CP066068.1,1,0,0,0
NZ_CP129900.1,5,2,2,0
NZ_CP129902.1,15,13,10,3
NZ_CP129903.1,1,0,0,0
NZ_CP031909.1,6,6,5,1
NZ_LT838197.1,6,4,3,1
NZ_LT838199.1,1,1,0,1
NZ_CP049047.1,27,28,26,2
NZ_CP049048.1,11,11,10,1
NC_009377.1,8,17,5,12
NC_009378.1,8,9,6,3
NZ_CP117160.1,30,22,17,5
NZ_CP117161.1,4,1,1,0
NZ_CP117162.1,2,1,1,0
NZ_CP117163.1,5,3,1,2
NZ_CP117164.1,1,0,0,0
NZ_CP117165.1,2,1,1,0
NZ_CP018947.1,15,18,14,4
NZ_CP018946.1,1,1,1,0
NZ_CP018944.1,3,2,1,1
NZ_CP018945.1,4,4,2,2
NZ_CP063786.1,2,1,0,1
NZ_CP063787.1,11,6,6,0
NZ_CP063788.1,19,18,15,3
NZ_CP063789.1,3,2,2,0
NZ_CP063791.1,1,1,0,1
NZ_CP063793.1,1,0,0,0
NZ_CP063794.1,1,1,0,1
NZ_CP063795.1,1,1,0,1
NZ_CP063800.1,1,0,0,0
NZ_CP081839.1,2,4,3,1
NZ_CP081841.1,4,2,1,1
NZ_CP081842.1,18,20,15,5
NZ_CP081843.1,22,29,19,10
NZ_CP069572.1,15,19,11,8
NZ_CP069529.1,3,2,2,0
NZ_CP069530.1,4,9,6,3
NZ_CP069531.1,2,2,2,0
NZ_CP126871.1,1,1,0,1
NZ_CP126870.1,23,21,16,5
NZ_CP077418.1,22,28,14,14
NZ_CP077419.1,13,14,9,5
NZ_CP077420.1,6,7,5,2
NZ_CP091144.1,17,24,13,11
NZ_CP091145.1,14,9,4,5
NZ_CP091146.1,10,7,6,1
NZ_CP035667.1,27,59,37,22
NZ_CP035662.1,2,2,2,0
NZ_CP022209.1,20,13,8,5
NZ_CP022211.1,1,0,0,0
NZ_CP031183.1,1,1,1,0
NZ_CP133095.1,12,9,6,3
NZ_CP133096.1,1,0,0,0
NZ_CP025475.1,1,1,1,0
NZ_CP072228.1,3,2,1,1
NZ_CP032820.1,6,2,0,2
NZ_CP079121.1,23,25,14,11
NZ_CP079130.1,1,1,0,1
NZ_CP079122.1,1,1,1,0
NZ_CP079123.1,18,17,8,9
NZ_CP079124.1,8,5,5,0
NZ_CP079125.1,1,1,1,0
NZ_CP079126.1,1,1,1,0
NZ_CP103398.1,1,0,0,0
NZ_AP026824.1,5,3,3,0
NZ_CP038371.1,5,7,3,4
NZ_CP018188.1,6,10,1,9
NZ_CP022149.1,7,10,8,2
NZ_CP022150.1,4,4,4,0
NZ_CP016416.1,3,2,2,0
NZ_CP042513.1,16,20,15,5
NZ_CP042514.1,6,6,4,2
NZ_CP042515.1,1,4,2,2
NZ_CP035124.1,28,25,20,5
NZ_CP035125.1,5,4,3,1
NZ_CP107925.1,1,4,3,1
NZ_CP108440.1,36,28,20,8
NZ_CP022458.1,1,1,1,0
NZ_CP126336.1,11,11,7,4
NZ_CP021908.1,2,3,1,2
NZ_CP133213.1,16,17,13,4
NZ_CP133214.1,5,4,2,2
NZ_CP108009.1,2,4,4,0
NZ_CP108010.1,8,6,3,3
NZ_CP040897.1,2,2,0,2
NZ_CP022666.1,6,6,3,3
NZ_CP022667.1,3,4,1,3
NZ_CP022668.1,1,1,0,1
NZ_CP022669.1,12,12,5,7
NZ_CP022670.1,6,3,1,2
NZ_CP061515.1,2,4,2,2
NZ_CP043927.1,45,43,35,8
NZ_CP091887.1,1,2,0,2
NZ_CP082324.1,8,9,8,1
NZ_CP082325.1,6,5,4,1
NZ_CP081236.1,2,1,1,0
NZ_CP074179.1,18,34,15,19
NZ_CP074178.1,6,4,4,0
NZ_CP090956.1,3,3,1,2
NZ_CP036302.1,20,24,18,6
NZ_CP036301.1,16,15,12,3
NZ_CP116896.1,5,9,5,4
NZ_CP008707.1,2,3,3,0
NZ_CP050812.1,8,9,4,5
NZ_CP050813.1,4,25,12,13
NZ_CP041064.1,1,0,0,0
NZ_CP041065.1,2,2,2,0
NZ_CP041067.1,1,0,0,0
NZ_CP095012.1,10,11,6,5
NZ_CP113530.1,1,1,0,1
NZ_OW968432.1,5,5,4,1
NZ_OW968433.1,2,5,2,3
NC_004565.1,4,2,2,0
NZ_CP091111.1,21,25,18,7
NZ_CP091112.1,4,2,1,1
NZ_CP040457.1,21,21,16,5
NZ_CP090643.1,19,12,6,6
NZ_CP090644.1,12,8,4,4
NZ_CP090645.1,11,10,5,5
NZ_CP090646.1,1,0,0,0
NZ_CP040375.1,2,2,1,1
NZ_CP040376.1,3,5,3,2
NZ_CP040377.1,3,5,1,4
NZ_CP072721.1,35,39,32,7
NZ_CP072722.1,8,7,6,1
NZ_CP072723.1,11,9,8,1
NZ_CP094678.1,10,8,6,2
NZ_CP110817.1,18,21,16,5
NZ_CP039372.1,4,2,2,0
NZ_CP101874.1,8,6,5,1
NZ_CP065052.1,7,11,5,6
NZ_CP050384.1,11,16,9,7
NZ_CP094671.1,1,1,0,1
NZ_CP117972.1,2,1,1,0
NZ_CP073071.1,2,2,2,0
NZ_CP028585.2,2,3,3,0
NZ_CP028588.1,10,10,6,4
NZ_CP028587.1,23,21,15,6
NZ_CP043903.1,24,27,19,8
NZ_CP080241.1,1,1,0,1
NZ_CP080240.1,5,11,6,5
NZ_CP033562.1,1,4,3,1
NZ_CP033563.1,3,18,9,9
NZ_CP027063.3,9,19,11,8
NZ_CP067036.1,3,0,0,0
NZ_CP067035.1,14,6,3,3
NZ_CP067034.1,6,9,4,5
NZ_CP026661.1,26,23,16,7
NZ_CP094781.1,2,5,1,4
NZ_CP076648.1,25,23,16,7
NZ_CP076647.1,8,7,5,2
NZ_CP076650.1,11,15,11,4
NZ_CP076649.1,12,16,11,5
NZ_LN999012.1,3,3,2,1
NZ_CP048390.1,24,25,17,8
NZ_CP048391.1,14,15,11,4
NZ_CP048392.1,4,4,4,0
NZ_CP110215.1,4,4,2,2
NZ_CP110216.1,9,8,5,3
NZ_CP059021.1,1,1,1,0
NZ_CP047375.1,18,22,14,8
NZ_CP044146.1,2,8,1,7
NZ_CP014798.1,7,4,2,2
NZ_CP014799.1,1,0,0,0
NZ_CP014800.1,3,2,1,1
NZ_CP014801.1,4,4,2,2
NZ_CP014802.1,7,9,3,6
NZ_CP014803.1,9,8,2,6
NZ_CP014804.1,1,4,2,2
NZ_CP132315.1,8,7,3,4
NZ_CP043212.1,1,1,0,1
NZ_CP070416.1,18,12,8,4
NZ_CP070417.1,3,3,1,2
NZ_CP086987.1,1,0,0,0
NZ_CP086988.1,27,25,12,13
NZ_CP086989.1,1,1,1,0
NZ_CP086990.1,1,0,0,0
NZ_CP086991.1,6,5,3,2
NZ_CP086992.1,1,0,0,0
NZ_CP086993.1,7,9,6,3
NZ_CP086994.1,4,5,3,2
NC_017577.1,3,2,2,0
NC_017580.1,3,3,1,2
NC_017578.1,9,9,6,3
NZ_CP063749.1,10,5,1,4
NZ_CP063748.1,41,35,27,8
NZ_CP065245.1,1,2,0,2
NZ_LR890711.1,13,15,10,5
NZ_LR890712.1,15,12,10,2
NZ_LR890713.1,2,1,1,0
NZ_CP060142.1,2,1,1,0
NZ_CP047523.1,11,15,9,6
NZ_CP047524.1,2,2,1,1
NZ_AP027371.1,2,2,1,1
NZ_CP072889.1,16,17,14,3
NZ_CP119012.1,26,25,15,10
NZ_OY979224.1,10,7,6,1
NZ_OY979225.1,9,8,6,2
NZ_CP076813.1,2,2,2,0
NZ_CP139496.1,11,16,12,4
NZ_CP139495.1,5,12,8,4
NZ_CP117885.1,9,8,7,1
NZ_CP052937.1,5,7,5,2
NC_020393.1,5,4,4,0
NC_020379.1,2,2,1,1
NC_020380.1,2,1,0,1
NC_020394.1,6,6,6,0
NC_020384.1,19,23,15,8
NC_020385.1,13,13,12,1
NC_020381.1,2,1,1,0
NC_020392.1,10,7,6,1
NC_020382.1,3,4,3,1
NC_020383.1,4,3,3,0
NC_020378.1,1,0,0,0
NZ_CP076009.1,12,15,11,4
NZ_CP076010.1,4,4,4,0
NZ_CP076012.1,9,11,9,2
NZ_CP096695.1,2,3,3,0
NZ_CP066896.1,19,24,17,7
NZ_CP066897.1,18,16,15,1
NZ_CP004862.1,8,5,4,1
NZ_CP004869.1,3,2,2,0
NZ_CP004868.1,10,5,4,1
NZ_CP004861.1,16,28,17,11
NZ_CP004860.1,29,24,21,3
NZ_CP061679.1,5,10,5,5
NZ_CP041174.1,14,16,11,5
NZ_CP041175.1,2,2,1,1
NZ_CP051616.1,18,20,15,5
NZ_HG917973.1,2,3,0,3
NZ_CP011408.1,1,6,1,5
NZ_CP027551.1,24,28,14,14
NZ_AP027157.1,2,6,2,4
NZ_AP027158.1,3,3,0,3
NZ_LS992167.1,16,16,12,4
NZ_CP106880.1,1,3,0,3
NZ_CP101564.1,21,21,19,2
NZ_CP077927.1,1,2,0,2
NZ_CP142900.1,11,6,4,2
NZ_CP142901.1,31,29,19,10
NZ_CP142902.1,2,0,0,0
NZ_CP100095.1,20,23,16,7
NZ_CP100096.1,5,6,5,1
NZ_CP100097.1,7,7,6,1
NZ_CP083884.1,16,20,14,6
NZ_CP083887.1,1,0,0,0
NZ_CP129916.1,2,3,2,1
NZ_AP025888.1,28,30,24,6
NZ_CP124965.1,8,7,3,4
NZ_CP124966.1,7,8,2,6
NZ_CP047547.1,16,18,12,6
NZ_CP110785.1,3,2,2,0
NZ_CP110786.1,1,1,0,1
NZ_CP032102.1,31,33,17,16
NZ_CP080640.1,1,2,2,0
NZ_CP013041.1,5,0,0,0
NZ_CP013042.1,3,2,2,0
NZ_CP013043.1,1,0,0,0
NZ_CP046304.1,1,1,1,0
NZ_CP046305.1,3,2,1,1
NZ_CP023156.1,16,23,7,16
NZ_CP026057.1,4,3,3,0
NZ_CP026058.1,22,33,22,11
NC_021718.1,10,6,3,3
NZ_CP129392.1,7,6,4,2
NZ_CP116435.1,4,3,3,0
NZ_CP045128.1,21,16,4,12
NZ_CP045123.1,1,1,1,0
NZ_CP045124.1,16,18,12,6
NZ_CP074542.1,24,23,17,6
NZ_CP074543.1,17,14,9,5
NZ_CP074544.1,2,0,0,0
NZ_CP116195.1,14,19,14,5
NZ_CP070871.1,1,2,0,2
NZ_CP026854.1,8,11,4,7
NZ_CP026855.1,1,1,0,1
NZ_CP070163.1,12,14,8,6
NZ_CP097985.1,4,4,4,0
NZ_CP097986.1,4,2,2,0
NZ_AP024505.1,15,7,5,2
NZ_CP038997.1,18,13,13,0
NZ_CP013966.1,4,3,1,2
NZ_CP104642.1,4,4,3,1
NZ_CP045207.1,24,24,13,11
NZ_CP075064.1,5,6,5,1
NZ_CP075063.1,11,15,10,5
NZ_CP129349.1,7,7,3,4
NZ_CP107418.1,17,16,13,3
NZ_CP107419.1,19,23,19,4
NZ_CP065342.1,12,14,11,3
NZ_CP013774.1,65,76,36,40
NZ_CP013775.1,7,6,3,3
NZ_CP013776.1,6,7,2,5
NZ_CP013777.1,10,11,3,8
NZ_CP081348.1,17,14,9,5
NZ_CP081349.1,3,2,0,2
NZ_CP138780.1,18,21,14,7
NZ_CP138781.1,29,31,21,10
NZ_CP136753.1,34,32,28,4
NZ_AP023051.1,11,10,7,3
NZ_CP031106.1,4,3,3,0
NZ_CP031107.1,19,23,15,8
NZ_CP031109.1,3,2,2,0
NZ_CP031110.1,2,0,0,0
NZ_CP031111.1,1,1,1,0
NZ_CP066938.1,9,7,6,1
NZ_CP126828.1,18,16,13,3
NZ_CP126829.1,4,4,4,0
NZ_CP024229.1,7,11,7,4
NZ_CP024230.1,1,5,2,3
NZ_CP024231.1,16,28,9,19
NZ_CP076202.1,6,11,6,5
NZ_CP028521.1,2,3,2,1
NZ_CP091548.1,19,19,13,6
NZ_CP071814.1,2,2,1,1
NZ_CP071813.1,9,12,10,2
NZ_CP071812.1,20,32,27,5
NZ_CP068198.1,25,40,30,10
NZ_CP072286.1,19,20,11,9
NZ_CP072287.1,6,4,4,0
NZ_AP019688.1,9,10,4,6
NZ_AP019689.1,30,37,25,12
NZ_AP019690.1,4,7,3,4
NZ_AP019691.1,8,14,12,2
NZ_CP033244.1,1,1,1,0
NZ_CP033245.1,3,3,3,0
NZ_AP018748.1,27,28,16,12
NZ_AP018749.1,7,8,6,2
NZ_CP103590.1,2,1,0,1
NZ_CP103591.1,8,13,5,8
NZ_CP051726.1,6,14,6,8
NZ_LR135415.1,43,43,34,9
NZ_LR135416.1,2,1,1,0
NZ_CP073003.1,20,19,18,1
NZ_CP073005.1,1,1,1,0
NZ_CP121069.1,16,32,13,19
NZ_CP097485.1,1,1,1,0
NZ_CP059908.1,15,19,12,7
NZ_CP059909.1,9,9,4,5
NZ_CP059910.1,4,2,0,2
NZ_AP022086.1,11,16,13,3
NZ_CP021530.1,3,9,3,6
NZ_AP019762.1,5,4,3,1
NZ_AP019763.1,9,12,2,10
NZ_AP019764.1,1,1,1,0
NZ_CP119451.1,35,71,34,37
NZ_CP016405.1,2,1,0,1
NZ_OW011624.1,3,1,1,0
NZ_CP030220.1,5,4,4,0
NZ_CP030222.1,1,1,1,0
NZ_CP085393.1,3,2,1,1
NZ_CP026844.1,21,65,25,40
NZ_CP061802.1,25,26,25,1
NZ_CP045156.1,3,15,4,11
NZ_CP045155.1,8,7,4,3
NZ_CP045157.1,2,2,0,2
NZ_CP045089.1,26,27,18,9
NZ_CP045090.1,14,11,8,3
NZ_CP045091.1,5,4,2,2
NZ_CP058154.1,5,7,4,3
NZ_CP058155.1,7,7,4,3
NZ_CP104991.1,6,10,7,3
NZ_CP104990.1,2,2,2,0
NZ_CP029665.1,3,4,4,0
NZ_CP046555.1,2,2,0,2
NZ_CP126037.1,21,39,17,22
NZ_CP126274.1,7,6,6,0
NC_006663.1,4,5,5,0
NZ_CP100726.1,2,1,0,1
NZ_CP100725.1,5,4,3,1
NZ_CP058887.1,11,20,14,6
NZ_CP113028.1,3,4,4,0
NZ_CP014428.1,3,5,3,2
NZ_CP098179.1,7,6,5,1
NZ_CP098180.1,7,7,2,5
NZ_CP098182.1,1,0,0,0
NZ_CP018251.1,5,7,4,3
NZ_CP101155.1,2,5,4,1
NC_019699.1,14,12,3,9
NZ_AP023149.1,1,1,1,0
NZ_AP023150.1,12,11,8,3
NZ_CP017955.1,5,11,6,5
NZ_CP017956.1,7,6,4,2
NZ_CP017957.1,5,6,4,2
NZ_CP017958.1,5,2,1,1
NZ_CP017959.1,7,7,3,4
NZ_CP100002.1,2,2,2,0
NZ_CP100003.1,4,2,2,0
NZ_CP082219.1,2,2,2,0
NZ_CP126014.1,20,25,21,4
NZ_CP126015.1,28,26,16,10
NZ_CP126016.1,61,75,36,39
NZ_CP126017.1,27,32,15,17
NZ_CP045195.1,4,5,3,2
NZ_CP045194.1,40,46,27,19
NZ_CP059899.1,2,3,1,2
NZ_CP101276.1,7,6,5,1
NZ_CP101275.1,11,18,8,10
NZ_CP101277.1,4,5,5,0
NZ_LR890509.1,1,5,2,3
NZ_LR890510.1,2,2,2,0
NZ_LR890511.1,1,1,1,0
NZ_CP049939.1,3,5,1,4
NZ_CP113429.1,5,4,4,0
NZ_CP098258.1,2,2,2,0
NZ_CP087630.1,23,22,21,1
NZ_CP087631.1,17,24,13,11
NZ_CP087632.1,4,4,3,1
NZ_CP028164.1,4,2,1,1
NZ_CP055071.1,15,20,13,7
NZ_CP055072.1,1,1,0,1
NZ_CP055073.1,7,4,4,0
NZ_CP117559.1,19,14,8,6
NZ_CP117560.1,16,17,8,9
NZ_CP141569.1,16,19,12,7
NZ_CP141568.1,6,5,2,3
NZ_CP121150.1,13,11,9,2
NZ_CP031735.1,22,25,17,8
NZ_CP031736.1,26,23,18,5
NZ_CP064785.1,3,3,1,2
NZ_CP083858.1,13,10,7,3
NZ_CP083859.1,5,9,4,5
NZ_CP083747.1,22,23,16,7
NZ_CP104600.1,18,21,14,7
NZ_CP104599.1,11,13,9,4
NZ_CP029276.1,2,4,2,2
NZ_CP015289.1,10,13,4,9
NZ_CP015290.1,2,4,1,3
NZ_CP015291.1,1,1,1,0
NZ_CP015292.1,1,3,3,0
NZ_CP052758.1,3,2,2,0
NZ_CP028272.1,2,2,1,1
NZ_CP056743.1,8,6,1,5
NZ_CP056744.1,1,2,1,1
NZ_CP050729.1,10,10,10,0
NZ_CP018649.1,4,2,0,2
NZ_CP018650.1,4,5,3,2
NZ_CP125962.1,1,0,0,0
NZ_CP016533.1,2,3,0,3
NZ_CP012182.1,28,26,11,15
NZ_CP012183.1,1,1,1,0
NZ_CP066787.1,10,8,7,1
NZ_CP066788.1,5,2,1,1
NZ_CP065083.1,16,17,12,5
NZ_CP031918.1,4,4,4,0
NZ_CP078064.1,8,6,3,3
NZ_CP104797.1,7,6,5,1
NZ_CP104795.1,6,5,5,0
NZ_CP104798.1,19,23,17,6
NZ_CP104800.1,4,5,3,2
NZ_CP051645.1,3,3,2,1
NZ_CP051648.1,7,6,6,0
NZ_CP051646.1,1,0,0,0
NZ_CP100602.1,15,24,13,11
NZ_CP095089.1,5,10,7,3
NZ_AP024648.1,2,5,3,2
NZ_AP024649.1,2,2,0,2
NZ_CP064848.1,13,14,9,5
NZ_CP046978.1,7,7,6,1
NZ_CP075475.1,2,2,2,0
NZ_CP075473.1,25,38,19,19
NZ_CP021763.1,39,44,34,10
NZ_CP047853.1,1,0,0,0
NZ_CP128876.1,8,8,4,4
NZ_CP139263.1,1,3,2,1
NC_017961.1,6,5,5,0
NC_017962.1,11,13,10,3
NC_017963.1,41,45,29,16
NZ_CP013565.1,1,1,1,0
NZ_CP013566.1,17,26,11,15
NZ_CP013567.1,12,8,4,4
NZ_CP103516.1,29,32,23,9
NZ_CP103517.1,2,1,0,1
NZ_CP084867.1,15,23,11,12
NC_008537.1,5,3,2,1
NC_008538.1,3,2,2,0
NC_008539.1,1,0,0,0
NZ_CP118602.1,23,23,15,8
NZ_CP118603.1,10,13,8,5
NZ_CP060786.1,4,0,0,0
NZ_CP060787.1,3,1,1,0
NZ_CP099750.1,12,10,7,3
NZ_CP099749.1,20,25,16,9
NC_019972.1,17,14,8,6
NZ_CP033913.1,1,2,2,0
NZ_CP066357.1,77,101,55,46
NZ_CP092114.1,5,9,2,7
NZ_CP092115.1,5,7,4,3
NZ_CP092116.1,2,3,1,2
NZ_CP038973.1,83,89,54,35
NZ_CP038974.1,14,12,9,3
NZ_CP032241.1,18,26,14,12
NZ_CP032242.1,10,13,11,2
NZ_CP032243.1,5,8,5,3
NZ_CP101794.1,12,22,12,10
NZ_CP101795.1,3,4,2,2
NZ_CP030765.1,5,11,2,9
NZ_CP097695.1,17,18,17,1
NZ_CP097696.1,12,15,11,4
NZ_CP141902.1,17,18,12,6
NZ_CP026196.1,13,19,15,4
NZ_CP026195.1,3,3,1,2
NZ_CP026194.1,6,4,4,0
NZ_CP019032.1,5,2,0,2
NZ_AP022571.1,5,5,4,1
NZ_CP114313.1,28,33,25,8
NZ_CP114314.1,10,9,5,4
NZ_CP107144.1,16,19,10,9
NZ_CP136908.1,6,7,6,1
NZ_CP049720.1,14,14,10,4
NZ_CP053393.1,2,1,1,0
NZ_CP048801.1,16,19,10,9
NZ_CP048802.1,10,13,9,4
NZ_CP048803.1,3,2,1,1
NZ_CP011135.1,2,2,2,0
NZ_CP011136.1,9,18,9,9
NZ_CP059083.1,2,4,2,2
NZ_CP059085.1,5,2,1,1
NZ_CP091678.1,7,7,3,4
NZ_CP091679.1,1,1,1,0
NZ_CP053017.1,19,17,16,1
NZ_CP053018.1,19,24,16,8
NZ_CP079635.1,7,6,4,2
NZ_CP020049.1,10,7,6,1
NZ_CP020050.1,17,8,5,3
NZ_CP020051.1,1,1,1,0
NZ_CP095141.1,19,21,14,7
NZ_CP029877.1,15,14,13,1
NZ_CP136818.1,7,6,4,2
NZ_CP014874.1,3,3,0,3
NZ_CP014875.1,1,1,0,1
NZ_CP014877.1,11,12,6,6
NZ_CP014878.1,1,0,0,0
NZ_CP014879.1,2,2,1,1
NC_005813.1,5,16,4,12
NC_005815.1,10,8,4,4
NC_005816.1,2,1,0,1
NZ_OX460338.1,2,3,1,2
NZ_OX460339.1,2,3,3,0
NZ_CP049202.1,22,19,4,15
NZ_CP054993.1,14,11,9,2
NZ_CP054994.1,11,15,7,8
NZ_CP054995.1,14,23,17,6
NZ_CP089998.1,4,2,2,0
NZ_CP040085.1,1,0,0,0
NZ_CP124736.1,1,2,1,1
NZ_CP072256.1,4,1,1,0
NZ_CP137628.1,11,15,9,6
NZ_CP011623.1,23,27,19,8
NZ_CP011620.1,3,1,1,0
NZ_CP011621.1,3,2,2,0
NZ_CP011622.1,13,7,6,1
NZ_CP012276.1,9,12,3,9
NZ_CP012277.1,2,4,1,3
NZ_CP012278.1,13,14,5,9
NZ_CP012279.1,1,1,1,0
NZ_CP012280.1,3,3,2,1
NZ_CP012282.1,7,7,5,2
NZ_CP113118.1,3,5,3,2
NZ_CP113126.1,3,6,4,2
NZ_CP113125.1,3,6,3,3
NZ_CP113124.1,1,1,1,0
NZ_CP113122.1,7,9,5,4
NZ_CP113121.1,8,14,9,5
NZ_CP113120.1,7,8,5,3
NZ_CP113119.1,9,8,5,3
NZ_CP010207.1,3,10,2,8
NZ_CP066458.1,35,43,33,10
NZ_CP066461.1,12,14,10,4
NZ_CP066460.1,3,2,1,1
NZ_CP066459.1,3,2,1,1
NZ_CP141580.1,24,35,26,9
NZ_CP141579.1,4,6,4,2
NZ_CP088984.1,15,25,12,13
NZ_CP088983.1,4,4,4,0
NZ_CP016466.1,5,5,4,1
NZ_CP137489.1,1,0,0,0
NZ_CP056531.1,35,40,33,7
NZ_CP056532.1,6,9,7,2
NZ_CP056533.1,4,2,2,0
NZ_CP056534.1,1,0,0,0
NZ_CP056536.1,1,0,0,0
NZ_CP101832.1,9,5,3,2
NZ_CP039098.1,63,80,54,26
NZ_CP039099.1,3,7,1,6
NZ_CP039100.1,16,13,11,2
NZ_CP039101.1,10,11,9,2
NZ_CP033508.1,1,1,1,0
NZ_CP139476.1,9,10,7,3
NZ_CP139477.1,20,22,13,9
NZ_CP036086.1,12,18,14,4
NZ_CP032796.1,4,6,3,3
NZ_CP050908.1,2,4,2,2
NZ_CP050909.1,1,1,1,0
NZ_AP025194.1,3,3,2,1
NZ_CP091705.1,5,8,4,4
NZ_CP091706.1,3,2,1,1
NZ_CP084206.1,13,11,8,3
NZ_CP092453.1,14,20,13,7
NZ_AP012274.1,6,3,3,0
NZ_AP012275.1,4,2,2,0
NZ_CP082078.1,5,8,3,5
NZ_CP100111.1,20,23,16,7
NZ_CP100112.1,5,6,5,1
NZ_CP100113.1,7,9,6,3
NZ_CP017055.1,7,6,5,1
NZ_CP017056.1,1,0,0,0
NZ_CP028236.1,3,1,1,0
NZ_CP028237.1,7,7,2,5
NZ_CP028238.1,6,8,6,2
NZ_CP028239.1,1,2,0,2
NZ_CP097677.1,26,25,23,2
NZ_CP097678.1,13,15,11,4
NZ_CP042532.1,7,7,4,3
NZ_CP042533.1,3,4,2,2
NZ_CP137216.1,10,6,5,1
NZ_CP010683.1,8,14,7,7
NZ_CP010684.1,1,1,1,0
NZ_CP010686.1,1,0,0,0
NZ_CP010687.1,1,0,0,0
NZ_CP016694.1,5,8,5,3
NZ_CP016695.1,7,8,5,3
NZ_CP016696.1,4,2,1,1
NZ_CP016698.1,3,3,3,0
NZ_CP030210.1,1,1,1,0
NZ_CP097200.1,5,6,4,2
NZ_CP097199.1,27,28,21,7
NZ_CP097201.1,5,5,3,2
NZ_CP095120.1,2,2,2,0
NZ_CP064169.1,3,10,2,8
NC_017334.1,1,1,1,0
NZ_AP019741.1,4,2,2,0
NZ_AP019742.1,8,10,9,1
NZ_AP019743.1,2,3,1,2
NZ_AP019744.1,3,4,4,0
NZ_CP133589.1,1,1,0,1
NZ_CP107479.1,19,23,19,4
NZ_CP107480.1,16,16,14,2
NZ_CP043381.1,1,0,0,0
NZ_CP043380.1,16,23,16,7
NZ_CP043379.1,3,3,3,0
NZ_CP035847.1,25,45,19,26
NZ_CP035849.1,9,7,4,3
NZ_CP110989.1,12,11,9,2
NZ_CP110990.1,1,1,0,1
NZ_CP110991.1,5,6,4,2
NZ_CP110995.1,7,7,6,1
NC_008341.1,3,0,0,0
NC_008342.1,1,1,0,1
NC_012579.1,5,10,5,5
NZ_CP139278.1,1,0,0,0
NZ_CP139277.1,2,8,5,3
NZ_CP045613.1,3,0,0,0
NZ_CP045614.1,1,1,0,1
NZ_CP067070.1,15,12,8,4
NZ_LS999561.1,21,18,13,5
NZ_LS999562.1,2,2,0,2
NZ_CP031899.1,7,12,2,10
NC_021913.1,25,28,22,6
NZ_CP022460.1,5,6,4,2
NZ_CP026496.1,7,11,7,4
NZ_CP026497.1,2,2,2,0
NZ_CP143585.1,10,8,8,0
NZ_CP143586.1,1,0,0,0
NZ_CP074577.1,13,23,18,5
NC_008269.1,33,39,25,14
NC_008270.1,23,25,19,6
NC_008271.1,9,10,6,4
NZ_CP025848.1,38,34,12,22
NZ_CP014514.1,24,22,12,10
NZ_CP014515.1,10,12,8,4
NZ_CP014516.1,3,4,2,2
NZ_CP060279.1,5,5,5,0
NZ_AP024171.1,1,0,0,0
NZ_CP104455.1,2,2,1,1
NZ_CP104457.1,1,2,2,0
NZ_CP104451.1,6,4,2,2
NZ_CP104452.1,6,8,5,3
NZ_CP104453.1,13,10,9,1
NZ_CP104454.1,1,0,0,0
NZ_CP104456.1,2,2,1,1
NZ_AP022916.1,12,10,7,3
NZ_CP124399.1,17,18,15,3
NZ_CP075666.1,6,8,5,3
NZ_CP075667.1,1,0,0,0
NZ_CP075668.1,3,3,0,3
NZ_CP075672.1,1,1,0,1
NZ_CP103763.1,18,21,15,6
NZ_CP103764.1,2,2,2,0
NZ_CP110316.1,4,6,3,3
NZ_CP110317.1,10,14,10,4
NZ_CP120884.1,2,1,1,0
NZ_CP084467.1,2,1,1,0
NZ_CP042296.1,21,35,14,21
NZ_CP042297.1,16,10,9,1
NZ_CP098808.1,12,10,5,5
NZ_CP098809.1,26,21,11,10
NZ_AP022113.1,45,46,37,9
NZ_AP022114.1,10,14,10,4
NZ_AP022115.1,16,14,9,5
NZ_AP022116.1,6,3,1,2
NZ_CP093209.1,2,0,0,0
NZ_CP013657.1,16,13,9,4
NZ_OY725726.1,1,1,1,0
NZ_OY725734.1,1,1,0,1
NZ_OY725736.1,8,2,1,1
NZ_OY725740.1,3,2,0,2
NZ_CP130521.1,2,2,2,0
NZ_CP060586.1,20,24,12,12
NZ_CP100229.1,30,28,18,10
NZ_CP100230.1,18,16,10,6
NZ_CP100231.1,18,23,16,7
NZ_CP100232.1,4,6,2,4
NZ_CP092044.1,12,13,13,0
NZ_CP065731.1,1,1,0,1
NZ_CP065732.1,3,11,4,7
NZ_CP065733.1,5,4,3,1
NZ_CP065734.1,12,15,11,4
NZ_CP098205.1,1,0,0,0
NC_000914.2,45,46,19,27
NC_012586.1,72,51,39,12
NZ_CP013199.1,2,2,0,2
NZ_CP013198.1,2,3,1,2
NZ_CP028661.1,6,8,6,2
NZ_CP127515.1,17,19,15,4
NZ_CP127516.1,4,4,2,2
NC_010605.1,4,4,4,0
NC_010606.1,1,1,1,0
NZ_CP080779.1,1,0,0,0
NZ_CP061405.1,9,14,10,4
NZ_CP061406.1,8,3,3,0
NZ_CP061407.1,3,3,3,0
NZ_CP012478.1,2,2,1,1
NZ_CP012477.1,8,7,4,3
NZ_CP023524.1,10,8,5,3
NZ_CP124751.1,3,1,1,0
NC_017222.1,2,0,0,0
NZ_CP062987.1,23,24,16,8
NZ_CP062988.1,4,4,4,0
NC_008499.1,4,3,2,1
NZ_CP072379.1,1,1,0,1
NZ_CP114161.1,19,23,16,7
NZ_CP114162.1,10,9,5,4
NC_015970.1,7,5,1,4
NZ_CP098490.1,1,1,1,0
NZ_CP011450.1,19,16,11,5
NZ_AP025547.1,18,14,10,4
NZ_AP025548.1,21,26,21,5
NZ_CP083531.1,7,13,6,7
NZ_CP083532.1,14,17,16,1
NZ_CP015643.1,12,12,12,0
NZ_CP015644.1,4,7,5,2
NZ_CP098124.1,26,30,19,11
NZ_CP098125.1,2,4,1,3
NZ_CP101171.1,10,9,6,3
NZ_CP101867.1,4,12,8,4
NZ_CP101869.1,6,7,3,4
NZ_CP101868.1,5,4,3,1
NZ_AP018809.1,1,1,1,0
NZ_AP018810.1,21,20,4,16
NZ_AP018812.1,1,0,0,0
NZ_CP056831.1,17,19,15,4
NZ_CP066754.1,1,2,0,2
NZ_CP066755.1,5,9,3,6
NZ_AP023411.1,4,3,2,1
NZ_AP023412.1,1,4,1,3
NZ_CP063901.1,10,18,11,7
NC_007959.1,34,55,30,25
NC_007960.1,2,3,1,2
NC_007961.1,6,15,7,8
NZ_CP017724.1,1,1,1,0
NZ_CP017725.1,1,1,0,1
NC_016634.1,1,0,0,0
NZ_CP072399.1,19,20,11,9
NZ_CP072400.1,6,4,4,0
NZ_CP117741.1,27,33,24,9
NZ_CP117742.1,1,0,0,0
NZ_CP117743.1,5,6,2,4
NZ_CP094542.1,14,14,10,4
NZ_CP022152.1,25,22,15,7
NZ_CP022153.1,4,4,4,0
NZ_CP096748.1,2,5,2,3
NC_011368.1,8,10,3,7
NC_011370.1,6,8,5,3
NC_011371.1,1,1,1,0
NC_008043.1,3,7,4,3
NC_008042.1,1,0,0,0
NZ_CP074713.1,22,22,19,3
NZ_CP074662.1,4,5,3,2
NZ_CP099889.1,9,11,5,6
NZ_CP124421.1,13,19,13,6
NZ_CP030785.2,2,2,0,2
NZ_CP030786.2,2,14,5,9
NZ_CP121478.1,2,2,2,0
NZ_CP121479.1,4,3,3,0
NZ_CP097361.1,17,17,12,5
NZ_CP095059.1,2,0,0,0
NZ_CP026642.1,17,15,14,1
NZ_CP026643.1,6,13,5,8
NZ_CP026644.1,1,1,1,0
NZ_CP064264.1,3,5,2,3
NZ_CP064265.1,2,3,1,2
NZ_CP029939.1,15,14,13,1
NZ_CP012962.1,10,13,4,9
NZ_CP012963.1,2,4,1,3
NZ_CP012964.1,1,1,0,1
NZ_CP062113.1,2,2,2,0
NZ_CP062114.1,2,0,0,0
NZ_CP062115.1,3,15,4,11
NZ_CP062116.1,5,3,2,1
NZ_CP062117.1,7,6,2,4
NZ_CP062118.1,2,1,0,1
NZ_CP062119.1,7,17,5,12
NZ_CP062120.1,14,25,5,20
NC_014007.1,6,7,5,2
NC_014005.1,6,3,3,0
NZ_LR594667.1,18,13,11,2
NZ_LR594668.1,26,23,11,12
NZ_LR594670.1,3,5,0,5
NZ_CP074351.1,4,4,2,2
NZ_CP047205.1,10,12,7,5
NZ_CP047206.1,1,1,1,0
NZ_CP047207.1,1,1,1,0
NZ_CP075482.1,12,13,11,2
NZ_CP075481.1,22,30,17,13
NZ_CP092679.1,6,8,3,5
NZ_CP092680.1,3,3,2,1
NZ_CP041514.1,21,18,15,3
NZ_CP081674.1,1,0,0,0
NZ_CP081675.1,5,4,3,1
NZ_CP039113.1,64,85,57,28
NZ_CP039114.1,3,7,1,6
NZ_CP039115.1,16,18,13,5
NZ_CP039116.1,10,11,9,2
NZ_CP091561.1,17,17,13,4
NZ_CP051395.1,13,10,9,1
NZ_AP024564.1,13,13,9,4
NZ_CP135061.1,4,5,5,0
NZ_OY726396.1,3,2,2,0
NC_009955.1,14,14,6,8
NC_009956.1,4,1,0,1
NC_009957.1,5,4,1,3
NC_009958.1,6,12,8,4
NZ_AP015030.1,17,18,12,6
NZ_AP015031.1,14,10,10,0
NZ_AP015032.1,1,0,0,0
NZ_CP079881.1,17,25,20,5
NZ_CP081763.1,24,26,20,6
NZ_CP081764.1,19,19,18,1
NZ_CP064400.1,6,5,5,0
NZ_CP099523.1,24,27,21,6
NZ_CP099524.1,13,13,11,2
NZ_CP072264.1,1,1,1,0
NZ_CP008832.1,2,0,0,0
NZ_CP008833.1,10,7,5,2
NZ_CP043194.1,1,1,0,1
NZ_AP017899.1,18,13,12,1
NZ_CP068111.1,2,4,1,3
NZ_CP068110.1,4,6,4,2
NZ_CP102941.1,18,21,14,7
NZ_CP101778.1,4,4,3,1
NZ_CP101780.1,6,5,5,0
NZ_CP101782.1,13,11,10,1
NZ_CP101783.1,6,8,5,3
NZ_CP015070.1,15,16,13,3
NZ_CP015072.1,1,1,1,0
NZ_CP015071.1,5,5,4,1
NZ_CP046717.1,9,12,8,4
NZ_CP046718.1,16,18,16,2
NZ_CP046719.1,1,1,1,0
NZ_CP063709.1,4,5,3,2
NZ_AP024741.1,2,2,2,0
NZ_CP104779.1,6,8,4,4
NZ_CP107189.1,14,22,16,6
NZ_CP123232.1,2,2,1,1
NZ_CP123233.1,9,15,6,9
NZ_CP106887.1,3,4,3,1
NZ_CP106888.1,20,19,13,6
NZ_CP029570.1,1,1,0,1
NZ_CP029571.1,3,3,3,0
NZ_CP079693.1,9,9,5,4
NZ_CP079694.1,10,9,6,3
NZ_CP081352.1,10,6,1,5
NZ_CP081353.1,5,1,1,0
NZ_CP120998.1,2,2,2,0
NZ_CP120999.1,1,1,0,1
NZ_CP099315.1,2,4,1,3
NZ_CP024032.1,2,3,1,2
NZ_CP024080.1,1,0,0,0
NZ_CP024033.1,4,3,0,3
NZ_CP044212.1,2,1,0,1
NZ_CP097382.1,8,11,2,9
NZ_CP097381.1,14,12,10,2
NZ_CP011395.1,4,4,3,1
NZ_CP034282.1,18,29,16,13
NZ_CP034283.1,4,4,4,0
NZ_CP034284.1,4,4,3,1
NZ_CP045511.1,2,2,2,0
NZ_CP045510.1,11,10,8,2
NC_014749.1,5,4,2,2
NZ_CP137525.1,4,6,2,4
NZ_CP087319.1,5,7,4,3
NZ_CP087318.1,4,7,3,4
NZ_AP025908.1,30,29,24,5
NZ_CP119229.1,19,23,17,6
NZ_CP132148.1,3,3,2,1
NZ_CP086617.1,15,18,13,5
NZ_AP022537.1,27,22,21,1
NZ_CP083462.1,9,8,6,2
NZ_CP023491.1,9,8,5,3
NZ_CP023492.1,9,8,7,1
NZ_CP023493.1,2,2,2,0
NZ_CP023494.1,5,6,5,1
NZ_CP023495.1,2,1,1,0
NZ_CP028260.1,4,5,1,4
NZ_CP058827.1,6,6,5,1
NZ_CP081887.1,20,21,14,7
NZ_CP081888.1,5,4,3,1
NZ_CP041239.1,5,8,3,5
NZ_CP041240.1,3,9,2,7
NZ_CP041241.1,15,13,7,6
NZ_CP009975.1,36,23,17,6
NZ_CP075969.1,3,3,3,0
NZ_CP070899.1,22,19,13,6
NZ_CP070900.1,7,9,6,3
NZ_CP070901.1,7,9,4,5
NZ_CP118864.1,11,9,7,2
NZ_CP118865.1,20,20,11,9
NZ_CP055267.1,13,8,6,2
NZ_CP015284.1,4,8,1,7
NZ_CP103756.1,28,34,15,19
NZ_CP103757.1,1,3,1,2
NZ_CP091926.1,24,23,17,6
NZ_CP091927.1,17,19,15,4
NZ_CP015439.1,10,17,10,7
NZ_CP015440.1,4,6,3,3
NZ_CP060516.1,21,20,16,4
NZ_CP026161.1,3,7,4,3
NZ_CP076859.1,3,3,3,0
NZ_CP076860.1,32,20,14,6
NZ_CP126903.1,7,10,7,3
NZ_CP104923.1,11,10,10,0
NZ_CP104922.1,20,20,13,7
NZ_CP029837.1,3,4,2,2
NZ_CP029838.1,3,5,2,3
NZ_LR130540.1,14,10,5,5
NZ_CP109471.1,45,70,39,31
NZ_CP047055.1,1,0,0,0
NZ_CP086341.1,5,5,4,1
NZ_CP081821.1,19,21,18,3
NZ_CP081822.1,6,7,5,2
NZ_CP031539.1,5,8,4,4
NZ_CP031540.1,10,12,5,7
NZ_CP031541.1,3,4,4,0
NZ_CP031543.1,1,4,1,3
NZ_CP080101.1,9,7,5,2
NZ_CP080104.1,1,2,0,2
NZ_CP080102.1,20,18,11,7
NZ_CP080100.1,28,25,20,5
NZ_CP080103.1,5,5,3,2
NZ_OX335041.1,5,7,3,4
NZ_CP088248.1,7,4,4,0
NZ_CP047116.1,18,21,13,8
NZ_CP072241.1,3,2,1,1
NZ_CP086019.1,59,60,48,12
NZ_CP065573.1,1,1,0,1
NZ_CP045061.1,14,30,15,15
NZ_CP075194.1,2,0,0,0
NZ_CP045618.1,1,0,0,0
NZ_CP045619.1,11,8,5,3
NZ_CP045620.1,8,6,3,3
NZ_CP045621.1,1,2,0,2
NZ_CP089039.1,25,35,24,11
NZ_CP089040.1,7,10,4,6
NZ_CP089041.1,9,14,10,4
NZ_CP019360.1,25,34,25,9
NZ_CP070526.1,1,1,1,0
NZ_CP070525.1,18,17,12,5
NZ_CP075539.1,7,3,3,0
NZ_AP019666.1,16,20,12,8
NZ_AP019667.1,6,3,2,1
NZ_AP019668.1,10,14,11,3
NZ_AP022835.1,1,1,1,0
NZ_CP082849.1,2,3,1,2
NZ_CP010141.1,14,21,11,10
NZ_CP010142.1,4,6,3,3
NZ_CP043282.1,8,11,6,5
NZ_CP043281.1,5,4,3,1
NZ_CP043280.1,10,12,11,1
NZ_CP069953.1,4,5,5,0
NZ_CP023025.1,1,5,3,2
NC_015057.1,2,7,1,6
NC_015058.1,5,5,3,2
NC_015059.1,6,6,5,1
NC_015060.1,6,10,6,4
NC_015065.1,7,10,5,5
NZ_CP115702.1,10,5,2,3
NZ_CP115703.1,1,2,2,0
NZ_CP115704.1,2,1,0,1
NZ_CP115705.1,2,1,1,0
NZ_CP138556.1,8,9,5,4
NZ_CP138557.1,14,13,8,5
NZ_CP138558.1,15,25,15,10
NZ_CP073810.1,1,1,1,0
NZ_CP019272.1,14,16,10,6
NZ_CP021087.1,13,16,8,8
NZ_CP049114.1,25,23,21,2
NZ_CP049113.1,11,13,11,2
NZ_CP083863.1,24,20,17,3
NZ_CP083864.1,4,1,1,0
NZ_CP083865.1,1,1,1,0
NZ_CP074150.1,2,3,3,0
NZ_CP074152.1,2,5,2,3
NZ_CP097052.1,1,1,1,0
NZ_CP092076.1,1,1,1,0
NZ_CP062706.1,5,7,3,4
NZ_CP013577.1,2,2,2,0
NZ_CP013578.1,18,23,6,17
NZ_CP013579.1,12,12,5,7
NZ_CP125344.1,19,25,13,12
NZ_CP125342.1,13,15,12,3
NZ_CP125341.1,6,7,4,3
NZ_LT900339.1,7,10,10,0
NZ_LT900340.1,8,7,6,1
NZ_LT900342.1,6,5,5,0
NZ_CP091205.1,3,4,2,2
NZ_CP134221.1,5,4,2,2
NZ_CP134222.1,5,5,2,3
NC_014818.1,1,0,0,0
NC_014819.1,6,10,4,6
NZ_CP089935.1,2,2,0,2
NZ_CP102821.1,1,1,1,0
NZ_CP086070.1,7,6,3,3
NZ_CP086071.1,8,15,4,11
NZ_CP118497.1,1,1,1,0
NC_014731.1,5,6,5,1
NC_014732.1,1,2,1,1
NZ_CP056257.1,26,25,22,3
NZ_CP056258.1,1,0,0,0
NZ_CP056259.1,2,3,1,2
NZ_CP100183.1,34,28,19,9
NZ_CP100184.1,15,9,6,3
NZ_CP100185.1,7,8,6,2
NZ_CP029941.1,15,14,13,1
NZ_CP132034.1,2,2,2,0
NZ_CP020021.1,2,2,2,0
NZ_CP127301.1,20,25,12,13
NZ_CP127302.1,1,0,0,0
NZ_CP070104.1,9,8,5,3
NZ_CP116567.1,7,7,5,2
NZ_CP116568.1,1,0,0,0
NZ_CP016271.1,9,11,6,5
NZ_CP016272.1,10,9,7,2
NZ_CP015985.1,9,4,3,1
NZ_CP010345.1,3,8,1,7
NZ_AP019532.1,8,4,2,2
NZ_CP126838.1,31,28,24,4
NZ_CP126839.1,20,17,13,4
NZ_CP126840.1,4,4,4,0
NZ_CP069540.1,2,7,5,2
NZ_CP037896.1,24,9,6,3
NZ_CP081834.1,2,3,2,1
NZ_CP103743.1,17,20,13,7
NZ_CP124411.1,18,21,16,5
NZ_CP117035.1,17,23,13,10
NZ_CP117034.1,14,9,7,2
NZ_CP091583.1,18,20,16,4
NZ_CP091584.1,17,18,12,6
NZ_CP091585.1,9,10,7,3
NZ_CP061326.1,8,11,4,7
NZ_CP061323.1,17,18,10,8
NZ_CP030882.1,6,4,2,2
NZ_CP030883.1,6,5,2,3
NZ_CP132624.1,32,37,35,2
NZ_CP132625.1,18,11,8,3
NZ_CP132626.1,6,7,7,0
NZ_CP133864.1,4,4,4,0
NZ_CP133862.1,9,9,8,1
NZ_CP133863.1,12,16,12,4
NZ_CP133861.1,1,1,0,1
NZ_CP056074.1,4,4,4,0
NZ_CP056075.1,6,9,6,3
NZ_AP024780.1,6,2,2,0
NZ_AP024779.1,20,18,11,7
NZ_CP049890.1,3,2,2,0
NZ_CP045691.1,5,7,4,3
NZ_CP045692.1,14,22,10,12
NZ_CP045693.1,1,0,0,0
NZ_CP094520.1,6,10,3,7
NZ_CP059681.1,4,0,0,0
NZ_CP059680.1,3,1,1,0
NZ_CP059126.1,22,19,15,4
NZ_CP039376.1,2,4,2,2
NZ_AP022827.1,3,3,2,1
NZ_CP132300.1,1,1,1,0
NZ_AP025808.1,25,27,22,5
NZ_CP018433.1,2,1,0,1
NZ_CP018435.1,2,2,2,0
NZ_CP018436.1,6,6,3,3
NZ_CP018434.1,16,20,13,7
NZ_CP015026.1,31,41,23,18
NZ_CP009721.1,3,10,2,8
NZ_CP009722.1,8,7,4,3
NZ_CP058672.1,19,26,14,12
NZ_CP058673.1,7,12,5,7
NZ_CP122817.1,6,12,3,9
NZ_CP122818.1,11,15,10,5
NZ_CP122819.1,3,4,2,2
NZ_CP122821.1,7,10,6,4
NZ_CP122822.1,4,5,5,0
NZ_CP104977.1,6,8,4,4
NZ_CP072166.1,9,14,8,6
NZ_CP072164.1,38,43,16,27
NZ_CP107824.1,15,15,11,4
NZ_CP082806.1,13,22,9,13
NZ_CP024507.1,28,25,13,12
NZ_CP024508.1,19,25,21,4
NZ_CP024509.1,17,17,14,3
NZ_CP024510.1,4,6,4,2
NZ_CP054586.1,8,14,6,8
NZ_CP114317.1,28,33,25,8
NZ_CP114318.1,10,9,5,4
NZ_CP016707.2,12,12,11,1
NZ_CP016708.2,3,9,7,2
NZ_CP034576.2,2,2,2,0
NZ_CP016709.2,1,1,1,0
NZ_CP090023.1,18,15,7,8
NZ_CP090024.1,8,11,7,4
NZ_CP090025.1,5,5,3,2
NZ_CP090026.1,2,3,2,1
NZ_CP065961.1,6,2,2,0
NZ_CP027345.1,2,2,1,1
NZ_CP035189.1,2,1,1,0
NZ_CP058591.1,29,77,30,47
NZ_CP058590.1,6,5,5,0
NZ_CP059824.1,31,36,28,8
NZ_CP059825.1,7,8,6,2
NZ_CP059826.1,7,6,4,2
NZ_CP059722.1,11,13,10,3
NZ_CP059718.1,2,2,2,0
NZ_CP070288.2,4,7,2,5
NZ_CP070289.2,18,18,17,1
NZ_CP056879.1,15,19,16,3
NZ_CP056880.1,10,10,8,2
NZ_AP025778.1,23,25,20,5
NZ_AP025779.1,1,0,0,0
NZ_CP069515.1,3,4,2,2
NC_016820.2,4,3,2,1
NC_016821.2,2,1,1,0
NZ_CP133661.1,3,4,4,0
NZ_CP047341.1,3,3,3,0
NZ_CP117009.1,14,20,15,5
NZ_CP094325.1,3,9,7,2
NZ_CP080549.1,1,0,0,0
NZ_CP016330.1,2,3,0,3
NZ_CP132714.1,23,26,17,9
NZ_CP132715.1,9,9,9,0
NZ_CP132716.1,9,6,4,2
NZ_CP132717.1,4,4,3,1
NZ_AP026076.1,21,16,9,7
NZ_AP026077.1,17,9,5,4
NZ_AP026078.1,12,7,3,4
NZ_AP026079.1,3,5,1,4
NZ_CP133129.1,3,8,1,7
NZ_CP009107.1,11,14,4,10
NZ_CP015372.1,8,8,7,1
NZ_CP015373.1,3,2,0,2
NZ_CP015374.1,3,2,0,2
NC_007968.1,3,3,2,1
NZ_CP027598.1,12,9,7,2
NZ_CP055583.1,42,42,33,9
NZ_CP055584.1,4,4,3,1
NZ_CP055586.1,1,0,0,0
NZ_CP015358.1,1,0,0,0
NZ_CP015357.1,5,4,2,2
NZ_CP015356.1,14,21,9,12
NZ_CP015355.1,27,33,23,10
NZ_CP015354.1,18,10,9,1
NZ_CP015353.1,18,22,11,11
NZ_CP015352.1,30,32,24,8
NZ_CP015351.1,33,36,22,14
NZ_CP096910.1,1,1,1,0
NZ_CP096911.1,1,0,0,0
NZ_CP084247.1,35,47,31,16
NZ_CP084245.1,2,1,1,0
NZ_CP084246.1,19,13,13,0
NZ_CP107489.1,19,23,19,4
NZ_CP107490.1,16,16,14,2
NZ_CP127373.1,14,17,13,4
NZ_CP127374.1,3,4,0,4
NZ_CP038327.1,2,6,3,3
NZ_CP038326.1,8,5,4,1
NZ_CP031400.1,1,0,0,0
NZ_CP031401.1,1,2,2,0
NZ_CP031409.1,1,2,1,1
NZ_CP031404.1,1,3,0,3
NC_008118.1,8,7,4,3
NC_008119.1,2,1,0,1
NZ_CP043854.1,4,7,6,1
NZ_CP043855.1,11,16,10,6
NZ_CP043856.1,5,3,2,1
NZ_CP101457.1,5,4,3,1
NZ_CP040282.1,10,8,5,3
NZ_CP040283.1,10,11,4,7
NZ_CP040284.1,2,3,2,1
NZ_CP040285.1,1,1,0,1
NZ_CP040288.1,15,12,8,4
NZ_CP040289.1,15,14,8,6
NZ_CP040290.1,4,4,2,2
NZ_CP040291.1,5,5,0,5
NZ_CP040292.1,3,1,1,0
NZ_CP040294.1,1,1,0,1
NC_015979.1,10,9,3,6
NC_015980.1,3,1,1,0
NZ_CP016522.1,8,6,2,4
NZ_CP069658.1,39,39,33,6
NZ_CP069659.1,3,2,1,1
NZ_CP069661.1,1,1,1,0
NZ_CP084702.1,3,2,0,2
NZ_CP030839.1,2,1,0,1
NZ_CP058343.1,9,16,9,7
NZ_CP058344.1,7,8,7,1
NZ_CP126484.1,4,2,1,1
NZ_CP126485.1,2,1,1,0
NZ_CP126486.1,2,4,2,2
NZ_CP035038.1,71,84,62,22
NZ_CP035039.1,97,113,60,53
NZ_CP027359.1,9,12,4,8
NZ_AP025206.2,13,16,14,2
NZ_AP025207.1,1,1,1,0
NZ_CP044446.1,20,22,9,13
NZ_CP044447.1,3,2,0,2
NZ_CP044448.1,1,2,1,1
NZ_CP044449.1,2,2,2,0
NZ_CP039890.1,3,6,3,3
NZ_CP039891.1,3,2,1,1
NZ_CP039893.1,3,2,0,2
NZ_CP016468.1,6,6,6,0
NZ_CP016469.1,1,0,0,0
NZ_CP104374.1,7,11,8,3
NZ_CP104375.1,2,4,1,3
NZ_CP046281.1,2,4,2,2
NZ_CP042329.1,1,1,1,0
NC_017442.1,1,3,2,1
NZ_CP053257.1,2,1,1,0
NZ_OW968348.1,11,15,10,5
NZ_CP009014.1,3,4,2,2
NZ_CP009015.1,4,3,2,1
NZ_CP071227.1,6,5,4,1
NZ_CP135055.1,3,5,4,1
NZ_CP135056.1,3,1,1,0
NZ_CP135057.1,2,3,2,1
NZ_CP135058.1,1,2,1,1
NZ_CP116479.1,3,10,6,4
NZ_AP023191.1,30,30,22,8
NZ_AP023192.1,10,11,7,4
NZ_AP023193.1,1,1,0,1
NZ_AP023194.1,6,6,5,1
NZ_AP023195.1,2,0,0,0
NZ_CP092551.1,1,0,0,0
NZ_CP024262.1,19,33,17,16
NZ_CP012711.1,1,4,3,1
NZ_CP056917.1,14,11,4,7
NZ_CP062756.1,5,7,3,4
NZ_CP109730.1,23,20,16,4
NZ_CP109731.1,22,20,17,3
NZ_CP109729.1,1,0,0,0
NZ_CP109728.1,6,1,1,0
NZ_CP053984.1,8,8,4,4
NZ_CP030186.1,27,34,30,4
NZ_CP096314.1,10,9,6,3
NZ_CP010024.1,12,4,4,0
NZ_CP026837.1,37,63,24,39
NZ_CP040339.1,1,0,0,0
NZ_CP138514.1,4,5,4,1
NZ_CP015084.1,4,8,6,2
NZ_CP015083.1,19,20,17,3
NZ_CP051686.1,9,15,7,8
NZ_CP051687.1,1,3,1,2
NC_018889.1,8,6,5,1
NZ_CP010611.1,6,9,5,4
NZ_CP010616.1,2,3,1,2
NZ_CP130620.1,6,19,6,13
NZ_CP108552.1,3,4,3,1
NZ_CP108553.1,4,2,2,0
NZ_CP070008.1,22,26,22,4
NZ_CP070009.1,2,2,1,1
NZ_CP070011.1,3,2,1,1
NZ_CP070012.1,1,1,0,1
NZ_CP092908.1,12,13,12,1
NZ_CP034957.1,5,4,4,0
NZ_CP034956.1,14,16,14,2
NZ_CP049248.1,1,1,0,1
NZ_CP049249.1,7,8,2,6
NZ_CP049251.1,3,2,0,2
NZ_CP010372.1,19,22,14,8
NZ_CP010373.2,19,14,10,4
NZ_OY856404.1,21,20,16,4
NZ_OY856405.1,8,10,8,2
NZ_CP013716.1,1,4,2,2
NZ_CP050746.1,6,12,7,5
NZ_CP050747.1,2,1,0,1
NZ_CP050748.1,1,0,0,0
NZ_CP019744.1,12,13,11,2
NZ_CP019745.1,4,5,3,2
NZ_CP019746.1,1,7,0,7
NZ_CP019747.1,10,13,9,4
NZ_CP019748.1,1,1,1,0
NZ_CP121188.1,2,1,1,0
NZ_CP135692.1,23,26,21,5
NZ_CP135693.1,2,4,3,1
NZ_CP117977.1,4,5,3,2
NZ_CP007636.1,12,10,8,2
NZ_CP100488.1,2,4,2,2
NZ_CP100489.1,5,4,4,0
NZ_CP015221.1,2,1,0,1
NZ_CP122619.1,11,13,7,6
NZ_CP083738.1,19,18,14,4
NZ_CP044084.1,24,27,23,4
NZ_CP044087.1,2,3,2,1
NZ_CP063966.1,6,5,4,1
NZ_CP063967.1,6,5,4,1
NZ_CP036458.1,2,1,0,1
NZ_CP036459.1,2,2,1,1
NZ_CP036461.1,1,0,0,0
NZ_CP135979.1,9,7,3,4
NZ_CP135980.1,4,6,3,3
NZ_CP135981.1,2,3,1,2
NZ_CP135982.1,3,2,0,2
NZ_CP127402.1,1,1,1,0
NZ_CP080515.1,7,10,3,7
NZ_CP080514.1,16,18,14,4
NZ_CP040806.1,6,13,11,2
NZ_CP040807.1,4,7,7,0
NZ_CP040808.1,8,12,4,8
NZ_CP040809.1,4,8,8,0
NZ_CP040810.1,4,10,10,0
NZ_CP122881.1,12,7,2,5
NZ_CP122883.1,3,4,3,1
NZ_CP122884.1,15,21,6,15
NZ_CP122885.1,3,3,1,2
NZ_CP121221.1,6,9,6,3
NZ_CP121222.1,39,73,33,40
NZ_CP087091.1,13,17,7,10
NZ_CP087093.1,11,15,9,6
NZ_CP087094.1,5,4,2,2
NZ_CP087096.1,2,1,0,1
NZ_CP087097.1,2,0,0,0
NZ_CP018901.1,2,1,0,1
NZ_CP094994.1,8,2,2,0
NZ_CP094993.1,12,13,7,6
NZ_CP094992.1,23,26,20,6
NZ_CP118051.1,3,6,4,2
NZ_CP096725.1,1,2,2,0
NZ_CP096726.1,2,4,2,2
NZ_CP031190.1,23,22,17,5
NZ_CP031191.1,3,1,1,0
NZ_CP006753.1,5,11,2,9
NZ_CP006752.1,9,10,7,3
NZ_CP065663.1,1,1,1,0
NZ_CP062909.1,12,18,13,5
NZ_CP062907.1,7,9,6,3
NZ_CP062905.1,3,0,0,0
NZ_CP016287.1,70,86,54,32
NZ_CP016289.1,36,42,28,14
NZ_CP016290.1,39,69,42,27
NZ_CP016292.1,44,52,34,18
NZ_CP016293.1,8,10,7,3
NZ_CP016291.1,3,3,2,1
NZ_CP016288.1,23,20,11,9
NZ_CP061125.1,19,20,16,4
NZ_CP010898.2,10,12,7,5
NZ_CP032802.1,4,6,3,3
NZ_CP129805.1,8,9,5,4
NZ_CP129804.1,18,18,12,6
NZ_CP129806.1,4,2,2,0
NZ_CP098445.1,20,19,8,11
NZ_CP027558.1,29,33,26,7
NZ_CP027559.1,6,4,4,0
NZ_AP027927.1,9,9,9,0
NZ_AP027928.1,9,16,6,10
NZ_AP025788.1,23,24,19,5
NZ_CP042897.1,13,18,10,8
NZ_CP042898.1,8,6,4,2
NZ_CP138656.1,3,6,4,2
NZ_CP138657.1,4,3,3,0
NZ_CP132695.1,27,28,24,4
NZ_CP132696.1,12,9,7,2
NZ_CP132698.1,3,5,4,1
NZ_CP132699.1,8,9,5,4
NZ_CP132700.1,3,3,3,0
NZ_LN554848.1,5,9,4,5
NZ_CP005085.1,13,11,11,0
NZ_CP005086.1,5,5,5,0
NZ_CP005087.1,13,10,10,0
NZ_CP005088.1,13,12,8,4
NZ_CP005089.1,3,3,1,2
NZ_CP005090.1,3,1,1,0
NZ_CP066311.1,32,33,26,7
NZ_CP066312.1,6,8,3,5
NZ_CP066313.1,5,3,3,0
NZ_CP095849.1,2,1,0,1
NZ_CP136529.1,4,4,4,0
NZ_CP026128.1,2,1,1,0
NZ_CP026129.1,9,17,13,4
NZ_CP026127.1,2,2,2,0
NZ_CP026126.1,1,1,1,0
NZ_CP088270.1,13,22,10,12
NZ_CP088271.1,8,9,7,2
NZ_CP060403.1,7,5,3,2
NZ_CP050404.1,12,6,3,3
NZ_CP050406.1,1,1,1,0
NZ_CP042525.1,29,29,25,4
NZ_CP042526.1,6,6,4,2
NZ_CP042527.1,2,2,2,0
NZ_LR890601.1,8,7,2,5
NZ_CP083012.1,17,22,12,10
NZ_CP083013.1,7,7,6,1
NZ_CP077978.1,7,4,3,1
NZ_CP023549.1,16,33,27,6
NZ_CP023550.1,2,2,1,1
NZ_CP143636.1,16,21,12,9
NZ_CP019456.1,2,8,1,7
NZ_CP066529.1,20,23,20,3
NZ_CP066530.1,21,21,16,5
NZ_CP066533.1,1,1,1,0
NZ_CP048048.1,1,1,0,1
NZ_CP059839.1,3,13,6,7
NZ_CP059837.1,7,6,5,1
NZ_CP059836.1,20,24,19,5
NZ_CP059838.1,4,4,2,2
NZ_CP126522.1,5,5,4,1
NZ_CP126523.1,5,3,2,1
NZ_CP135163.1,5,5,4,1
NZ_CP089404.1,11,18,13,5
NZ_CP089405.1,6,6,4,2
NZ_CP089406.1,7,8,6,2
NZ_CP030773.1,36,71,35,36
NZ_CP030774.1,1,0,0,0
NZ_CP064844.1,3,3,2,1
NZ_CP121067.1,16,32,13,19
NZ_CP135499.1,9,9,8,1
NZ_CP135500.1,11,14,11,3
NZ_CP135501.1,3,3,1,2
NZ_CP091853.1,2,4,1,3
NZ_CP041149.1,2,8,5,3
NZ_CP011274.1,2,1,1,0
NZ_CP011275.1,8,9,7,2
NZ_CP079173.1,19,16,11,5
NZ_CP079174.1,12,11,7,4
NZ_CP079175.1,1,1,0,1
NZ_CP021287.1,1,0,0,0
NZ_CP020580.1,6,2,2,0
NZ_CP113935.1,1,1,1,0
NZ_CP068679.1,1,0,0,0
NZ_CP039568.1,3,3,2,1
NZ_CP025921.1,34,36,13,23
NZ_CP025922.1,14,9,4,5
NZ_AP022303.1,7,10,6,4
NZ_CP014523.1,10,12,6,6
NZ_CP014524.1,3,5,3,2
NZ_CP099339.1,5,5,4,1
NZ_CP099340.1,1,1,1,0
NZ_CP099341.1,7,17,7,10
NZ_CP099342.1,4,6,3,3
NZ_CP104004.1,2,2,2,0
NZ_CP129634.1,1,1,1,0
NZ_CP087158.1,9,9,2,7
NZ_CP082266.1,12,21,12,9
NZ_CP082268.1,8,7,6,1
NZ_CP062767.1,5,7,3,4
NZ_AP024413.1,1,2,0,2
NZ_CP116356.1,2,5,0,5
NZ_CP116357.1,1,2,0,2
NZ_CP142674.1,1,2,1,1
NZ_CP071193.1,6,5,4,1
NZ_CP051351.1,7,4,2,2
NZ_CP144369.1,1,1,1,0
NZ_CP144370.1,1,2,1,1
NZ_CP067020.1,6,4,2,2
NZ_CP067021.1,23,29,13,16
NZ_CP034165.1,2,4,0,4
NZ_CP034164.1,1,2,2,0
NZ_CP034167.1,2,12,1,11
NZ_CP028676.1,5,7,4,3
NZ_CP047270.1,34,30,30,0
NZ_CP053871.1,4,6,3,3
NZ_CP053872.1,1,1,0,1
NZ_CP053873.1,1,1,0,1
NZ_CP050349.1,23,25,20,5
NZ_CP050350.1,1,1,0,1
NZ_CP050351.1,14,17,15,2
NZ_CP122636.1,10,8,2,6
NZ_CP122637.1,9,8,4,4
NZ_CP122638.1,11,19,6,13
NZ_CP122639.1,3,2,0,2
NZ_CP122640.1,10,10,6,4
NZ_CP122641.1,9,4,1,3
NZ_CP122642.1,2,2,1,1
NZ_CP109020.1,1,1,1,0
NZ_CP102740.1,2,2,1,1
NZ_CP102743.1,1,1,1,0
NZ_CP016821.1,9,9,7,2
NZ_CP016820.1,5,8,6,2
NZ_CP016822.1,2,1,0,1
NZ_CP043192.1,15,11,11,0
NZ_CP107298.1,19,26,14,12
NZ_CP107299.1,24,23,18,5
NZ_CP122939.1,7,16,4,12
NZ_CP122941.1,2,1,1,0
NZ_CP122943.1,3,3,2,1
NZ_CP027406.1,3,4,1,3
NZ_CP023530.1,17,21,9,12
NZ_CP117648.1,5,10,6,4
NZ_CP023302.1,7,7,3,4
NZ_CP023303.1,2,2,1,1
NZ_AP014810.1,7,4,4,0
NZ_AP014811.1,11,13,8,5
NZ_AP014812.1,6,5,3,2
NZ_AP014813.1,1,1,1,0
NZ_AP014814.1,3,7,3,4
NC_009349.1,11,7,4,3
NC_009350.1,14,22,12,10
NZ_CP119547.1,17,18,13,5
NZ_CP041423.1,1,1,0,1
NZ_CP041424.1,2,1,1,0
NZ_FO082821.1,17,21,13,8
NZ_CP076246.1,8,8,5,3
NZ_CP100531.1,24,27,15,12
NZ_CP100532.1,2,2,2,0
NZ_CP100533.1,7,7,5,2
NZ_CP094932.1,1,2,2,0
NZ_CP114404.1,2,1,0,1
NZ_CP114403.1,3,1,1,0
NZ_CP114402.1,15,15,9,6
NZ_CP114401.1,10,8,7,1
NZ_CP114400.1,16,18,14,4
NZ_CP071287.1,5,5,5,0
NZ_CP071288.1,2,4,3,1
NZ_CP071289.1,1,2,2,0
NZ_CP071286.1,7,7,7,0
NZ_CP050735.1,19,17,15,2
NZ_CP050736.1,10,9,7,2
NZ_LN868944.1,1,2,1,1
NZ_CP024564.1,19,14,12,2
NZ_CP024565.1,9,12,7,5
NZ_CP024566.1,17,19,13,6
NZ_CP067304.1,11,17,14,3
NZ_CP067305.1,7,6,6,0
NZ_CP062805.1,17,10,6,4
NZ_CP062806.1,9,15,8,7
NZ_CP062807.1,5,2,1,1
NZ_CP062808.1,4,4,4,0
NZ_CP062809.1,9,5,5,0
NZ_OW970515.1,17,12,7,5
NZ_OW970517.1,10,12,8,4
NZ_OW970518.1,4,4,4,0
NZ_CP079765.1,22,20,19,1
NZ_CP079766.1,23,27,16,11
NZ_CP075038.1,5,5,2,3
NZ_LR890625.1,10,14,10,4
NZ_CP023393.1,3,10,6,4
NZ_CP023394.1,2,3,2,1
NZ_LT605060.1,9,7,4,3
NZ_CP091312.1,4,1,1,0
NZ_CP138723.1,34,43,31,12
NZ_CP138724.1,16,18,9,9
NZ_CP024423.1,6,13,6,7
NZ_CP024424.1,1,7,1,6
NZ_CP024425.1,13,23,12,11
NZ_CP024426.1,1,2,0,2
NZ_CP024427.1,1,1,1,0
NZ_CP024428.1,1,2,0,2
NZ_CP040352.1,15,21,10,11
NZ_CP021926.1,6,9,4,5
NZ_CP021928.1,2,2,1,1
NZ_CP080242.1,48,37,28,9
NZ_CP080245.1,4,9,6,3
NZ_CP080244.1,1,2,1,1
NZ_CP065893.1,2,2,0,2
NZ_CP065894.1,2,3,1,2
NZ_CP065895.1,9,10,4,6
NZ_CP065896.1,8,10,5,5
NZ_CP065897.1,11,9,4,5
NZ_CP065899.1,4,3,0,3
NZ_CP065900.1,1,1,0,1
NZ_CP065902.1,1,1,1,0
NZ_CP065907.1,1,1,0,1
NZ_CP065908.1,1,1,0,1
NZ_CP065911.1,1,1,1,0
NZ_AP018797.1,10,7,5,2
NZ_AP018798.1,1,1,1,0
NZ_AP018799.1,7,8,8,0
NZ_AP018800.1,10,14,5,9
NZ_AP018801.1,5,6,3,3
NZ_CP118538.1,11,15,11,4
NZ_CP100679.1,3,3,1,2
NZ_CP025547.1,12,12,8,4
NZ_CP025548.1,13,8,7,1
NZ_CP025549.1,1,0,0,0
NZ_CP118543.1,5,4,1,3
NZ_CP056276.1,17,13,10,3
NZ_CP056277.1,8,9,7,2
NZ_CP009562.1,8,7,5,2
NZ_CP086468.1,28,34,25,9
NZ_CP046936.1,4,3,2,1
NZ_CP046937.1,4,4,4,0
NZ_CP028791.1,18,17,15,2
NZ_CP028790.2,16,16,15,1
NZ_CP028792.1,18,20,18,2
NZ_CP130611.1,10,9,4,5
NZ_CP016365.1,2,6,3,3
NZ_CP016366.1,4,7,5,2
NZ_CP016368.1,1,2,1,1
NZ_CP016369.1,1,4,0,4
NZ_CP034401.1,18,22,19,3
NZ_CP034402.1,2,2,2,0
NZ_CP034405.1,1,1,1,0
NZ_CP034403.1,3,2,2,0
NZ_LR135409.1,43,43,34,9
NZ_LR135410.1,5,4,3,1
NZ_CP032404.1,7,8,3,5
NZ_CP114793.1,7,5,4,1
NZ_CP114794.1,14,17,11,6
NZ_CP081938.1,1,1,1,0
NZ_CP075346.1,11,11,5,6
NZ_CP075347.1,9,8,7,1
NZ_CP115005.1,6,5,4,1
NZ_CP013912.1,1,0,0,0
NZ_CP092041.1,10,24,9,15
NZ_CP120534.1,6,5,4,1
NZ_OX337253.1,27,32,25,7
NZ_CP039103.1,65,81,54,27
NZ_CP039104.1,3,7,1,6
NZ_CP039105.1,16,13,11,2
NZ_CP039106.1,10,11,9,2
NZ_AP022202.1,29,23,22,1
NZ_AP022203.1,8,7,4,3
NZ_AP022204.1,4,0,0,0
NZ_AP022205.1,4,3,2,1
NZ_CP114762.1,22,20,17,3
NZ_CP060886.1,15,13,9,4
NZ_CP060887.1,3,2,1,1
NZ_CP060888.1,5,4,4,0
NZ_CP074138.1,9,7,4,3
NZ_CP073097.1,1,4,2,2
NZ_CP073099.1,4,3,2,1
NZ_CP040620.1,5,5,5,0
NZ_CP040621.1,3,3,3,0
NZ_CP045278.1,1,0,0,0
NZ_CP045279.1,8,8,8,0
NZ_CP045280.1,9,6,4,2
NZ_CP045282.1,3,2,2,0
NC_019691.1,5,3,3,0
NZ_CP132991.1,1,1,0,1
NZ_CP132992.1,13,17,9,8
NZ_CP036007.1,13,16,10,6
NZ_CP035035.1,6,3,1,2
NZ_CP035036.1,1,1,0,1
NZ_CP102553.1,20,24,17,7
NZ_CP102554.1,1,1,1,0
NZ_CP102555.1,3,3,1,2
NZ_CP102556.1,2,1,0,1
NZ_CP102557.1,1,0,0,0
NZ_CP102558.1,1,0,0,0
NZ_CP122455.1,10,12,4,8
NZ_CP122456.1,5,5,4,1
NZ_CP101378.1,12,19,10,9
NZ_CP091290.1,1,1,0,1
NZ_CP066960.1,4,8,6,2
NZ_CP009324.1,3,8,6,2
NZ_CP083975.1,58,69,43,26
NZ_CP083976.1,6,3,2,1
NZ_CP143948.1,3,2,1,1
NZ_CP043198.1,1,1,0,1
NZ_OW235316.1,1,1,0,1
NZ_CP034685.1,4,6,4,2
NZ_CP028876.1,1,2,0,2
NZ_CP028878.1,1,0,0,0
NZ_CP035820.1,16,26,7,19
NZ_CP035821.1,10,5,3,2
NZ_CP082031.1,21,27,21,6
NZ_CP082030.1,7,7,4,3
NZ_CP015077.1,15,18,13,5
NZ_CP015078.1,5,5,2,3
NZ_CP098228.1,14,11,10,1
NZ_CP054398.1,15,19,14,5
NZ_CP054399.1,8,8,8,0
NZ_CP012123.1,8,9,8,1
NZ_CP012124.1,2,2,2,0
NZ_CP070083.1,19,21,14,7
NZ_CP070086.1,2,2,2,0
NZ_CP070084.1,10,8,4,4
NZ_CP070082.1,2,1,0,1
NZ_CP090197.1,4,2,2,0
NZ_AP026908.1,16,21,16,5
NZ_AP026909.1,2,1,1,0
NZ_CP059544.1,2,2,1,1
NZ_CP059543.1,1,2,2,0
NZ_CP065113.1,3,2,2,0
NZ_CP065114.1,1,2,1,1
NZ_CP065112.1,18,20,13,7
NZ_CP121481.1,4,3,3,0
NZ_CP121482.1,1,1,1,0
NZ_CP123446.1,2,1,1,0
NZ_OX359183.1,17,23,16,7
NZ_CP043964.1,1,5,3,2
NZ_CP043965.1,1,1,1,0
NZ_CP029583.1,2,4,1,3
NZ_CP029586.1,14,18,11,7
NZ_CP119786.1,3,2,2,0
NZ_CP077896.1,2,3,2,1
NZ_CP077895.1,2,3,2,1
NZ_CP025577.1,13,19,15,4
NZ_CP025578.1,12,15,8,7
NC_004719.1,1,2,2,0
NZ_CP113833.1,7,9,8,1
NZ_CP113834.1,3,2,2,0
NZ_CP113835.1,1,1,1,0
NZ_AP019756.1,2,1,1,0
NZ_CP084344.1,2,2,2,0
NZ_CP084345.1,5,16,5,11
NZ_CP084346.1,5,6,4,2
NZ_CP023408.1,6,7,3,4
NZ_CP065834.1,28,31,22,9
NZ_CP103627.1,21,21,13,8
NZ_CP103628.1,1,2,0,2
NZ_CP103629.1,1,1,1,0
NZ_CP093853.1,18,22,11,11
NZ_CP101686.1,8,8,3,5
NZ_CP136505.1,5,10,6,4
NZ_CP013052.1,9,8,3,5
NZ_CP013053.1,13,20,11,9
NZ_CP013054.1,19,21,7,14
NZ_CP060667.1,12,10,9,1
NZ_CP021336.1,1,1,1,0
NZ_CP021337.1,7,13,2,11
NZ_CP039632.3,16,23,13,10
NZ_CP125736.1,16,22,13,9
NZ_CP028252.1,9,5,5,0
NZ_CP028253.1,2,2,2,0
NZ_CP039562.1,18,22,13,9
NZ_CP097171.1,21,22,16,6
NZ_CP097172.1,4,4,1,3
NZ_CP050261.1,1,3,0,3
NZ_CP016932.1,12,12,10,2
NZ_CP100543.1,5,5,3,2
NZ_CP096295.1,8,6,5,1
NZ_CP101539.1,6,8,5,3
NZ_CP062812.1,5,7,4,3
NZ_CP062813.1,3,7,3,4
NZ_CP062814.1,1,1,0,1
NZ_CP031354.1,17,18,9,9
NZ_CP142031.1,15,10,8,2
NZ_CP142032.1,2,1,1,0
NZ_CP021457.1,13,10,7,3
NZ_CP021458.1,1,0,0,0
NZ_CP021459.1,5,4,2,2
NZ_CP021460.1,1,0,0,0
NZ_CP021461.1,2,4,2,2
NZ_CP026146.1,1,1,1,0
NZ_CP026147.1,12,11,11,0
NZ_CP026148.1,3,4,1,3
NZ_CP015065.1,3,2,2,0
NZ_CP106895.1,19,16,10,6
NZ_CP106896.1,23,23,18,5
NZ_CP038397.1,5,7,3,4
NZ_CP036307.1,24,22,17,5
NZ_CP036306.1,21,22,19,3
NC_017942.1,1,6,2,4
NC_017944.1,4,8,2,6
NZ_CP038010.1,19,23,18,5
NZ_CP007613.1,9,7,4,3
NZ_CP007614.1,10,6,5,1
NZ_CP007615.1,16,27,17,10
NZ_CP007616.1,29,24,20,4
NZ_CP122838.1,9,12,2,10
NZ_CP122839.1,14,14,7,7
NZ_CP122842.1,23,22,7,15
NZ_CP122843.1,3,5,2,3
NZ_CP055220.1,14,12,6,6
NZ_CP055221.1,5,6,3,3
NZ_CP080561.1,4,4,4,0
NZ_CP015021.1,4,7,4,3
NZ_CP089235.1,14,19,11,8
NZ_CP096170.1,8,9,7,2
NZ_CP091973.1,12,9,6,3
NZ_CP060475.1,1,0,0,0
NZ_CP060474.1,1,0,0,0
NZ_CP060473.1,2,0,0,0
NZ_CP060472.1,4,6,5,1
NZ_CP060471.1,1,0,0,0
NC_008738.1,11,5,3,2
NC_008739.1,14,14,8,6
NC_010625.1,16,16,11,5
NC_010627.1,29,54,18,36
NZ_CP009967.1,25,40,32,8
NZ_CP009966.1,1,2,2,0
NZ_CP085765.1,5,7,6,1
NZ_CP085766.1,17,20,14,6
NZ_CP109974.1,20,30,16,14
NZ_CP109975.1,14,18,14,4
NZ_CP109976.1,6,8,5,3
NZ_CP031151.1,1,0,0,0
NZ_CP031152.1,2,2,1,1
NZ_CP114513.1,9,5,1,4
NZ_CP029575.1,26,23,17,6
NZ_CP084922.1,3,8,6,2
NZ_CP084924.1,2,6,2,4
NZ_CP099872.1,11,26,11,15
NZ_CP143343.1,5,4,4,0
NZ_OV753635.1,15,23,19,4
NZ_OV753636.1,12,14,12,2
NZ_OV753640.1,1,0,0,0
NZ_OV753637.1,5,7,3,4
NZ_CP010146.1,14,15,10,5
NZ_CP010147.1,6,13,7,6
NZ_AP018204.1,8,11,4,7
NZ_AP018205.1,29,32,15,17
NZ_AP018206.1,2,3,1,2
NZ_CP139977.1,7,17,5,12
NZ_AP018393.1,6,5,1,4
NZ_AP018394.1,7,6,3,3
NC_008697.1,2,1,1,0
NZ_CP011518.2,79,114,48,66
NZ_CP011519.2,24,33,18,15
NZ_CP011520.2,18,25,14,11
NZ_CP011521.2,4,4,3,1
NZ_CP023062.1,6,10,4,6
NC_018880.1,2,1,1,0
NC_018879.1,5,4,4,0
NC_018878.1,3,1,1,0
NZ_CP076174.1,5,10,5,5
NZ_LS992172.1,11,17,12,5
NZ_LS992173.1,1,0,0,0
NZ_CP084319.1,11,9,5,4
NZ_CP022007.1,18,15,10,5
NZ_CP022008.1,1,0,0,0
NZ_CP107384.1,20,24,16,8
NZ_CP107385.1,12,14,11,3
NZ_CP107387.1,6,7,5,2
NC_021828.1,9,4,3,1
NZ_LR882945.1,5,9,6,3
NZ_LR882947.1,1,0,0,0
NZ_LR882948.1,1,1,0,1
NZ_LT969519.1,24,17,16,1
NZ_LT969521.1,11,6,5,1
NZ_CP127154.1,24,30,18,12
NZ_CP127155.1,13,13,11,2
NZ_CP127156.1,6,6,5,1
NZ_CP121777.1,32,39,27,12
NZ_CP121778.1,7,3,2,1
NZ_CP121779.1,2,2,2,0
NZ_CP121780.1,2,1,0,1
NZ_CP121781.1,1,1,1,0
NZ_CP053992.1,4,6,3,3
NZ_CP017451.1,46,69,45,24
NZ_CP017452.1,11,13,8,5
NZ_CP091445.1,15,17,12,5
NZ_CP091446.1,1,0,0,0
NZ_CP008987.1,3,4,2,2
NZ_CP008988.1,4,3,2,1
NZ_AP019752.1,4,4,4,0
NZ_CP080035.1,1,0,0,0
NZ_CP100554.1,6,8,3,5
NZ_AP022031.1,4,5,5,0
NZ_CP010394.1,2,1,0,1
NZ_CP010393.1,16,21,14,7
NZ_CP010395.1,2,1,1,0
NZ_CP010396.1,18,13,9,4
NZ_CP013496.1,1,1,1,0
NZ_CP013497.1,22,28,12,16
NZ_CP013499.1,5,5,5,0
NZ_CP058715.1,8,4,0,4
NZ_CP058716.1,17,19,14,5
NZ_CP058717.1,18,18,14,4
NZ_CP058718.1,8,11,9,2
NZ_CP108566.1,27,31,17,14
NZ_CP054423.1,2,1,1,0
NZ_CP116146.1,14,20,16,4
NZ_CP116148.1,4,3,3,0
NZ_CP116147.1,5,5,5,0
NZ_CP090008.1,3,6,2,4
NZ_CP024910.1,36,28,26,2
NZ_CP104756.1,3,1,1,0
NZ_CP104345.1,36,31,15,16
NZ_CP083540.1,1,1,0,1
NZ_CP083542.1,1,0,0,0
NZ_CP063879.1,10,22,13,9
NZ_CP063880.1,7,10,5,5
NZ_CP038312.1,5,7,4,3
NZ_CP038311.1,5,3,2,1
NZ_CP014416.1,3,5,3,2
NZ_CP063488.1,29,43,27,16
NZ_CP063489.1,1,1,1,0
NZ_CP063490.1,1,2,2,0
NZ_AP024925.1,21,20,8,12
NZ_CP061572.1,25,28,22,6
NZ_CP061573.1,10,11,7,4
NZ_CP020003.1,1,1,1,0
NZ_CP020005.1,17,19,14,5
NZ_LN831037.1,1,1,1,0
NZ_LN831038.1,1,0,0,0
NZ_OX460325.1,2,3,1,2
NZ_OX460324.1,2,3,3,0
NZ_CP104737.1,5,6,5,1
NZ_CP128960.1,5,6,3,3
NZ_CP128961.1,3,2,1,1
NC_012987.1,16,21,10,11
NC_012989.1,2,3,3,0
NC_012654.1,10,7,4,3
NZ_CP071022.1,27,27,21,6
NZ_CP025502.1,2,0,0,0
NZ_CP025504.1,1,0,0,0
NZ_CP025503.1,3,0,0,0
NZ_CP053077.1,1,3,1,2
NZ_CP053076.1,4,4,4,0
NZ_CP083659.1,9,23,11,12
NZ_CP083660.1,8,10,9,1
NZ_CP083661.1,1,1,1,0
NZ_CP082814.1,3,2,1,1
NZ_CP118070.1,3,3,2,1
NZ_CP019733.1,4,7,4,3
NC_009475.1,11,8,7,1
NZ_CP035557.1,3,1,0,1
NZ_CP035558.1,3,3,1,2
NZ_CP035559.1,3,1,1,0
NZ_CP035560.1,1,2,1,1
NZ_CP035561.1,4,5,4,1
NZ_CP035562.1,1,2,1,1
NZ_CP025279.1,3,4,2,2
NZ_CP092407.1,26,30,24,6
NZ_CP099332.1,12,16,7,9
NZ_CP099333.1,13,12,8,4
NZ_CP099334.1,2,2,2,0
NZ_CP099335.1,3,1,1,0
NZ_CP099336.1,4,7,3,4
NZ_OX030702.1,5,6,2,4
NZ_OX030703.1,12,15,11,4
NZ_OX030704.1,4,4,4,0
NZ_AP027972.1,14,21,11,10
NZ_AP027973.1,5,6,3,3
NZ_AP027975.1,1,1,1,0
NZ_LR130516.1,3,3,2,1
NZ_CP110070.1,1,0,0,0
NZ_LR890396.1,24,27,18,9
NZ_CP086878.1,2,1,1,0
NZ_CP086879.1,28,25,12,13
NZ_CP086880.1,5,3,1,2
NZ_CP086881.1,2,0,0,0
NZ_CP086883.1,2,1,1,0
NZ_CP086884.1,9,10,6,4
NZ_CP086885.1,1,0,0,0
NZ_CP041209.1,9,9,8,1
NZ_CP093488.1,3,6,2,4
NZ_CP093487.1,5,9,5,4
NZ_CP016897.1,2,4,2,2
NZ_AP025924.1,28,28,24,4
NZ_CP035418.1,1,4,1,3
NZ_CP035419.1,2,1,1,0
NZ_CP035421.1,1,2,1,1
NZ_CP035423.1,1,0,0,0
NZ_CP035424.1,5,1,0,1
NZ_CP069506.1,2,8,6,2
NZ_CP065602.1,28,26,13,13
NZ_CP065603.1,21,20,13,7
NZ_CP101547.1,24,28,22,6
NZ_CP101548.1,9,9,8,1
NZ_CP101550.1,5,5,5,0
NZ_CP143313.1,9,3,2,1
NZ_CP032495.1,3,2,2,0
NZ_CP032497.1,1,1,1,0
NZ_CP032496.1,6,6,4,2
NZ_CP015160.1,15,17,12,5
NZ_CP015161.1,1,0,0,0
NZ_CP080234.1,5,12,1,11
NZ_CP130485.1,4,3,2,1
NZ_CP130484.1,1,0,0,0
NZ_CP130483.1,2,1,1,0
NZ_CP130482.1,8,5,2,3
NZ_CP130481.1,12,7,6,1
NZ_CP097412.1,24,28,20,8
NZ_CP097413.1,4,4,4,0
NZ_CP024119.1,1,1,0,1
NZ_CP024122.1,2,0,0,0
NZ_CP024522.1,28,25,22,3
NZ_CP024523.1,9,12,7,5
NZ_CP024524.1,17,19,13,6
NZ_CP081873.1,10,17,11,6
NZ_CP081874.1,11,13,5,8
NZ_CP100446.1,10,14,7,7
NZ_CP100447.1,1,1,1,0
NZ_CP047143.1,5,5,5,0
NZ_CP076857.1,12,12,11,1
NZ_CP065832.1,13,16,9,7
NZ_CP102391.1,18,29,17,12
NZ_CP102392.1,13,14,11,3
NZ_CP102394.1,6,8,5,3
NZ_CP134379.1,1,0,0,0
NZ_CP134377.1,16,20,8,12
NZ_CP134378.1,13,13,7,6
NZ_CP115458.1,16,10,4,6
NZ_CP115457.1,8,16,7,9
NZ_CP115460.1,1,0,0,0
NZ_CP115459.1,5,1,1,0
NZ_CP134725.1,1,5,2,3
NZ_CP134726.1,1,0,0,0
NZ_CP134727.1,1,0,0,0
NZ_CP053788.1,4,5,3,2
NZ_CP047172.1,1,1,1,0
NZ_CP014171.1,1,1,1,0
NZ_CP027339.1,18,22,8,14
NZ_CP116676.1,25,28,19,9
NZ_CP116677.1,21,25,18,7
NZ_CP116678.1,16,25,9,16
NZ_CP116679.1,1,2,0,2
NZ_CP034417.1,13,12,11,1
NZ_CP034416.1,19,29,16,13
NZ_AP027255.1,7,9,3,6
NZ_CP135451.1,21,27,23,4
NZ_CP135452.1,13,7,3,4
NZ_AP028103.1,1,1,0,1
NZ_CP064366.1,2,2,2,0
NZ_AP025856.1,30,30,25,5
NZ_CP009842.1,4,17,4,13
NZ_CP009843.1,4,6,4,2
NZ_CP142950.1,13,14,8,6
NZ_CP018843.1,2,1,1,0
NZ_CP077819.1,6,10,5,5
NZ_CP019949.1,7,7,2,5
NZ_CP096820.1,1,0,0,0
NZ_CP045760.1,3,3,3,0
NC_010418.1,2,2,2,0
NZ_CP047379.1,21,24,17,7
NZ_CP047380.1,16,28,12,16
NZ_CP047381.1,2,2,2,0
NZ_CP047382.1,1,0,0,0
NZ_CP015365.1,2,3,2,1
NZ_CP015366.1,3,3,3,0
NZ_CP104679.1,39,44,25,19
NZ_CP104680.1,7,11,8,3
NZ_CP092464.1,26,34,25,9
NZ_CP092465.1,5,7,5,2
NZ_CP107346.1,20,24,16,8
NZ_CP107347.1,12,14,11,3
NZ_CP107349.1,6,7,5,2
NZ_CP010697.1,2,2,1,1
NZ_CP010698.1,4,2,2,0
NZ_CP010699.1,1,1,0,1
NZ_CP010700.1,1,1,1,0
NZ_CP026232.1,7,4,4,0
NZ_CP026233.1,17,14,12,2
NZ_CP026234.1,27,21,18,3
NZ_CP073977.1,10,6,5,1
NZ_CP073978.1,12,16,13,3
NZ_CP073979.1,1,0,0,0
NZ_CP139283.1,26,23,16,7
NZ_CP018662.1,3,2,0,2
NZ_CP018663.1,3,3,2,1
NZ_CP035268.1,4,5,1,4
NZ_CP056236.1,33,30,26,4
NZ_CP040462.1,6,4,2,2
NZ_CP056521.1,12,11,10,1
NZ_CP056522.1,10,14,9,5
NZ_LR130556.1,13,14,11,3
NZ_LR130560.1,1,0,0,0
NZ_CP121366.1,12,16,12,4
NZ_CP121367.1,1,1,1,0
NZ_CP121369.1,1,1,0,1
NZ_CP070132.1,1,2,1,1
NZ_CP070133.1,22,24,15,9
NZ_CP070135.1,1,1,1,0
NZ_CP070137.1,4,5,2,3
NZ_CP039896.1,10,17,5,12
NC_022354.1,2,1,1,0
NC_011092.1,18,20,13,7
NZ_CP023903.1,16,17,11,6
NZ_CP023895.1,6,7,6,1
NZ_CP023896.1,2,2,1,1
NZ_CP023897.1,4,4,3,1
NZ_CP023900.1,4,4,2,2
NZ_CP061566.1,7,12,9,3
NZ_CP080540.1,35,32,24,8
NZ_CP080541.1,12,11,10,1
NZ_AP024146.1,9,10,2,8
NZ_AP024149.1,2,1,0,1
NZ_CP088139.1,12,8,3,5
NZ_CP088140.1,1,0,0,0
NZ_CP039260.1,7,8,7,1
NZ_CP076220.1,4,10,5,5
NZ_CP090532.1,2,2,2,0
NZ_CP090530.1,14,14,10,4
NZ_CP069862.1,7,6,4,2
NZ_CP069863.1,29,36,28,8
NZ_CP010192.1,3,10,4,6
NZ_CP077239.1,8,11,6,5
NZ_CP140895.1,117,140,101,39
NZ_CP140897.1,22,20,14,6
NZ_CP140898.1,5,12,2,10
NZ_CP140899.1,23,56,22,34
NZ_CP024283.1,3,1,1,0
NZ_CP024285.1,18,10,6,4
NZ_CP024286.1,10,9,5,4
NZ_CP024287.1,11,8,5,3
NZ_CP024288.1,3,2,0,2
NZ_CP110304.1,5,7,4,3
NZ_CP110305.1,6,11,1,10
NZ_CP124501.1,7,5,4,1
NZ_CP030066.1,18,24,18,6
NZ_CP030067.1,5,7,5,2
NZ_CP030068.1,13,10,5,5
NZ_CP050507.1,21,17,13,4
NZ_CP046026.1,5,8,6,2
NZ_CP138529.1,16,16,14,2
NZ_CP138530.1,6,5,3,2
NZ_CP017750.1,31,26,14,12
NZ_CP135220.1,14,18,12,6
NC_010488.1,20,24,18,6
NZ_CP085864.1,4,4,4,0
NZ_CP018832.1,42,49,37,12
NZ_CP018831.1,9,10,8,2
NZ_CP018834.1,2,1,1,0
NZ_CP026843.1,17,39,18,21
NZ_CP097290.1,1,2,1,1
NZ_CP053913.1,4,3,3,0
NZ_CP010708.1,1,3,1,2
NZ_CP010713.1,2,3,1,2
NZ_CP012956.1,11,12,10,2
NZ_CP098215.1,12,19,15,4
NZ_CP091222.1,21,27,22,5
NZ_CP091223.1,5,6,4,2
NZ_CP054721.1,18,29,16,13
NZ_CP054722.1,11,12,9,3
NZ_CP054723.1,7,7,6,1
NZ_CP035386.1,14,12,10,2
NZ_CP035387.1,6,8,6,2
NZ_CP137550.1,11,13,6,7
NZ_CP039142.1,2,7,2,5
NZ_CP039140.1,4,8,3,5
NC_016585.1,10,12,9,3
NC_016586.1,12,12,6,6
NC_016623.1,4,5,4,1
NC_016587.1,6,7,3,4
NC_016624.1,8,8,5,3
NC_016588.1,8,6,3,3
NC_021516.1,1,0,0,0
NC_021526.1,7,7,4,3
NC_021517.1,6,9,6,3
NC_021518.1,6,10,6,4
NC_021527.1,7,6,5,1
NC_021519.1,10,6,3,3
NC_021528.1,1,2,1,1
NZ_CP036462.1,1,1,0,1
NZ_CP036463.1,1,2,1,1
NZ_CP036465.1,1,0,0,0
NZ_CP055154.1,7,0,0,0
NZ_CP055155.1,6,3,1,2
NZ_CP077771.1,2,0,0,0
NZ_CP058870.1,18,19,17,2
NZ_CP058871.1,18,24,15,9
NZ_CP058872.1,4,4,1,3
NZ_CP110370.1,17,24,17,7
NZ_CP058129.1,8,8,7,1
NZ_CP058130.1,3,2,1,1
NC_002128.1,6,6,3,3
NZ_CP016381.1,15,16,13,3
NZ_CP090650.1,18,17,15,2
NZ_CP049906.1,2,3,1,2
NZ_CP121138.1,25,35,24,11
NZ_CP017632.1,36,36,29,7
NZ_CP017633.1,13,14,12,2
NZ_CP009008.1,3,4,2,2
NZ_CP009009.1,4,3,2,1
NZ_CP046873.1,8,7,1,6
NZ_CP096977.1,1,1,0,1
NZ_CP096978.1,14,19,9,10
NZ_CP096979.1,1,2,2,0
NC_022570.1,3,3,2,1
NZ_CP020948.1,2,4,1,3
NZ_CP020949.1,4,2,2,0
NZ_CP020950.1,16,31,17,14
NZ_CP020951.1,2,2,2,0
NZ_CP020952.1,4,4,4,0
NZ_CP094757.1,3,5,1,4
NZ_LR890467.1,19,20,16,4
NZ_CP021284.1,6,3,2,1
NZ_CP021285.1,1,1,1,0
NZ_CP101223.1,8,11,6,5
NZ_CP101227.1,1,0,0,0
NZ_CP101225.1,4,2,2,0
NZ_CP101224.1,7,9,8,1
NZ_CP122497.1,3,4,2,2
NZ_CP122498.1,4,2,1,1
NZ_CP016857.1,3,5,3,2
NZ_CP109615.1,11,6,2,4
NZ_LR215045.1,2,2,0,2
NZ_LR215046.1,1,1,0,1
NZ_CP044066.1,4,6,2,4
NZ_CP023389.1,5,2,0,2
NZ_CP090243.1,15,22,12,10
NZ_CP055053.1,2,7,3,4
NZ_CP055054.1,1,1,1,0
NZ_CP087652.1,21,30,17,13
NZ_CP087653.1,13,13,11,2
NZ_CP087654.1,16,15,13,2
NZ_CP085731.1,12,5,4,1
NZ_CP085732.1,34,45,25,20
NZ_CP085733.1,4,4,3,1
NZ_CP102824.1,9,6,4,2
NZ_CP040928.1,23,28,23,5
NZ_CP040929.1,8,7,5,2
NZ_CP038877.1,75,83,47,36
NZ_CP038878.1,17,14,10,4
NZ_CP038879.1,9,11,5,6
NZ_CP038880.1,2,3,1,2
NZ_CP029268.1,1,4,1,3
NZ_CP029269.1,4,8,5,3
NZ_AP018921.1,21,14,14,0
NZ_CP030782.1,4,7,4,3
NZ_CP125085.1,14,25,10,15
NZ_CP084987.1,37,32,26,6
NZ_CP084988.1,10,5,1,4
NZ_CP086406.1,6,7,5,2
NZ_CP086407.1,1,2,0,2
NZ_AP019635.1,19,37,11,26
NZ_CP032915.1,35,32,21,11
NZ_CP130278.1,5,5,4,1
NZ_CP034581.2,3,2,1,1
NZ_CP016734.2,4,7,4,3
NZ_CP016736.2,1,2,1,1
NZ_CP130279.1,1,1,1,0
NZ_CP065402.1,14,23,14,9
NC_014226.1,1,1,0,1
NZ_CP010856.1,5,7,3,4
NZ_CP010857.1,7,10,4,6
NZ_CP010858.1,6,4,2,2
NZ_CP010861.1,2,0,0,0
NZ_CP102193.1,24,27,19,8
NZ_CP102196.1,23,19,14,5
NZ_CP102194.1,7,7,5,2
NZ_CP128493.1,32,30,18,12
NZ_CP092645.1,1,2,1,1
NZ_CP092646.1,12,17,15,2
NZ_CP128847.1,5,5,3,2
NZ_CP013228.1,4,5,5,0
NZ_CP013229.1,1,5,5,0
NZ_CP013230.1,1,3,3,0
NZ_CP051544.1,5,4,2,2
NZ_CP051543.1,9,10,7,3
NZ_CP018726.1,1,0,0,0
NZ_CP018727.1,1,1,0,1
NZ_JAPVBX010000002.1,10,12,6,6
NZ_CP027696.1,14,22,14,8
NZ_CP027695.1,10,10,8,2
NZ_CP027699.1,3,2,2,0
NZ_CP027700.1,1,0,0,0
NZ_CP031258.1,14,19,11,8
NZ_CP031259.1,2,4,1,3
NZ_CP031261.1,4,5,4,1
NZ_CP031262.1,3,4,2,2
NZ_CP054261.1,6,3,1,2
NZ_CP026400.1,4,4,2,2
NZ_CP026401.1,3,2,1,1
NZ_CP026405.1,21,18,13,5
NZ_CP026403.1,8,9,8,1
NZ_CP026404.1,26,22,19,3
NZ_CP110113.1,4,3,2,1
NZ_CP015319.1,3,1,0,1
NZ_CP015320.1,1,1,0,1
NZ_CP015322.1,45,75,24,51
NZ_CP012534.1,2,2,2,0
NZ_CP043355.1,8,6,5,1
NZ_CP043354.1,14,15,11,4
NZ_CP124493.1,1,1,0,1
NZ_CP124494.1,11,13,7,6
NZ_CP039061.1,66,82,55,27
NZ_CP039062.1,3,7,1,6
NZ_CP039063.1,16,18,13,5
NZ_CP039064.1,10,11,9,2
NZ_CP046503.1,25,33,26,7
NZ_CP046504.1,10,8,7,1
NZ_CP046505.1,5,8,5,3
NZ_CP046506.1,2,4,1,3
NZ_CP088132.1,19,19,14,5
NZ_CP088133.1,8,10,6,4
NZ_CP084778.1,4,5,4,1
NZ_CP033351.2,7,7,7,0
NZ_CP127033.1,22,27,9,18
NZ_CP127031.1,11,5,4,1
NZ_CP089160.1,3,3,3,0
NZ_CP029435.1,13,15,10,5
NZ_CP029434.1,6,1,0,1
NZ_CP029436.1,30,22,18,4
NZ_CP053056.1,9,5,5,0
NZ_CP053606.1,12,12,8,4
NZ_CP043218.1,7,4,2,2
NZ_CP043219.1,7,9,8,1
NZ_CP043220.1,1,1,0,1
NZ_CP023307.1,1,3,1,2
NZ_AP022377.1,6,3,3,0
NZ_CP038454.1,25,22,15,7
NZ_CP038455.1,12,12,9,3
NZ_CP038456.1,15,20,15,5
NZ_CP038458.1,7,6,5,1
NZ_CP038459.1,4,4,4,0
NZ_CP061055.1,14,19,9,10
NZ_CP061056.1,2,2,1,1
NZ_CP061057.1,2,2,2,0
NZ_CP061059.1,1,1,1,0
NZ_CP115956.1,62,80,68,12
NZ_CP058973.1,5,4,3,1
NZ_AP022666.1,26,21,17,4
NZ_AP022667.1,29,34,27,7
NZ_CP041271.2,32,35,27,8
NZ_CP041272.1,4,2,2,0
NZ_CP041273.1,6,4,3,1
NZ_CP041279.2,11,9,8,1
NZ_CP041278.1,1,1,0,1
NZ_CP103984.1,4,4,2,2
NZ_CP034112.1,1,1,0,1
NZ_CP034113.1,3,3,1,2
NZ_CP139138.1,4,1,1,0
NZ_OW970316.1,6,7,7,0
NZ_OW970317.1,8,5,4,1
NZ_OW970318.1,1,0,0,0
NZ_OW970319.1,5,7,7,0
NZ_CP012923.1,5,6,2,4
NZ_CP126324.1,4,4,1,3
NZ_CP056645.1,30,26,21,5
NZ_CP056646.1,1,0,0,0
NZ_CP102066.1,4,6,4,2
NZ_CP102067.1,3,3,3,0
NZ_CP102068.1,3,3,3,0
NZ_CP074043.1,3,4,3,1
NZ_CP074044.1,8,6,6,0
NZ_CP074045.1,1,1,1,0
NZ_CP077671.1,23,28,17,11
NZ_CP010885.1,1,1,1,0
NZ_CP010886.1,1,1,0,1
NZ_AP024348.1,6,5,4,1
NZ_CP058181.1,9,11,6,5
NZ_CP058182.1,9,8,6,2
NZ_CP058183.1,6,10,5,5
NZ_CP058184.1,1,1,0,1
NZ_CP009525.1,2,4,3,1
NZ_CP073772.1,16,16,11,5
NZ_CP073773.1,11,11,6,5
NZ_CP073774.1,4,4,3,1
NZ_CP100306.1,2,1,1,0
NZ_CP060738.1,17,19,15,4
NZ_CP060739.1,6,4,4,0
NZ_CP132227.1,13,11,11,0
NZ_CP020499.1,13,14,7,7
NZ_CP020500.1,18,12,9,3
NZ_CP099632.1,1,1,0,1
NZ_CP125630.1,1,1,1,0
NZ_CP125632.1,1,1,1,0
NZ_CP125634.1,1,1,1,0
NZ_CP079870.1,4,2,1,1
NZ_CP079879.1,1,1,1,0
NZ_CP079871.1,8,10,8,2
NZ_CP079876.1,1,0,0,0
NZ_CP087332.1,9,8,4,4
NZ_CP087333.1,2,2,2,0
NZ_CP129737.1,8,10,9,1
NZ_CP129738.1,10,9,5,4
NZ_CP129736.1,1,1,0,1
NZ_CP129735.1,5,3,3,0
NZ_CP082334.1,3,4,0,4
NZ_CP104972.1,17,25,15,10
NZ_CP104971.1,5,6,4,2
NZ_CP104970.1,10,11,5,6
NZ_CP104969.1,5,3,1,2
NZ_CP033339.1,9,9,4,5
NZ_CP017618.1,3,3,2,1
NZ_CP034308.1,4,3,2,1
NZ_CP024678.1,1,1,1,0
NZ_CP065616.1,41,50,34,16
NZ_CP045568.1,8,8,4,4
NZ_CP045569.1,1,1,1,0
NZ_CP061092.1,29,47,24,23
NZ_CP061094.1,6,6,3,3
NZ_CP061095.1,11,10,6,4
NZ_CP061096.1,3,8,2,6
NZ_CP061097.1,9,6,4,2
NZ_CP061098.1,3,3,2,1
NZ_CP061099.1,5,8,3,5
NZ_CP010055.1,1,0,0,0
NZ_CP010057.1,4,0,0,0
NZ_OX291533.1,5,4,4,0
NZ_OX291534.1,2,2,1,1
NZ_CP065038.1,4,14,8,6
NZ_CP058158.1,8,12,5,7
NZ_CP075918.1,3,2,2,0
NZ_CP075920.1,1,0,0,0
NZ_CP039202.1,74,87,40,47
NZ_CP039203.1,2,4,0,4
NZ_CP032137.1,18,6,4,2
NZ_CP096825.1,5,9,6,3
NZ_CP095282.1,6,3,3,0
NZ_CP095281.1,7,7,3,4
NZ_CP095285.1,2,3,2,1
NZ_CP067128.1,11,12,6,6
NZ_CP067127.1,10,16,5,11
NZ_CP067126.1,16,14,6,8
NZ_CP067125.1,3,3,0,3
NZ_CP034100.1,10,7,4,3
NZ_CP069224.2,7,8,8,0
NZ_CP069225.2,6,8,5,3
NZ_CP069226.2,3,3,2,1
NZ_CP069227.1,6,5,5,0
NC_013210.1,32,45,34,11
NC_013211.1,25,36,25,11
NC_013212.1,8,7,7,0
NZ_CP030940.1,16,17,11,6
NZ_CP018313.1,8,10,9,1
NZ_CP018318.1,7,6,5,1
NZ_CP018315.1,4,2,2,0
NZ_CP018316.1,10,11,5,6
NZ_CP008817.1,9,13,5,8
NZ_CP008818.1,14,12,10,2
NZ_CP077309.1,6,3,2,1
NZ_CP133114.1,1,1,1,0
NZ_CP103778.1,13,24,15,9
NZ_CP103779.1,11,14,9,5
NZ_CP096701.1,2,4,2,2
NZ_CP028560.1,22,33,26,7
NZ_CP028558.1,1,1,1,0
NZ_CP034238.1,10,12,11,1
NZ_CP034239.1,2,5,1,4
NZ_CP039706.1,6,7,4,3
NZ_CP066236.1,1,1,0,1
NZ_CP031186.1,4,5,3,2
NZ_CP031187.1,2,4,4,0
NZ_CP071605.1,7,6,1,5
NZ_CP071606.1,10,11,5,6
NZ_CP071607.1,11,7,2,5
NZ_CP071608.1,27,24,11,13
NZ_CP071609.1,9,6,2,4
NZ_CP071610.1,16,23,8,15
NZ_CP082364.1,12,8,4,4
NZ_AP022535.1,13,13,11,2
NZ_CP033536.1,2,9,5,4
NZ_CP033537.1,1,16,8,8
NZ_CP083797.1,39,37,26,11
NZ_CP083798.1,12,12,12,0
NZ_CP060003.1,4,10,5,5
NZ_CP126261.1,1,3,2,1
NZ_CP100408.1,2,4,3,1
NZ_CP100409.1,13,14,6,8
NZ_CP100410.1,1,1,0,1
NZ_CP128940.1,14,13,12,1
NZ_CP128941.1,14,17,14,3
NZ_CP128943.1,2,2,1,1
NZ_CP128942.1,2,0,0,0
NZ_CP104682.1,14,9,4,5
NZ_CP104683.1,25,33,24,9
NZ_CP032693.1,4,4,2,2
NZ_CP032692.1,48,45,31,14
NZ_CP032691.1,9,17,8,9
NZ_CP032690.1,15,17,9,8
NZ_CP073950.1,21,30,20,10
NZ_CP073951.1,1,1,1,0
NZ_CP046163.1,4,2,2,0
NZ_CP048516.1,1,2,2,0
NZ_CP048515.1,1,10,2,8
NZ_LR213453.1,4,4,4,0
NZ_LR213454.1,6,8,6,2
NZ_CP035827.1,17,29,10,19
NZ_CP035830.1,5,3,1,2
NZ_CP035829.1,9,9,5,4
NZ_CP035828.1,6,6,4,2
NZ_CP092562.1,1,0,0,0
NZ_CP116107.1,27,29,21,8
NZ_CP116108.1,16,22,12,10
NZ_CP116109.1,9,11,8,3
NZ_CP116572.1,2,3,2,1
NZ_CP116573.1,2,2,2,0
NZ_CP129956.1,22,24,18,6
NC_017134.1,32,45,34,11
NC_017149.1,25,36,25,11
NC_017135.1,8,7,7,0
NZ_CP094480.1,17,24,19,5
NZ_CP094482.1,4,4,3,1
NZ_CP088284.1,77,73,40,33
NZ_CP088287.1,12,19,14,5
NZ_CP088286.1,2,0,0,0
NZ_CP039264.1,1,3,0,3
NZ_CP039265.1,4,3,1,2
NZ_CP056777.1,19,16,12,4
NZ_CP015454.1,2,1,1,0
NZ_CP093927.1,12,14,12,2
NZ_CP009711.1,3,12,3,9
NZ_CP039024.1,1,2,0,2
NZ_CP126784.1,27,27,23,4
NZ_CP126785.1,1,1,1,0
NZ_CP126786.1,4,4,4,0
NZ_CP060077.1,3,2,1,1
NZ_CP060076.1,16,22,15,7
NZ_CP109698.1,25,21,16,5
NZ_CP109697.1,16,17,14,3
NZ_CP109696.1,6,3,1,2
NZ_CP109695.1,2,3,3,0
NZ_CP076185.1,5,10,5,5
NZ_CP043589.1,9,14,11,3
NZ_CP028250.1,5,9,4,5
NZ_CP080588.1,1,0,0,0
NZ_LR882991.1,28,39,14,25
NZ_CP012683.1,11,13,10,3
NZ_CP012682.1,17,20,18,2
NZ_CP025857.1,9,14,9,5
NZ_CP025858.1,18,25,12,13
NZ_CP051657.1,6,7,4,3
NZ_CP051658.1,1,3,0,3
NZ_AP021928.1,36,39,30,9
NZ_CP069841.1,3,3,2,1
NZ_AP022982.1,13,12,9,3
NZ_AP022983.1,2,1,1,0
NZ_CP060853.1,21,25,14,11
NZ_CP084826.1,1,1,0,1
NZ_CP111031.1,3,3,2,1
NZ_CP058726.1,15,18,15,3
NZ_CP058727.1,18,14,11,3
NZ_CP058728.1,1,1,1,0
NZ_CP029000.1,7,8,8,0
NZ_CP028999.1,4,4,2,2
NZ_CP028996.1,10,10,8,2
NZ_CP028995.1,8,10,9,1
NZ_CP120971.1,29,30,20,10
NZ_CP120972.1,3,2,0,2
NZ_CP096327.1,4,2,0,2
NZ_CP034214.1,3,2,1,1
NZ_CP054271.1,8,17,6,11
NZ_CP054272.1,8,7,3,4
NZ_CP054273.1,4,3,3,0
NZ_CP076729.1,4,9,5,4
NZ_CP066048.1,4,4,3,1
NZ_CP047689.1,7,6,4,2
NZ_CP097023.1,16,17,15,2
NZ_CP097024.1,7,7,6,1
NZ_CP097025.1,4,5,3,2
NZ_CP097026.1,4,4,4,0
NZ_CP129404.1,8,12,7,5
NZ_CP117372.1,7,7,5,2
NZ_CP063883.1,8,10,8,2
NZ_CP063884.1,9,15,12,3
NC_004633.1,2,2,0,2
NC_004632.1,4,5,1,4
NZ_CP039931.1,1,0,0,0
NZ_CP117268.1,48,53,25,28
NZ_CP117270.1,2,2,1,1
NZ_CP117269.1,43,53,24,29
NZ_CP027230.1,2,0,0,0
NZ_CP120755.1,1,0,0,0
NZ_CP045307.1,5,3,1,2
NZ_CP042332.1,14,25,12,13
NZ_CP042333.1,2,1,1,0
NZ_CP110651.1,12,17,8,9
NZ_CP104517.1,18,14,12,2
NZ_CP104518.1,9,7,3,4
NZ_CP066814.1,3,3,3,0
NZ_CP055419.1,8,7,7,0
NZ_CP043459.1,1,0,0,0
NZ_CP043460.1,1,1,1,0
NZ_CP012686.1,1,1,0,1
NZ_CP044137.1,2,1,1,0
NZ_CP044139.1,2,9,1,8
NZ_CP058854.1,20,29,20,9
NZ_CP058855.1,6,3,0,3
NC_014633.1,12,7,6,1
NC_014634.1,3,4,2,2
NZ_CP125990.1,15,24,17,7
NZ_CP011973.1,5,7,4,3
NZ_CP072474.1,4,3,2,1
NZ_CP072475.1,3,2,2,0
NZ_CP072476.1,1,3,2,1
NZ_CP072477.1,7,6,6,0
NZ_CP033100.1,2,2,2,0
NZ_CP016387.1,1,1,0,1
NZ_CP016389.1,3,3,3,0
NZ_CP016390.1,3,3,2,1
NZ_FO834904.1,5,7,4,3
NZ_FO834905.1,2,10,3,7
NZ_CP029103.1,2,1,0,1
NZ_CP029104.1,4,3,3,0
NZ_CP029107.1,16,19,10,9
NZ_CP055540.1,11,9,7,2
NZ_CP055539.1,31,26,24,2
NZ_CP102333.1,6,7,1,6
NZ_CP125670.1,24,23,18,5
NZ_CP125671.1,8,11,2,9
NZ_CP091834.1,22,22,11,11
NZ_CP056484.1,26,27,20,7
NZ_CP056485.1,13,12,10,2
NZ_CP056486.1,15,19,13,6
NZ_CP056487.1,6,6,3,3
NZ_CP056488.1,1,2,0,2
NZ_CP066077.1,34,33,22,11
NZ_CP085479.1,12,17,10,7
NZ_CP037944.1,16,19,9,10
NZ_CP110340.1,2,1,0,1
NZ_CP025617.1,5,5,4,1
NZ_CP076848.1,8,9,6,3
NZ_CP076849.1,2,2,0,2
NZ_CP076850.1,1,0,0,0
NZ_CP014329.1,1,4,2,2
NZ_CP120168.1,1,0,0,0
NZ_CP041177.1,13,14,10,4
NZ_CP041178.1,4,5,3,2
NZ_CP142817.1,3,5,5,0
NZ_CP098484.1,7,9,3,6
NZ_CP027676.1,1,14,4,10
NC_009788.1,10,14,8,6
NC_009790.1,18,18,10,8
NC_009786.1,8,24,5,19
NZ_CP092636.1,3,3,3,0
NC_004349.1,26,36,25,11
NZ_CP100501.1,9,15,9,6
NZ_CP100502.1,7,7,6,1
NZ_CP100503.1,6,3,3,0
NZ_CP100505.1,5,4,4,0
NZ_CP064696.1,5,9,5,4
NZ_CP064697.1,5,15,3,12
NZ_CP066316.1,1,4,0,4
NZ_CP072237.1,2,0,0,0
NZ_CP072238.1,3,2,1,1
NZ_CP073309.1,1,1,0,1
NC_009717.1,20,19,9,10
NZ_CP130092.1,16,14,10,4
NZ_CP023069.1,70,83,47,36
NZ_CP023068.1,15,27,10,17
NZ_CP121505.1,1,1,0,1
NZ_CP121506.1,1,1,1,0
NZ_CP120690.1,1,0,0,0
NZ_CP080529.1,12,14,11,3
NZ_CP080527.1,18,20,9,11
NZ_CP080526.1,32,32,20,12
NZ_CP080528.1,99,150,70,80
NZ_CP102914.1,7,6,6,0
NZ_CP031135.1,9,9,8,1
NZ_CP031136.1,1,1,1,0
NZ_CP031137.1,14,14,11,3
NZ_CP031138.1,5,4,4,0
NZ_CP031060.1,7,4,3,1
NZ_CP067390.1,14,18,13,5
NZ_CP067389.1,6,5,3,2
NZ_CP067384.1,5,3,2,1
NZ_CP047328.1,7,7,6,1
NZ_CP047329.1,1,1,0,1
NZ_CP047327.1,14,20,16,4
NZ_CP035092.1,1,4,0,4
NZ_CP015823.1,16,18,13,5
NZ_CP015824.1,9,8,4,4
NZ_CP015825.1,2,2,2,0
NZ_CP060750.1,17,15,13,2
NZ_CP060749.1,17,16,13,3
NZ_CP060752.1,1,1,1,0
NZ_CP060751.1,15,18,10,8
NZ_CP060753.1,4,3,3,0
NZ_CP022228.3,2,3,3,0
NZ_CP022226.2,10,10,6,4
NZ_CP022227.3,23,21,15,6
NZ_CP097032.1,7,9,8,1
NZ_CP043582.1,5,6,5,1
NZ_CP043583.1,5,6,3,3
NZ_CP043581.1,15,24,12,12
NZ_CP109501.1,12,18,8,10
NZ_CP109502.1,63,55,43,12
NZ_CP109503.1,3,4,3,1
NZ_CP043407.1,12,13,12,1
NZ_CP043408.1,2,2,2,0
NZ_CP063857.1,10,12,9,3
NZ_CP048327.1,2,5,2,3
NZ_CP013995.1,49,75,56,19
NZ_CP013996.1,12,12,10,2
NZ_CP141081.1,12,15,11,4
NZ_CP075588.1,7,7,2,5
NZ_CP013763.1,57,63,27,36
NZ_CP013764.1,2,2,1,1
NZ_CP013765.1,9,11,5,6
NZ_CP013766.1,14,13,3,10
NZ_CP013767.1,3,3,1,2
NZ_CP051345.1,12,10,9,1
NZ_CP051343.1,8,6,1,5
NZ_CP091902.1,9,9,7,2
NZ_CP091903.1,6,4,4,0
NZ_CP019795.1,7,5,0,5
NZ_CP019796.1,3,2,2,0
NZ_CP115230.1,3,1,1,0
NZ_CP109873.2,20,29,19,10
NZ_CP090563.1,12,21,17,4
NZ_CP044348.1,10,17,12,5
NZ_CP044347.1,5,19,10,9
NZ_CP031977.1,9,9,7,2
NZ_CP060925.1,10,15,11,4
NZ_CP060927.1,3,4,4,0
NZ_CP060926.1,15,20,12,8
NZ_CP143315.1,2,2,0,2
NZ_CP143316.1,7,20,9,11
NZ_CP143317.1,9,19,8,11
NZ_CP069307.1,4,3,1,2
NZ_CP107946.1,5,6,2,4
NZ_AP018754.1,7,8,6,2
NZ_AP018755.1,3,2,1,1
NZ_CP015116.1,26,26,17,9
NZ_CP010602.1,1,3,1,2
NZ_CP065536.1,27,31,26,5
NZ_CP065537.1,5,7,6,1
NZ_CP065538.1,1,1,1,0
NZ_CP019731.1,4,8,5,3
NZ_OW967264.1,9,8,6,2
NZ_OW967265.1,18,15,15,0
NZ_OW967267.1,6,6,3,3
NZ_CP062728.1,5,7,3,4
NZ_CP021678.1,1,1,1,0
NZ_CP057919.1,14,11,4,7
NZ_CP022760.1,4,10,4,6
NZ_CP025798.1,1,5,3,2
NZ_CP130563.1,9,10,8,2
NZ_CP003717.1,2,2,1,1
NZ_CP064224.1,20,27,15,12
NZ_CP064225.1,13,13,10,3
NZ_CP064226.1,17,14,11,3
NZ_CP087288.1,13,18,9,9
NZ_CP030228.1,1,0,0,0
NZ_OW969905.1,24,28,25,3
NZ_OW969906.1,5,4,3,1
NZ_OW969907.1,1,0,0,0
NZ_OW969908.1,1,0,0,0
NZ_OW969909.1,1,0,0,0
NZ_CP026800.1,25,53,19,34
NZ_CP115016.1,12,10,9,1
NZ_CP115017.1,3,2,2,0
NZ_CP115018.1,8,5,5,0
NZ_CP115019.1,5,6,4,2
NZ_CP051347.1,12,17,9,8
NZ_CP051348.1,7,10,6,4
NZ_CP026570.1,9,10,8,2
NZ_CP133399.1,12,14,9,5
NZ_OY754860.1,2,2,1,1
NZ_CP082888.1,1,3,1,2
NZ_CP082889.1,2,2,2,0
NZ_CP025756.1,41,46,34,12
NZ_CP025755.1,7,8,5,3
NZ_CP039651.1,26,23,14,9
NZ_CP039644.1,6,8,6,2
NZ_CP039643.1,2,5,2,3
NZ_AP023454.1,7,8,6,2
NZ_AP023455.1,10,18,9,9
NZ_AP023456.1,3,12,8,4
NZ_CP065109.1,8,7,5,2
NC_014131.1,2,1,1,0
NC_014132.1,1,1,1,0
NC_014134.1,5,3,1,2
NZ_CP072066.1,21,19,16,3
NZ_CP028348.1,28,44,22,22
NZ_CP045147.1,5,14,5,9
NZ_CP045146.1,8,7,4,3
NZ_CP045148.1,2,2,0,2
NZ_CP056728.1,8,9,7,2
NZ_CP056729.1,10,17,14,3
NZ_CP056730.1,9,9,5,4
NZ_CP086511.1,9,10,6,4
NZ_CP086512.1,17,19,12,7
NZ_CP086514.1,3,3,3,0
NZ_CP086515.1,1,1,0,1
NZ_CP122649.1,13,16,14,2
NZ_CP122650.1,7,13,2,11
NZ_CP122651.1,3,3,2,1
NZ_CP108436.1,1,0,0,0
NZ_CP108437.1,1,2,1,1
NZ_CP055110.1,22,29,24,5
NZ_CP055111.1,1,1,1,0
NZ_CP055112.1,1,1,1,0
NZ_CP033712.1,5,9,3,6
NZ_CP014688.1,1,0,0,0
NZ_CP077871.1,6,7,7,0
NZ_CP079776.1,2,4,3,1
NZ_CP079777.1,22,26,19,7
NZ_CP079778.1,4,6,4,2
NZ_AP017621.1,20,20,15,5
NZ_AP017622.1,1,1,1,0
NZ_CP117616.1,22,29,14,15
NZ_CP117617.1,17,8,5,3
NZ_CP091471.2,24,25,17,8
NZ_CP091472.1,2,2,2,0
NZ_CP091473.1,8,10,6,4
NZ_CP091474.2,4,3,3,0
NZ_CP046613.1,38,48,30,18
NZ_CP046614.1,13,8,6,2
NZ_CP136015.1,5,7,6,1
NC_020820.1,1,2,1,1
NC_020821.1,6,5,4,1
NC_020826.1,2,2,1,1
NC_020822.1,3,2,2,0
NC_020823.1,1,2,1,1
NZ_CP014422.1,3,5,3,2
NZ_CP047052.1,1,0,0,0
NZ_CP018248.1,3,7,5,2
NZ_CP071948.1,13,10,10,0
NZ_CP071949.1,14,11,11,0
NZ_CP076244.1,6,12,6,6
NZ_CP100526.1,11,15,10,5
NZ_CP100527.1,12,15,13,2
NZ_CP100528.1,5,5,3,2
NZ_CP104318.1,2,4,1,3
NZ_CP104320.1,1,0,0,0
NZ_CP137393.1,5,6,2,4
NZ_CP137394.1,1,0,0,0
NZ_CP137392.1,27,37,27,10
NZ_CP129273.1,13,18,12,6
NZ_CP129274.1,8,9,6,3
NZ_CP101836.1,25,31,24,7
NZ_CP101837.1,5,5,4,1
NZ_CP101838.1,6,6,4,2
NZ_CP101841.1,1,1,1,0
NZ_CP117673.1,23,32,27,5
NZ_CP117674.1,1,1,1,0
NZ_CP029350.1,4,3,3,0
NZ_CP057035.1,27,36,25,11
NZ_CP057036.1,2,3,3,0
NC_009620.1,11,12,8,4
NC_009621.1,36,55,35,20
NC_009622.1,21,24,9,15
NZ_CP056708.1,19,16,13,3
NZ_CP071440.1,11,13,11,2
NZ_CP141846.1,5,6,6,0
NZ_CP141845.1,17,23,11,12
NZ_CP009529.1,1,1,0,1
NZ_CP077619.1,7,6,3,3
NZ_CP077620.1,1,1,1,0
NZ_CP077621.1,1,1,0,1
NZ_CP077623.1,1,0,0,0
NZ_CP045855.1,5,7,3,4
NZ_CP045856.1,4,7,2,5
NZ_CP124703.1,43,51,33,18
NZ_CP124704.1,3,3,2,1
NZ_CP124705.1,13,12,8,4
NZ_CP124706.1,4,4,2,2
NZ_CP134052.1,5,4,4,0
NZ_CP054930.1,2,2,1,1
NZ_CP100740.1,15,17,8,9
NZ_CP100741.1,5,6,3,3
NZ_CP116492.1,19,26,14,12
NZ_CP116493.1,7,9,6,3
NZ_CP116494.1,10,10,7,3
NZ_CP028267.1,5,8,3,5
NZ_CP113043.1,4,6,6,0
NZ_CP047882.1,18,28,10,18
NZ_CP018634.1,3,5,2,3
NZ_CP013028.1,5,15,7,8
NZ_CP050241.1,1,2,1,1
NZ_CP015140.1,20,22,15,7
NZ_CP015141.1,1,0,0,0
NZ_CP015139.1,13,13,7,6
NZ_AP025614.1,6,10,6,4
NZ_AP025615.1,7,9,5,4
NZ_CP023037.1,1,1,0,1
NZ_CP023038.1,14,12,9,3
NZ_CP023039.1,17,12,8,4
NZ_CP023040.1,11,9,5,4
NZ_CP023041.1,2,1,1,0
NZ_CP120564.1,3,10,5,5
NC_012723.1,29,28,18,10
NC_012718.1,17,16,10,6
NC_012720.2,19,24,17,7
NC_012725.2,5,7,3,4
NC_017637.1,5,4,3,1
NZ_CP071205.1,6,5,4,1
NZ_CP082239.1,5,4,3,1
NZ_AP024573.1,22,26,20,6
NZ_AP024575.1,7,7,4,3
NZ_CP060970.1,18,24,16,8
NZ_CP060971.1,13,12,10,2
NZ_CP060972.1,5,4,4,0
NZ_CP126935.1,3,4,3,1
NZ_CP126936.1,8,14,6,8
NZ_CP028796.1,12,13,12,1
NZ_CP103571.1,22,25,15,10
NZ_CP103572.1,3,3,2,1
NZ_CP103573.1,2,2,2,0
NZ_OW969876.1,8,7,5,2
NZ_OW969877.1,21,18,17,1
NZ_OW969878.1,6,2,1,1
NZ_OW969879.1,9,10,8,2
NZ_OW969880.1,3,3,3,0
NZ_OW969881.1,5,5,3,2
NZ_CP013587.1,17,24,7,17
NZ_CP013589.1,4,4,1,3
NZ_CP123014.1,16,19,16,3
NZ_CP047468.1,1,0,0,0
NZ_CP107949.1,1,1,0,1
NZ_CP047701.1,30,30,25,5
NZ_CP047702.1,12,14,11,3
NZ_CP047703.1,5,3,2,1
NZ_CP047704.1,5,4,3,1
NZ_CP071126.1,7,8,5,3
NZ_CP057314.1,1,2,2,0
NZ_CP057315.1,3,12,6,6
NZ_CP057316.1,1,1,1,0
NZ_CP057318.1,2,2,1,1
NZ_CP022913.1,8,10,5,5
NZ_CP022914.1,19,33,13,20
NZ_CP036025.1,15,21,14,7
NZ_CP066654.1,27,34,23,11
NZ_CP066655.1,3,1,1,0
NZ_CP066656.1,4,4,4,0
NC_016855.1,3,3,2,1
NZ_CP037736.1,15,13,10,3
NZ_CP037735.1,10,11,9,2
NZ_CP037738.1,2,2,1,1
NZ_CP037739.1,5,3,0,3
NZ_CP037737.1,8,3,2,1
NZ_CP063775.1,11,13,8,5
NZ_CP089386.1,26,35,27,8
NZ_CP061590.1,8,10,7,3
NZ_CP087700.1,6,9,9,0
NZ_CP087701.1,4,4,2,2
NZ_CP087704.1,1,1,1,0
NZ_OW970561.1,17,12,7,5
NZ_OW970562.1,12,16,11,5
NZ_OW970563.1,4,4,4,0
NZ_OW970565.1,1,0,0,0
NZ_CP092163.1,6,8,5,3
NZ_CP092165.1,2,1,1,0
NZ_CP119983.1,21,33,16,17
NZ_CP042276.1,1,6,2,4
NZ_CP042277.1,1,3,2,1
NZ_CP010403.1,5,5,5,0
NZ_CP039036.1,69,90,43,47
NZ_CP039037.1,14,14,7,7
NZ_CP039038.1,8,7,4,3
NZ_CP039039.1,14,13,4,9
NZ_CP054441.1,2,0,0,0
NZ_CP093284.1,16,18,13,5
NZ_CP093285.1,2,3,2,1
NZ_CP093286.1,3,5,3,2
NZ_AP024321.1,3,6,2,4
NZ_CP048916.1,16,19,16,3
NZ_CP048918.1,4,5,3,2
NC_006873.1,3,0,0,0
NZ_CP015962.1,1,0,0,0
NZ_CP015806.1,1,2,1,1
NC_018606.1,14,12,11,1
NZ_CP058263.1,2,1,1,0
NZ_CP058264.1,2,1,0,1
NC_019846.2,1,1,0,1
NC_019847.2,33,32,13,19
NC_019848.2,28,39,17,22
NC_019849.2,21,16,7,9
NZ_CP061709.1,7,5,4,1
NZ_CP061707.1,2,1,0,1
NZ_CP061706.1,19,21,12,9
NZ_CP110850.1,5,12,7,5
NZ_CP110851.1,1,2,1,1
NZ_CP110852.1,2,3,2,1
NZ_CP100152.1,30,28,18,10
NZ_CP100153.1,18,16,10,6
NZ_CP100154.1,18,23,16,7
NZ_CP100155.1,4,6,2,4
NZ_CP026183.1,2,1,1,0
NZ_CP026182.1,12,11,6,5
NZ_CP026181.1,6,4,3,1
NZ_CP026185.1,2,2,2,0
NZ_CP026184.1,5,6,5,1
NZ_CP026179.1,20,22,18,4
NZ_CP026186.1,26,28,22,6
NZ_CP026180.1,20,20,14,6
NZ_CP083037.1,19,26,15,11
NZ_CP083038.1,4,4,4,0
NZ_CP083039.1,1,1,1,0
NZ_CP134205.1,3,10,7,3
NZ_CP017221.1,14,12,11,1
NZ_CP017222.1,1,1,1,0
NZ_CP127178.1,3,5,5,0
NZ_CP127179.1,2,3,2,1
NZ_CP017753.1,7,13,6,7
NZ_CP089037.1,3,7,5,2
NZ_CP135211.1,20,22,14,8
NZ_CP092737.1,8,8,3,5
NZ_CP092738.1,9,12,4,8
NZ_CP092740.1,1,1,0,1
NZ_CP030218.1,1,2,1,1
NZ_CP119865.1,6,9,4,5
NZ_CP054364.1,6,9,2,7
NZ_CP054365.1,1,1,1,0
NZ_CP036069.1,1,0,0,0
NZ_CP036067.1,12,9,7,2
NZ_CP036068.1,26,31,21,10
NZ_CP099307.1,12,14,14,0
NZ_CP132676.1,25,29,22,7
NZ_CP132677.1,15,14,7,7
NZ_CP132678.1,17,23,16,7
NZ_CP065439.1,10,10,6,4
NZ_CP065440.1,14,13,12,1
NZ_CP099894.1,9,11,4,7
NZ_CP103466.1,15,20,13,7
NZ_CP086137.1,58,57,35,22
NZ_CP086138.1,46,64,29,35
NZ_CP086139.1,15,20,8,12
NZ_CP053773.1,10,9,6,3
NZ_CP053772.1,20,29,15,14
NZ_CP129385.1,5,5,3,2
NZ_CP129388.1,1,0,0,0
NZ_CP129386.1,7,5,2,3
NZ_CP134729.1,2,3,2,1
NZ_CP134730.1,1,1,0,1
NZ_CP134731.1,2,2,0,2
NZ_CP134732.1,1,1,0,1
NZ_CP064039.1,2,1,1,0
NZ_CP011600.1,19,18,13,5
NZ_CP011601.1,28,24,23,1
NZ_CP011599.1,5,5,4,1
NZ_CP011598.1,5,1,1,0
NZ_CP076231.1,7,9,7,2
NZ_CP012270.1,1,1,0,1
NZ_CP012271.1,3,5,1,4
NZ_CP012272.1,4,4,3,1
NZ_CP012273.1,4,5,4,1
NZ_CP012274.1,6,4,4,0
NZ_CP062843.1,26,29,11,18
NZ_CP062842.1,8,8,5,3
NZ_CP062839.1,7,2,2,0
NZ_CP080086.1,3,3,3,0
NZ_CP080087.1,4,3,2,1
NZ_CP010417.1,2,2,2,0
NZ_CP010418.1,2,1,1,0
NZ_CP010419.1,5,7,4,3
NZ_CP010420.1,7,17,9,8
NZ_CP010421.1,16,20,14,6
NZ_CP019227.1,2,2,2,0
NZ_CP010197.1,3,9,1,8
NZ_CP091097.1,1,2,1,1
NZ_CP091098.1,1,2,2,0
NZ_CP129713.1,11,10,7,3
NZ_CP129712.1,7,9,5,4
NZ_CP129711.1,10,9,9,0
NZ_CP095006.1,63,63,40,23
NZ_CP095007.1,28,33,12,21
NZ_CP095008.1,3,3,3,0
NZ_CP095009.1,26,31,26,5
NZ_CP095010.1,7,5,4,1
NZ_CP066273.1,14,17,11,6
NZ_CP066275.1,7,8,1,7
NZ_CP100521.1,7,6,6,0
NZ_CP100522.1,13,15,10,5
NZ_CP100524.1,5,5,3,2
NZ_CP015514.1,1,0,0,0
NZ_CP031095.1,10,10,6,4
NZ_CP027446.1,4,12,5,7
NZ_CP101596.1,1,1,0,1
NZ_LR890385.1,28,33,26,7
NZ_CP050465.1,21,23,9,14
NZ_AP023314.1,9,11,7,4
NZ_CP040108.1,5,7,4,3
NZ_CP108578.1,14,18,14,4
NZ_CP108579.1,8,8,4,4
NZ_CP065407.1,7,4,3,1
NZ_CP065408.1,1,0,0,0
NZ_CP065409.1,11,11,4,7
NZ_CP034812.1,10,4,2,2
NZ_CP034814.1,4,3,2,1
NZ_CP034815.1,12,7,6,1
NZ_CP034816.1,5,2,1,1
NZ_CP034817.1,2,2,1,1
NZ_CP061528.1,2,1,0,1
NZ_CP017435.1,4,9,4,5
NZ_CP040345.1,20,20,14,6
NZ_AP014943.1,2,2,2,0
NZ_CP040332.1,8,9,6,3
NZ_CP040331.1,12,17,7,10
NZ_CP075633.1,8,9,4,5
NZ_CP075634.1,7,10,4,6
NZ_CP021536.1,15,21,13,8
NZ_CP021537.1,1,1,1,0
NZ_CP021538.1,8,7,6,1
NZ_CP139652.1,5,6,5,1
NZ_CP139653.1,6,5,2,3
NZ_CP139654.1,7,8,5,3
NZ_CP018105.1,12,15,12,3
NZ_CP018106.1,4,4,3,1
NZ_CP018104.1,77,18,15,3
NZ_AP022878.1,14,10,7,3
NZ_AP022879.1,14,15,14,1
NC_015665.1,5,7,4,3
NZ_CP031004.1,4,5,2,3
NZ_CP031008.1,1,1,1,0
NZ_CP026390.1,10,16,7,9
NZ_CP026391.1,18,22,17,5
NZ_CP026388.1,1,0,0,0
NZ_CP026389.1,3,3,2,1
NZ_CP071260.1,4,4,4,0
NC_022651.1,13,9,8,1
NZ_CP018978.1,8,8,4,4
NZ_CP018977.1,6,4,3,1
NZ_CP029265.1,3,6,4,2
NZ_CP029266.1,5,7,3,4
NZ_CP044329.1,4,10,8,2
NZ_CP044330.1,13,17,3,14
NC_018742.1,8,1,1,0
NC_018749.1,3,3,1,2
NC_018743.1,1,2,0,2
NZ_CP017407.1,8,7,5,2
NZ_CP017408.1,12,10,7,3
NZ_CP017409.1,4,7,4,3
NZ_CP017412.1,8,7,5,2
NZ_CP095398.1,53,61,46,15
NZ_CP095399.1,3,4,2,2
NZ_CP087060.1,5,4,2,2
NZ_CP087061.1,9,9,7,2
NZ_CP087063.1,29,26,12,14
NZ_CP087064.1,1,0,0,0
NZ_CP087065.1,1,0,0,0
NZ_CP070465.1,12,17,13,4
NZ_CP065081.1,16,17,12,5
NZ_CP028597.1,6,8,6,2
NZ_CP098488.1,6,8,6,2
NZ_CP082755.1,11,12,9,3
NZ_CP082754.1,21,29,16,13
NZ_CP082756.1,7,9,6,3
NC_012109.1,1,1,0,1
NC_008607.1,7,4,3,1
NC_008608.1,2,2,2,0
NZ_CP043640.1,9,8,6,2
NZ_AP018497.1,2,3,1,2
NZ_CP030301.1,20,20,19,1
NZ_CP059409.1,1,1,1,0
NZ_CP087624.1,22,30,17,13
NZ_CP087625.1,13,13,11,2
NZ_CP087626.1,6,7,5,2
NZ_CP055067.1,18,20,12,8
NZ_CP055068.1,13,14,11,3
NZ_CP065614.1,43,74,31,43
NZ_CP018815.1,16,12,8,4
NZ_CP095241.1,19,26,14,12
NZ_CP095242.1,10,11,8,3
NZ_CP095243.1,7,9,6,3
NZ_CP032179.1,8,7,6,1
NZ_CP032180.1,18,8,5,3
NZ_CP032181.1,7,3,3,0
NZ_CP032183.1,5,3,3,0
NZ_CP045587.1,4,3,3,0
NZ_CP045588.1,1,1,0,1
NZ_CP020993.2,2,3,2,1
NZ_CP020994.2,5,7,4,3
NZ_CP123253.1,2,4,4,0
NZ_CP123252.1,26,20,13,7
NZ_CP089217.1,1,1,1,0
NZ_CP083576.1,5,3,1,2
NZ_CP083577.1,6,7,4,3
NZ_CP083578.1,2,1,1,0
NZ_CP083579.1,1,0,0,0
NZ_CP010016.1,35,31,19,12
NZ_CP069460.1,1,2,2,0
NZ_CP069461.1,10,16,9,7
NZ_CP039470.1,3,4,4,0
NZ_CP137380.1,1,0,0,0
NZ_CP137385.1,5,6,3,3
NZ_CP137381.1,6,9,6,3
NZ_CP137383.1,5,4,4,0
NZ_CP137382.1,21,23,20,3
NZ_CP098024.1,1,0,0,0
NZ_CP075942.1,4,6,2,4
NZ_AP027298.1,2,5,4,1
NZ_CP024276.1,7,4,2,2
NZ_CP024277.1,17,28,13,15
NZ_CP056137.1,36,39,26,13
NZ_CP056138.1,19,19,16,3
NZ_CP056139.1,16,19,15,4
NZ_CP056140.1,8,6,2,4
NZ_CP056141.1,5,4,2,2
NC_003383.1,13,12,9,3
NZ_CP064874.1,9,10,10,0
NZ_CP020932.1,1,2,0,2
NZ_CP026075.1,3,3,3,0
NZ_CP082356.1,1,1,0,1
NZ_CP090096.1,6,16,5,11
NZ_CP090097.1,13,19,10,9
NZ_CP049142.1,11,9,8,1
NZ_CP049141.1,7,5,4,1
NZ_CP016409.1,25,36,18,18
NZ_CP028701.1,2,6,3,3
NZ_CP024536.1,19,14,12,2
NZ_CP024537.1,9,12,7,5
NZ_CP024538.1,17,19,13,6
NZ_CP085620.1,18,19,14,5
NZ_CP085621.1,2,2,0,2
NZ_CP087831.1,2,2,0,2
NZ_CP026698.1,10,9,8,1
NZ_CP065043.1,8,10,4,6
NZ_CP058691.1,5,6,3,3
NZ_CP058692.1,7,9,5,4
NC_010373.1,5,7,3,4
NZ_CP025569.1,7,5,4,1
NZ_CP074020.1,12,14,10,4
NZ_CP074021.1,1,2,1,1
NZ_CP074022.1,4,3,2,1
NZ_CP010380.1,13,11,9,2
NZ_CP010379.1,5,1,1,0
NZ_CP010378.1,5,4,3,1
NZ_CP047629.1,2,2,2,0
NZ_CP102495.1,11,24,19,5
NZ_CP102498.1,8,12,8,4
NZ_CP102499.1,3,3,2,1
NZ_CP036221.2,5,5,3,2
NZ_CP075453.1,10,21,10,11
NZ_CP075454.1,10,12,9,3
NZ_CP075455.1,17,16,14,2
NZ_CP012377.1,9,7,4,3
NZ_CP103384.1,6,4,3,1
NZ_CP059433.1,8,4,4,0
NZ_CP038286.1,12,10,6,4
NZ_CP095745.1,6,12,6,6
NZ_CP095746.1,3,5,2,3
NZ_CP060995.1,3,16,11,5
NZ_CP012065.1,7,13,10,3
NZ_CP012064.1,5,7,4,3
NZ_LR882998.1,39,65,13,52
NZ_LR882999.1,4,3,3,0
NZ_CP102421.1,1,0,0,0
NZ_CP121357.1,7,5,3,2
NZ_CP121363.1,8,4,3,1
NZ_CP121358.1,1,2,0,2
NZ_CP121359.1,10,13,7,6
NZ_CP121360.1,7,15,3,12
NZ_CP121361.1,3,4,3,1
NZ_CP121362.1,9,6,4,2
NZ_LR027519.1,1,3,0,3
NZ_LR027520.1,28,38,33,5
NZ_CP030790.1,1,3,3,0
NZ_CP058961.1,20,18,13,5
NZ_CP058962.1,4,6,3,3
NZ_CP135218.1,7,11,6,5
NZ_CP076345.1,13,17,13,4
NZ_CP049968.1,21,17,15,2
NZ_CP049969.1,8,8,5,3
NZ_CP049970.1,7,8,5,3
NZ_CP109800.1,27,24,20,4
NZ_CP109799.1,12,11,10,1
NZ_CP071221.1,6,5,4,1
NZ_CP116518.1,14,16,12,4
NZ_CP116519.1,11,11,10,1
NZ_CP100133.1,21,20,13,7
NZ_CP100134.1,21,15,11,4
NZ_CP116086.1,3,1,1,0
NZ_CP116087.1,10,9,4,5
NZ_AP020312.1,5,4,4,0
NZ_CP028488.1,5,4,2,2
NC_010579.1,1,0,0,0
NZ_CP068632.1,3,2,2,0
NZ_CP076511.1,2,0,0,0
NZ_CP072946.1,15,11,7,4
NZ_CP128256.1,5,4,1,3
NZ_CP128257.1,5,8,2,6
NZ_CP128258.1,4,2,0,2
NZ_CP097838.1,7,10,7,3
NZ_CP097839.1,37,73,29,44
NZ_CP075057.1,13,17,14,3
NZ_CP075060.1,3,3,2,1
NZ_CP075059.1,1,0,0,0
NZ_CP075056.1,10,8,8,0
NZ_CP086012.1,1,1,1,0
NZ_CP086014.1,17,14,9,5
NZ_CP046038.1,2,2,2,0
NZ_CP046039.1,2,0,0,0
NZ_CP061569.1,4,9,3,6
NZ_CP029666.1,2,4,4,0
NC_009329.1,8,6,3,3
NZ_CP081935.1,4,4,2,2
NZ_CP081936.1,1,3,1,2
NZ_CP074540.1,16,14,8,6
NZ_CP043858.1,31,26,14,12
NZ_CP059282.1,19,21,11,10
NZ_CP073933.1,8,9,7,2
NZ_CP041100.1,16,15,8,7
NZ_CP041102.1,10,10,8,2
NZ_CP041103.1,3,4,2,2
NZ_CP041104.1,6,4,2,2
NZ_CP018868.1,10,3,1,2
NZ_CP013591.1,1,1,1,0
NZ_CP013592.1,18,25,8,17
NZ_CP013594.1,7,7,6,1
NZ_CP092451.1,4,4,4,0
NZ_CP092450.1,15,27,12,15
NZ_CP116306.1,2,2,2,0
NZ_CP116307.1,2,0,0,0
NZ_CP135145.1,5,5,1,4
NZ_CP142822.1,3,5,5,0
NZ_CP142823.1,1,1,1,0
NZ_CP037942.1,46,45,12,33
NZ_LR890736.1,25,33,23,10
NZ_LR890737.1,7,7,4,3
NZ_LR890738.1,15,14,11,3
NZ_CP086799.1,2,1,1,0
NZ_CP086800.1,1,0,0,0
NZ_CP086801.1,15,14,8,6
NZ_CP086802.1,9,10,6,4
NZ_CP086803.1,5,3,1,2
NZ_CP086805.1,1,0,0,0
NZ_CP086806.1,3,0,0,0
NZ_CP086807.1,1,1,1,0
NZ_CP066230.1,1,1,1,0
NZ_CP083881.1,21,26,18,8
NZ_CP065035.1,19,25,16,9
NZ_AP025884.1,26,27,23,4
NZ_CP117395.1,8,7,5,2
NZ_CP096150.1,2,3,0,3
NZ_CP080290.1,6,8,6,2
NZ_CP039299.1,4,6,5,1
NZ_CP039301.1,2,4,2,2
NZ_CP106990.1,1,0,0,0
NZ_CP015488.1,5,6,2,4
NZ_CP072885.1,14,19,15,4
NZ_CP072886.1,7,7,5,2
NZ_CP072887.1,7,7,6,1
NZ_CP043774.1,4,5,3,2
NZ_CP020558.1,1,0,0,0
NZ_CP083086.1,22,19,16,3
NZ_CP083087.1,14,20,12,8
NZ_CP083088.1,2,1,1,0
NZ_CP083089.1,1,1,1,0
NZ_CP083090.1,3,3,3,0
NZ_CP083091.1,9,7,6,1
NZ_CP083092.1,2,2,2,0
NZ_CP083095.1,1,0,0,0
NZ_CP139499.1,4,19,9,10
NZ_CP139498.1,25,26,17,9
NZ_CP045467.1,17,15,9,6
NZ_CP049186.1,4,9,7,2
NZ_CP045973.1,8,7,6,1
NZ_CP116286.1,1,2,1,1
NZ_CP047896.1,4,8,3,5
NZ_CP081900.1,1,1,1,0
NZ_CP116944.1,1,10,2,8
NZ_CP116945.1,3,2,2,0
NZ_CP116946.1,8,5,4,1
NZ_CP091608.1,16,14,9,5
NZ_CP038657.1,20,17,14,3
NZ_CP058880.1,23,24,17,7
NZ_CP058881.1,1,0,0,0
NZ_CP058882.1,1,1,0,1
NZ_CP058883.1,3,7,2,5
NZ_CP113912.1,4,4,3,1
NZ_CP022071.1,3,5,2,3
NZ_CP022072.1,5,5,3,2
NZ_LS992184.1,18,20,13,7
NZ_CP118815.1,1,0,0,0
NZ_CP137389.1,1,0,0,0
NZ_CP137387.1,5,6,3,3
NZ_CP137386.1,24,28,21,7
NZ_CP038031.2,15,12,8,4
NZ_CP087960.1,3,3,3,0
NZ_CP087961.1,3,4,0,4
NZ_CP109958.1,1,0,0,0
NZ_CP109959.1,4,0,0,0
NZ_CP039389.1,1,1,1,0
NZ_CP039390.1,29,27,25,2
NZ_CP039391.1,5,6,5,1
NZ_CP039392.1,18,15,15,0
NZ_CP036551.1,1,1,1,0
NZ_CP116873.1,3,2,2,0
NZ_LR215040.1,1,0,0,0
NZ_AP025182.1,5,4,2,2
NZ_AP025181.1,1,3,0,3
NZ_CP046550.1,1,1,1,0
NZ_CP128593.1,8,7,6,1
NZ_CP018455.1,18,16,15,1
NZ_CP097490.1,30,29,25,4
NZ_CP097491.1,8,7,7,0
NZ_CP097492.1,2,2,2,0
NZ_CP097493.1,5,6,0,6
NZ_CP091964.1,6,4,1,3
NZ_CP091965.1,2,4,3,1
NZ_CP117836.1,1,2,1,1
NZ_CP018457.1,5,4,4,0
NZ_OX443571.1,8,8,1,7
NZ_OX443573.1,1,0,0,0
NZ_OX443574.1,4,2,1,1
NZ_OX443575.1,8,10,3,7
NZ_OX443577.1,1,2,1,1
NC_008765.1,1,1,1,0
NC_008766.1,3,7,4,3
NZ_CP098337.1,22,18,13,5
NZ_CP038171.1,9,9,8,1
NZ_AP024985.1,9,3,3,0
NZ_CP025805.1,11,18,7,11
NZ_CP025806.1,1,2,1,1
NZ_CP051662.1,16,20,14,6
NZ_CP081355.1,3,4,3,1
NZ_CP066063.1,6,7,6,1
NZ_CP097039.1,3,6,4,2
NZ_CP097040.1,7,7,6,1
NZ_CP023417.1,37,55,30,25
NZ_CP023418.1,11,10,8,2
NZ_CP023419.1,6,6,4,2
NZ_CP023420.1,9,8,5,3
NZ_CP029912.1,9,15,6,9
NZ_CP056337.1,25,30,23,7
NZ_CP056338.1,3,1,1,0
NZ_CP126820.1,19,17,13,4
NZ_CP126821.1,4,4,4,0
NZ_CP098728.1,8,7,7,0
NZ_CP076199.1,5,10,5,5
NC_011281.1,7,9,7,2
NC_011282.1,7,10,3,7
NZ_CP067371.1,27,33,25,8
NZ_AP022088.1,6,10,6,4
NZ_AP022090.1,1,1,1,0
NZ_AP022091.1,1,1,1,0
NZ_CP016486.1,1,0,0,0
NZ_CP016489.1,2,4,4,0
NZ_CP040906.1,15,13,8,5
NZ_CP063935.1,4,4,3,1
NZ_AP021945.1,6,4,3,1
NZ_AP024519.1,7,6,4,2
NZ_AP024520.1,3,3,1,2
NZ_CP084819.1,7,8,7,1
NZ_CP084820.1,18,20,13,7
NZ_CP139726.1,1,0,0,0
NZ_CP139727.1,12,10,5,5
NZ_CP139728.1,10,7,6,1
NZ_CP139729.1,6,6,5,1
NZ_CP139730.1,4,4,1,3
NZ_CP080389.1,13,18,6,12
NZ_OW849528.1,11,10,9,1
NZ_OW849529.1,19,21,15,6
NZ_OW849530.1,4,4,4,0
NZ_CP115359.1,23,25,16,9
NZ_CP115360.1,2,2,2,0
NZ_CP020965.2,4,3,3,0
NZ_CP020966.2,4,4,2,2
NZ_CP141945.1,15,12,8,4
NZ_CP125366.1,4,6,5,1
NZ_CP066782.1,4,4,2,2
NZ_CP012940.1,24,27,15,12
NZ_CP012941.1,3,2,0,2
NZ_CP012942.1,2,1,0,1
NZ_CP063831.1,6,8,4,4
NZ_CP048372.1,8,6,3,3
NZ_CP048373.1,6,5,3,2
NZ_CP048374.1,2,2,1,1
NZ_CP029459.1,4,3,2,1
NZ_CP064790.1,10,9,6,3
NZ_CP118406.1,13,13,10,3
NZ_CP141082.1,2,5,2,3
NZ_CP109366.1,4,3,0,3
NZ_CP109367.1,3,3,0,3
NZ_CP107148.1,19,18,12,6
NZ_CP107149.1,3,4,2,2
NZ_CP061478.1,6,6,5,1
NZ_CP028430.1,7,7,7,0
NZ_CP028431.1,9,12,3,9
NZ_CP051316.1,16,12,11,1
NZ_CP078010.1,4,6,6,0
NZ_CP032850.1,4,4,3,1
NZ_CP061851.1,5,6,6,0
NZ_CP140290.1,26,35,26,9
NZ_AP023248.1,1,1,0,1
NZ_AP026822.1,4,4,3,1
NZ_CP130110.1,16,13,8,5
NZ_CP141538.1,17,14,9,5
NZ_CP076261.1,9,9,3,6
NZ_CP076260.1,3,6,1,5
NZ_CP127046.1,4,1,0,1
NZ_CP127047.1,6,9,5,4
NZ_CP127048.1,7,5,5,0
NZ_CP127049.1,12,11,9,2
NZ_CP072340.1,5,0,0,0
NZ_CP102894.1,36,38,20,18
NZ_CP102895.1,16,15,9,6
NZ_CP102896.1,5,5,4,1
NZ_CP010675.1,4,7,4,3
NZ_CP010679.1,1,1,0,1
NZ_CP093414.1,10,12,9,3
NZ_CP093415.1,3,4,3,1
NZ_CP093416.1,8,8,5,3
NZ_CP093417.1,3,5,2,3
NZ_CP093419.1,1,1,1,0
NZ_CP069648.1,1,0,0,0
NZ_CP069649.1,2,4,3,1
NZ_CP042900.1,10,21,12,9
NZ_CP098495.1,1,1,1,0
NZ_CP098496.1,4,2,1,1
NZ_CP023790.1,37,40,32,8
NZ_CP023791.1,8,10,7,3
NZ_CP023792.1,2,1,1,0
NZ_CP091148.1,17,21,4,17
NZ_CP091149.1,7,7,4,3
NZ_CP039205.1,70,82,41,41
NZ_CP039206.1,8,9,7,2
NZ_CP039207.1,6,4,2,2
NZ_CP039208.1,7,8,7,1
NZ_CP050011.1,6,4,3,1
NZ_CP116813.1,15,9,4,5
NZ_CP116815.1,5,4,2,2
NZ_CP013204.1,3,3,3,0
NZ_CP072225.1,5,2,2,0
NZ_CP064708.1,19,17,10,7
NZ_CP053629.1,9,7,6,1
NZ_CP092401.1,11,13,13,0
NZ_CP092400.1,10,16,10,6
NC_007515.1,1,1,1,0
NZ_CP016361.1,1,0,0,0
NZ_CP007000.1,15,7,6,1
NZ_CP068711.1,4,2,2,0
NZ_CP026504.1,3,3,2,1
NZ_CP084091.1,17,17,10,7
NZ_CP084092.1,8,9,6,3
NZ_CP121697.1,8,7,4,3
NZ_CP129888.1,17,20,14,6
NZ_CP117680.1,6,15,4,11
NZ_CP071064.1,2,4,1,3
NZ_CP010903.1,2,3,1,2
NZ_CP010369.1,4,10,8,2
NZ_CP010370.2,4,3,2,1
NZ_CP014050.2,3,3,2,1
NZ_CP060170.1,3,5,2,3
NZ_CP007038.1,36,70,35,35
NZ_CP018325.1,5,4,1,3
NZ_CP018326.1,10,9,4,5
NZ_CP018327.1,6,4,3,1
NZ_CP018329.1,4,5,5,0
NZ_CP132303.1,10,10,7,3
NZ_CP132304.1,7,5,3,2
NZ_CP132305.1,9,8,3,5
NZ_CP132306.1,2,4,1,3
NZ_CP132307.1,2,2,2,0
NZ_CP132308.1,1,0,0,0
NZ_CP132309.1,1,1,1,0
NZ_JALDNN010000002.1,28,37,29,8
NZ_JALDNN010000003.1,18,12,10,2
NZ_HE610900.1,4,1,0,1
NZ_HE610901.1,29,21,10,11
NZ_CP141811.1,18,29,11,18
NZ_CP050096.1,11,27,9,18
NZ_CP050094.1,2,5,2,3
NZ_CP050093.1,5,3,0,3
NZ_CP050092.1,3,3,2,1
NZ_CP137418.1,28,31,26,5
NZ_CP137413.1,1,0,0,0
NZ_CP137415.1,5,6,4,2
NZ_CP137414.1,6,9,5,4
NZ_CP043223.1,12,13,10,3
NZ_CP043224.1,2,3,2,1
NZ_CP043434.1,4,5,3,2
NZ_CP087687.1,1,1,1,0
NZ_CP067029.1,1,4,3,1
NZ_CP067030.1,7,8,2,6
NZ_CP065768.1,15,16,14,2
NZ_CP065769.1,2,2,2,0
NZ_CP083621.1,24,22,18,4
NZ_CP071506.1,2,2,2,0
NZ_CP033089.1,3,4,3,1
NZ_CP117303.1,1,1,0,1
NZ_CP062994.1,9,21,15,6
NZ_CP062995.1,17,22,17,5
NZ_CP142996.1,14,23,11,12
NZ_CP142997.1,6,6,4,2
NZ_CP086545.1,4,5,3,2
NZ_CP086546.1,3,3,2,1
NZ_LR890199.1,11,12,9,3
NZ_LR890200.1,2,2,2,0
NZ_CP122674.1,2,1,0,1
NZ_CP122675.1,5,12,3,9
NZ_CP033582.1,15,20,14,6
NZ_CP033583.1,12,11,6,5
NZ_CP135645.1,5,4,3,1
NZ_CP135644.1,14,14,11,3
NZ_CP052066.1,4,7,6,1
NZ_CP052067.1,2,3,0,3
NZ_CP069081.1,1,3,1,2
NC_015417.1,10,9,9,0
NC_015426.1,5,6,3,3
NC_015418.1,3,6,6,0
NZ_CP032828.1,9,17,9,8
NZ_CP032827.1,3,4,0,4
NZ_CP065525.1,20,39,25,14
NZ_CP065524.1,2,2,2,0
NZ_CP065526.1,8,8,7,1
NC_006569.1,2,5,3,2
NZ_CP035209.1,12,11,5,6
NZ_CP035208.1,2,1,0,1
NZ_CP062740.1,8,8,5,3
NZ_CP109497.1,21,30,11,19
NZ_AP022479.1,11,10,9,1
NZ_CP021746.1,2,5,1,4
NZ_CP027386.1,9,12,7,5
NZ_CP115151.1,23,28,13,15
NZ_CP013931.1,10,6,3,3
NZ_CP021463.1,25,31,23,8
NZ_CP021464.1,7,7,6,1
NZ_CP013010.1,6,5,4,1
NZ_CP045066.1,1,1,1,0
NZ_CP045065.1,14,10,8,2
NZ_CP091890.1,1,1,1,0
NZ_CP091891.1,5,5,4,1
NZ_CP033894.1,29,23,8,15
NZ_CP033895.1,11,17,9,8
NZ_CP129270.1,6,9,4,5
NZ_CP115238.1,2,0,0,0
NZ_CP074183.1,13,11,9,2
NZ_CP074184.1,7,7,4,3
NZ_CP074185.1,8,9,5,4
NZ_CP074186.1,13,16,11,5
NZ_CP074187.1,3,2,2,0
NZ_CP074188.1,2,1,1,0
NZ_CP074189.1,1,0,0,0
NZ_CP060939.1,8,8,6,2
NZ_CP060940.1,9,7,6,1
NZ_CP060942.1,2,3,3,0
NZ_CP060941.1,4,4,4,0
NZ_CP047686.1,7,6,4,2
NZ_CP092787.1,22,30,17,13
NZ_CP092788.1,11,12,9,3
NZ_CP092789.1,7,7,6,1
NZ_CP045436.1,1,2,2,0
NZ_CP025566.1,5,3,2,1
NZ_CP027144.1,25,20,18,2
NZ_CP027145.1,5,4,3,1
NZ_CP027143.1,6,5,2,3
NZ_CP018875.1,1,2,2,0
NZ_CP018876.1,2,1,1,0
NZ_CP018879.1,1,1,0,1
NZ_AP025157.1,2,1,1,0
NZ_CP019840.1,6,7,5,2
NZ_CP019841.1,3,2,0,2
NZ_CP009867.1,4,3,2,1
NZ_CP009868.1,10,8,6,2
NZ_CP009869.1,18,23,18,5
NZ_CP009870.1,4,3,1,2
NZ_CP009871.1,3,4,4,0
NC_018421.1,2,3,2,1
NC_018423.1,1,1,1,0
NZ_CP040454.1,4,10,5,5
NZ_CP040455.1,9,8,2,6
NZ_CP091053.1,2,2,2,0
NZ_CP091050.1,17,19,13,6
NZ_CP091049.1,15,10,7,3
NZ_CP091052.1,6,5,5,0
NZ_CP091051.1,6,12,5,7
NZ_CP062319.1,1,0,0,0
NZ_CP054287.1,10,18,9,9
NZ_CP054286.1,10,13,9,4
NZ_CP054288.1,5,1,1,0
NZ_CP123041.1,8,10,6,4
NZ_AP022255.1,3,2,0,2
NZ_CP120943.1,2,2,0,2
NZ_CP066630.1,26,30,23,7
NZ_CP066631.1,6,4,4,0
NZ_CP066632.1,8,9,5,4
NZ_CP026775.1,25,64,23,41
NZ_CP138824.1,38,44,27,17
NZ_CP138825.1,3,3,3,0
NZ_CP138826.1,8,10,8,2
NZ_CP138827.1,3,4,3,1
NZ_CP138828.1,1,1,1,0
NZ_CP138830.1,1,1,1,0
NZ_CP138832.1,1,0,0,0
NZ_CP064910.1,13,14,9,5
NZ_CP040580.1,2,2,0,2
NZ_CP040582.1,1,1,1,0
NZ_CP030924.1,14,20,11,9
NZ_CP044234.1,2,4,1,3
NZ_CP044235.1,1,2,2,0
NZ_CP009540.1,3,8,5,3
NZ_CP078510.1,25,16,6,10
NZ_CP094501.1,3,3,2,1
NZ_CP056718.1,2,3,1,2
NZ_CP071215.1,6,5,4,1
NZ_CP060841.1,20,24,13,11
NZ_AP025197.1,2,0,0,0
NZ_CP064130.1,4,6,4,2
NZ_CP064131.1,10,13,10,3
NZ_CP064132.1,2,2,2,0
NZ_CP028113.1,17,19,8,11
NZ_CP103558.1,19,26,12,14
NZ_CP126938.1,12,17,13,4
NZ_CP126939.1,7,4,2,2
NZ_CP025457.1,14,21,15,6
NZ_CP025458.1,19,19,18,1
NZ_CP038977.1,19,17,16,1
NZ_CP038978.1,4,7,5,2
NZ_CP134069.1,1,1,1,0
NZ_CP011152.1,12,14,10,4
NZ_CP139401.1,16,16,9,7
NZ_CP139402.1,6,7,5,2
NZ_AP024182.1,1,0,0,0
NZ_CP044035.1,11,16,10,6
NZ_CP044036.1,22,23,17,6
NZ_CP044037.1,5,4,3,1
NZ_CP094284.1,2,4,2,2
NZ_CP094285.1,1,1,1,0
NZ_CP045623.1,1,1,1,0
NZ_CP045624.1,4,5,3,2
NZ_CP045625.1,9,6,3,3
NZ_CP045626.1,4,1,0,1
NZ_CP017233.1,9,8,7,1
NZ_CP029233.1,78,86,45,41
NZ_CP029232.1,12,18,6,12
NZ_CP029234.1,5,7,3,4
NZ_CP029235.1,12,12,7,5
NZ_CP044544.1,9,7,5,2
NZ_CP130659.1,1,1,1,0
NZ_CP130663.1,21,25,17,8
NZ_CP130664.1,7,9,6,3
NZ_CP130666.1,1,1,0,1
NZ_CP130660.1,5,5,5,0
NZ_CP130665.1,8,11,7,4
NZ_CP032643.1,5,6,5,1
NZ_CP032644.1,9,9,8,1
NZ_CP032645.1,3,5,1,4
NZ_CP032646.1,4,4,4,0
NZ_CP060513.1,16,29,12,17
NZ_CP117684.1,21,27,22,5
NZ_CP117685.1,1,1,1,0
NZ_CP117686.1,5,5,3,2
NZ_CP080785.1,1,0,0,0
NZ_CP029365.1,1,1,1,0
NZ_CP029368.1,19,16,13,3
NZ_CP029367.1,3,3,2,1
NZ_CP080144.1,1,0,0,0
NZ_CP080142.1,8,12,4,8
NZ_CP080141.1,1,1,0,1
NZ_CP080140.1,2,1,1,0
NZ_CP104936.1,1,3,0,3
NZ_CP014445.1,3,5,3,2
NZ_CP085697.1,18,17,15,2
NZ_CP075130.1,5,8,4,4
NZ_CP071455.1,3,4,1,3
NZ_CP071456.1,1,1,0,1
NZ_CP071458.1,9,8,4,4
NZ_CP089964.1,1,1,1,0
NZ_CP115190.1,10,4,3,1
NZ_CP050740.1,20,20,15,5
NZ_CP050741.1,9,10,7,3
NZ_CP117506.1,1,1,1,0
NZ_CP117505.1,3,5,5,0
NZ_CP117504.1,13,14,12,2
NZ_CP117507.1,2,2,2,0
NZ_CP054172.1,4,3,3,0
NZ_CP054171.1,8,7,6,1
NZ_CP027112.1,18,17,15,2
NZ_CP042651.1,2,4,2,2
NZ_AP026711.1,1,0,0,0
NZ_LR735435.1,1,2,2,0
NZ_CP026117.1,2,2,2,0
NZ_CP080057.1,4,6,1,5
NZ_CP080058.1,15,21,16,5
NZ_CP080059.1,2,2,2,0
NZ_CP080061.1,1,0,0,0
NZ_CP062872.1,3,1,0,1
NZ_CP062873.1,6,8,6,2
NZ_CP062874.1,17,18,13,5
NZ_CP101531.1,9,5,3,2
NZ_CP101532.1,2,1,0,1
NZ_CP023562.1,2,3,3,0
NZ_CP110649.1,1,1,0,1
NZ_AP025805.1,23,25,20,5
NZ_AP025806.1,3,2,2,0
NZ_CP057358.1,23,23,19,4
NZ_CP057359.1,5,5,5,0
NZ_CP110474.1,1,1,0,1
NZ_CP110472.1,1,1,1,0
NZ_CP013436.1,17,15,10,5
NZ_CP129693.1,12,13,9,4
NZ_CP129691.1,3,3,2,1
NZ_CP129690.1,3,4,4,0
NZ_CP129692.1,15,12,12,0
NZ_CP075717.1,23,26,17,9
NZ_CP075718.1,10,11,7,4
NZ_CP075719.1,3,2,2,0
NZ_CP075720.1,10,12,9,3
NZ_CP075721.1,6,8,7,1
NZ_CP094866.1,1,0,0,0
NZ_AP025733.1,7,8,4,4
NZ_AP025734.1,12,13,8,5
NZ_CP045016.1,6,7,5,2
NZ_CP045017.1,3,1,1,0
NZ_CP045019.1,8,5,3,2
NZ_CP045020.1,5,2,2,0
NZ_CP045022.1,7,2,1,1
NZ_CP047456.1,1,0,0,0
NZ_CP047460.1,14,28,12,16
NZ_CP038274.1,10,10,7,3
NZ_CP132661.1,18,20,14,6
NZ_CP132662.1,10,13,8,5
NZ_CP132663.1,4,4,4,0
NZ_CP065458.1,4,3,1,2
NZ_CP065459.1,21,27,21,6
NZ_CP103522.1,1,2,1,1
NZ_CP103523.1,12,14,9,5
NZ_CP049224.1,8,4,3,1
NZ_CP136822.1,14,12,10,2
NZ_CP040853.1,5,6,3,3
NZ_CP110280.1,4,9,6,3
NZ_CP092577.1,11,16,13,3
NZ_CP092578.1,9,9,9,0
NZ_CP092579.1,3,1,1,0
NZ_CP130530.1,2,3,0,3
NZ_CP020489.1,27,38,29,9
NZ_CP020490.1,10,11,8,3
NZ_CP114129.1,3,6,4,2
NZ_CP044204.1,9,6,3,3
NZ_CP083064.1,4,4,4,0
NZ_CP070250.1,4,7,3,4
NZ_CP070251.1,4,4,3,1
NZ_CP037430.1,6,6,2,4
NZ_CP037431.1,3,3,2,1
NZ_CP037432.1,5,4,4,0
NZ_CP037433.1,7,5,4,1
NZ_CP037434.1,7,5,1,4
NZ_CP037435.1,7,7,1,6
NZ_CP037436.1,4,5,5,0
NZ_CP037437.1,1,5,4,1
NZ_CP059005.1,6,9,6,3
NZ_CP059004.1,5,1,1,0
NZ_CP059006.1,5,5,4,1
NZ_CP021062.1,25,26,22,4
NZ_CP021063.1,6,3,3,0
NZ_CP021064.1,6,7,6,1
NZ_CP021065.1,8,5,5,0
NZ_CP023514.1,12,16,10,6
NZ_CP066518.1,21,22,19,3
NZ_CP066519.1,22,22,17,5
NZ_CP089318.1,1,0,0,0
NZ_CP064333.1,1,0,0,0
NZ_CP104211.1,1,0,0,0
NZ_CP104212.1,2,3,1,2
NZ_CP133423.1,7,10,4,6
NZ_CP096968.1,2,2,0,2
NZ_CP096966.1,2,3,2,1
NZ_CP096967.1,4,1,1,0
NZ_CP121071.1,16,32,13,19
NZ_LR890649.1,23,31,21,10
NZ_LR890650.1,15,14,12,2
NZ_CP033769.1,11,17,13,4
NZ_CP018869.1,7,5,3,2
NZ_CP057094.1,1,1,1,0
NZ_CP057096.1,1,1,1,0
NZ_CP132032.1,2,2,2,0
NZ_CP010830.1,47,67,34,33
NZ_CP010831.1,1,0,0,0
NZ_CP085982.1,17,27,11,16
NZ_CP085980.1,5,3,2,1
NZ_CP091753.1,28,31,19,12
NZ_OW969913.1,24,26,20,6
NZ_OW969914.1,4,4,3,1
NZ_CP018464.1,12,8,6,2
NZ_CP018463.1,8,7,6,1
NZ_CP018466.1,2,2,2,0
NZ_CP018465.1,1,1,1,0
NZ_AP018440.1,5,14,5,9
NZ_CP098404.1,4,1,0,1
NZ_CP013792.1,60,83,60,23
NZ_CP013793.1,5,10,3,7
NZ_CP013794.1,10,11,9,2
NZ_CP013795.1,2,2,2,0
NZ_CP026229.1,3,3,2,1
NZ_CP026230.1,15,11,9,2
NZ_AP014570.1,1,2,2,0
NZ_CP104393.1,12,12,8,4
NZ_CP104394.1,11,10,5,5
NZ_CP093261.1,7,6,5,1
NZ_AP020325.1,4,3,3,0
NZ_CP030354.1,34,33,19,14
NZ_CP030355.1,9,15,4,11
NC_009345.1,1,0,0,0
NC_007385.1,46,67,33,34
NZ_CP113927.1,1,1,0,1
NZ_CP017691.1,7,4,3,1
NZ_CP058192.1,16,17,10,7
NZ_CP026131.1,16,15,15,0
NZ_CP114309.1,22,19,12,7
NZ_CP114310.1,3,1,0,1
NZ_CP050426.1,15,12,6,6
NZ_CP096823.1,10,5,5,0
NZ_CP091187.1,12,9,8,1
NZ_CP091188.1,9,9,8,1
NC_010399.1,2,2,2,0
NC_010408.1,2,1,1,0
NZ_CP012741.1,2,7,3,4
NZ_CP030828.1,3,5,2,3
NZ_CP030830.1,7,8,2,6
NZ_CP030832.1,7,9,3,6
NZ_CP030831.1,3,4,3,1
NZ_CP007144.1,2,0,0,0
NZ_CP082986.1,24,31,25,6
NZ_CP036312.1,5,4,4,0
NZ_CP036311.1,8,14,8,6
NZ_CP077998.1,1,0,0,0
NZ_CP008904.1,4,5,1,4
NZ_AP023448.1,15,19,13,6
NZ_AP023449.1,23,30,28,2
NZ_AP023450.1,6,5,4,1
NZ_AP023451.1,4,6,4,2
NZ_CP110969.1,9,7,3,4
NZ_CP110971.1,2,0,0,0
NZ_CP110970.1,17,12,11,1
NZ_CP110968.1,15,11,8,3
NZ_CP025329.1,16,26,12,14
NZ_CP065950.1,3,7,2,5
NZ_CP065952.1,17,15,13,2
NZ_CP065953.1,31,30,21,9
NZ_CP065954.1,4,4,4,0
NZ_CP094257.1,10,11,6,5
NZ_CP123382.1,12,12,7,5
NZ_CP123383.1,5,5,2,3
NZ_OX461106.1,6,4,4,0
NZ_CP102878.1,25,23,19,4
NZ_CP102879.1,16,19,12,7
NZ_CP102880.1,4,3,3,0
NZ_CP102881.1,5,3,3,0
NZ_AP028042.1,12,10,8,2
NZ_AP028043.1,10,8,5,3
NZ_AP028044.1,2,2,1,1
NZ_AP025775.1,22,24,19,5
NZ_AP025776.1,2,1,1,0
NZ_CP021551.1,8,8,5,3
NZ_CP021375.1,10,10,2,8
NZ_CP021373.1,1,1,1,0
NZ_CP021372.1,4,10,0,10
NZ_CP047339.1,8,8,8,0
NZ_CP047338.1,10,10,7,3
NZ_CP047337.1,33,40,30,10
NZ_AP024856.1,11,16,9,7
NZ_AP024858.1,1,1,1,0
NZ_CP048011.1,8,9,7,2
NZ_CP048012.1,6,8,6,2
NZ_CP048009.1,4,4,3,1
NZ_CP009405.2,1,1,1,0
NZ_CP133323.1,4,5,3,2
NZ_CP026398.1,13,14,11,3
NZ_CP026395.1,6,4,4,0
NZ_CP026396.1,10,6,4,2
NZ_CP026397.1,19,16,12,4
NZ_CP026394.1,7,1,1,0
NZ_CP026393.1,2,3,2,1
NZ_CP065803.1,1,3,1,2
NZ_CP065804.1,3,1,0,1
NZ_CP065805.1,2,1,0,1
NZ_CP065806.1,1,3,2,1
NZ_CP065807.1,5,4,2,2
NZ_CP065811.1,1,0,0,0
NZ_CP096358.1,5,2,2,0
NZ_CP096359.1,8,7,6,1
NZ_CP124430.1,10,18,10,8
NZ_CP124431.1,2,3,1,2
NZ_CP117472.1,30,18,17,1
NZ_CP117473.1,10,7,6,1
NZ_CP117474.1,1,0,0,0
NZ_CP096736.1,2,2,2,0
NZ_CP096737.1,2,4,2,2
NZ_CP020842.1,13,15,11,4
NZ_CP020843.1,3,3,2,1
NZ_CP020844.1,6,7,7,0
NZ_CP020846.1,1,0,0,0
NZ_CP020845.1,1,0,0,0
NZ_CP091030.1,14,10,9,1
NZ_CP091031.1,9,6,4,2
NZ_CP028276.1,2,2,1,1
NZ_CP028277.1,6,5,3,2
NZ_CP028278.1,3,4,1,3
NZ_CP028279.1,10,11,8,3
NZ_CP028280.1,1,1,0,1
NZ_CP028281.1,2,2,2,0
NZ_CP045942.1,39,77,21,56
NZ_CP045943.1,8,4,4,0
NZ_CP021880.1,22,27,15,12
NZ_CP021881.1,16,17,12,5
NZ_CP021882.1,3,4,1,3
NZ_CP114306.1,25,15,14,1
NZ_CP114307.1,10,12,6,6
NZ_CP043592.1,23,26,18,8
NZ_CP043591.1,6,6,6,0
NZ_CP062878.1,1,1,1,0
NZ_CP062879.1,23,30,16,14
NZ_CP062880.1,12,16,9,7
NZ_CP062881.1,1,1,1,0
NZ_CP062882.1,1,1,1,0
NZ_CP062877.1,5,7,4,3
NZ_LR130542.1,19,25,15,10
NZ_CP129780.1,9,11,8,3
NZ_CP129782.1,10,11,8,3
NZ_CP129781.1,4,2,2,0
NZ_CP063891.1,14,23,11,12
NZ_CP135984.1,5,7,4,3
NZ_CP135985.1,9,7,0,7
NZ_CP135986.1,3,2,0,2
NC_004669.1,8,8,6,2
NC_004671.1,1,1,1,0
NC_004670.1,3,3,3,0
NZ_CP117746.1,31,41,32,9
NZ_CP117747.1,1,0,0,0
NZ_CP072860.1,2,3,2,1
NZ_CP072859.1,16,16,7,9
NZ_CP083835.1,37,34,29,5
NZ_CP083837.1,2,0,0,0
NZ_CP083838.1,1,1,1,0
NZ_CP083841.1,1,1,0,1
NZ_CP017041.1,3,4,3,1
NZ_CP015169.1,37,39,32,7
NZ_CP015170.1,22,29,20,9
NZ_CP015171.1,3,1,1,0
NC_009779.1,1,0,0,0
NZ_CP059887.1,26,22,20,2
NZ_CP027425.1,10,11,7,4
NZ_CP124401.1,10,15,8,7
NZ_CP026310.1,1,4,3,1
NZ_CP026311.1,5,5,4,1
NZ_CP026312.1,9,6,2,4
NZ_CP026313.1,1,3,3,0
NZ_CP067040.1,1,1,1,0
NZ_CP067039.1,1,4,3,1
NZ_CP038986.1,4,7,5,2
NZ_CP038985.1,19,17,16,1
NZ_CP041966.1,1,1,1,0
NZ_CP062347.1,2,3,2,1
NZ_CP022137.1,2,2,1,1
NC_021183.1,5,3,2,1
NZ_CP006994.1,2,3,2,1
NZ_CP133883.1,19,18,12,6
NZ_CP133884.1,7,8,5,3
NZ_CP133885.1,4,4,4,0
NZ_CP133886.1,1,1,1,0
NZ_CP061370.1,1,1,0,1
NZ_CP135668.1,7,9,7,2
NZ_CP135667.1,6,4,3,1
NZ_CP135666.1,3,3,1,2
NZ_CP135665.1,2,3,3,0
NZ_CP030920.1,32,32,24,8
NZ_CP030921.1,7,5,4,1
NZ_CP056835.1,20,25,21,4
NZ_CP056836.1,2,1,1,0
NZ_CP040529.1,2,0,0,0
NZ_CP142834.1,2,4,4,0
NZ_CP062753.1,5,7,3,4
NZ_CP053580.1,6,14,3,11
NZ_CP034396.1,17,22,19,3
NZ_CP034397.1,1,2,2,0
NZ_CP034400.1,1,1,1,0
NZ_CP034398.1,3,3,1,2
NC_010366.1,16,15,15,0
NC_010369.1,19,23,21,2
NC_010368.1,18,19,19,0
NC_010367.1,2,2,2,0
NC_020060.1,6,4,2,2
NC_020061.1,59,51,31,20
NC_020062.1,20,31,23,8
NC_006855.1,4,6,2,4
NC_006856.1,19,21,12,9
NZ_CP051369.1,2,4,3,1
NZ_CP031811.1,14,17,11,6
NZ_LR890752.1,29,37,23,14
NZ_LR890753.1,8,8,7,1
NZ_CP140775.1,11,10,7,3
NZ_CP140776.1,3,3,1,2
NZ_CP064876.1,9,14,11,3
NZ_CP092836.1,1,1,1,0
NZ_CP092835.1,3,4,4,0
NZ_CP092834.1,15,28,21,7
NZ_CP077280.1,4,5,4,1
NZ_CP135495.1,6,6,4,2
NZ_CP135496.1,4,4,4,0
NZ_CP135497.1,7,6,4,2
NZ_CP021832.1,5,9,4,5
NZ_CP021830.1,38,55,30,25
NZ_CP021831.1,7,10,7,3
NZ_AP025019.1,5,4,3,1
NZ_AP025020.1,10,7,5,2
NZ_AP025021.1,1,0,0,0
NZ_AP025022.1,4,3,2,1
NZ_CP020056.1,5,2,1,1
NZ_CP020057.1,4,3,3,0
NZ_AP022282.1,19,19,6,13
NZ_AP022283.1,4,5,3,2
NZ_AP022284.1,1,0,0,0
NZ_CP053612.1,16,11,9,2
NZ_CP053613.1,3,3,2,1
NZ_CP016462.1,10,12,4,8
NZ_CP016459.1,2,2,1,1
NZ_CP029965.1,9,15,6,9
NZ_CP092548.1,18,18,16,2
NZ_CP092549.1,1,0,0,0
NZ_OU015351.1,34,37,30,7
NZ_OU015352.1,5,3,3,0
NZ_OU015353.1,12,10,9,1
NZ_OU015354.1,2,1,1,0
NZ_CP104191.1,1,1,1,0
NZ_CP082287.1,10,8,7,1
NZ_CP082288.1,2,1,0,1
NZ_CP082289.1,1,2,1,1
NZ_CP123047.1,19,26,12,14
NZ_CP123048.1,6,6,5,1
NZ_CP123049.1,5,4,4,0
NZ_CP026974.1,4,4,1,3
NZ_AP022174.1,3,2,1,1
NZ_AP022175.1,1,1,1,0
NZ_CP129242.1,4,10,3,7
NZ_CP129243.1,4,3,1,2
NZ_CP097077.1,19,29,18,11
NZ_CP074155.1,2,4,3,1
NZ_CP074156.1,1,0,0,0
NZ_CP043960.1,28,38,17,21
NZ_CP043961.1,1,0,0,0
NZ_CP073083.1,8,9,6,3
NZ_CP125335.1,26,34,20,14
NZ_CP125336.1,16,14,9,5
NZ_CP027438.1,6,12,4,8
NZ_CP027439.1,1,2,0,2
NZ_CP048697.1,30,26,19,7
NZ_CP048698.1,14,14,12,2
NZ_CP048699.1,2,3,1,2
NZ_CP048700.1,2,3,1,2
NZ_CP001971.2,5,10,5,5
NZ_LR594676.1,2,3,2,1
NZ_LR594677.1,14,10,5,5
NZ_CP101366.1,1,1,1,0
NZ_CP040877.1,16,23,18,5
NZ_CP075541.1,5,5,5,0
NZ_LR740777.2,8,10,10,0
NZ_CP087579.1,10,11,3,8
NZ_CP087576.1,5,5,2,3
NZ_CP087575.1,1,0,0,0
NZ_CP013488.1,7,6,6,0
NZ_CP013486.1,1,1,1,0
NZ_CP013487.1,9,15,7,8
NZ_CP042414.1,3,2,2,0
NZ_CP042415.1,6,4,2,2
NZ_CP042416.1,3,1,0,1
NZ_CP042417.1,5,6,3,3
NZ_CP106655.1,17,16,13,3
NZ_CP106656.1,7,13,7,6
NZ_CP047282.1,19,20,16,4
NZ_CP036247.1,7,5,5,0
NZ_CP036248.1,7,5,4,1
NZ_LR027555.1,1,1,1,0
NZ_LR027556.1,10,12,8,4
NZ_CP044386.1,20,29,21,8
NZ_CP044387.1,6,13,9,4
NZ_CP025260.1,11,9,8,1
NZ_CP114980.1,20,19,16,3
NZ_CP114981.1,19,20,17,3
NZ_CP114982.1,4,4,3,1
NZ_CP013241.1,6,5,3,2
NZ_CP090062.1,22,18,14,4
NZ_CP094666.1,3,2,1,1
NZ_CP094667.1,3,4,2,2
NZ_CP088246.1,20,17,12,5
NZ_CP137626.1,1,1,0,1
NZ_CP027448.1,12,19,2,17
NC_014159.1,9,9,5,4
NZ_CP028643.1,5,7,4,3
NZ_CP055552.1,23,20,19,1
NZ_CP054917.1,1,1,1,0
NZ_CP085499.1,12,17,11,6
NZ_CP085500.1,3,2,2,0
NZ_CP043044.1,9,14,8,6
NZ_CP094281.1,20,17,15,2
NZ_CP019028.1,15,19,15,4
NZ_CP019026.1,3,4,1,3
NZ_CP071081.1,8,8,7,1
NZ_CP071083.1,9,9,7,2
NZ_CP071084.1,1,1,0,1
NC_011143.1,15,13,11,2
NZ_CP117824.1,4,3,3,0
NZ_CP104860.1,1,1,0,1
NZ_CP104859.1,5,5,3,2
NZ_OY970401.1,4,12,4,8
NZ_OY970402.1,5,4,3,1
NZ_OY970403.1,3,2,2,0
NZ_CP140762.1,17,20,15,5
NZ_CP140764.1,18,20,17,3
NZ_CP140765.1,3,3,0,3
NZ_CP140763.1,3,3,2,1
NZ_CP140761.1,12,17,11,6
NZ_CP045721.1,2,4,2,2
NZ_CP067251.1,19,17,15,2
NZ_CP067252.1,8,10,5,5
NZ_CP034431.1,34,48,29,19
NZ_CP015623.1,7,11,4,7
NZ_CP015624.1,4,5,2,3
NZ_CP070375.1,6,9,5,4
NZ_OU016028.1,30,35,24,11
NZ_OU016029.1,9,10,7,3
NZ_OU016030.1,2,3,2,1
NZ_CP014093.1,5,7,3,4
NZ_CP046950.1,17,22,14,8
NZ_CP046952.1,8,10,8,2
NZ_CP119442.1,52,79,35,44
NZ_CP081814.1,7,7,6,1
NZ_CP107163.1,13,15,12,3
NZ_CP075348.1,2,2,2,0
NZ_CP075351.1,7,8,6,2
NZ_CP075350.1,2,4,0,4
NZ_CP091867.1,22,24,17,7
NZ_CP080092.1,4,5,3,2
NZ_CP080093.1,4,1,1,0
NZ_CP080094.1,1,1,1,0
NZ_CP060677.1,12,10,9,1
NZ_CP104031.1,27,17,15,2
NZ_CP104032.1,13,16,9,7
NZ_CP099372.1,3,3,3,0
NZ_AP013104.1,13,16,5,11
NZ_CP139412.1,11,10,7,3
NZ_CP139413.1,12,10,10,0
NZ_CP065796.1,2,1,0,1
NZ_CP059131.1,24,26,16,10
NZ_CP082057.1,15,20,12,8
NZ_CP082058.1,1,0,0,0
NZ_CP102773.1,8,17,7,10
NZ_CP045519.1,4,5,1,4
NZ_CP045520.1,11,9,7,2
NZ_CP045521.1,2,1,1,0
NZ_CP035961.1,1,0,0,0
NZ_CP035955.1,21,20,20,0
NZ_CP035958.1,30,39,29,10
NZ_CP032158.1,1,1,1,0
NZ_CP016498.1,11,22,7,15
NZ_CP023013.1,13,26,17,9
NZ_CP142022.1,37,47,29,18
NZ_CP142023.1,17,20,13,7
NZ_CP050758.1,1,2,0,2
NZ_CP050759.1,4,4,4,0
NZ_CP101303.1,6,7,6,1
NZ_CP020968.2,4,6,3,3
NZ_CP020969.2,6,15,6,9
NZ_CP041396.1,4,3,1,2
NZ_CP041397.1,4,0,0,0
NZ_CP041920.1,10,15,11,4
NZ_CP041921.1,1,0,0,0
NZ_CP041922.1,1,3,2,1
NC_017117.1,32,45,34,11
NC_017126.1,25,36,25,11
NC_017127.1,8,7,7,0
NZ_CP119797.1,3,4,2,2
NZ_CP119798.1,1,1,0,1
NZ_CP119799.1,3,8,3,5
NZ_CP040754.1,1,1,1,0
NC_003064.2,5,8,5,3
NC_003065.3,1,1,1,0
NZ_CP081863.1,4,3,1,2
NZ_CP103658.1,17,16,15,1
NZ_CP103661.1,1,0,0,0
NZ_CP103662.1,1,0,0,0
NZ_CP103663.1,1,1,1,0
NZ_CP124406.1,17,16,14,2
NZ_CP124407.1,4,2,1,1
NZ_CP038176.1,11,12,11,1
NZ_CP116971.1,23,28,18,10
NZ_CP116972.1,9,7,2,5
NZ_CP116973.1,15,23,15,8
NZ_CP116974.1,9,11,7,4
NZ_CP116975.1,2,1,1,0
NC_017726.1,3,10,5,5
NZ_CP114506.1,1,1,1,0
NZ_CP114507.1,8,6,5,1
NZ_CP024827.1,15,13,12,1
NZ_CP024828.1,5,5,5,0
NC_015219.1,3,1,1,0
NZ_CP067092.1,3,3,2,1
NZ_CP025809.1,33,22,13,9
NZ_CP025810.1,1,2,1,1
NZ_CP025811.1,11,9,6,3
NZ_CP025812.1,14,9,5,4
NZ_CP025813.1,14,10,5,5
NC_017319.1,37,70,34,36
NC_017320.1,1,0,0,0
NZ_CP100158.1,29,27,18,9
NZ_CP100159.1,12,14,8,6
NZ_CP100160.1,14,23,17,6
NZ_CP100161.1,4,6,4,2
NZ_CP129993.1,7,7,6,1
NZ_CP129994.1,5,3,2,1
NZ_CP117200.1,3,3,2,1
NZ_CP117201.1,4,7,2,5
NC_013940.1,36,22,21,1
NZ_CP019282.1,12,20,15,5
NZ_CP019284.1,10,14,12,2
NZ_CP050151.1,2,2,2,0
NC_014213.1,22,31,22,9
NC_014214.1,7,6,5,1
NZ_CP093404.1,22,25,20,5
NZ_CP135723.1,10,9,6,3
NZ_CP135724.1,1,1,1,0
NZ_CP052878.1,2,0,0,0
NZ_CP052879.1,10,10,10,0
NZ_CP052880.1,3,3,2,1
NZ_CP068699.1,16,23,16,7
NZ_CP068700.1,6,8,7,1
NZ_CP068701.1,5,6,6,0
NZ_CP068702.1,1,0,0,0
NZ_CP126925.1,2,3,3,0
NZ_CP097637.1,1,1,1,0
NZ_CP097638.1,4,3,1,2
NZ_CP015242.1,6,6,2,4
NZ_CP089933.1,6,3,2,1
NC_019429.1,4,2,2,0
NZ_CP033697.1,5,17,4,13
NZ_CP033698.1,4,2,2,0
NZ_CP033700.1,11,9,5,4
NZ_CP084932.1,5,2,0,2
NZ_CP084933.1,4,5,3,2
NZ_CP143950.1,3,2,1,1
NZ_CP061583.1,12,7,6,1
NZ_CP061584.1,5,10,5,5
NZ_CP061585.1,1,1,0,1
NZ_CP015595.1,25,19,14,5
NZ_LS992186.1,16,26,15,11
NZ_LS992187.1,1,1,0,1
NZ_LS992188.1,3,3,2,1
NZ_CP056593.1,2,1,1,0
NZ_CP104742.1,18,21,18,3
NZ_CP104743.1,1,1,0,1
NZ_CP104744.1,6,9,5,4
NC_014801.1,1,0,0,0
NZ_CP050830.1,34,45,31,14
NZ_CP109755.1,17,18,13,5
NZ_CP109754.1,7,2,1,1
NZ_CP030165.1,3,15,7,8
NZ_CP090797.1,1,0,0,0
NZ_CP090798.1,2,0,0,0
NZ_CP026757.1,4,3,2,1
NZ_CP054001.1,5,2,2,0
NZ_CP054002.1,3,1,1,0
NZ_CP014359.1,3,3,2,1
NZ_CP050482.1,3,4,2,2
NZ_CP028726.1,9,9,4,5
NZ_CP028725.1,2,2,2,0
NZ_CP011019.1,10,14,9,5
NZ_CP013214.1,2,0,0,0
NZ_CP089943.1,4,3,0,3
NZ_CP089946.1,4,3,2,1
NZ_CP102828.1,21,26,15,11
NZ_CP102829.1,2,2,1,1
NZ_AP021999.1,15,20,12,8
NZ_CP022581.1,3,4,3,1
NZ_CP091526.1,5,5,5,0
NZ_CP057100.1,2,8,3,5
NZ_CP019585.1,22,39,21,18
NZ_CP019586.1,5,18,9,9
NZ_CP075687.1,2,4,2,2
NZ_CP075688.1,12,7,7,0
NZ_CP075689.1,14,12,10,2
NZ_CP075690.1,1,2,0,2
NZ_CP084771.1,15,13,11,2
NZ_CP084772.1,1,1,1,0
NZ_CP084773.1,19,17,12,5
NZ_CP084774.1,22,20,20,0
NZ_CP084775.1,17,14,12,2
NZ_CP084776.1,12,11,9,2
NZ_CP088091.1,8,15,4,11
NZ_CP088092.1,2,3,2,1
NZ_CP088093.1,1,1,1,0
NZ_CP136809.1,10,13,10,3
NZ_CP034950.1,7,7,5,2
NZ_CP034945.1,6,11,8,3
NZ_CP034947.1,2,3,1,2
NZ_CP034948.1,11,16,7,9
NZ_CP054233.1,18,19,12,7
NC_020180.1,4,2,1,1
NZ_CP097371.1,16,16,11,5
NZ_CP038433.1,4,3,2,1
NZ_CP077222.1,1,0,0,0
NZ_LR890236.1,9,13,7,6
NZ_CP023805.1,38,41,33,8
NZ_CP023806.1,2,1,1,0
NZ_LR595692.1,14,17,14,3
NZ_LR595693.1,4,4,3,1
NZ_CP092067.1,5,6,4,2
NZ_CP092069.1,1,1,0,1
NZ_CP035292.1,3,3,3,0
NZ_CP035293.1,3,3,2,1
NZ_CP017285.1,10,9,9,0
NZ_CP017286.1,1,3,1,2
NZ_CP017287.1,9,9,9,0
NZ_CP065719.1,3,3,2,1
NZ_CP066025.1,4,4,2,2
NZ_CP122302.1,5,4,3,1
NZ_CP074408.1,1,0,0,0
NZ_CP073298.1,1,2,2,0
NZ_CP073299.1,3,2,2,0
NZ_CP107409.1,15,15,11,4
NZ_CP068999.1,2,1,1,0
NZ_CP069000.1,2,1,1,0
NZ_CP107292.1,19,26,14,12
NZ_CP107293.1,19,25,18,7
NZ_CP019438.1,26,28,18,10
NZ_CP019439.1,9,9,7,2
NZ_CP129498.1,19,18,14,4
NZ_CP129499.1,39,39,32,7
NZ_CP096746.1,3,5,2,3
NZ_CP085781.1,2,2,1,1
NZ_CP085783.1,9,9,6,3
NZ_CP085784.1,3,2,2,0
NZ_CP079793.1,21,23,11,12
NZ_CP079794.1,26,33,23,10
NZ_CP137422.1,13,16,8,8
NZ_CP137420.1,28,35,18,17
NZ_CP038257.1,7,9,6,3
NZ_CP044100.1,4,1,1,0
NZ_CP128591.1,25,35,16,19
NZ_CP010590.1,3,3,2,1
NZ_CP019190.1,13,19,8,11
NZ_CP019191.1,4,1,1,0
NZ_CP064104.1,12,16,13,3
NZ_CP064106.1,7,8,5,3
NZ_CP064107.1,4,2,2,0
NZ_CP125894.1,12,14,9,5
NZ_CP104165.1,18,10,7,3
NZ_CP038943.1,76,83,47,36
NZ_CP038944.1,17,14,10,4
NZ_CP038945.1,9,11,5,6
NZ_CP038946.1,2,3,1,2
NZ_CP038413.1,3,7,4,3
NZ_CP064425.1,20,41,24,17
NZ_CP064426.1,3,2,1,1
NZ_CP064428.1,8,10,7,3
NZ_CP055076.1,13,17,16,1
NZ_CP055077.1,2,2,2,0
NZ_CP096850.1,38,41,33,8
NZ_CP096851.1,11,15,12,3
NZ_CP096852.1,16,21,14,7
NZ_CP030100.1,3,2,0,2
NZ_CP132738.1,31,37,24,13
NZ_CP132739.1,9,8,7,1
NZ_CP132740.1,1,2,0,2
NZ_CP132737.1,25,34,22,12
NZ_CP037959.1,30,31,23,8
NZ_CP090627.1,14,9,8,1
NZ_CP090628.1,2,1,0,1
NZ_CP049166.1,9,7,7,0
NZ_CP137766.1,21,28,19,9
NZ_CP138738.1,13,17,12,5
NZ_CP138739.1,27,30,18,12
NZ_CP138740.1,11,12,9,3
NZ_CP138741.1,12,13,13,0
NZ_CP138742.1,7,9,6,3
NZ_CP138745.1,1,0,0,0
NZ_CP015854.1,5,7,4,3
NZ_CP106794.1,19,25,14,11
NZ_CP082825.1,15,22,12,10
NZ_CP082826.1,2,1,0,1
NZ_CP021125.1,17,33,17,16
NZ_CP021126.1,4,7,5,2
NZ_CP021127.1,4,3,2,1
NZ_CP021128.1,1,5,1,4
NZ_CP120993.1,5,3,3,0
NZ_CP099329.1,10,11,9,2
NZ_CP083240.1,11,16,9,7
NZ_CP083241.1,4,5,3,2
NZ_CP083242.1,13,12,9,3
NZ_CP083243.1,2,1,0,1
NZ_CP009023.1,1,2,1,1
NZ_CP009024.1,3,3,2,1
NZ_AP027961.1,10,16,9,7
NZ_AP027962.1,1,1,1,0
NZ_CP090082.1,55,102,60,42
NZ_CP090083.1,24,26,18,8
NZ_CP090084.1,14,21,16,5
NZ_CP090085.1,5,6,3,3
NZ_CP090086.1,5,3,1,2
NZ_CP090087.1,11,14,8,6
NZ_CP090088.1,1,0,0,0
NZ_CP086840.1,12,15,9,6
NZ_CP086841.1,25,26,13,13
NZ_CP086843.1,4,3,1,2
NZ_CP086844.1,2,1,0,1
NZ_CP086846.1,2,0,0,0
NZ_CP045758.1,3,4,4,0
NZ_CP117385.1,8,7,5,2
NZ_CP027389.1,4,6,5,1
NZ_CP087310.1,2,2,1,1
NZ_CP087311.1,2,3,3,0
NZ_CP013929.1,8,5,2,3
NZ_AP025904.1,30,30,25,5
NZ_CP085414.1,6,10,8,2
NZ_CP075373.1,15,18,12,6
NZ_AP018444.1,4,10,5,5
NZ_CP038156.1,2,6,3,3
NZ_AP025221.1,18,28,18,10
NZ_AP024113.1,9,15,7,8
NZ_CP010658.1,2,2,0,2
NZ_CP076802.1,6,5,4,1
NZ_CP104359.1,4,5,3,2
NZ_CP090412.1,7,6,4,2
NZ_CP023827.1,18,20,16,4
NZ_CP023828.1,2,2,2,0
NC_015386.1,14,8,8,0
NZ_CP116177.1,11,15,12,3
NZ_LR130519.1,3,4,4,0
NZ_CP040595.1,19,30,17,13
NZ_CP040598.1,8,14,11,3
NZ_CP092000.1,3,3,3,0
NZ_CP011121.1,21,22,16,6
NZ_CP011122.1,10,11,4,7
NZ_CP011123.1,1,1,1,0
NZ_CP096987.1,9,5,5,0
NZ_CP084304.1,2,2,0,2
NZ_CP084301.1,18,25,14,11
NZ_CP084302.1,26,20,16,4
NZ_CP094452.1,17,23,16,7
NZ_CP094453.1,19,18,18,0
NZ_CP094454.1,2,1,1,0
NZ_CP038293.1,8,8,5,3
NZ_CP044515.1,6,5,1,4
NZ_CP044516.1,3,4,2,2
NZ_CP101474.1,1,1,1,0
NZ_CP063516.1,16,22,15,7
NZ_CP063517.1,2,2,2,0
NZ_CP090314.1,1,0,0,0
NZ_CP053036.1,25,30,19,11
NZ_CP115292.1,3,1,1,0
NZ_CP121636.1,17,23,18,5
NZ_CP121637.1,2,3,2,1
NZ_CP121638.1,2,2,0,2
NZ_CP121639.1,71,132,96,36
NZ_CP121640.1,2,6,1,5
NZ_CP101785.1,12,11,9,2
NZ_CP101786.1,18,30,17,13
NZ_CP101788.1,6,8,5,3
NZ_CP022317.1,1,1,1,0
NZ_CP069196.1,12,12,7,5
NZ_CP069194.1,7,6,5,1
NZ_CP119014.1,9,9,9,0
NZ_CP070159.1,22,34,20,14
NZ_CP023519.1,6,8,3,5
NZ_CP023943.1,19,21,14,7
NZ_CP023942.1,20,22,18,4
NZ_CP075327.1,2,5,2,3
NZ_CP075328.1,1,0,0,0
NZ_CP075329.1,1,3,1,2
NZ_CP075326.1,1,0,0,0
NZ_CP116030.1,4,3,3,0
NZ_CP116031.1,2,2,2,0
NZ_CP066785.1,4,3,0,3
NZ_OW968125.1,11,15,8,7
NZ_OW968126.1,5,5,3,2
NZ_OW968127.1,4,4,4,0
NZ_OW968128.1,7,9,7,2
NZ_OW968129.1,2,2,2,0
NZ_CP029537.1,3,6,3,3
NZ_CP029538.1,7,7,4,3
NZ_CP039425.1,4,5,4,1
NZ_CP039426.1,1,1,1,0
NZ_CP107868.1,1,0,0,0
NZ_CP021357.1,3,3,1,2
NZ_CP021356.1,8,13,6,7
NZ_CP021355.1,52,68,32,36
NZ_OY856300.1,12,19,11,8
NZ_OY856301.1,7,8,5,3
NZ_OY856302.1,3,3,2,1
NZ_CP125858.1,2,6,3,3
NZ_CP011565.1,5,5,3,2
NZ_CP068130.1,3,4,2,2
NZ_CP068129.1,2,4,2,2
NZ_CP081157.1,1,0,0,0
NZ_CP081158.1,1,2,1,1
NZ_CP009123.1,4,5,3,2
NZ_CP032875.1,2,3,3,0
NZ_CP032878.1,10,10,6,4
NZ_CP032877.1,23,24,15,9
NZ_CP100199.1,30,28,18,10
NZ_CP100200.1,18,16,10,6
NZ_CP100201.1,18,23,16,7
NZ_CP100202.1,4,6,2,4
NZ_CP073998.1,1,0,0,0
NZ_CP017178.1,4,5,3,2
NZ_CP053895.1,5,2,0,2
NZ_CP103967.1,23,24,19,5
NZ_CP076738.1,3,4,2,2
NZ_CP035564.1,5,7,4,3
NZ_CP035565.1,4,7,5,2
NZ_CP084208.1,14,11,10,1
NZ_CP023716.1,2,1,0,1
NZ_CP023717.1,2,2,0,2
NZ_CP023719.1,1,0,0,0
NZ_CP142905.1,29,22,19,3
NZ_CP142906.1,24,21,17,4
NZ_CP142909.1,1,0,0,0
NZ_AP028130.1,38,37,29,8
NZ_AP028131.1,3,2,2,0
NZ_AP028132.1,3,3,3,0
NZ_CP064390.1,4,4,4,0
NC_004604.2,1,1,1,0
NC_014031.1,5,7,4,3
NC_014023.1,3,2,1,1
NZ_CP075121.1,4,5,3,2
NZ_CP037921.1,6,1,0,1
NZ_CP042362.1,2,0,0,0
NZ_CP026019.1,24,25,19,6
NZ_CP026018.1,11,14,10,4
NZ_CP026020.1,2,0,0,0
NZ_CP077271.1,3,3,3,0
NZ_CP077272.1,3,3,2,1
NZ_CP053248.1,12,18,11,7
NZ_CP124892.1,6,5,4,1
NZ_CP083157.1,21,19,16,3
NZ_CP083158.1,14,18,11,7
NZ_CP083159.1,4,4,4,0
NZ_CP083160.1,1,1,1,0
NZ_CP083161.1,8,7,6,1
NZ_CP083162.1,1,1,1,0
NZ_CP083163.1,2,1,1,0
NZ_CP058749.1,23,28,19,9
NZ_CP058751.1,2,7,3,4
NZ_CP023683.1,2,1,0,1
NZ_CP023684.1,2,2,0,2
NZ_CP023685.1,1,0,0,0
NZ_CP122327.1,10,32,17,15
NZ_CP122325.1,1,3,3,0
NZ_CP082121.1,14,18,15,3
NZ_CP082123.1,3,3,2,1
NZ_CP082124.1,5,5,4,1
NZ_CP056285.1,24,24,21,3
NZ_CP056286.1,11,11,7,4
NZ_CP033864.1,1,1,1,0
NZ_CP088926.1,3,0,0,0
NZ_CP110003.1,4,2,1,1
NZ_CP017102.1,2,5,2,3
NZ_CP017103.1,1,2,1,1
NZ_CP017104.1,4,24,8,16
NZ_CP017105.1,11,26,10,16
NZ_LR890361.1,19,22,18,4
NZ_LR890362.1,15,13,9,4
NZ_LR890363.1,2,2,2,0
NZ_CP094318.1,4,10,7,3
NZ_CP120848.1,10,11,6,5
NZ_CP095553.1,4,3,2,1
NZ_CP023840.1,2,3,0,3
NZ_CP023841.1,14,18,11,7
NZ_CP118639.1,5,0,0,0
NZ_CP068149.1,24,31,14,17
NZ_CP109461.1,75,81,45,36
NZ_CP028170.1,12,13,10,3
NZ_CP007624.1,14,14,12,2
NZ_CP007625.1,21,34,23,11
NZ_CP014251.1,14,8,5,3
NZ_CP021660.1,23,16,8,8
NZ_CP021661.1,7,9,5,4
NZ_CP021662.1,12,7,3,4
NC_020542.1,14,10,7,3
NC_020562.1,14,15,9,6
NC_020543.1,4,4,3,1
NC_020544.1,3,3,2,1
NC_020563.2,5,7,5,2
NZ_CP110874.1,10,11,9,2
NZ_CP110880.1,7,6,4,2
NZ_CP110878.1,4,4,4,0
NZ_CP110881.1,14,12,10,2
NZ_CP110879.1,21,20,17,3
NZ_CP046730.1,6,12,5,7
NC_017130.1,32,45,34,11
NC_017131.1,25,36,25,11
NC_017147.1,8,7,7,0
NZ_CP023347.1,30,32,12,20
NZ_CP023348.1,15,9,7,2
NZ_CP045023.1,13,17,13,4
NZ_CP045026.1,18,16,12,4
NZ_CP130519.1,2,2,2,0
NZ_CP083806.1,2,2,2,0
NZ_CP109776.1,48,68,34,34
NZ_CP109777.1,1,0,0,0
NC_012523.1,3,2,2,0
NC_012520.1,23,33,21,12
NC_012521.1,8,10,4,6
NZ_CP045742.1,17,19,15,4
NZ_CP085862.1,5,6,2,4
NZ_CP085861.1,4,4,4,0
NZ_LR135244.1,43,42,27,15
NZ_LR135245.1,7,4,4,0
NZ_LR135246.1,2,2,1,1
NZ_LR135247.1,16,13,10,3
NZ_LR135249.1,3,2,2,0
NZ_CP126988.1,20,18,12,6
NZ_CP126989.1,8,13,6,7
NZ_CP053570.1,11,16,5,11
NZ_CP053569.1,16,21,16,5
NZ_CP086389.1,6,7,4,3
NZ_CP086388.1,18,19,16,3
NZ_CP086387.1,14,17,13,4
NZ_CP086392.1,4,4,3,1
NZ_CP086390.1,1,1,0,1
NZ_CP018257.1,1,3,0,3
NZ_CP040031.1,4,4,4,0
NZ_CP040029.1,10,11,8,3
NZ_CP040030.1,8,10,9,1
NZ_CP097057.1,2,1,1,0
NZ_CP097058.1,3,4,3,1
NZ_CP098198.1,3,2,1,1
NZ_CP098200.1,1,1,0,1
NZ_CP091236.1,3,2,2,0
NZ_CP126319.1,3,4,4,0
NZ_CP107504.1,19,23,19,4
NZ_CP107505.1,16,16,14,2
NZ_CP076205.1,5,10,5,5
NZ_CP053782.1,7,6,4,2
NZ_CP124516.1,15,19,14,5
NZ_CP102523.1,6,3,3,0
NZ_CP102524.1,6,8,8,0
NZ_CP102525.1,3,6,3,3
NZ_CP102526.1,6,5,5,0
NZ_CP110312.1,4,3,2,1
NZ_CP110311.1,8,13,9,4
NZ_CP110310.1,4,3,1,2
NZ_CP120532.1,11,13,10,3
NZ_CP120531.1,10,9,8,1
NZ_CP072291.1,19,20,11,9
NZ_CP072292.1,2,2,2,0
NZ_CP046646.1,6,10,5,5
NZ_CP046647.1,14,19,13,6
NZ_CP046648.1,3,2,1,1
NZ_CP046649.1,3,1,0,1
NZ_CP082169.1,1,1,1,0
NZ_CP082170.1,12,15,12,3
NZ_CP082171.1,5,3,3,0
NZ_CP082172.1,8,8,4,4
NZ_CP082173.1,6,5,3,2
NZ_CP082174.1,21,26,18,8
NZ_CP082175.1,29,31,23,8
NZ_CP082176.1,3,1,1,0
NZ_CP082177.1,1,1,1,0
NC_021722.1,2,1,1,0
NZ_CP056233.1,32,35,28,7
NZ_OW970437.1,17,12,7,5
NZ_OW970438.1,13,13,9,4
NZ_OW970439.1,4,4,4,0
NZ_OW970441.1,1,0,0,0
NZ_CP070125.1,10,12,6,6
NZ_CP071030.1,6,11,7,4
NZ_CP071028.1,24,27,21,6
NZ_CP071029.1,1,0,0,0
NZ_CP127169.1,1,5,0,5
NZ_CP061084.1,3,3,1,2
NZ_CP072977.1,19,24,19,5
NZ_CP072978.1,1,1,0,1
NZ_CP072979.1,8,11,6,5
NZ_CP020117.1,13,10,9,1
NZ_CP020118.1,1,2,2,0
NZ_CP020119.1,8,5,3,2
NZ_CP070921.1,11,16,12,4
NZ_CP070922.1,8,5,2,3
NZ_CP070923.1,16,18,13,5
NZ_CP070925.1,6,6,6,0
NZ_CP119171.1,1,5,1,4
NZ_CP055253.1,3,2,2,0
NZ_CP055254.1,5,5,5,0
NZ_CP055255.1,13,20,13,7
NZ_CP025239.1,2,2,0,2
NZ_CP025240.1,9,8,7,1
NZ_CP097655.1,12,13,11,2
NZ_CP097656.1,1,0,0,0
NZ_CP097657.1,5,5,4,1
NZ_AP024930.1,18,16,12,4
NZ_AP024931.1,6,9,5,4
NZ_AP024932.1,3,3,3,0
NZ_CP032461.1,7,5,5,0
NZ_CP032462.1,2,5,2,3
NZ_CP063371.1,11,7,4,3
NZ_CP063370.1,10,12,8,4
NZ_CP137227.1,3,4,3,1
NZ_CP047317.1,7,16,9,7
NZ_CP041032.1,19,22,14,8
NZ_CP041033.1,4,5,3,2
NZ_OW970531.1,17,12,7,5
NZ_OW970532.1,4,4,4,0
NZ_OW970534.1,8,9,5,4
NZ_CP014273.1,9,8,5,3
NC_020548.1,6,5,4,1
NZ_CP041229.1,3,2,1,1
NZ_CP035873.1,7,6,2,4
NZ_CP035872.1,25,18,11,7
NZ_CP035871.1,4,3,3,0
NZ_CP060093.1,2,2,1,1
NZ_CP021544.1,17,19,13,6
NZ_CP021545.1,13,12,5,7
NZ_CP021546.1,5,1,1,0
NZ_CP021547.1,9,7,5,2
NZ_CP021548.1,6,3,1,2
NZ_CP115304.1,6,7,5,2
NZ_CP082092.1,2,2,1,1
NZ_CP130631.1,4,1,0,1
NZ_LR890271.1,14,13,11,2
NZ_LR890272.1,2,4,2,2
NZ_LR890274.1,1,1,0,1
NZ_LR890275.1,4,4,1,3
NZ_CP092438.1,1,2,1,1
NZ_CP092432.1,19,33,10,23
NZ_CP092434.1,15,28,10,18
NZ_CP069439.1,9,24,7,17
NZ_CP039497.1,3,4,4,0
NZ_CP093360.1,4,4,2,2
NZ_CP117699.1,14,14,13,1
NZ_CP097211.1,1,1,1,0
NC_019739.1,2,1,0,1
NC_019740.1,3,2,2,0
NC_019761.1,2,1,0,1
NZ_CP055025.1,18,20,17,3
NZ_CP055026.1,6,5,4,1
NZ_CP088999.1,13,19,10,9
NZ_CP089000.1,24,30,27,3
NZ_CP088998.1,1,1,1,0
NZ_CP017567.1,4,6,4,2
NZ_CP082350.1,12,14,11,3
NZ_AP027431.1,13,9,6,3
NZ_AP027430.1,1,1,0,1
NZ_AP027429.1,11,15,2,13
NZ_AP027428.1,3,2,2,0
NZ_CP014389.1,2,3,1,2
NZ_CP102385.1,5,5,3,2
NZ_CP102386.1,7,7,0,7
NZ_CP102387.1,4,1,1,0
NZ_CP102388.1,10,7,7,0
NZ_CP103698.1,13,14,11,3
NZ_CP110154.1,40,48,30,18
NZ_CP110155.1,9,13,7,6
NZ_CP110156.1,4,7,5,2
NZ_CP117870.1,7,5,3,2
NZ_CP117872.1,8,5,3,2
NZ_CP117871.1,3,4,2,2
NZ_CP046004.1,15,22,14,8
NZ_CP046005.1,2,2,2,0
NZ_CP098725.1,2,1,1,0
NZ_CP027245.2,3,9,8,1
NZ_CP051170.1,104,101,85,16
NZ_CP091930.1,6,6,2,4
NZ_CP091931.1,3,4,2,2
NZ_CP036408.1,1,3,2,1
NZ_CP036406.1,22,19,10,9
NZ_CP036405.1,2,4,3,1
NZ_CP015038.1,13,5,4,1
NZ_CP011933.1,7,6,4,2
NZ_CP012054.1,5,8,5,3
NZ_CP127003.1,3,2,2,0
NZ_CP127005.1,9,18,11,7
NZ_CP127006.1,2,1,1,0
NZ_CP048053.1,65,86,58,28
NZ_CP048054.1,24,15,13,2
NZ_CP048055.1,20,14,13,1
NZ_CP048884.1,2,1,1,0
NZ_CP048886.1,2,1,0,1
NZ_CP048888.1,1,0,0,0
NZ_CP048889.1,2,2,2,0
NZ_CP048890.1,1,0,0,0
NC_001869.1,24,20,20,0
NC_002608.1,41,38,36,2
NZ_CP014913.1,4,4,3,1
NZ_CP014914.1,1,2,1,1
NZ_CP026526.1,65,70,50,20
NZ_CP026527.1,19,15,11,4
NZ_CP026528.1,13,12,6,6
NZ_CP026529.1,16,14,9,5
NC_017998.1,1,1,1,0
NZ_CP056268.1,22,20,16,4
NZ_CP127497.1,18,16,12,4
NZ_CP127498.1,23,24,18,6
NZ_CP127499.1,34,44,28,16
NZ_CP127500.1,8,11,8,3
NZ_CP022140.1,9,22,12,10
NZ_CP009336.1,9,13,6,7
NZ_CP046492.1,1,1,1,0
NZ_CP124539.1,2,3,2,1
NZ_CP017876.1,4,2,2,0
NZ_CP013754.1,1,6,0,6
NZ_CP013755.1,3,3,2,1
NZ_CP013756.1,2,1,0,1
NZ_CP022824.1,24,31,24,7
NZ_CP022825.1,5,7,4,3
NZ_CP022826.1,2,4,3,1
NC_017476.1,9,7,5,2
NZ_CP087147.1,21,29,16,13
NZ_CP087148.1,11,12,9,3
NZ_CP087149.1,7,7,5,2
NZ_CP110861.1,4,4,3,1
NZ_CP110860.1,3,2,2,0
NZ_CP013423.1,2,2,1,1
NZ_CP012499.1,16,41,12,29
NZ_CP044357.1,13,18,13,5
NC_021871.1,2,6,2,4
NZ_CP083555.1,1,2,0,2
NZ_CP083557.1,1,4,2,2
NZ_CP093194.1,1,0,0,0
NZ_CP042247.1,5,10,2,8
NZ_CP042248.1,4,5,2,3
NZ_AP022143.1,7,6,3,3
NZ_AP022144.1,29,28,15,13
NZ_AP022145.1,20,19,19,0
NZ_AP022146.1,16,19,19,0
NZ_AP022148.1,1,1,1,0
NZ_CP015262.1,2,1,1,0
NZ_CP015261.1,2,2,0,2
NZ_CP015260.1,5,3,1,2
NZ_CP015259.1,15,20,12,8
NZ_CP015258.1,41,51,35,16
NZ_CP102834.1,12,10,6,4
NZ_CP086199.1,1,1,0,1
NZ_CP007543.1,2,2,1,1
NZ_CP007545.1,1,0,0,0
NZ_CP029802.1,11,9,7,2
NZ_AP023227.1,4,4,4,0
NZ_AP023228.1,16,20,19,1
NZ_CP017318.1,1,1,1,0
NZ_CP100258.1,38,37,27,10
NZ_CP100259.1,22,28,19,9
NZ_CP100260.1,19,14,8,6
NZ_CP117412.1,15,13,9,4
NZ_CP117413.1,5,4,2,2
NZ_CP117414.1,2,1,1,0
NZ_CP117415.1,2,0,0,0
NZ_CP031953.1,2,3,2,1
NZ_CP031954.1,1,1,1,0
NZ_CP071959.1,49,67,51,16
NZ_CP071960.1,7,8,6,2
NZ_CP128497.1,13,5,5,0
NZ_CP128499.1,1,1,0,1
NZ_CP031799.1,15,21,13,8
NZ_CP076139.1,5,10,5,5
NZ_CP066569.1,39,45,36,9
NZ_CP066571.1,8,9,7,2
NZ_CP066570.1,3,2,1,1
NZ_CP014767.1,5,1,0,1
NZ_CP021733.1,12,11,9,2
NZ_CP021734.1,10,9,7,2
NC_021709.1,2,3,2,1
NZ_CP021821.1,10,17,12,5
NZ_CP021819.1,11,25,13,12
NZ_CP021820.1,20,21,12,9
NZ_CP088143.1,3,5,2,3
NZ_CP097221.1,22,28,18,10
NZ_CP016500.1,4,12,3,9
NZ_CP020982.2,2,4,2,2
NZ_CP090534.1,23,21,14,7
NZ_CP137204.1,8,5,1,4
NZ_CP037995.1,9,8,7,1
NZ_CP141091.1,8,11,5,6
NZ_CP085174.1,3,4,0,4
NZ_CP046369.1,1,2,0,2
NZ_CP110300.1,2,4,2,2
NZ_CP103500.1,16,19,14,5
NZ_CP103501.1,1,1,1,0
NZ_CP103502.1,2,4,3,1
NZ_CP060862.1,10,12,7,5
NZ_CP060863.1,28,41,30,11
NZ_CP060865.1,9,6,6,0
NZ_CP046661.1,4,4,2,2
NZ_CP046662.1,6,6,3,3
NZ_CP046663.1,3,5,2,3
NZ_CP046664.1,7,6,5,1
NZ_CP046665.1,8,9,6,3
NZ_CP009570.1,8,7,6,1
NZ_CP027451.1,5,15,6,9
NZ_CP136812.1,5,6,3,3
NZ_CP096336.1,12,18,12,6
NZ_CP085295.1,5,5,4,1
NZ_CP085296.1,4,6,5,1
NZ_CP085297.1,1,1,0,1
NZ_CP019052.1,1,0,0,0
NZ_CP019053.1,10,10,9,1
NZ_CP019054.1,6,5,5,0
NZ_CP019055.1,18,21,7,14
NZ_CP097548.1,14,14,6,8
NZ_CP097549.1,4,1,0,1
NZ_CP097550.1,5,4,1,3
NZ_CP097551.1,5,12,8,4
NZ_CP097553.1,5,3,1,2
NZ_CP042375.1,2,2,2,0
NZ_CP042376.1,3,4,1,3
NZ_CP036446.1,11,12,10,2
NZ_CP036447.1,17,20,12,8
NZ_CP036448.1,6,6,2,4
NZ_CP036449.1,5,3,2,1
NZ_CP139378.1,5,5,3,2
NZ_LR880737.1,3,2,2,0
NZ_LR880735.1,18,19,12,7
NZ_CP034761.1,13,13,10,3
NZ_CP102312.1,1,0,0,0
NZ_CP102313.1,1,1,0,1
NZ_CP034804.1,1,1,0,1
NZ_CP034805.1,3,10,4,6
NZ_CP076171.1,4,10,5,5
NZ_CP062125.1,8,6,5,1
NZ_CP018078.1,4,4,4,0
NZ_CP018080.1,2,2,2,0
NZ_CP018081.1,13,13,10,3
NZ_CP021713.1,18,19,13,6
NZ_CP021715.1,2,2,2,0
NZ_CP021716.1,5,1,1,0
NZ_CP021717.1,2,0,0,0
NZ_CP075471.1,22,32,17,15
NZ_CP008919.1,1,1,1,0
NZ_CP072404.1,18,12,8,4
NZ_CP072405.1,3,3,1,2
NZ_CP027460.1,3,12,5,7
NZ_CP039949.1,8,7,4,3
NZ_CP039950.1,4,4,4,0
NZ_CP028651.1,3,7,5,2
NZ_CP096760.1,2,4,2,2
NZ_CP144314.1,15,21,10,11
NZ_CP144317.1,11,11,9,2
NZ_CP144318.1,6,6,4,2
NZ_CP109986.1,7,11,8,3
NZ_CP109990.1,2,3,1,2
NZ_CP109984.1,19,23,16,7
NZ_CP109985.1,5,5,3,2
NZ_CP109987.1,1,1,1,0
NZ_CP109988.1,1,1,1,0
NZ_CP019011.1,2,3,3,0
NZ_CP019009.1,20,19,18,1
NZ_CP019010.1,6,4,1,3
NZ_CP070226.1,5,9,1,8
NZ_CP110778.1,16,16,13,3
NZ_CP110780.1,4,5,3,2
NZ_CP110776.1,9,10,7,3
NZ_CP110779.1,7,5,5,0
NZ_CP110777.1,16,13,11,2
NZ_CP114517.1,8,4,4,0
NZ_CP138310.1,4,4,3,1
NZ_CP138311.1,3,4,3,1
NZ_CP138312.1,3,5,3,2
NZ_CP138313.1,2,3,3,0
NZ_CP138314.1,1,1,1,0
NZ_CP099876.1,6,12,6,6
NZ_CP124416.1,12,19,14,5
NZ_CP076825.1,11,12,8,4
NZ_CP076826.1,9,8,4,4
NZ_CP076827.1,12,10,8,2
NZ_CP076828.1,4,5,3,2
NZ_CP076829.1,2,3,1,2
NZ_CP076832.1,2,2,1,1
NZ_CP076833.1,1,1,1,0
NZ_CP045844.1,16,18,15,3
NZ_CP106891.1,3,4,3,1
NZ_CP106892.1,20,19,13,6
NZ_AP025742.1,23,43,14,29
NZ_AP025743.1,9,5,5,0
NZ_CP053880.1,6,4,4,0
NC_020274.1,3,3,2,1
NC_020264.1,1,0,0,0
NC_020266.1,2,3,1,2
NC_020267.1,2,2,2,0
NZ_CP098146.1,21,28,19,9
NZ_CP098147.1,22,24,20,4
NZ_CP073067.1,7,7,6,1
NZ_CP129293.1,6,9,6,3
NZ_CP129294.1,1,2,1,1
NZ_CP129295.1,1,1,1,0
NZ_CP129298.1,1,1,1,0
NZ_CP109934.1,4,5,4,1
NZ_CP109935.1,1,0,0,0
NZ_CP101258.1,19,24,16,8
NZ_CP101261.1,5,4,4,0
NZ_CP101260.1,1,2,1,1
NZ_CP056738.1,15,17,11,6
NZ_CP056739.1,5,4,4,0
NZ_CP056741.1,1,1,1,0
NZ_CP023738.1,7,13,6,7
NZ_CP023739.1,14,17,9,8
NZ_CP023740.1,22,23,15,8
NZ_CP139416.1,3,3,3,0
NZ_CP139415.1,5,6,5,1
NZ_CP124040.1,2,3,3,0
NZ_CP014216.1,1,1,1,0
NZ_CP046974.1,8,7,4,3
NZ_CP101555.1,13,16,12,4
NZ_CP101556.1,2,2,1,1
NZ_CP101557.1,9,10,5,5
NZ_CP101558.1,10,10,5,5
NZ_LT960789.1,7,7,3,4
NZ_CP055163.1,37,47,27,20
NZ_CP055164.1,5,5,5,0
NZ_CP032238.1,12,10,9,1
NZ_CP032239.1,30,43,28,15
NZ_CP075982.1,2,4,3,1
NZ_CP113217.1,6,8,6,2
NZ_CP113218.1,36,37,27,10
NZ_CP113219.1,3,4,4,0
NZ_CP022797.1,2,12,2,10
NZ_CP021249.1,14,15,12,3
NZ_CP020976.2,5,4,3,1
NZ_CP020977.2,7,11,9,2
NZ_CP020978.2,4,4,1,3
NZ_CP103719.1,25,27,19,8
NZ_CP103720.1,1,1,1,0
NZ_CP118068.1,3,3,2,1
NZ_CP032822.1,1,0,0,0
NZ_CP040042.1,3,5,4,1
NZ_CP040043.1,1,2,1,1
NZ_CP025409.1,3,4,3,1
NZ_CP025410.1,1,0,0,0
NZ_CP096261.1,38,46,26,20
NZ_CP096262.1,1,13,7,6
NZ_CM008896.1,7,7,6,1
NZ_CM008895.1,12,15,12,3
NZ_CP109431.1,6,9,4,5
NZ_CP092409.1,13,16,13,3
NZ_CP032322.1,28,35,23,12
NZ_CP032323.1,7,7,6,1
NZ_CP032324.1,4,4,3,1
NZ_CP032326.1,16,18,10,8
NZ_CP032327.1,7,7,5,2
NZ_CP032328.1,7,9,7,2
NZ_CP071308.1,6,5,3,2
NZ_AP027979.1,3,13,8,5
NZ_AP027980.1,6,19,14,5
NZ_AP027982.1,1,1,1,0
NZ_CP038162.1,9,10,6,4
NZ_CP093491.1,18,20,14,6
NZ_CP093490.1,2,1,1,0
NZ_CP093492.1,11,13,8,5
NZ_CP093493.1,6,8,6,2
NZ_CP053471.1,4,2,2,0
NZ_CP053472.1,3,3,3,0
NZ_AP025928.1,32,32,27,5
NZ_CP119216.1,20,25,20,5
NZ_CP119217.1,16,26,17,9
NZ_CP119215.1,1,1,1,0
NZ_CP104967.1,14,18,11,7
NZ_CP104968.1,1,7,2,5
NZ_CP049354.1,12,13,9,4
NZ_CP049355.1,22,27,18,9
NZ_CP049356.1,2,1,1,0
NZ_LR130565.1,12,14,9,5
NZ_CP033968.1,13,7,2,5
NZ_CP114593.1,1,1,1,0
NZ_CP114594.1,1,2,1,1
NZ_AP025216.1,16,17,15,2
NZ_CP134354.1,15,20,10,10
NZ_CP134355.1,4,5,3,2
NZ_CP134356.1,2,2,2,0
NZ_CP056209.1,19,19,15,4
NZ_CP056210.1,14,12,10,2
NZ_CP056211.1,1,1,1,0
NZ_CP056212.1,2,2,2,0
NZ_CP056213.1,1,0,0,0
NZ_CP107118.1,15,9,7,2
NZ_CP071026.1,10,12,7,5
NZ_CP026703.1,1,1,1,0
NZ_CP050131.1,25,21,14,7
NZ_CP019260.1,13,15,13,2
NZ_CP019261.1,20,26,15,11
NZ_CP019262.1,16,24,22,2
NZ_CP019264.1,2,1,1,0
NZ_CP104363.1,4,5,3,2
NC_015146.1,25,27,14,13
NC_015147.1,2,3,3,0
NZ_CP081714.1,24,25,20,5
NZ_CP081715.1,18,19,18,1
NZ_CP123737.1,1,0,0,0
NZ_CP123736.1,8,9,8,1
NZ_CP020493.1,21,19,12,7
NZ_CP020494.1,2,2,1,1
NZ_CP139662.1,18,28,14,14
NZ_CP114802.1,11,10,9,1
NZ_CP114803.1,8,9,8,1
NZ_CP114804.1,1,1,0,1
NZ_CP114805.1,7,8,6,2
NZ_CP136683.1,3,2,2,0
NZ_CP104747.1,3,3,1,2
NZ_CP137481.1,15,13,12,1
NZ_CP137479.1,1,1,0,1
NZ_CP137480.1,13,15,12,3
NZ_CP104343.1,33,29,22,7
NZ_CP104344.1,1,1,0,1
NZ_CP094444.1,4,6,5,1
NZ_CP109830.1,6,4,3,1
NC_014249.1,1,2,0,2
NZ_CP047530.1,14,15,11,4
NZ_CP024617.1,10,14,8,6
NZ_CP024616.1,6,6,6,0
NZ_CP017086.1,15,15,13,2
NZ_CP107261.1,4,1,1,0
NZ_CP107263.1,2,3,2,1
NZ_CP107260.1,1,3,3,0
NZ_CP084104.1,38,43,27,16
NZ_CP084106.1,1,1,1,0
NZ_CP084105.1,5,5,5,0
NZ_CP030170.1,2,6,3,3
NZ_CP054404.1,13,20,14,6
NZ_CP054405.1,8,8,8,0
NZ_CP034777.1,16,13,10,3
NZ_CP034776.1,17,23,17,6
NZ_CP033573.1,2,12,6,6
NZ_CP083270.1,2,0,0,0
NZ_CP026767.1,44,69,34,35
NZ_CP113487.1,10,18,11,7
NZ_CP113488.1,1,0,0,0
NZ_CP113489.1,8,10,7,3
NZ_CP132994.1,32,26,22,4
NZ_CP138747.1,15,16,14,2
NZ_CP138748.1,13,16,10,6
NZ_CP138749.1,1,2,2,0
NZ_CP138752.1,1,2,2,0
NZ_CP138755.1,1,1,1,0
NZ_CP062718.1,9,9,7,2
NZ_CP135160.1,2,9,3,6
NZ_CP129465.1,6,5,3,2
NZ_CP129463.1,14,17,6,11
NZ_CP088196.1,7,7,6,1
NZ_CP088197.1,6,4,4,0
NZ_CP042894.1,21,26,21,5
NZ_CP042895.1,25,22,16,6
NZ_CP044520.1,14,17,7,10
NZ_CP051530.1,18,16,13,3
NZ_CP051531.1,2,1,1,0
NZ_CP075288.1,27,27,18,9
NZ_CP075287.1,14,15,9,6
NZ_CP023809.1,39,42,34,8
NZ_CP023810.1,2,1,1,0
NZ_CP023812.1,11,13,9,4
NZ_CP073657.1,7,15,10,5
NZ_CP073658.1,21,17,14,3
NZ_CP073659.1,9,11,6,5
NC_003384.1,16,16,15,1
NC_005230.1,2,4,2,2
NC_005229.1,9,3,2,1
NC_005232.1,3,1,1,0
NZ_CP049349.1,16,23,13,10
NZ_CP049350.1,5,5,1,4
NZ_CP049351.1,5,5,4,1
NZ_CP049352.1,2,6,2,4
NZ_CP040669.1,11,14,9,5
NZ_CP126932.1,16,18,10,8
NZ_CP126933.1,2,1,1,0
NZ_AP026602.1,1,1,1,0
NZ_AP026603.1,7,6,5,1
NZ_CP136857.1,5,9,3,6
NZ_CP032745.1,7,4,3,1
NZ_CP032746.1,6,6,2,4
NZ_CP032747.1,7,8,6,2
NZ_CP032748.1,3,5,4,1
NZ_CP032749.1,4,3,3,0
NZ_CP032750.1,2,1,0,1
NZ_CP119405.1,8,12,10,2
NZ_CP089149.1,5,3,3,0
NZ_AP022346.1,1,0,0,0
NZ_CP082232.1,8,8,8,0
NZ_CP082233.1,3,3,2,1
NZ_CP058788.1,4,6,4,2
NZ_CP058789.1,3,6,4,2
NC_017543.1,2,5,2,3
NZ_CP048467.1,1,2,2,0
NZ_CP048466.1,3,5,3,2
NZ_CP143420.1,1,1,1,0
NZ_CP143419.1,2,1,0,1
NZ_CP039519.1,7,6,4,2
NZ_CP129870.1,15,15,12,3
NZ_CP047167.1,1,7,1,6
NZ_CP047168.1,5,10,4,6
NZ_CP047169.1,1,5,3,2
NZ_CP047170.1,2,4,2,2
NZ_CP070512.1,1,1,1,0
NZ_CP035916.1,21,21,16,5
NZ_CP110250.1,1,1,0,1
NZ_CP110252.1,4,15,7,8
NZ_CP027659.1,14,17,9,8
NZ_CP027660.1,16,20,12,8
NZ_CP068167.1,1,2,0,2
NZ_CP039730.1,8,6,6,0
NZ_CP056156.1,6,5,4,1
NZ_CP056157.1,15,15,13,2
NZ_CP117339.1,9,8,7,1
NZ_CP065753.1,8,8,7,1
NZ_CP065247.1,1,2,0,2
NZ_CP056426.1,26,28,20,8
NZ_CP056427.1,9,10,5,5
NZ_CP056430.1,1,0,0,0
NZ_CP047615.1,4,5,4,1
NZ_CP008824.1,41,47,29,18
NZ_CP008826.1,6,1,1,0
NZ_CP008825.1,28,24,21,3
NZ_AP024765.1,2,0,0,0
NZ_AP024764.1,19,18,10,8
NZ_LR135204.1,29,29,20,9
NZ_LR135205.1,1,1,1,0
NZ_LR135206.1,12,10,8,2
NZ_LR135207.1,2,3,2,1
NZ_CP047312.1,14,11,6,5
NZ_CP047313.1,18,18,15,3
NZ_CP047314.1,5,4,0,4
NZ_CP032632.1,5,7,5,2
NZ_CP125782.1,5,6,5,1
NZ_CP072148.1,39,48,18,30
NZ_CP072150.1,11,17,9,8
NZ_AP025823.1,3,2,2,0
NZ_AP025822.1,22,24,19,5
NZ_CP126167.1,4,4,3,1
NZ_CP090127.1,4,3,2,1
NZ_CP090128.1,5,4,2,2
NZ_CP090129.1,5,5,5,0
NZ_CP090130.1,6,6,5,1
NZ_CP090132.1,1,1,1,0
NZ_CP123369.1,19,20,12,8
NZ_CP123370.1,5,3,3,0
NZ_CP123371.1,4,3,1,2
NZ_CP123372.1,1,1,1,0
NZ_CP043273.1,10,13,6,7
NZ_CP043272.1,2,0,0,0
NZ_CP066367.1,11,10,9,1
NZ_CP053815.1,2,2,2,0
NZ_CP113829.1,6,4,2,2
NZ_CP113830.1,1,1,0,1
NZ_CP069564.1,3,1,1,0
NZ_CP022688.1,1,8,1,7
NZ_CP028798.2,1,2,2,0
NZ_CP095122.1,5,8,4,4
NZ_CP095123.1,5,6,1,5
NZ_CP095124.1,1,3,1,2
NZ_CP103646.1,25,27,17,10
NZ_CP103647.1,2,2,2,0
NZ_CP026930.2,21,20,12,8
NZ_CP135470.1,16,15,13,2
NZ_CP135472.1,9,8,7,1
NZ_CP024156.1,1,1,1,0
NZ_CP024157.1,6,6,4,2
NZ_CP024158.1,16,19,14,5
NZ_AP025501.1,12,14,10,4
NZ_CP045752.1,3,4,4,0
NZ_CP022502.1,8,9,4,5
NZ_CP045248.1,2,3,2,1
NZ_CP045249.1,22,22,17,5
NZ_CP045251.1,7,4,4,0
NZ_CP045705.1,9,9,5,4
NZ_CP027485.1,11,13,6,7
NZ_CP132610.1,16,25,12,13
NZ_CP132611.1,4,2,0,2
NZ_CP132612.1,13,17,14,3
NZ_CP056574.1,15,8,7,1
NZ_CP056575.1,21,16,14,2
NZ_CP056576.1,5,2,2,0
NZ_CP082034.1,14,16,14,2
NZ_CP098230.1,12,15,12,3
NZ_CP129210.1,3,5,2,3
NZ_CP070089.1,11,14,11,3
NZ_CP116550.1,26,29,19,10
NZ_CP116551.1,2,3,2,1
NZ_CP116552.1,8,8,7,1
NZ_CP121484.1,1,1,0,1
NZ_CP091493.1,36,29,27,2
NZ_CP091494.1,23,15,14,1
NZ_CP091495.1,1,1,1,0
NZ_CP118266.1,12,10,4,6
NZ_CP038508.1,28,38,19,19
NZ_CP010737.1,1,5,1,4
NZ_CP010740.1,3,4,3,1
NZ_CP062942.1,3,3,2,1
NC_011994.1,1,0,0,0
NC_011990.1,3,2,2,0
NC_011987.1,14,11,4,7
NZ_CP119148.1,1,1,1,0
NZ_CP091840.1,13,14,11,3
NZ_CP023850.1,13,14,10,4
NZ_CP023851.1,1,1,1,0
NZ_CP120684.1,4,0,0,0
NZ_CP018687.1,9,11,10,1
NZ_CP018689.1,8,6,5,1
NZ_CP018690.1,4,2,2,0
NZ_CP018691.1,10,11,5,6
NZ_CP064344.1,30,36,27,9
NZ_CP064345.1,6,4,3,1
NZ_CP064346.1,8,7,6,1
NZ_CP064347.1,5,3,3,0
NZ_CP014096.2,1,1,0,1
NZ_CP014097.2,1,0,0,0
NZ_CP014100.1,1,0,0,0
NZ_CP014101.1,1,0,0,0
NZ_AP022340.1,4,4,1,3
NZ_AP022338.1,5,9,2,7
NZ_CP068140.1,16,18,11,7
NZ_CP011573.1,5,2,2,0
NZ_CP087601.1,15,24,17,7
NZ_CP087602.1,1,2,2,0
NZ_CP087603.1,2,4,4,0
NZ_CP087604.1,3,3,2,1
NZ_CP087605.1,3,5,3,2
NZ_CP015608.1,1,1,0,1
NZ_CP132050.1,12,11,9,2
NZ_CP132049.1,20,27,15,12
NZ_CP132051.1,8,8,7,1
NZ_CP023210.1,12,9,8,1
NZ_CP014972.2,1,2,1,1
NZ_CP014973.1,3,3,2,1
NC_015178.1,38,47,31,16
NC_015187.1,6,2,2,0
NC_015179.1,8,9,2,7
NC_015188.1,8,5,4,1
NC_015181.1,2,0,0,0
NZ_CP080337.1,16,13,7,6
NZ_CP080338.1,7,8,5,3
NZ_CP080339.1,15,12,11,1
NZ_CP080341.1,8,11,6,5
NZ_CP080342.1,3,2,2,0
NZ_CP080344.1,1,2,0,2
NZ_CP026809.1,55,81,42,39
NZ_CP063981.1,2,3,2,1
NZ_CP015507.1,10,6,4,2
NZ_CP104280.1,15,14,10,4
NZ_CP074355.1,9,8,7,1
NZ_CP049283.1,2,3,2,1
NZ_CP049282.1,48,79,48,31
NZ_CP049284.1,1,0,0,0
NZ_CP082229.1,2,2,2,0
NZ_CP047632.1,3,3,2,1
NZ_CP047631.1,3,4,1,3
NZ_CP075698.1,18,15,8,7
NZ_CP075699.1,4,2,1,1
NZ_CP075700.1,5,4,2,2
NZ_CP075701.1,1,1,1,0
NZ_CP096232.1,8,9,7,2
NZ_CP096231.1,17,24,11,13
NZ_CP120721.1,1,2,1,1
NZ_CP079139.1,25,28,17,11
NZ_CP079140.1,23,24,14,10
NZ_CP079141.1,1,0,0,0
NZ_CP034178.1,3,3,3,0
NZ_CP038343.1,2,6,3,3
NZ_CP010870.1,12,10,4,6
NZ_CP010871.1,8,6,3,3
NZ_CP010872.1,5,3,3,0
NZ_CP040091.1,6,8,5,3
NZ_CP040092.1,7,13,9,4
NZ_CP090193.1,2,1,0,1
NZ_CP090194.1,5,3,3,0
NZ_CP143634.1,13,10,6,4
NZ_CP035120.1,2,3,0,3
NZ_CP040675.1,2,4,1,3
NZ_CP059387.1,4,6,4,2
NZ_CP090835.1,13,13,12,1
NZ_CP014703.1,3,11,0,11
NZ_AP025791.1,23,24,19,5
NZ_CP069711.1,29,32,20,12
NZ_CP035567.1,9,11,4,7
NZ_CP035568.1,6,6,3,3
NZ_CP035569.1,13,9,6,3
NZ_CP013221.1,8,5,3,2
NZ_LR890324.1,21,28,21,7
NZ_LR890325.1,22,23,14,9
NZ_CP098026.1,4,4,3,1
NZ_CP098027.1,3,5,2,3
NZ_CP098028.1,7,7,7,0
NZ_CP098029.1,2,2,2,0
NZ_CP063290.1,9,7,4,3
NZ_CP063291.1,4,5,3,2
NZ_CP124627.1,1,1,1,0
NZ_CP064675.1,9,5,3,2
NZ_CP064676.1,3,2,2,0
NZ_CP069816.1,5,10,5,5
NZ_CP132692.1,30,33,28,5
NZ_CP132693.1,15,15,14,1
NZ_AP018687.1,5,2,1,1
NZ_AP018688.1,12,10,5,5
NZ_CP100479.1,7,6,6,0
NZ_CP100481.1,5,4,4,0
NC_015169.1,5,0,0,0
NC_015162.1,5,6,2,4
NC_015170.1,3,1,0,1
NC_015163.1,19,23,18,5
NZ_CP025441.1,11,9,8,1
NZ_CP041234.1,3,6,3,3
NZ_CP032524.1,8,9,6,3
NZ_CP032525.1,1,2,0,2
NZ_CP072866.1,1,2,1,1
NZ_CP072869.1,20,21,8,13
NZ_CP072870.1,1,1,0,1
NZ_CP049242.1,8,7,2,5
NZ_CP049243.1,1,1,1,0
NZ_CP049244.1,13,21,8,13
NZ_CP049245.1,11,17,8,9
NC_009507.1,10,5,4,1
NC_009508.1,36,35,22,13
NZ_CP096723.1,3,5,2,3
NZ_CP085168.1,15,20,10,10
NZ_CP085169.1,14,16,8,8
NZ_CP085170.1,2,2,0,2
NZ_CP092754.1,13,27,21,6
NZ_CP092755.1,7,6,4,2
NZ_CP092757.1,1,2,2,0
NZ_CP092758.1,2,0,0,0
NZ_CP029910.1,15,14,13,1
NZ_CP025945.2,3,3,3,0
NZ_CP025946.1,1,1,1,0
NZ_CP025944.3,14,19,13,6
NZ_CP025948.1,5,4,4,0
NZ_CP025949.1,4,5,5,0
NZ_CP015530.1,5,4,4,0
NZ_CP010853.1,4,10,5,5
NZ_CP093374.1,19,36,16,20
NZ_CP014284.1,20,18,16,2
NZ_CP014283.1,18,26,22,4
NZ_CP022042.2,3,3,2,1
NZ_CP022055.1,3,1,0,1
NZ_CP066079.1,5,2,2,0
NZ_CP066080.1,2,2,1,1
NZ_CP066082.1,3,2,1,1
NZ_CP094382.1,4,4,2,2
NC_017169.1,8,7,4,3
NC_017170.1,2,1,0,1
NZ_CP122931.1,7,6,6,0
NZ_CP122932.1,10,12,8,4
NZ_CP122935.1,2,2,0,2
NZ_CP094934.1,2,2,2,0
NZ_CP094935.1,3,1,1,0
NZ_CP094936.1,2,1,1,0
NZ_CP094937.1,1,0,0,0
NZ_CP094939.1,1,0,0,0
NZ_CP043050.1,2,2,2,0
NZ_CP043048.1,15,10,3,7
NZ_CP043049.1,20,24,17,7
NZ_CP123524.1,86,83,23,60
NZ_CP123525.1,33,31,7,24
NZ_CP123526.1,34,23,10,13
NZ_CP123527.1,17,13,3,10
NZ_CP123528.1,12,13,4,9
NZ_CP123529.1,15,11,1,10
NZ_CP123530.1,2,2,1,1
NZ_CP123531.1,20,16,5,11
NZ_CP123533.1,1,2,0,2
NZ_CP123535.1,5,3,1,2
NZ_CP123537.1,4,2,1,1
NZ_CP123540.1,1,1,0,1
NZ_CP123541.1,1,1,1,0
NZ_CP123542.1,1,0,0,0
NZ_CP033859.1,2,1,1,0
NZ_CP012803.1,2,6,3,3
NZ_CP086920.1,1,1,1,0
NZ_CP086921.1,1,0,0,0
NZ_CP086922.1,29,22,10,12
NZ_CP086923.1,8,9,7,2
NZ_CP086924.1,5,4,2,2
NZ_CP086925.1,1,0,0,0
NZ_CP086926.1,1,1,1,0
NZ_CP086927.1,1,0,0,0
NZ_CP086928.1,4,5,4,1
NZ_CP086929.1,2,0,0,0
NZ_CP120366.1,50,68,36,32
NZ_CP120364.1,4,6,2,4
NZ_CP091821.1,1,3,0,3
NZ_CP061958.1,11,11,8,3
NZ_CP061960.1,21,20,18,2
NZ_CP018708.1,8,11,10,1
NZ_CP018710.1,8,8,7,1
NZ_CP018712.1,4,2,2,0
NZ_CP018711.1,10,12,8,4
NZ_CP027603.1,56,62,43,19
NZ_CP090213.1,20,28,18,10
NZ_CP090214.1,13,12,9,3
NZ_CP090215.1,6,7,7,0
NZ_CP084378.1,4,6,5,1
NZ_CP050751.1,17,20,16,4
NZ_CP118011.1,2,0,0,0
NZ_CP084027.1,22,32,16,16
NZ_CP028177.1,5,5,4,1
NZ_CP028178.1,10,11,7,4
NZ_CP028179.1,8,8,6,2
NZ_CP122644.1,6,7,5,2
NZ_CP122645.1,13,16,14,2
NZ_CP122646.1,5,5,3,2
NZ_CP122647.1,7,13,2,11
NZ_CP092352.1,15,17,7,10
NZ_CP092354.1,1,0,0,0
NZ_CP092351.1,7,6,1,5
NZ_CP092353.1,26,38,13,25
NZ_CP092347.1,7,13,5,8
NZ_CP092355.1,5,4,2,2
NZ_CP128206.1,7,14,8,6
NZ_CP130711.1,14,17,10,7
NZ_CP130712.1,1,1,0,1
NZ_CP050314.1,8,11,3,8
NZ_CP050315.1,1,1,1,0
NZ_CP072063.1,1,3,0,3
NZ_CP072062.1,17,18,15,3
NZ_CP019483.1,10,18,9,9
NZ_CP019484.1,1,1,1,0
NZ_CP132948.1,9,17,9,8
NZ_CP062783.1,5,7,3,4
NZ_CP053949.1,5,12,5,7
NZ_CP053950.1,17,14,9,5
NZ_CP104596.1,21,20,15,5
NZ_CP059442.1,6,3,3,0
NZ_CP088105.1,1,0,0,0
NZ_CP088106.1,6,7,3,4
NZ_CP088107.1,5,5,5,0
NZ_CP088108.1,18,48,28,20
NZ_CP069979.1,3,9,4,5
NZ_CP045256.1,3,5,4,1
NZ_CP087125.1,3,1,0,1
NZ_CP054215.1,13,14,13,1
NZ_CP054216.1,4,3,1,2
NZ_CP027173.1,2,1,1,0
NZ_CP047923.1,3,1,1,0
NZ_CP107448.1,19,23,19,4
NZ_CP107449.1,16,16,14,2
NZ_CP042628.1,13,15,11,4
NZ_CP042629.1,8,21,7,14
NZ_CP042630.1,8,25,14,11
NZ_CP042631.1,7,13,5,8
NZ_CP042633.1,6,13,8,5
NZ_CP042634.1,2,4,2,2
NZ_CP040895.1,12,13,9,4
NZ_CP040891.1,1,2,0,2
NZ_CP040888.1,26,31,25,6
NZ_CP040894.1,7,6,5,1
NZ_CP040892.1,2,3,2,1
NZ_CP024917.1,9,9,5,4
NZ_CP024918.1,2,2,2,0
NZ_CP069298.1,1,1,1,0
NZ_AP019631.1,5,12,8,4
NZ_CP013415.1,22,26,13,13
NZ_CP065985.1,2,1,1,0
NZ_CP065986.1,5,6,2,4
NZ_CP065987.1,1,1,1,0
NZ_CP040308.1,8,8,4,4
NZ_CP017355.1,6,10,6,4
NZ_CP017356.1,4,5,4,1
NZ_CP017357.1,5,7,4,3
NZ_CP017358.1,1,1,0,1
NZ_CP017359.1,2,2,1,1
NZ_CP017362.1,2,1,0,1
NZ_CP046456.1,4,5,0,5
NZ_CP045264.1,20,20,19,1
NZ_CP021933.1,3,1,0,1
NZ_CP027391.1,23,25,11,14
NZ_CP123019.1,9,12,9,3
NZ_CP123020.1,1,1,1,0
NZ_CP014386.1,3,5,3,2
NZ_CP041052.1,12,11,8,3
NZ_CP041053.1,4,4,3,1
NZ_CP053303.1,1,1,0,1
NZ_CP053316.1,6,4,3,1
NZ_CP046704.1,10,11,5,6
NZ_CP046705.1,28,24,17,7
NZ_CP046706.1,4,8,1,7
NZ_CP046708.1,6,1,0,1
NZ_CP046709.1,3,2,0,2
NZ_CP046710.1,2,1,1,0
NZ_CP046715.1,1,0,0,0
NZ_CP046001.1,14,18,17,1
NZ_CP046002.1,10,8,6,2
NZ_CP041434.1,4,4,2,2
NZ_CP034820.1,10,10,6,4
NZ_CP034821.1,4,4,3,1
NZ_CP056587.1,26,25,21,4
NZ_CP056588.1,4,3,3,0
NZ_CP056589.1,7,5,5,0
NZ_CP056590.1,1,0,0,0
NZ_CP107514.1,20,24,20,4
NZ_CP107515.1,16,16,14,2
NZ_CP044390.1,9,14,10,4
NZ_CP044391.1,3,6,5,1
NZ_CP035132.1,1,2,1,1
NZ_CP035135.1,10,7,4,3
NZ_CP012496.1,7,11,5,6
NZ_CP012495.1,6,9,0,9
NZ_CP018122.1,10,12,9,3
NZ_CP018124.1,5,5,3,2
NZ_CP018123.1,12,15,12,3
NZ_CP049937.1,12,17,12,5
NZ_LR135444.1,45,53,41,12
NZ_LR135445.1,2,2,1,1
NZ_LR135446.1,7,9,6,3
NZ_LR135447.1,2,3,1,2
NZ_LR135448.1,8,7,7,0
NZ_LR135449.1,2,2,2,0
NZ_LR135450.1,2,2,1,1
NZ_CP042409.1,9,17,10,7
NZ_AP024577.1,22,26,20,6
NZ_AP024578.1,7,7,4,3
NZ_CP069947.1,13,14,11,3
NZ_CP069948.1,6,5,5,0
NZ_CP060964.1,15,22,15,7
NZ_CP060965.1,2,2,0,2
NZ_CP060966.1,5,5,4,1
NZ_CP060967.1,1,1,1,0
NZ_CP126929.1,17,26,14,12
NZ_CP035308.1,3,3,2,1
NZ_CP012732.1,1,1,1,0
NZ_CP012734.1,3,4,2,2
NZ_CP012736.1,1,1,1,0
NZ_CP026954.1,1,1,1,0
NZ_CP081907.1,3,2,1,1
NZ_CP018969.1,12,10,10,0
NZ_CP018968.1,4,4,2,2
NZ_CP050707.1,12,13,9,4
NZ_CP050708.1,4,5,3,2
NZ_CP124742.1,7,7,4,3
NZ_CP124741.1,9,10,6,4
NZ_CP124743.1,3,9,4,5
NZ_CP031608.1,2,4,2,2
NC_017630.1,10,12,6,6
NZ_CP044969.1,3,3,2,1
NZ_CP044968.1,13,13,11,2
NZ_CP050259.1,1,2,1,1
NZ_CP027764.1,9,12,3,9
NZ_CP070578.1,11,7,4,3
NZ_CP070577.1,14,16,11,5
NZ_CP070576.1,13,8,5,3
NZ_CP129752.1,8,7,6,1
NZ_CP129754.1,8,9,8,1
NZ_CP129753.1,6,7,4,3
NZ_CP028602.1,6,8,6,2
NZ_CP045675.1,21,23,12,11
NZ_CP045676.1,12,12,9,3
NZ_CP045677.1,2,1,1,0
NZ_CP045678.1,15,10,6,4
NZ_CP143910.1,7,6,3,3
NZ_CP143911.1,12,13,10,3
NZ_CP143912.1,7,6,6,0
NZ_CP143913.1,2,3,2,1
NZ_CP042833.1,15,24,20,4
NZ_LR890300.1,19,20,16,4
NZ_LR890301.1,3,3,2,1
NZ_LR890302.1,4,4,4,0
NZ_CP009491.1,3,10,2,8
NZ_CP009490.1,4,8,4,4
NZ_CP009489.1,2,2,0,2
NZ_CP056270.1,36,31,26,5
NZ_CP056271.1,13,13,10,3
NZ_CP056272.1,6,6,5,1
NZ_LT963396.1,4,3,2,1
NZ_LT963397.1,11,8,2,6
NZ_LT963398.1,7,8,3,5
NZ_LT963399.1,10,9,2,7
NZ_LT963400.1,5,4,1,3
NZ_LT963401.1,2,2,0,2
NZ_CP022495.1,9,7,7,0
NZ_CP102688.1,25,31,24,7
NZ_CP102689.1,5,4,4,0
NZ_CP102690.1,7,7,4,3
NZ_CP117349.1,19,17,15,2
NZ_CP117350.1,1,2,0,2
NZ_CP015787.1,1,0,0,0
NZ_CP015791.1,1,2,1,1
NZ_CP083351.1,9,10,6,4
NZ_CP070974.1,9,11,7,4
NZ_LS998786.1,16,15,7,8
NZ_LS998787.1,3,4,3,1
NZ_CP030314.1,14,20,12,8
NZ_CP077961.1,1,2,2,0
NZ_CP082834.1,1,1,1,0
NZ_CP024148.1,1,1,1,0
NZ_CP024149.1,1,1,1,0
NZ_CP024150.1,7,16,6,10
NZ_CP024151.1,7,12,4,8
NZ_CP024152.1,1,1,0,1
NZ_CP024153.1,14,24,16,8
NZ_CP024154.1,2,2,1,1
NZ_CP041262.2,32,35,26,9
NZ_CP041263.2,4,3,3,0
NZ_CP041264.2,6,4,3,1
NZ_CP041269.2,11,9,8,1
NZ_CP035505.1,5,6,5,1
NZ_CP009758.1,3,14,3,11
NZ_CP077616.1,6,2,0,2
NZ_CP077617.1,4,2,2,0
NZ_CP055885.1,2,2,2,0
NZ_CP055884.1,15,16,13,3
NZ_CP053591.1,2,1,1,0
NZ_CP031786.1,10,13,10,3
NZ_CP018764.1,1,0,0,0
NZ_CP018765.1,8,12,6,6
NZ_CP032168.1,8,7,7,0
NZ_CP032169.1,25,27,20,7
NZ_CP032170.1,2,2,2,0
NZ_CP032171.1,6,6,4,2
NZ_CP072155.1,11,17,9,8
NZ_CP072153.1,40,48,18,30
NZ_CP129373.1,5,4,4,0
NZ_CP020984.2,2,4,2,2
NZ_CP097845.1,13,6,6,0
NZ_CP050991.1,1,0,0,0
NZ_CP084587.1,4,6,5,1
NZ_CP084588.1,3,1,1,0
NZ_CP072985.1,2,3,3,0
NZ_CP130954.1,5,6,3,3
NZ_CP130955.1,2,1,0,1
NZ_CP130956.1,33,45,31,14
NZ_CP014572.1,8,9,7,2
NZ_CP014573.1,1,1,1,0
NZ_CP038854.1,1,1,1,0
NZ_CP038855.1,1,1,1,0
NZ_AP025800.1,22,24,19,5
NZ_OV024758.1,19,20,14,6
NZ_OV024759.1,3,1,1,0
NZ_OV024760.1,4,6,5,1
NZ_CP078522.1,5,5,5,0
NZ_CP075724.1,19,22,12,10
NZ_CP075723.1,1,0,0,0
NZ_CP075725.1,8,5,5,0
NZ_CP102104.1,24,22,16,6
NZ_CP102105.1,32,27,19,8
NZ_CP102106.1,12,10,5,5
NZ_CP102107.1,3,1,0,1
NZ_FO681495.1,4,4,2,2
NZ_FO681497.1,7,6,4,2
NZ_CP024270.1,1,0,0,0
NZ_CP024272.1,27,36,15,21
NZ_CP029493.1,32,44,35,9
NZ_OW968012.1,10,13,8,5
NZ_OW968013.1,4,4,4,0
NZ_CP028389.3,13,12,9,3
NZ_CP028390.2,12,20,9,11
NZ_CP089510.1,10,19,9,10
NZ_CP089511.1,9,11,8,3
NZ_CP089512.1,3,4,3,1
NZ_CP138816.1,46,55,35,20
NZ_CP138817.1,3,3,2,1
NZ_CP138818.1,4,7,5,2
NZ_CP138819.1,1,1,1,0
NZ_CP138821.1,1,1,0,1
NZ_CP138822.1,1,0,0,0
NZ_CP091598.1,7,5,4,1
NZ_CP091595.1,4,4,4,0
NZ_CP099305.1,12,14,14,0
NZ_CP065510.1,5,9,5,4
NZ_CP132674.1,26,29,23,6
NZ_LR027872.1,4,4,4,0
NZ_CP117056.1,4,4,3,1
NZ_CP065468.1,3,4,2,2
NZ_CP065469.1,2,2,0,2
NZ_CP065470.1,11,16,10,6
NZ_CP065471.1,2,1,0,1
NZ_CP065472.1,2,2,1,1
NZ_CP011979.1,4,2,2,0
NZ_CP011977.1,22,24,14,10
NZ_CP011978.1,5,1,1,0
NZ_AP025512.1,16,31,13,18
NZ_AP025513.1,6,7,5,2
NZ_CP085077.1,3,6,2,4
NZ_CP085076.1,13,19,11,8
NZ_CP085075.1,16,18,14,4
NZ_CP028694.1,1,6,3,3
NC_014544.1,6,2,0,2
NZ_CP089960.1,15,16,12,4
NZ_CP089961.1,14,15,11,4
NZ_CP116562.1,7,7,5,2
NZ_CP116563.1,1,0,0,0
NZ_AP022432.1,19,17,14,3
NZ_AP022433.1,8,9,8,1
NZ_AP022434.1,11,13,11,2
NZ_AP022435.1,9,9,4,5
NZ_AP022436.1,4,3,3,0
NZ_AP022437.1,1,0,0,0
NZ_CP032516.1,11,16,12,4
NZ_CP051870.1,2,3,3,0
NZ_CP051872.1,1,1,1,0
NZ_CP034785.1,16,20,14,6
NZ_CP034786.1,22,34,23,11
NZ_CP082921.1,1,1,1,0
NZ_CP084853.1,20,23,19,4
NZ_LR890680.1,25,32,22,10
NZ_LR890681.1,7,7,2,5
NZ_CP103229.1,4,1,1,0
NZ_CP138856.1,3,5,3,2
NZ_CP099486.1,7,9,5,4
NZ_CP099487.1,2,0,0,0
NZ_CP012056.1,5,8,5,3
NZ_CP047122.1,8,5,3,2
NZ_CP047123.1,6,6,3,3
NZ_CP047124.1,4,4,4,0
NZ_CP026081.1,3,0,0,0
NZ_CP119529.1,6,6,5,1
NZ_CP133451.1,3,5,5,0
NZ_CP049149.1,2,2,1,1
NC_016905.1,5,7,3,4
NZ_CP097343.1,31,25,22,3
NZ_CP097344.1,9,9,7,2
NZ_CP097345.1,4,4,4,0
NZ_CP097346.1,2,3,3,0
NZ_CP059315.1,8,2,2,0
NZ_CP059314.1,10,13,10,3
NZ_CP050386.1,25,32,20,12
NZ_CP097292.1,5,8,3,5
NZ_CP054625.1,1,1,0,1
NZ_CP009026.1,2,3,2,1
NZ_CP009027.1,3,3,2,1
NZ_CP045130.1,2,2,1,1
NZ_CP020109.1,15,18,12,6
NZ_CP020110.1,18,12,9,3
NZ_CP020111.1,2,2,2,0
NZ_CP020112.1,2,1,0,1
NZ_CP011314.1,30,42,33,9
NZ_CP011316.1,1,1,0,1
NZ_AP023434.1,7,8,6,2
NZ_AP023435.1,9,15,7,8
NZ_AP023436.1,3,3,1,2
NZ_CP034480.1,3,5,2,3
NZ_LR135175.1,21,24,19,5
NZ_LR135176.1,2,2,2,0
NZ_LR135177.1,5,3,3,0
NZ_CP020333.1,2,2,2,0
NZ_CP020332.1,16,19,12,7
NZ_CP020331.1,6,11,6,5
NZ_CP043881.1,3,2,1,1
NZ_CP043882.1,6,5,2,3
NZ_CP043883.1,5,4,2,2
NZ_CP078136.1,10,16,5,11
NZ_CP008999.1,3,4,2,2
NZ_CP009000.1,3,2,0,2
NZ_CP038356.1,11,9,6,3
NZ_CP017645.1,2,0,0,0
NZ_CP121498.1,1,1,1,0
NZ_CP121500.1,1,1,0,1
NZ_CP094804.1,3,2,2,0
NZ_CP094805.1,1,2,1,1
NZ_CP046594.1,6,5,3,2
NZ_CP102918.1,7,6,6,0
NZ_CP019231.1,1,2,0,2
NZ_CP019232.1,2,2,1,1
NZ_CP019235.1,19,32,23,9
NZ_CP130336.1,33,26,19,7
NZ_CP130337.1,3,1,1,0
NZ_CP130338.1,1,0,0,0
NZ_CP133754.1,9,4,1,3
NZ_CP050048.1,2,6,0,6
NZ_CP050049.1,6,7,6,1
NZ_CP050051.1,1,1,0,1
NZ_CP073628.1,28,35,26,9
NZ_CP069590.1,13,12,10,2
NZ_CP006855.1,2,4,2,2
NZ_CP006856.1,3,3,2,1
NZ_CP126759.1,8,8,7,1
NZ_CP126758.1,7,6,5,1
NZ_CP126760.1,4,4,4,0
NZ_CP133080.1,1,0,0,0
NZ_CP133081.1,2,2,2,0
NZ_CP021709.1,15,10,8,2
NZ_CP021710.1,25,26,17,9
NZ_CP021711.1,8,3,3,0
NZ_CP021712.1,9,14,7,7
NZ_CP140421.1,3,3,3,0
NZ_CP140422.1,1,1,0,1
NC_020535.1,2,4,4,0
NZ_CP019329.1,11,11,7,4
NZ_CP021332.1,1,1,1,0
NZ_CP087273.1,11,13,8,5
NZ_CP087274.1,4,3,2,1
NZ_CP087275.1,13,15,10,5
NZ_CP009116.1,12,16,8,8
NZ_CP009115.1,7,10,7,3
NZ_ON511089.1,6,7,1,6
NZ_CP068725.1,12,9,6,3
NZ_CP028836.1,4,6,2,4
NZ_CP028837.1,2,2,2,0
NZ_CP028839.1,3,3,2,1
NZ_CP028840.1,1,0,0,0
NZ_CP019073.1,4,5,4,1
NZ_CP019074.1,14,14,12,2
NZ_CP019076.1,11,16,10,6
NZ_CP047577.1,16,22,16,6
NZ_CP047578.1,14,13,8,5
NZ_CP047580.1,2,0,0,0
NZ_CP026335.1,1,1,1,0
NZ_CP076854.1,15,29,14,15
NZ_CP076855.1,4,8,4,4
NZ_CP079773.1,2,3,2,1
NZ_CP079774.1,4,6,4,2
NZ_CP014361.1,12,13,7,6
NZ_CP006799.1,23,26,16,10
NZ_CP006800.1,8,9,7,2
NZ_CP006801.1,10,13,6,7
NZ_CP068202.1,29,45,29,16
NZ_CP068203.1,3,6,3,3
NZ_CP068205.1,23,30,21,9
NZ_CP068207.1,19,12,10,2
NZ_CP068208.1,2,4,3,1
NZ_CP133287.1,10,12,8,4
NZ_CP070441.1,16,17,14,3
NZ_CP070442.1,5,4,4,0
NZ_CP087017.1,1,0,0,0
NZ_CP087018.1,8,9,7,2
NZ_CP087019.1,1,0,0,0
NZ_CP087020.1,16,13,8,5
NZ_CP087021.1,2,1,1,0
NZ_CP087022.1,4,4,2,2
NZ_CP087024.1,2,0,0,0
NZ_CP022091.1,3,3,3,0
NZ_CP022092.1,4,4,4,0
NZ_CP022094.1,5,6,6,0
NZ_CP045607.2,10,15,11,4
NZ_CP045608.2,8,10,6,4
NC_008122.1,5,17,4,13
NC_008120.1,9,8,4,4
NC_008121.1,2,1,0,1
NZ_CP049853.1,14,18,11,7
NZ_CP043507.1,9,13,7,6
NZ_CP043508.1,9,10,6,4
NZ_CP021082.1,13,12,11,1
NZ_CP021083.1,1,2,1,1
NZ_CP021084.1,3,4,3,1
NZ_CP134198.1,31,50,21,29
NZ_CP051549.1,6,4,3,1
NZ_CP094790.1,1,4,3,1
NZ_CP068611.1,2,1,0,1
NZ_CP068612.1,2,1,1,0
NZ_CP068613.1,19,13,7,6
NZ_CP130719.1,18,26,15,11
NZ_CP055107.1,23,24,19,5
NZ_CP055108.1,14,18,14,4
NZ_CP134359.1,7,6,4,2
NZ_CP135263.1,4,5,4,1
NZ_CP135266.1,1,0,0,0
NZ_CP135262.1,27,28,16,12
NZ_CP101391.1,17,18,13,5
NZ_CP082843.1,9,6,4,2
NZ_CP018448.1,16,21,12,9
NZ_CP018449.1,6,6,5,1
NZ_CP016860.1,2,3,3,0
NZ_CP073678.1,78,95,55,40
NZ_JABRWL010000001.1,18,12,8,4
NZ_JABRWL010000002.1,3,3,2,1
NZ_JABRWL010000003.1,22,27,15,12
NZ_JABRWL010000004.1,2,1,1,0
NZ_CP104122.1,4,3,3,0
NZ_CP028784.1,15,16,11,5
NZ_CP028786.2,5,5,5,0
NZ_CP017467.1,3,3,2,1
NZ_CP020716.1,3,1,1,0
NZ_CP020717.1,2,2,1,1
NZ_CP087291.1,15,20,12,8
NZ_CP091900.1,6,6,5,1
NZ_CP081213.1,1,2,0,2
NZ_CP090994.1,2,5,2,3
NZ_CP090995.1,2,2,2,0
NZ_CP054022.1,4,8,3,5
NZ_CP054024.1,2,10,1,9
NZ_CP006761.1,4,11,2,9
NZ_CP006760.1,8,9,6,3
NZ_CP049829.1,8,23,11,12
NZ_CP116893.1,5,10,5,5
NZ_CP069301.1,2,2,1,1
NZ_CP029926.1,15,14,13,1
NZ_CP097717.1,14,23,8,15
NZ_CP092564.1,1,0,0,0
NZ_CP104765.1,13,12,8,4
NZ_CP063457.1,9,6,4,2
NZ_CP089308.1,7,8,6,2
NZ_CP134218.1,7,9,5,4
NZ_CP134219.1,1,2,2,0
NZ_CP077650.1,10,35,9,26
NC_011667.1,7,2,1,1
NC_008496.1,11,5,5,0
NZ_CP088082.1,16,10,5,5
NZ_CP136705.1,1,4,0,4
NZ_CP136707.1,20,36,17,19
NZ_CP040696.1,30,25,20,5
NZ_CP040697.1,7,9,6,3
NZ_CP071024.1,27,27,21,6
NZ_CP044973.1,6,4,2,2
NZ_CP044974.1,14,14,7,7
NZ_CP135234.1,18,18,16,2
NZ_CP044118.1,8,3,3,0
NZ_CP038205.1,14,13,9,4
NZ_CP038206.1,32,39,26,13
NZ_CP115899.1,2,1,1,0
NZ_CP115898.1,12,21,17,4
NZ_CP115897.1,1,2,1,1
NZ_CP115896.1,2,1,1,0
NZ_CP096703.1,1,1,0,1
NZ_AP023416.1,7,2,0,2
NZ_CP045400.1,5,7,4,3
NZ_CP045401.1,5,7,4,3
NZ_CP141049.1,193,205,137,68
NZ_CP141050.1,55,59,27,32
NZ_CP134734.1,1,2,1,1
NZ_CP134735.1,3,2,0,2
NZ_CP104298.1,3,4,4,0
NZ_CP104299.1,2,2,1,1
NZ_CP053043.1,17,18,10,8
NZ_AP027247.1,7,14,4,10
NZ_CP109587.1,15,22,8,14
NZ_CP109588.1,5,3,2,1
NZ_CP039210.1,72,90,44,46
NZ_CP039211.1,14,14,9,5
NZ_CP039212.1,8,8,5,3
NZ_CP039213.1,14,13,4,9
NC_011664.1,9,8,7,1
NC_011668.1,2,0,0,0
NC_011665.1,3,1,1,0
NC_008503.1,2,2,2,0
NC_008505.1,8,11,10,1
NC_008506.1,5,7,7,0
NZ_CP106907.1,11,15,13,2
NZ_CP106908.1,19,23,16,7
NZ_CP106909.1,10,8,6,2
NZ_CP106910.1,5,4,4,0
NZ_CP110055.1,9,9,7,2
NZ_CP110056.1,1,1,1,0
NZ_AP025868.1,26,29,23,6
NZ_AP022342.1,29,40,32,8
NZ_AP022343.1,8,8,6,2
NZ_CP122402.1,6,6,5,1
NZ_CP083810.1,11,13,10,3
NZ_CP083811.1,1,1,1,0
NZ_CP138503.1,5,8,4,4
NZ_CP138505.1,1,1,0,1
NZ_CP133364.1,2,1,0,1
NZ_CP133365.1,3,1,1,0
NZ_CP133366.1,2,0,0,0
NZ_CP133367.1,11,8,7,1
NZ_CP133368.1,17,16,13,3
NZ_CP029748.1,28,32,21,11
NZ_CP116685.1,2,4,2,2
NZ_CP116687.1,14,11,7,4
NZ_CP045990.1,12,11,9,2
NZ_CP045991.1,12,11,8,3
NZ_CP045989.1,7,8,4,4
NZ_AP027416.1,27,16,10,6
NZ_AP027415.1,24,20,11,9
NZ_CP089028.1,7,7,5,2
NZ_CP089029.1,10,11,7,4
NZ_CP089030.1,14,26,12,14
NZ_CP089027.1,3,4,4,0
NZ_LR883001.1,7,11,3,8
NZ_LR883002.1,7,7,4,3
NZ_LR883003.1,10,22,4,18
NZ_LR883004.1,4,1,1,0
NZ_LR883005.1,6,5,3,2
NZ_CP053876.1,28,27,18,9
NZ_CP118998.1,8,12,5,7
NZ_CP118999.1,1,1,0,1
NZ_CP096828.1,5,9,6,3
NC_009973.1,7,14,7,7
NC_009974.1,1,1,1,0
NZ_CP076484.1,45,53,40,13
NZ_CP076485.1,1,1,1,0
NZ_CP076486.1,7,8,4,4
NZ_CP031362.1,5,9,2,7
NZ_CP069180.2,12,12,11,1
NZ_CP069181.2,7,11,8,3
NZ_CP069184.2,1,2,1,1
NZ_CP056853.1,6,2,2,0
NZ_CP034590.1,21,33,24,9
NZ_CP034591.1,4,4,4,0
NZ_CP034592.1,2,4,4,0
NZ_CP118754.2,2,2,0,2
NZ_CP074089.1,1,0,0,0
NZ_CP074088.1,25,28,21,7
NZ_CP074090.1,6,11,7,4
NZ_CP048040.1,2,3,2,1
NZ_CP051135.1,17,13,7,6
NZ_CP100708.1,25,32,24,8
NZ_CP100709.1,3,3,1,2
NC_009998.1,2,1,1,0
NC_009999.1,7,8,6,2
NC_010000.1,1,1,1,0
NZ_CP110940.1,2,0,0,0
NZ_CP110938.1,16,19,14,5
NZ_CP110937.1,19,10,6,4
NZ_CP110939.1,2,2,2,0
NZ_CP018612.1,1,2,0,2
NZ_CP058867.1,2,2,2,0
NZ_CP058868.1,15,16,10,6
NZ_CP113010.1,3,3,3,0
NZ_CP076604.1,9,17,6,11
NZ_CP098162.1,20,26,17,9
NZ_CP122860.1,10,19,8,11
NZ_CP122862.1,9,8,7,1
NZ_CP122864.1,3,3,2,1
NZ_CP122865.1,3,4,2,2
NZ_CP122866.1,4,4,3,1
NZ_CP122867.1,9,12,6,6
NZ_CP056151.1,24,31,23,8
NZ_OW849083.1,32,33,25,8
NZ_OW849084.1,5,5,3,2
NZ_OW849085.1,4,4,3,1
NZ_CP138834.1,18,25,20,5
NZ_CP138835.1,6,7,4,3
NZ_CP138836.1,5,5,4,1
NZ_CP037425.1,2,4,2,2
NZ_CP024805.1,16,19,16,3
NZ_CP024806.1,4,4,3,1
NZ_CP129405.1,12,10,10,0
NZ_CP063875.1,11,12,11,1
NZ_CP063876.1,7,9,6,3
NZ_CP063877.1,30,38,23,15
NZ_CP009439.1,3,6,1,5
NZ_CP031923.1,23,21,2,19
NZ_CP046043.1,2,4,3,1
NZ_CP046044.1,16,18,7,11
NZ_CP043463.1,2,4,2,2
NZ_CP058356.1,1,0,0,0
NZ_CP058357.1,3,5,3,2
NZ_CP009696.1,4,9,6,3
NZ_CP071822.1,3,3,2,1
NZ_CP071821.1,5,12,4,8
NZ_CP071824.1,1,3,1,2
NZ_CP071820.1,16,11,8,3
NZ_AP022674.1,4,3,1,2
NZ_CP100298.1,44,41,29,12
NZ_CP100299.1,19,15,7,8
NZ_CP032842.1,32,27,24,3
NZ_CP122988.1,5,3,3,0
NZ_CP122989.1,10,13,7,6
NZ_CP061942.1,20,23,12,11
NZ_CP043895.1,5,10,3,7
NZ_CP043898.1,2,5,3,2
NZ_CP043896.1,3,3,2,1
NZ_CP043901.1,6,8,7,1
NZ_CP043900.1,2,5,0,5
NZ_CP043899.1,2,2,0,2
NZ_AP022050.1,17,17,12,5
NZ_CP071993.1,1,1,1,0
NZ_CP120959.1,16,12,12,0
NZ_CP120961.1,2,2,2,0
NZ_CP045750.1,8,4,3,1
NZ_CP076161.1,5,10,5,5
NZ_CP066603.1,2,2,2,0
NZ_CP066599.1,3,3,1,2
NZ_CP066600.1,37,47,34,13
NZ_CP073789.1,12,17,8,9
NZ_CP073790.1,2,3,2,1
NZ_CP092078.1,41,49,31,18
NZ_CP066946.1,3,8,6,2
NZ_CP126799.1,31,30,25,5
NZ_CP126800.1,17,19,16,3
NZ_CP126802.1,1,0,0,0
NZ_CP126801.1,3,4,3,1
NZ_CP060066.1,26,30,26,4
NZ_CP060067.1,2,1,1,0
NZ_CP076188.1,4,10,5,5
NZ_CP137193.1,27,34,24,10
NZ_CP137188.1,1,1,1,0
NZ_CP137189.1,7,5,5,0
NZ_CP137184.1,1,0,0,0
NZ_CP137190.1,1,1,1,0
NZ_CP137186.1,5,6,4,2
NZ_CP013379.1,2,4,2,2
NZ_CP063415.1,3,3,1,2
NZ_CP047668.1,15,14,14,0
NZ_CP025557.1,4,5,2,3
NZ_CP053926.1,9,9,3,6
NZ_CP141094.1,9,10,6,4
NZ_CP141095.1,3,3,2,1
NC_018146.1,2,4,2,2
NC_018147.1,2,2,2,0
NZ_CP032858.1,11,7,6,1
NZ_AP022980.1,1,2,2,0
NZ_CP032528.1,9,12,7,5
NZ_CP032530.1,5,4,2,2
NZ_CP032531.1,1,1,0,1
NZ_CP032532.1,6,7,5,2
NZ_CP032533.1,2,1,1,0
NZ_CP032534.1,2,2,2,0
NZ_CP060856.1,10,9,8,1
NZ_CP077233.1,1,7,5,2
NZ_CP093029.1,3,4,3,1
NZ_CP081768.1,39,34,26,8
NZ_CP081769.1,3,2,1,1
NZ_CP081770.1,15,17,13,4
NZ_CP097513.1,2,0,0,0
NZ_CP103583.1,16,23,18,5
NZ_CP103585.1,8,9,6,3
NZ_CP130266.1,15,22,9,13
NZ_CP130265.1,11,12,9,3
NZ_CP130267.1,8,11,7,4
NZ_CP031709.1,1,1,0,1
NZ_CP031710.1,4,4,2,2
NZ_CP031711.1,1,1,0,1
NZ_CP103606.1,13,17,14,3
NZ_CP103607.1,11,5,4,1
NZ_CP075664.1,8,12,1,11
NZ_CP021131.1,14,13,8,5
NZ_OV049813.1,8,13,10,3
NZ_OV049814.1,17,12,7,5
NZ_OV049815.1,4,5,4,1
NC_017350.1,2,2,2,0
NZ_CP084784.1,15,20,10,10
NZ_CP084785.1,3,2,2,0
NZ_CP060801.1,8,6,5,1
NZ_CP060802.1,7,4,3,1
NZ_CP060803.1,3,1,0,1
NZ_CP089158.1,3,4,2,2
NZ_CP032059.2,7,8,8,0
NZ_CP032060.2,3,3,2,1
NZ_CP032061.2,6,8,5,3
NZ_CP053049.1,9,6,5,1
NZ_CP053050.1,5,4,4,0
NZ_CP026745.1,7,7,4,3
NZ_CP093174.1,1,2,1,1
NZ_CP093175.1,1,1,1,0
NZ_CP046248.1,1,1,0,1
NZ_CP064045.1,15,19,16,3
NC_006578.1,1,1,1,0
NZ_CP037935.1,3,2,1,1
NZ_CP013224.1,8,5,2,3
NZ_CP030325.1,5,5,4,1
NZ_AP024656.1,14,12,9,3
NZ_CP047049.1,1,2,0,2
NZ_CP085937.1,4,5,2,3
NZ_CP109966.1,14,19,7,12
NZ_CP109967.1,11,7,4,3
NZ_CP092649.1,11,10,7,3
NZ_CP092650.1,4,3,3,0
NZ_CP121249.1,5,3,1,2
NZ_CP076699.1,13,14,11,3
NZ_CP061869.1,6,7,4,3
NZ_CP025444.1,6,3,2,1
NZ_CP039937.1,7,6,5,1
NZ_CP039938.1,4,4,4,0
NZ_CP121146.1,27,36,24,12
NZ_CP007658.1,3,3,3,0
NZ_CP117569.1,9,21,10,11
NZ_CP077876.1,1,1,1,0
NZ_CP077875.1,2,4,2,2
NZ_CP077873.1,3,3,3,0
NZ_CP117012.1,1,2,2,0
NZ_CP117011.1,1,1,0,1
NZ_AP019196.1,18,19,6,13
NZ_AP019197.1,7,7,5,2
NZ_CP011154.1,12,14,13,1
NZ_CP091299.1,3,3,2,1
NZ_CP044043.1,10,8,3,5
NZ_CP044044.1,1,1,0,1
NZ_CP044045.1,18,13,10,3
NZ_CP060163.1,6,10,7,3
NZ_CP060164.1,2,2,1,1
NZ_CP021039.1,3,3,3,0
NZ_CP125900.1,2,2,2,0
NZ_CP141684.1,5,5,4,1
NZ_CP125081.1,4,10,3,7
NZ_CP125084.1,5,7,3,4
NZ_CP061377.1,27,24,14,10
NZ_AP025172.1,42,51,30,21
NZ_AP025173.1,18,11,8,3
NZ_AP025174.1,12,9,7,2
NZ_CP110911.1,15,14,12,2
NZ_CP110908.1,11,13,12,1
NZ_CP110913.1,1,0,0,0
NZ_CP110915.1,1,1,1,0
NZ_CP110912.1,2,2,0,2
NZ_CP018172.1,7,6,2,4
NZ_OW968112.1,15,19,14,5
NZ_OW968113.1,5,5,4,1
NZ_CP034351.1,5,5,3,2
NZ_CP032660.1,14,15,10,5
NZ_CP032661.1,2,4,0,4
NZ_CP072615.1,1,2,1,1
NZ_CP072616.1,6,7,6,1
NZ_CP072617.1,3,8,3,5
NZ_CP013276.1,13,17,13,4
NZ_CP013279.1,18,16,12,4
NZ_CP013280.1,5,5,5,0
NZ_CP013281.1,2,4,1,3
NZ_CP101265.1,20,25,17,8
NZ_CP101264.1,6,5,4,1
NZ_CP101267.1,2,2,1,1
NZ_CP101266.1,5,2,1,1
NZ_CP122493.1,13,19,8,11
NZ_CP122495.1,10,9,8,1
NZ_CP057221.1,13,14,3,11
NZ_CP014440.1,3,5,3,2
NZ_CP054745.1,19,29,16,13
NZ_CP054746.1,11,12,9,3
NZ_CP054747.1,7,7,6,1
NZ_CP135459.1,9,8,8,0
NZ_CP135460.1,7,4,4,0
NZ_CP055056.1,2,7,3,4
NZ_CP087658.1,20,29,16,13
NZ_CP087659.1,22,24,22,2
NZ_CP087660.1,13,13,11,2
NZ_CP054968.1,19,22,13,9
NZ_CP054969.1,15,13,11,2
NZ_CP030293.1,14,18,15,3
NZ_CP030294.1,19,18,14,4
NZ_CP129014.1,1,1,1,0
NZ_CP129015.1,2,1,1,0
NZ_CP082208.1,18,22,16,6
NZ_CP082209.1,4,3,1,2
NZ_CP082210.1,2,1,1,0
NZ_LT795115.1,13,16,10,6
NZ_CP066435.1,30,37,27,10
NZ_CP066438.1,7,8,6,2
NZ_CP066437.1,3,0,0,0
NZ_CP066436.1,3,2,1,1
NZ_CP066439.1,2,1,1,0
NZ_CP091658.1,17,17,14,3
NZ_CP023053.1,9,8,7,1
NZ_CP059392.1,4,6,4,2
NZ_AP018829.1,7,8,8,0
NZ_CP079600.1,24,25,15,10
NZ_CP045730.1,2,3,1,2
NZ_CP072192.1,1,1,0,1
NZ_CP024036.1,1,0,0,0
NZ_CP125636.1,32,53,24,29
NZ_CP125639.1,4,6,4,2
NZ_CP125638.1,3,5,2,3
NZ_CP125637.1,6,10,4,6
NZ_CP129731.1,1,1,1,0
NZ_CP129732.1,15,20,9,11
NZ_CP129733.1,5,3,3,0
NZ_CP045164.1,8,7,4,3
NZ_CP045165.1,2,3,0,3
NZ_CP041782.1,2,7,5,2
NZ_CP097431.1,3,4,2,2
NZ_CP097432.1,1,0,0,0
NZ_CP097433.1,4,4,4,0
NZ_CP010408.1,19,15,12,3
NZ_CP077707.1,5,10,7,3
NZ_CP117194.1,18,20,9,11
NZ_CP117195.1,5,4,2,2
NZ_CP041417.1,1,1,1,0
NZ_CP041420.1,1,1,1,0
NZ_CP041421.1,5,7,4,3
NZ_CP084543.1,8,6,4,2
NZ_CP084544.1,10,14,11,3
NZ_CP028717.1,12,11,9,2
NZ_CP028718.1,5,4,3,1
NZ_CP020471.1,9,8,2,6
NZ_CP107519.1,19,23,19,4
NZ_CP107520.1,16,16,14,2
NZ_CP071691.1,5,5,3,2
NZ_CP071692.1,2,1,0,1
NZ_AP026656.1,27,32,22,10
NZ_AP026658.1,2,6,4,2
NZ_AP026659.1,7,4,2,2
NZ_CP026563.1,15,12,3,9
NZ_CP026564.1,21,21,10,11
NZ_CP026565.1,4,3,1,2
NZ_CP026566.1,6,4,1,3
NZ_CP026567.1,3,2,0,2
NZ_CP029167.1,5,4,4,0
NZ_CP107129.1,12,8,5,3
NZ_CP108453.1,1,1,1,0
NC_008386.1,3,3,1,2
NZ_CP096321.1,4,2,0,2
NZ_CP033382.2,17,19,15,4
NZ_CP033383.2,4,6,5,1
NZ_CP061064.1,13,19,8,11
NZ_CP061065.1,2,2,1,1
NZ_CP061066.1,2,2,2,0
NZ_CP061068.1,1,1,1,0
NZ_CP033227.1,33,41,27,14
NZ_CP033228.1,6,5,5,0
NZ_CP033229.1,3,1,1,0
NZ_CP076627.1,2,0,0,0
NZ_CP064242.1,24,25,17,8
NZ_CP064243.1,23,20,15,5
NZ_CP064244.1,7,7,5,2
NZ_CP024186.1,8,10,4,6
NZ_CP024187.1,2,5,3,2
NZ_CP024188.1,1,1,0,1
NZ_CP024189.1,3,4,3,1
NZ_CP045507.1,6,5,0,5
NZ_CP041734.1,18,17,10,7
NZ_AP019564.1,1,2,2,0
NC_013369.1,17,15,1,14
NC_013362.1,1,1,0,1
NZ_CP013782.1,64,82,60,22
NZ_CP013783.1,16,18,13,5
NZ_CP013784.1,4,8,1,7
NZ_CP013785.1,10,13,8,5
NZ_CP030933.1,5,5,3,2
NZ_CP030934.1,5,6,5,1
NZ_CP030935.1,5,5,3,2
NZ_CP022367.1,16,19,14,5
NZ_CP022363.1,4,6,5,1
NZ_CP022369.1,7,7,4,3
NZ_CP022365.1,5,4,3,1
NZ_CP064329.1,1,0,0,0
NZ_AP022096.1,8,13,5,8
NZ_AP022097.1,6,7,2,5
NZ_CP122975.1,12,11,6,5
NZ_CP122976.1,3,2,1,1
NZ_CP122977.1,1,0,0,0
NZ_CP018240.1,6,8,6,2
NZ_CP059918.1,29,28,17,11
NZ_CP059919.1,14,6,2,4
NZ_CP093240.1,7,9,8,1
NZ_CP093241.1,5,4,4,0
NZ_CP024888.1,5,1,0,1
NZ_CP014408.1,3,5,3,2
NZ_CP110261.1,26,24,14,10
NZ_CP110262.1,4,4,2,2
NZ_CP024550.1,19,14,12,2
NZ_CP024551.1,9,12,7,5
NZ_CP024552.1,17,19,13,6
NZ_AP024688.1,16,18,13,5
NZ_AP024689.1,12,17,13,4
NZ_CP046610.1,11,6,5,1
NZ_CP046611.1,1,0,0,0
NZ_CP062064.1,13,17,9,8
NZ_CP098348.1,22,19,13,6
NZ_CP098349.1,11,14,9,5
NZ_CP019900.1,11,10,7,3
NZ_CP091551.1,26,26,17,9
NZ_CP139666.1,18,24,14,10
NZ_CP110524.1,49,54,39,15
NZ_CP110525.1,28,26,19,7
NZ_CP110526.1,24,24,19,5
NZ_CP110527.1,7,8,5,3
NZ_CP110528.1,3,3,2,1
NZ_CP110529.1,6,6,5,1
NZ_CP069246.1,36,43,35,8
NZ_CP137168.1,28,31,24,7
NZ_CP137167.1,5,5,5,0
NZ_CP102088.1,2,3,3,0
NZ_CP081343.1,3,5,2,3
NZ_CP081344.1,1,2,1,1
NZ_OX359238.1,15,21,10,11
NZ_CP096536.1,2,1,1,0
NZ_CP135686.1,12,16,6,10
NZ_CP135687.1,1,1,1,0
NZ_CP051720.1,1,1,0,1
NZ_CP051721.1,6,6,4,2
NZ_CP103636.1,31,39,31,8
NZ_AP022987.1,11,13,10,3
NZ_AP022988.1,12,17,14,3
NZ_AP022989.1,1,1,0,1
NZ_CP047434.1,3,9,1,8
NZ_CP084869.1,16,21,13,8
NZ_CP054694.1,2,0,0,0
NZ_CP054695.1,4,9,3,6
NZ_CP054696.1,1,1,0,1
NZ_CP054697.1,8,10,2,8
NZ_CP084487.1,2,3,2,1
NZ_CP084488.1,7,8,3,5
NZ_CP084489.1,1,1,1,0
NZ_CP042262.1,3,15,0,15
NZ_CP042264.1,3,6,3,3
NZ_CP042265.1,6,13,8,5
NZ_HG941719.1,15,13,10,3
NZ_CP111009.1,15,23,14,9
NZ_CP111010.1,7,9,5,4
NZ_CP026789.1,19,44,17,27
NZ_CP026790.1,3,3,2,1
NZ_CP030863.1,2,3,2,1
NZ_CP030864.1,11,12,4,8
NZ_CP100729.1,2,3,1,2
NZ_AP024115.1,8,6,2,4
NZ_AP024116.1,4,5,3,2
NZ_AP024117.1,7,3,1,2
NZ_CP037911.1,16,20,13,7
NZ_CP037912.1,16,14,9,5
NZ_CP083667.1,3,4,1,3
NZ_CP083668.1,1,4,2,2
NZ_CP065095.1,31,31,23,8
NC_010802.1,7,6,4,2
NZ_AP025622.1,6,7,1,6
NZ_CP098193.1,12,19,10,9
NZ_CP098194.1,3,3,3,0
NZ_CP113026.1,3,1,1,0
NZ_CP113025.1,1,1,1,0
NZ_CP113024.1,1,1,1,0
NZ_CP026787.1,24,58,19,39
NZ_CP010410.1,5,4,4,0
NZ_CP124122.1,2,2,2,0
NZ_CP124123.1,1,1,0,1
NZ_CP124124.1,10,10,4,6
NZ_CP008875.1,5,5,3,2
NZ_CP040051.1,9,9,5,4
NZ_CP031993.1,1,1,1,0
NZ_CP031992.1,7,8,4,4
NZ_CP097323.1,1,2,2,0
NZ_CP080648.1,8,9,4,5
NZ_CP013981.1,1,2,0,2
NZ_CP016617.1,157,174,110,64
NZ_CP016619.1,66,73,44,29
NZ_CP016618.1,69,78,56,22
NZ_CP016620.1,51,62,46,16
NZ_CP128143.1,20,27,19,8
NZ_CP128144.1,28,28,25,3
NZ_CP056422.1,2,1,1,0
NZ_CP137068.1,4,2,2,0
NZ_CP056712.1,39,28,22,6
NZ_CP056713.1,2,1,1,0
NC_014908.1,11,9,4,5
NC_014911.1,5,3,1,2
NZ_CP014333.1,2,3,2,1
NZ_CP090618.1,25,25,15,10
NZ_CP090619.1,2,4,2,2
NZ_CP090620.1,8,11,11,0
NZ_CP090621.1,10,8,6,2
NZ_CP051610.1,17,18,14,4
NZ_CP061682.1,5,10,5,5
NZ_LR890335.1,15,16,13,3
NZ_LR890336.1,1,1,1,0
NZ_LR890337.1,1,1,1,0
NC_006365.1,3,1,0,1
NZ_CP044265.1,33,31,23,8
NZ_CP044266.1,19,16,13,3
NZ_CP044267.1,3,2,1,1
NZ_CP044268.1,2,1,1,0
NZ_CP100088.1,3,5,3,2
NZ_CP100089.1,12,23,16,7
NZ_CP100090.1,4,7,6,1
NZ_CP083878.1,20,21,14,7
NZ_CP066238.1,1,1,1,0
NC_018582.1,1,1,1,0
NC_018580.1,4,2,2,0
NC_018583.1,9,8,5,3
NC_014824.1,26,23,11,12
NC_014825.1,12,10,6,4
NZ_LR890423.1,8,7,5,2
NZ_CP026517.1,38,32,19,13
NZ_CP026518.1,40,43,32,11
NZ_CP026519.1,1,0,0,0
NZ_CP025574.1,6,15,5,10
NZ_CP054166.1,14,20,15,5
NZ_CP054168.1,1,0,0,0
NZ_CP045058.1,15,30,15,15
NZ_AP025738.1,1,1,1,0
NZ_CP099624.1,8,6,4,2
NZ_CP099626.1,7,3,2,1
NC_013354.1,7,8,7,1
NZ_CP053094.1,8,11,5,6
NZ_CP053095.1,8,7,2,5
NZ_CP009222.1,2,2,1,1
NZ_CP107600.1,1,5,3,2
NZ_CP036103.1,18,27,16,11
NZ_CP036104.1,21,23,21,2
NZ_CP036105.1,6,5,3,2
NZ_CP072658.1,2,4,2,2
NZ_CP076816.1,1,1,0,1
NZ_CP069807.1,7,7,7,0
NZ_CP069808.1,5,5,5,0
NZ_CP047541.1,11,11,7,4
NZ_CP068643.1,1,1,1,0
NZ_CP068644.1,5,2,1,1
NC_014107.1,19,16,12,4
NZ_CP071772.1,17,24,13,11
NZ_AP022400.1,14,18,14,4
NZ_AP022401.1,7,10,6,4
NZ_AP022402.1,8,10,9,1
NZ_AP022403.1,4,2,2,0
NZ_CP025687.1,16,29,19,10
NZ_CP139966.1,1,0,0,0
NZ_CP133402.1,21,29,16,13
NZ_CP133404.1,13,16,10,6
NZ_CP133403.1,11,12,9,3
NZ_CP081110.1,7,9,7,2
NZ_CP049157.1,28,27,22,5
NZ_CP049158.1,17,12,10,2
NZ_CP049159.1,40,47,17,30
NZ_CP049160.1,21,19,11,8
NZ_CP068185.1,9,6,4,2
NZ_CP068188.1,11,13,6,7
NZ_CP053858.1,10,8,7,1
NZ_LR130563.1,10,12,6,6
NZ_CP129346.1,6,9,4,5
NZ_CP102948.1,17,20,13,7
NZ_CP104640.1,2,6,3,3
NC_019765.1,16,8,5,3
NC_019749.1,6,6,3,3
NC_019766.1,1,1,1,0
NZ_CP046774.1,1,1,1,0
NZ_CP046773.1,5,5,5,0
NZ_CP046382.1,15,22,14,8
NZ_CP046384.1,8,10,8,2
NZ_CP012007.1,14,13,6,7
NZ_CP012008.1,6,4,4,0
NZ_CP072950.1,18,24,16,8
NZ_CP072951.1,12,10,6,4
NZ_AP024206.1,5,5,4,1
NZ_AP024207.1,1,1,0,1
NZ_AP025159.1,1,2,1,1
NZ_CP080577.1,16,22,12,10
NZ_CP080578.1,7,2,2,0
NZ_CP080580.1,2,4,2,2
NZ_CP013534.1,1,1,0,1
NZ_CP013535.1,20,28,8,20
NZ_CP013536.1,5,5,1,4
NZ_CP031323.1,3,12,4,8
NZ_CP031322.1,3,5,4,1
NZ_CP116199.1,10,10,8,2
NZ_CP116200.1,2,2,0,2
NZ_CP116201.1,1,1,1,0
NZ_CP035157.1,4,6,2,4
NZ_CP035158.1,1,0,0,0
NZ_CP095105.1,6,6,5,1
NZ_CP116431.1,4,3,3,0
NZ_CP141077.1,5,6,3,3
NZ_CP037807.1,1,1,1,0
NZ_CP045527.1,3,2,0,2
NZ_CP029129.1,1,1,0,1
NZ_CP050846.1,1,1,1,0
NZ_CP050847.1,13,15,8,7
NZ_CP114577.1,2,1,0,1
NC_013942.1,6,6,3,3
NZ_CP065352.1,12,14,11,3
NZ_CP060815.1,3,1,0,1
NZ_CP060812.1,27,45,27,18
NZ_CP060813.1,12,13,7,6
NZ_CP039442.1,25,36,18,18
NZ_CP141566.1,24,37,23,14
NZ_CP141564.1,3,2,2,0
NZ_CP010181.1,10,14,8,6
NZ_CP079763.1,1,1,1,0
NZ_CP079764.1,19,23,13,10
NZ_CP097693.1,22,21,20,1
NZ_CP012284.1,1,1,0,1
NZ_CP012285.1,4,4,3,1
NZ_CP012286.1,4,5,4,1
NZ_CP012287.1,4,3,2,1
NZ_CP066797.1,1,1,1,0
NZ_CP053395.1,2,1,1,0
NZ_CP011570.1,1,0,0,0
NZ_CP011571.1,17,11,9,2
NZ_CP049717.1,14,14,10,4
NZ_CP049718.1,8,8,6,2
NZ_CP114329.1,28,33,25,8
NZ_CP114330.1,10,9,5,4
NZ_CP044501.1,5,4,3,1
NZ_CP048325.1,3,3,1,2
NZ_CP100223.1,30,28,18,10
NZ_CP100224.1,18,16,10,6
NZ_CP100225.1,18,23,16,7
NZ_CP100226.1,4,6,2,4
NZ_CP014882.1,3,3,2,1
NZ_CP014883.1,4,3,1,2
NZ_CP014884.1,7,6,2,4
NZ_CP014885.1,10,9,5,4
NZ_CP014886.1,4,3,2,1
NZ_CP014887.1,8,7,3,4
NZ_CP014888.1,5,4,2,2
NZ_CP014889.1,1,0,0,0
NZ_CP071687.1,5,5,3,2
NZ_CP071688.1,2,2,1,1
NZ_CP021875.1,1,0,0,0
NZ_CP021876.1,8,10,3,7
NZ_CP021877.1,1,0,0,0
NZ_CP021878.1,1,1,1,0
NZ_LR135420.1,22,23,15,8
NZ_LR135421.1,1,2,0,2
NZ_LR135422.1,2,2,2,0
NZ_CP104489.1,3,3,3,0
NZ_CP088188.1,8,8,6,2
NZ_CP088189.1,1,0,0,0
NZ_CP086448.1,16,14,10,4
NZ_CP086449.1,14,18,13,5
NZ_CP086450.1,12,15,10,5
NZ_CP086451.1,4,4,4,0
NZ_CP101727.1,15,12,10,2
NZ_CP101728.1,13,16,9,7
NZ_CP093549.1,4,4,1,3
NZ_CP093550.1,2,2,2,0
NZ_CP093551.1,3,1,1,0
NZ_CP093552.1,2,3,1,2
NZ_CP068245.1,17,21,16,5
NZ_CP068246.1,9,8,6,2
NZ_CP072249.1,3,0,0,0
NZ_CP072250.1,4,6,3,3
NZ_CP089213.1,1,0,0,0
NZ_CP123241.1,16,25,19,6
NZ_CP123242.1,5,5,4,1
NZ_CP089987.1,5,4,4,0
NZ_CP066428.1,28,34,25,9
NZ_CP066429.1,8,9,7,2
NZ_CP066430.1,3,1,0,1
NZ_CP075954.1,3,3,2,1
NZ_CP026207.1,21,18,11,7
NZ_CP026206.1,29,33,26,7
NZ_CP026205.1,6,5,3,2
NZ_CP026203.1,10,6,6,0
NZ_CP026204.1,8,6,4,2
NZ_CP026208.1,9,12,8,4
NZ_CP136654.1,1,3,0,3
NZ_CP136655.1,2,1,1,0
NZ_CP113175.1,3,0,0,0
NZ_CP113176.1,13,17,10,7
NZ_CP113174.1,34,46,26,20
NZ_CP051220.1,11,8,5,3
NZ_CP051221.1,5,4,4,0
NZ_CP036162.1,1,0,0,0
NZ_CP095146.1,25,25,19,6
NZ_CP095147.1,18,22,16,6
NZ_CP045446.1,14,13,9,4
NZ_CP053232.1,10,21,18,3
NZ_CP053233.1,2,2,1,1
NZ_CP137560.1,6,1,0,1
NZ_CP079646.1,7,6,3,3
NZ_CP079647.1,1,1,0,1
NZ_CP079648.1,1,2,2,0
NZ_CP079649.1,1,0,0,0
NZ_CP079652.1,1,1,1,0
NZ_CP054138.1,11,17,12,5
NZ_CP026308.1,27,28,15,13
NZ_CP091684.1,6,5,3,2
NZ_CP091685.1,9,12,8,4
NC_007616.1,1,1,1,0
NC_007617.1,1,1,1,0
NZ_CP119578.1,24,23,17,6
NZ_CP119579.2,15,16,12,4
NZ_CP119580.2,12,9,6,3
NZ_CP119581.2,5,3,1,2
NZ_CP119582.2,5,3,3,0
NZ_CP038958.1,65,75,33,42
NZ_CP038959.1,14,14,7,7
NZ_CP038960.1,8,7,4,3
NZ_CP038961.1,14,13,4,9
NZ_CP102816.1,1,1,1,0
NZ_CP065685.1,20,17,13,4
NZ_CP129749.1,26,30,15,15
NZ_CP129748.1,16,16,9,7
NZ_CP129750.1,1,1,1,0
NZ_CP032458.1,5,5,3,2
NZ_CP079854.1,5,8,3,5
NZ_CP079853.1,12,11,8,3
NZ_CP018025.1,3,2,1,1
NZ_LR882955.1,2,4,0,4
NZ_LR882951.1,6,8,3,5
NZ_AP017309.1,14,13,11,2
NZ_AP017310.1,1,0,0,0
NZ_AP017311.1,4,4,3,1
NZ_CP028965.1,33,23,16,7
NZ_CP121158.1,22,23,16,7
NZ_CP117607.1,1,3,1,2
NZ_CP053709.1,61,58,42,16
NZ_CP053710.1,59,68,34,34
NZ_CP053711.1,42,48,22,26
NZ_CP053712.1,27,38,17,21
NZ_CP053713.1,3,6,2,4
NZ_CP053715.1,1,1,1,0
NZ_CP064836.2,11,17,13,4
NZ_CP064837.2,5,6,4,2
NZ_CP064838.2,3,3,2,1
NZ_CP064839.2,1,2,1,1
NZ_CP125949.1,1,5,0,5
NZ_CP099520.1,12,20,13,7
NZ_CP099521.1,8,11,5,6
NZ_CP010120.1,3,4,2,2
NZ_CP011850.1,65,87,64,23
NZ_CP011851.1,10,11,9,2
NZ_CP011852.1,17,16,13,3
NZ_CP013669.1,3,9,1,8
NZ_CP125890.1,2,2,2,0
NZ_CP082222.1,2,2,2,0
NZ_CP043654.1,8,8,7,1
NZ_CP085846.1,8,7,4,3
NZ_CP140413.1,1,1,1,0
NZ_CP140414.1,2,1,1,0
NZ_CP062392.1,1,0,0,0
NZ_CP022021.1,15,14,12,2
NZ_CP066109.1,23,23,19,4
NZ_CP066110.1,1,1,0,1
NZ_CP066111.1,6,8,6,2
NZ_CP066112.1,1,1,0,1
NZ_CP030370.1,1,1,1,0
NZ_CP030373.1,2,4,1,3
NZ_CP030371.1,2,2,1,1
NZ_CP030372.1,1,1,0,1
NZ_CP142894.1,6,2,1,1
NZ_CP021327.1,3,6,1,5
NZ_CP122500.1,19,20,11,9
NZ_CP122501.1,2,1,0,1
NZ_CP101243.1,5,4,4,0
NZ_CP101242.1,1,2,1,1
NZ_CP081038.1,1,1,1,0
NZ_CP081040.1,8,17,7,10
NZ_CP081041.1,7,12,3,9
NZ_CP081042.1,1,5,1,4
NZ_CP022731.1,18,27,12,15
NZ_CP022732.1,6,10,8,2
NZ_CP022733.1,1,1,1,0
NZ_CP022734.1,3,4,3,1
NZ_CP022735.1,12,13,12,1
NZ_CP124615.1,1,2,1,1
NZ_CP130065.1,10,13,11,2
NZ_CP130064.1,37,69,30,39
NZ_CP018656.1,19,18,15,3
NZ_CP046318.1,6,3,3,0
NZ_CP110662.1,31,29,22,7
NZ_CP110663.1,5,5,4,1
NZ_CP099753.1,12,10,7,3
NZ_CP072682.1,5,6,5,1
NZ_CP051405.1,5,6,2,4
NZ_CP051406.1,3,3,2,1
NZ_CP144360.1,15,25,12,13
NZ_CP104023.1,1,2,1,1
NZ_CP103700.1,24,34,22,12
NZ_CP103701.1,1,1,0,1
NZ_AP024167.1,11,11,4,7
NZ_AP024168.1,1,1,1,0
NZ_AP022908.1,15,11,8,3
NZ_AP022910.1,2,2,2,0
NZ_CP034137.1,8,18,11,7
NZ_CP034138.1,23,35,24,11
NZ_CP034140.1,5,11,10,1
NZ_CP095087.1,2,8,4,4
NZ_CP075628.1,8,11,1,10
NZ_CP075629.1,4,3,1,2
NZ_CP021153.1,12,26,7,19
NZ_CP021154.1,9,7,2,5
NZ_CP021155.1,5,10,1,9
NZ_CP021156.1,3,4,2,2
NZ_CP097357.1,3,2,2,0
NZ_LR723671.1,14,14,7,7
NZ_LR723672.1,12,9,9,0
NZ_LR723673.1,9,14,8,6
NZ_LR723674.1,5,4,3,1
NZ_CP062226.1,27,24,18,6
NZ_JAPVBU010000002.1,11,13,10,3
NZ_CP085956.1,13,11,9,2
NZ_AP022578.1,11,9,8,1
NZ_CP091425.1,24,21,17,4
NZ_CP091426.1,2,1,1,0
NZ_CP079156.1,25,28,17,11
NZ_CP079157.1,23,24,14,10
NZ_CP079159.1,1,0,0,0
NZ_CP079163.1,1,1,0,1
NZ_CP059340.1,9,36,30,6
NZ_CP116556.1,5,4,3,1
NZ_CP048567.1,1,2,2,0
NZ_CP048566.1,2,8,3,5
NZ_CP048568.1,1,1,1,0
NZ_CP089883.1,14,18,15,3
NZ_CP092566.1,1,0,0,0
NZ_CP070047.1,18,24,13,11
NZ_CP040859.1,5,6,3,3
NZ_CP040862.1,35,40,27,13
NZ_CP110288.1,4,12,4,8
NZ_CP081104.1,9,8,2,6
NZ_CP137433.1,1,0,0,0
NZ_CP137431.1,5,7,2,5
NZ_CP137435.1,23,30,22,8
NZ_CP082917.1,4,5,3,2
NZ_CP016941.1,12,14,11,3
NZ_CP118374.1,25,11,8,3
NZ_CP030077.1,10,9,4,5
NZ_CP030079.1,5,5,5,0
NZ_CP030080.1,19,18,16,2
NZ_CP030081.1,1,0,0,0
NZ_CP109866.1,3,4,1,3
NZ_CP109864.1,22,32,14,18
NZ_CP025850.1,24,32,10,22
NZ_CP061502.1,2,2,0,2
NZ_CP061500.1,7,16,11,5
NZ_CP061501.1,5,9,4,5
NZ_CP061499.1,7,3,3,0
NC_017957.2,1,5,4,1
NC_017966.1,1,3,1,2
NC_017958.1,3,2,1,1
NZ_CP022984.1,6,3,2,1
NZ_CP030742.1,30,27,24,3
NZ_CP030743.1,12,18,10,8
NZ_CP030744.1,13,10,6,4
NZ_CP038184.1,2,2,2,0
NZ_CP018636.1,4,5,3,2
NZ_CP022516.1,7,4,3,1
NZ_AP024797.1,2,0,0,0
NZ_AP024796.1,20,17,11,6
NZ_CP089599.1,16,26,13,13
NZ_CP089600.1,8,8,5,3
NZ_CP078016.1,7,7,5,2
NZ_CP032074.1,2,4,3,1
NZ_CP032075.1,3,5,4,1
NZ_CP032076.1,1,1,1,0
NZ_CP032077.1,1,1,1,0
NZ_CP029841.1,7,10,4,6
NZ_CP029842.1,3,2,0,2
NZ_CP085337.1,9,16,9,7
NZ_CP085338.1,19,24,18,6
NZ_CP085340.1,2,3,1,2
NZ_CP085341.1,1,3,1,2
NZ_LR215032.1,50,49,46,3
NZ_LR215033.1,2,2,2,0
NZ_LR215034.1,1,1,0,1
NZ_CP029677.1,3,4,4,0
NZ_CP027191.1,6,6,3,3
NZ_CP098605.1,2,2,2,0
NZ_CP034149.1,1,2,1,1
NZ_CP034150.1,2,1,0,1
NZ_CP122713.1,8,14,6,8
NZ_CP122714.1,11,4,3,1
NZ_CP122717.1,10,12,5,7
NZ_CP122718.1,5,5,2,3
NZ_CP038497.1,2,6,2,4
NZ_CP020084.1,4,4,4,0
NZ_CP063072.1,11,10,6,4
NZ_CP065644.1,1,0,0,0
NZ_CP065645.1,1,0,0,0
NZ_CP065646.1,1,0,0,0
NZ_CP065648.1,1,0,0,0
NZ_LS992193.1,21,15,11,4
NZ_CP054354.1,1,0,0,0
NZ_CP054355.1,8,8,3,5
NZ_CP054356.1,2,0,0,0
NZ_CP072123.1,19,20,11,9
NZ_CP072124.1,6,4,4,0
NZ_CP050765.1,5,7,4,3
NZ_CP031935.1,21,29,16,13
NZ_CP031936.1,11,12,9,3
NZ_CP031937.1,7,9,6,3
NZ_LT699705.1,1,1,0,1
NZ_CP084385.1,3,3,1,2
NZ_CP077370.1,12,20,8,12
NZ_CP077376.1,1,1,1,0
NZ_AP026393.1,9,10,8,2
NZ_AP026394.1,8,7,5,2
NZ_AP026395.1,11,8,6,2
NZ_AP026396.1,6,3,3,0
NZ_AP026397.1,5,7,4,3
NZ_AP026398.1,1,1,1,0
NZ_CP117026.1,11,14,8,6
NZ_CP117027.1,3,6,1,5
NZ_CP065842.1,37,39,23,16
NZ_CP091046.1,7,6,3,3
NZ_CP091047.1,7,8,7,1
NZ_CP103677.1,23,27,19,8
NZ_LR890327.1,9,12,10,2
NZ_LR890328.1,3,3,2,1
NZ_LR890329.1,6,5,4,1
NZ_LR890617.1,27,28,22,6
NZ_LR890618.1,8,7,6,1
NZ_CP124425.1,14,19,14,5
NZ_CP124426.1,1,1,1,0
NZ_CP053692.1,3,3,3,0
NZ_CP053693.1,17,16,9,7
NZ_CP053694.1,5,5,5,0
NZ_CP053696.1,7,7,6,1
NZ_CP043184.1,2,3,2,1
NZ_CP132646.1,18,23,13,10
NZ_CP132647.1,2,1,1,0
NZ_CP132648.1,17,13,7,6
NZ_CP063899.1,2,4,3,1
NZ_CP137334.1,3,4,3,1
NZ_CP061365.1,1,1,1,0
NZ_CP061363.1,3,4,3,1
NZ_AP024190.1,1,0,0,0
NZ_CP033256.1,5,6,5,1
NZ_CP038982.1,5,7,5,2
NZ_CP038981.1,19,17,16,1
NZ_CP136820.1,12,10,8,2
NZ_CP039093.1,64,82,55,27
NZ_CP039094.1,3,7,1,6
NZ_CP039095.1,16,13,11,2
NZ_CP039096.1,10,11,9,2
NZ_CP081918.1,11,3,1,2
NZ_CP081919.1,3,0,0,0
NZ_CP009366.1,2,8,1,7
NZ_CP016284.1,2,1,1,0
NZ_CP104849.1,14,13,8,5
NZ_CP109010.1,9,10,6,4
NZ_CP033673.1,45,39,31,8
NZ_CP033671.1,18,13,10,3
NZ_CP033674.1,10,9,8,1
NZ_CP033675.1,9,9,4,5
NZ_CP096903.1,16,17,7,10
NZ_CP096904.1,3,1,1,0
NZ_CP022700.1,15,17,9,8
NZ_AP025610.1,12,14,9,5
NZ_AP025611.1,6,8,0,8
NZ_CP071323.1,12,20,9,11
NZ_CP070552.1,1,0,0,0
NZ_CP070550.1,13,11,6,5
NZ_CP045339.1,4,6,4,2
NZ_CP045340.1,4,6,4,2
NZ_CP045341.1,2,1,0,1
NZ_CP045342.1,1,0,0,0
NZ_CP045343.1,1,0,0,0
NZ_CP025613.1,5,8,3,5
NZ_CP025614.1,6,4,2,2
NZ_CP025615.1,17,20,5,15
NZ_CP020346.1,4,2,1,1
NZ_CP069607.1,5,6,3,3
NZ_CP069608.1,7,3,2,1
NZ_CP069609.1,5,3,2,1
NZ_CP069610.1,3,2,1,1
NZ_CP069611.1,2,3,1,2
NZ_CP069612.1,2,2,2,0
NZ_CP011771.1,8,9,5,4
NZ_CP011772.1,3,3,3,0
NZ_AP014822.1,1,2,0,2
NZ_AP014824.1,2,3,0,3
NZ_AP014826.1,1,1,0,1
NZ_AP014828.1,2,2,1,1
NZ_AP014829.1,1,1,1,0
NC_015258.1,6,5,1,4
NZ_CP077611.1,4,5,3,2
NZ_CP077612.1,3,1,1,0
NZ_CP077614.1,3,2,1,1
NZ_CP020582.1,6,2,2,0
NZ_CP080174.1,5,9,6,3
NZ_CP080173.1,14,25,12,13
NZ_CP080175.1,9,9,5,4
NZ_CP053866.1,3,5,2,3
NZ_CP053867.1,1,1,0,1
NZ_CP053868.1,1,1,0,1
NZ_AP023270.1,8,16,9,7
NZ_AP023271.1,4,3,2,1
NC_014549.1,4,4,3,1
NZ_CP030232.1,3,2,1,1
NZ_CP091541.1,9,8,6,2
NZ_AP025274.1,5,3,2,1
NZ_CP033103.1,33,31,23,8
NZ_CP092969.1,8,11,5,6
NZ_CP092970.1,21,21,10,11
NZ_OU659121.1,4,17,9,8
NZ_OU659122.1,2,3,2,1
NZ_OU659123.1,1,1,1,0
NZ_OU659124.1,2,1,1,0
NZ_CP094333.1,7,6,4,2
NZ_CP094334.1,3,3,3,0
NZ_CP138784.1,26,22,19,3
NZ_CP138785.1,29,37,24,13
NZ_CP138786.1,14,15,11,4
NZ_CP138788.1,1,1,1,0
NZ_CP138789.1,1,2,2,0
NZ_CP058213.1,12,14,14,0
NZ_CP042535.1,23,21,16,5
NZ_CP042536.1,5,5,5,0
NZ_CP042537.1,6,6,4,2
NZ_CP020594.1,10,6,6,0
NC_001849.2,1,0,0,0
NZ_CP024892.1,26,22,13,9
NZ_CP024891.1,11,10,6,4
NZ_CP023385.1,2,2,1,1
NZ_CP023384.1,5,9,6,3
NZ_CP031070.1,12,38,13,25
NZ_CP031069.1,9,20,15,5
NZ_CP022068.1,4,2,0,2
NZ_CP100455.1,7,5,3,2
NZ_CP100456.1,7,4,2,2
NZ_CP100457.1,6,6,3,3
NZ_CP100458.1,1,1,1,0
NZ_CP126953.1,16,19,12,7
NZ_CP126954.1,8,7,5,2
NZ_CP060975.1,14,13,11,2
NZ_CP060976.1,5,2,2,0
NZ_CP021945.1,1,0,0,0
NZ_CP021946.1,6,10,4,6
NZ_CP021947.1,6,9,6,3
NZ_CP021948.1,4,5,3,2
NZ_CP021949.1,1,1,1,0
NZ_CP047413.1,6,4,2,2
NZ_CP047414.1,2,3,1,2
NZ_CP036556.1,3,0,0,0
NZ_CP032501.2,6,8,7,1
NZ_CP032502.2,8,8,8,0
NZ_CP032503.2,6,8,5,3
NZ_CP033143.1,3,8,4,4
NZ_CP104159.1,11,11,4,7
NZ_CP104160.1,14,18,9,9
NZ_CP104161.1,7,5,1,4
NC_017153.1,3,9,1,8
NC_017155.1,6,7,4,3
NC_017156.1,2,1,0,1
NZ_LR883051.1,24,36,12,24
NZ_LR883052.1,11,11,4,7
NZ_LR883053.1,6,11,5,6
NZ_LR883054.1,10,9,4,5
NZ_CP071549.1,1,0,0,0
NZ_CP050372.1,6,5,5,0
NZ_CP050373.1,10,11,6,5
NZ_CP050374.1,25,28,24,4
NZ_CP050375.1,4,5,4,1
NZ_CP054576.1,2,1,1,0
NZ_CP054577.1,2,2,2,0
NZ_CP054578.1,3,2,2,0
NZ_CP064212.1,29,38,26,12
NZ_CP064213.1,3,1,0,1
NZ_CP064214.1,15,12,9,3
NZ_CP064215.1,4,5,2,3
NZ_CP103862.1,6,6,5,1
NZ_CP014660.1,1,1,0,1
NZ_CP047471.1,9,14,11,3
NZ_CP047472.1,1,2,1,1
NZ_CP047473.1,19,21,11,10
NZ_CP043276.1,19,16,13,3
NZ_CP043277.1,1,1,1,0
NZ_CP043275.1,3,3,2,1
NC_023025.1,3,0,0,0
NZ_CP090986.1,2,5,2,3
NZ_CP074160.1,19,42,17,25
NZ_CP074161.1,17,16,8,8
NZ_CP133436.1,4,5,3,2
NZ_CP090565.1,11,18,7,11
NZ_CP107453.1,16,22,14,8
NZ_CP107454.1,14,9,8,1
NZ_CP107455.1,1,1,1,0
NZ_CP061522.1,2,4,2,2
NZ_CP092541.1,1,0,0,0
NZ_CP133191.1,1,4,1,3
NZ_CP133193.1,1,2,0,2
NZ_CP133194.1,1,0,0,0
NZ_LT599052.1,5,6,5,1
NZ_LT599053.1,6,10,5,5
NZ_CP096572.1,8,15,5,10
NZ_CP062701.1,2,6,3,3
NZ_OW967796.1,1,9,2,7
NZ_OW967797.1,4,4,4,0
NZ_CP137125.1,4,3,3,0
NZ_CP137126.1,1,0,0,0
NZ_CP137122.1,4,3,0,3
NZ_CP137124.1,5,5,5,0
NZ_CP030054.1,46,76,33,43
NZ_CP110221.1,4,5,3,2
NZ_CP079721.1,1,0,0,0
NZ_CP043423.1,4,3,3,0
NZ_CP062321.1,3,4,4,0
NZ_CP016720.2,2,9,4,5
NZ_CP016721.3,4,3,3,0
NZ_CP016723.2,1,2,1,1
NZ_CP009155.1,15,21,7,14
NZ_CP060721.1,4,2,2,0
NZ_CP060722.1,5,5,5,0
NZ_CP086996.1,25,22,10,12
NZ_CP086997.1,12,15,10,5
NZ_CP086998.1,1,0,0,0
NZ_CP087000.1,1,0,0,0
NZ_CP087001.1,5,4,1,3
NZ_CP087697.1,1,1,1,0
NZ_CP070421.1,16,17,14,3
NZ_CP070422.1,5,5,4,1
NZ_CP098801.1,8,8,4,4
NZ_CP098802.1,18,29,14,15
NZ_CP100483.1,5,4,4,0
NZ_CP100484.1,3,3,2,1
NZ_CP078019.1,29,28,21,7
NZ_CP072134.1,1,3,1,2
NZ_CP072135.1,6,8,7,1
NZ_CP055114.1,12,16,14,2
NZ_CP055115.1,6,5,3,2
NZ_CP041652.2,1,1,1,0
NZ_CP122686.1,2,2,2,0
NZ_CP122687.1,2,2,0,2
NZ_CP122688.1,4,10,2,8
NZ_CP138193.1,4,3,3,0
NC_010813.1,1,3,0,3
NZ_CP086417.1,9,6,5,1
NZ_CP086418.1,14,18,13,5
NZ_CP086419.1,12,15,10,5
NZ_CP043949.1,3,2,1,1
NZ_CP043948.1,19,21,10,11
NZ_CP043947.1,9,10,6,4
NZ_CP131925.1,13,19,13,6
NZ_CP126874.1,24,22,17,5
NZ_CP061818.1,35,39,32,7
NZ_CP061820.1,11,9,8,1
NZ_CP061819.1,8,7,6,1
NZ_CP094310.1,1,7,4,3
NZ_CP094309.1,4,10,7,3
NZ_CP133743.1,3,4,4,0
NZ_CP133745.1,7,5,3,2
NZ_CP066425.1,4,2,2,0
NZ_CP066422.1,38,46,36,10
NZ_CP066424.1,6,7,4,3
NZ_CP066423.1,3,2,1,1
NZ_CP075910.1,2,4,3,1
NZ_CP090604.1,11,9,8,1
NZ_CP074394.1,4,6,2,4
NZ_CP074395.1,2,0,0,0
NZ_CP074396.1,2,2,0,2
NZ_CP074397.1,4,4,2,2
NZ_CP074400.1,25,40,23,17
NZ_CP074401.1,2,2,1,1
NZ_CP042579.1,28,25,25,0
NZ_CP042580.1,5,5,4,1
NZ_CP042581.1,2,3,1,2
NZ_LR134252.1,20,24,16,8
NZ_CP071386.1,33,43,25,18
NZ_CP071387.1,7,10,6,4
NZ_CP040249.1,11,10,6,4
NZ_CP086409.1,20,16,13,3
NZ_CP086410.1,12,10,9,1
NZ_CP066051.1,17,20,12,8
NZ_CP066052.1,6,3,3,0
NZ_CP066054.1,7,6,3,3
NZ_CP013855.1,48,52,33,19
NZ_CP013856.1,6,8,5,3
NZ_CP010087.1,1,1,1,0
NZ_CP068707.1,11,23,15,8
NZ_CP056654.1,26,23,18,5
NZ_CP033546.1,4,20,11,9
NZ_CP033547.1,4,12,7,5
NZ_CP022292.1,10,8,6,2
NZ_CP031209.1,2,2,1,1
NZ_CP031210.1,4,5,4,1
NZ_CP031211.1,7,4,4,0
NZ_CP035655.1,28,51,32,19
NZ_CP035650.1,4,7,7,0
NZ_CP039488.1,3,4,4,0
NZ_CP039792.1,17,16,14,2
NZ_CP039793.1,34,44,32,12
NZ_CP039794.1,10,10,8,2
NZ_CP062060.1,6,6,2,4
NZ_CP015554.1,1,3,2,1
NZ_CP035180.1,17,29,24,5
NZ_CP035182.1,8,18,14,4
NZ_CP035181.1,4,1,0,1
NZ_CP021406.1,13,14,7,7
NC_014838.1,2,1,1,0
NC_014839.1,8,19,8,11
NC_014841.1,1,2,1,1
NC_014842.1,9,9,6,3
NZ_CP032127.1,2,2,2,0
NZ_CP032132.1,4,3,2,1
NZ_CP032133.1,10,13,8,5
NZ_CP047444.1,1,8,0,8
NZ_CP047445.1,1,2,0,2
NZ_CP048383.1,20,24,23,1
NZ_CP048384.1,17,15,11,4
NZ_CP048385.1,1,0,0,0
NZ_CP035771.1,20,19,8,11
NZ_CP130127.1,16,13,8,5
NZ_CP092502.1,6,6,4,2
NZ_CP092503.1,5,4,3,1
NZ_CP092507.1,1,1,1,0
NZ_CP121514.1,3,2,2,0
NZ_CP121517.1,3,5,3,2
NZ_CP013914.1,4,9,1,8
NZ_CP013915.1,2,1,1,0
NZ_CP045296.1,2,1,0,1
NZ_CP016737.2,9,12,11,1
NZ_CP016738.2,5,7,7,0
NZ_CP016739.2,8,11,8,3
NZ_CP016740.2,3,3,3,0
NZ_CP038368.1,5,9,5,4
NZ_CP038367.1,1,1,1,0
NZ_CP017729.1,3,3,2,1
NZ_CP090443.1,5,7,5,2
NZ_CP059562.1,3,2,1,1
NZ_CP115321.1,12,15,11,4
NZ_CP115322.1,1,1,1,0
NZ_CP021013.1,2,3,2,1
NZ_CP021014.1,3,6,4,2
NZ_CP018916.1,4,3,2,1
NZ_CP008993.1,2,3,2,1
NZ_CP008994.1,3,3,2,1
NZ_CP043475.1,5,6,3,3
NC_014718.1,16,33,8,25
NC_014723.1,9,21,10,11
NZ_CP029386.1,5,4,4,0
NZ_CP029387.1,18,25,16,9
NC_021845.1,4,1,1,0
NC_021819.1,14,12,9,3
NZ_CP011648.1,1,0,0,0
NZ_CP011649.1,17,12,10,2
NZ_CP127298.1,15,21,14,7
NZ_CP127299.1,1,1,1,0
NZ_CP082043.1,26,29,23,6
NZ_CP082042.1,21,21,19,2
NC_001988.2,1,0,0,0
NZ_CP018365.1,31,43,28,15
NZ_CP018366.1,10,12,9,3
NZ_CP011404.1,11,9,5,4
NZ_CP011405.1,3,8,2,6
NZ_CP012345.2,4,5,3,2
NZ_CP108586.1,7,6,5,1
NZ_CP127037.1,14,21,14,7
NZ_CP127038.1,8,8,0,8
NZ_CP119177.1,7,7,5,2
NZ_CP119178.1,28,33,23,10
NZ_CP119179.1,22,21,15,6
NZ_CP091535.1,6,12,4,8
NZ_CP024234.1,3,1,1,0
NZ_CP024235.1,7,7,4,3
NZ_CP024236.1,15,14,10,4
NZ_CP024237.1,30,36,18,18
NZ_CP043905.1,3,5,2,3
NZ_AP022559.1,1,1,0,1
NZ_CP015268.1,8,8,5,3
NZ_CP015269.1,5,6,5,1
NZ_CP015270.1,2,3,1,2
NZ_AP024302.1,6,4,2,2
NZ_AP024304.1,1,1,1,0
NZ_CP104661.1,7,7,3,4
NZ_CP104662.1,7,11,8,3
NZ_CP102822.1,1,1,1,0
NZ_CP053657.2,11,18,12,6
NZ_CP035818.1,31,38,13,25
NZ_CP132064.1,11,20,5,15
NZ_CP011527.1,2,2,2,0
NZ_CP021853.1,17,13,10,3
NZ_CP034131.1,13,19,11,8
NZ_CP034130.1,25,35,23,12
NZ_CP034133.1,5,4,3,1
NZ_CP034134.1,1,0,0,0
NZ_CP034132.1,11,13,10,3
NZ_CP049291.1,29,36,24,12
NZ_CP121764.1,2,4,1,3
NZ_CP121765.1,2,1,1,0
NZ_CP045160.1,5,14,4,10
NZ_CP045159.1,9,8,5,3
NZ_CP045161.1,2,1,0,1
NZ_CP045242.1,1,3,1,2
NZ_CP045243.1,1,2,1,1
NZ_CP020078.1,5,4,4,0
NZ_CP020079.1,5,4,0,4
NZ_CP020080.1,4,9,1,8
NZ_AP024777.1,6,2,2,0
NZ_AP024776.1,19,18,11,7
NZ_CP133855.1,6,7,4,3
NZ_CP133853.1,20,23,13,10
NZ_CP056037.1,12,22,17,5
NZ_CP056038.1,7,9,6,3
NZ_CP056039.1,4,7,6,1
NC_009040.1,1,4,0,4
NZ_CP122833.1,3,3,2,1
NZ_CP122834.1,37,46,18,28
NZ_CP122835.1,8,7,3,4
NZ_CP101311.1,21,21,9,12
NZ_AP025816.1,25,27,22,5
NZ_CP094941.1,14,21,11,10
NZ_CP069543.1,5,6,6,0
NZ_CP069544.1,12,13,6,7
NZ_CP126845.1,27,27,20,7
NZ_CP126846.1,4,4,4,0
NZ_LR735438.1,6,7,6,1
NZ_CP132635.1,18,23,13,10
NZ_CP132636.1,2,1,1,0
NZ_CP132637.1,17,13,7,6
NZ_CP093934.1,5,5,5,0
NZ_AP025482.1,3,14,3,11
NZ_CP095064.1,1,0,0,0
NZ_CP095065.1,5,3,0,3
NZ_CP095066.1,6,1,0,1
NZ_CP095070.1,2,0,0,0
NZ_CP083587.1,2,2,2,0
NZ_CP083586.1,39,42,33,9
NZ_CP048479.1,1,6,2,4
NZ_CP048480.1,1,3,2,1
NZ_CP035774.1,4,5,5,0
NZ_CP035776.1,18,29,16,13
NZ_CP013538.1,1,1,1,0
NZ_CP013539.1,1,1,1,0
NZ_CP013540.1,28,30,13,17
NZ_CP013541.1,5,4,3,1
NZ_CP059277.1,2,1,1,0
NZ_CP070533.1,5,5,3,2
NZ_CP070531.1,8,8,7,1
NZ_CP070530.1,13,14,12,2
NZ_CP138719.1,20,23,18,5
NZ_CP138720.1,6,9,6,3
NZ_CP045525.1,4,9,6,3
NZ_CP019394.1,14,16,12,4
NZ_CP019395.1,16,19,15,4
NZ_CP019393.1,2,1,1,0
NZ_CP025114.1,14,17,13,4
NZ_CP089517.1,7,6,3,3
NZ_CP086456.1,28,34,25,9
NZ_CP143920.1,7,6,3,3
NZ_CP143921.1,12,13,10,3
NZ_CP143922.1,20,18,15,3
NZ_CP143923.1,7,6,6,0
NZ_CP009052.1,1,0,0,0
NZ_CP009053.1,9,13,5,8
NC_017352.1,4,0,0,0
NZ_CP107328.1,20,24,16,8
NZ_CP107329.1,12,14,11,3
NZ_CP107331.1,6,7,5,2
NZ_CP009167.1,9,9,3,6
NZ_CP060527.1,8,6,4,2
NZ_CP038105.1,2,2,1,1
NZ_CP038103.1,21,26,14,12
NZ_CP038104.1,4,10,4,6
NZ_CP107179.1,18,21,10,11
NZ_CP107180.1,1,2,0,2
NZ_CP027553.1,8,10,3,7
NZ_CP065755.1,40,46,33,13
NZ_CP065756.1,8,8,6,2
NZ_CP065757.1,9,9,7,2
NZ_CP123582.1,3,4,3,1
NZ_CP074141.1,14,15,10,5
NZ_CP045136.1,21,16,4,12
NZ_CP137745.1,6,8,4,4
NZ_CP075891.1,16,15,11,4
NZ_CP075892.1,13,8,6,2
NZ_CP075893.1,7,10,8,2
NZ_CP009779.1,4,14,1,13
NZ_CP060881.1,1,0,0,0
NZ_CP060882.1,3,3,3,0
NZ_CP060883.1,5,4,4,0
NZ_CP117007.1,10,21,7,14
NZ_CP103839.1,3,2,2,0
NZ_CP043231.1,2,1,1,0
NZ_CP043232.1,3,3,3,0
NZ_CP043233.1,39,40,28,12
NZ_CP081244.1,1,4,0,4
NZ_CP115240.1,6,2,2,0
NZ_CP023160.1,3,7,1,6
NZ_CP023161.1,5,8,3,5
NZ_CP023162.1,1,0,0,0
NZ_CP091207.1,15,18,13,5
NZ_CP091208.1,9,6,6,0
NZ_CP091209.1,7,7,6,1
NZ_CP098220.1,16,20,13,7
NZ_CP098222.1,2,3,3,0
NZ_CP120639.1,27,42,20,22
NZ_CP057148.1,18,25,19,6
NZ_CP097015.1,30,29,23,6
NZ_CP097016.1,8,8,7,1
NZ_CP062714.1,5,7,3,4
NZ_CP044353.1,4,3,3,0
NZ_CP137427.1,5,5,2,3
NZ_CP137428.1,1,0,0,0
NZ_CP137425.1,6,9,5,4
NZ_CP137424.1,22,24,20,4
NZ_CP013615.1,2,2,1,1
NZ_CP013040.1,4,2,0,2
NZ_CP013039.1,3,2,2,0
NZ_CP017798.1,38,44,34,10
NZ_CP017799.1,3,1,1,0
NZ_CP017800.1,7,8,5,3
NZ_CP017801.1,1,1,1,0
NZ_AP022483.1,16,25,15,10
NZ_AP022484.1,2,1,1,0
NZ_CP017649.1,10,5,5,0
NZ_CP018472.1,3,1,1,0
NZ_CP018476.1,1,0,0,0
NZ_CP018473.1,2,2,0,2
NZ_CP041744.1,5,2,1,1
NZ_CP015111.1,4,3,2,1
NC_017565.1,2,8,4,4
NZ_CP013779.1,76,91,50,41
NZ_CP013780.1,21,19,11,8
NZ_CP074681.1,8,10,4,6
NZ_CP074682.1,4,4,4,0
NZ_CP082875.1,1,3,0,3
NZ_CP086343.1,5,4,4,0
NZ_CP138563.1,8,9,5,4
NZ_CP138564.1,17,16,14,2
NZ_CP138565.1,15,21,14,7
NZ_CP094530.1,4,0,0,0
NZ_CP115673.1,2,3,3,0
NZ_CP115675.1,10,10,4,6
NZ_CP115677.1,1,1,1,0
NZ_CP102605.1,1,1,0,1
NZ_CP034470.1,1,3,1,2
NZ_CP034471.1,2,5,0,5
NZ_CP034472.1,1,1,1,0
NZ_CP034473.1,1,1,1,0
NZ_CP026166.1,11,20,12,8
NZ_CP043336.1,18,24,14,10
NZ_CP043338.1,11,10,7,3
NZ_CP043335.1,4,4,2,2
NZ_CP107044.1,18,22,14,8
NZ_CP107045.1,4,5,0,5
NZ_CP107046.1,2,2,1,1
NZ_CP143953.1,3,2,1,1
NZ_CP070016.1,24,35,23,12
NZ_CP108550.1,3,3,2,1
NZ_AP026667.1,27,32,18,14
NZ_AP026669.1,2,2,0,2
NZ_AP026670.1,3,3,2,1
NZ_CP024651.1,1,0,0,0
NZ_CP024652.2,12,6,6,0
NZ_CP051382.1,15,11,7,4
NZ_CP051383.1,7,4,2,2
NZ_CP037875.1,15,13,11,2
NZ_CP037876.1,6,6,2,4
NZ_CP075322.1,2,4,2,2
NZ_CP116462.1,3,2,2,0
NZ_CP097191.1,12,18,13,5
NZ_CP097192.1,15,18,13,5
NZ_CP097193.1,10,7,6,1
NZ_CP097194.1,6,6,5,1
NZ_CP044075.1,14,10,10,0
NZ_CP116890.1,5,10,5,5
NZ_CP068697.1,3,3,2,1
NZ_CP035384.1,22,35,19,16
NZ_CP026198.1,15,20,14,6
NZ_CP092201.1,8,11,7,4
NZ_CP092204.1,14,18,12,6
NZ_CP092205.1,15,11,10,1
NZ_CP067400.1,18,22,15,7
NZ_CP029879.1,13,12,11,1
NZ_CP032091.1,2,1,1,0
NZ_CP032092.1,6,6,5,1
NZ_CP010824.1,1,0,0,0
NZ_CP010825.1,1,0,0,0
NZ_CP010826.1,4,6,2,4
NZ_CP010759.1,1,3,1,2
NZ_CP010764.1,1,0,0,0
NZ_CP030800.1,4,2,1,1
NZ_CP030801.1,5,7,5,2
NZ_CP030802.1,4,1,0,1
NZ_CP104619.1,11,13,9,4
NZ_CP104620.1,12,9,7,2
NZ_CP104621.1,8,8,7,1
NZ_CP104622.1,1,0,0,0
NZ_CP104623.1,5,8,5,3
NZ_CP016560.1,1,2,0,2
NZ_CP084753.1,1,1,1,0
NZ_CP084754.1,1,1,1,0
NZ_CP084755.1,2,0,0,0
NZ_CP084756.1,2,0,0,0
NZ_CP084757.1,3,0,0,0
NZ_CP026830.1,52,81,43,38
NZ_CP071291.1,7,8,8,0
NZ_CP086955.1,5,3,1,2
NZ_CP086956.1,14,14,8,6
NZ_CP086957.1,2,1,1,0
NZ_CP086958.1,1,0,0,0
NZ_CP086959.1,4,5,3,2
NZ_CP086960.1,8,10,6,4
NZ_CP030204.1,6,17,7,10
NZ_CP030205.1,3,4,3,1
NZ_CP138768.1,35,44,27,17
NZ_CP138769.1,16,14,12,2
NZ_CP050337.1,24,24,19,5
NZ_CP050338.1,1,1,0,1
NZ_CP050339.1,15,14,13,1
NZ_CP036443.1,19,27,18,9
NZ_CP123500.1,3,7,6,1
NZ_CP123501.1,17,18,16,2
NZ_CP123502.1,2,3,2,1
NZ_CP123503.1,2,2,2,0
NZ_CP062325.1,3,4,4,0
NZ_CP061360.1,54,65,45,20
NZ_CP099543.1,1,2,1,1
NZ_CP022406.1,11,10,5,5
NZ_CP024241.1,21,20,9,11
NZ_CP024242.1,8,5,3,2
NZ_CP067058.1,6,18,6,12
NZ_CP092912.1,2,2,1,1
NZ_CP128358.1,1,1,0,1
NZ_CP058628.1,4,7,0,7
NZ_CP058630.1,2,1,0,1
NZ_CP028697.1,2,6,3,3
NZ_CP071828.1,40,34,23,11
NZ_CP071829.1,6,4,3,1
NZ_CP073044.1,11,3,2,1
NZ_CP073045.1,16,20,18,2
NZ_CP009624.2,3,4,3,1
NZ_CP015754.1,2,7,3,4
NZ_CP056334.1,26,19,16,3
NZ_CP056335.1,10,14,7,7
NZ_CP070285.2,7,10,3,7
NZ_CP070286.2,12,18,8,10
NZ_CP058572.1,5,4,2,2
NZ_CP058573.1,2,1,0,1
NZ_CP041974.1,5,5,4,1
NZ_CP101181.1,10,10,6,4
NZ_CP101182.1,3,3,2,1
NZ_CP123987.1,12,8,4,4
NZ_CP133127.1,3,8,1,7
NZ_CP134059.1,5,4,3,1
NZ_CP125089.1,8,9,5,4
NZ_CP125090.1,7,7,4,3
NZ_CP125091.1,9,8,7,1
NZ_CP040569.1,3,5,2,3
NZ_CP040850.1,45,43,39,4
NZ_CP040851.1,3,1,0,1
NZ_AP024197.1,1,0,0,0
NZ_CP132703.1,30,33,28,5
NZ_CP132704.1,14,14,13,1
NZ_CP009002.1,3,4,2,2
NZ_CP009003.1,3,2,0,2
NZ_OW969660.1,22,20,17,3
NZ_OW969662.1,3,3,3,0
NZ_OW969663.1,3,4,2,2
NZ_CP084960.1,3,3,1,2
NZ_CP084961.1,5,5,3,2
NZ_CP084962.1,1,1,1,0
NZ_CP084963.1,5,4,3,1
NZ_CP084964.1,2,5,2,3
NZ_CP076100.1,5,5,3,2
NZ_CP056516.1,25,20,8,12
NZ_CP056517.1,17,18,15,3
NZ_CP056518.1,5,3,3,0
NZ_CP011540.1,7,7,6,1
NZ_CP035277.1,33,29,27,2
NZ_CP012186.1,21,32,16,16
NZ_CP012185.1,27,23,12,11
NZ_CP071712.1,27,32,21,11
NZ_CP071713.1,3,1,1,0
NZ_CP071714.1,19,21,5,16
NZ_CP016520.1,2,2,0,2
NZ_CP096728.1,2,4,2,2
NZ_CP082811.1,2,1,1,0
NZ_CP082812.1,1,1,1,0
NZ_CP101878.1,14,15,13,2
NZ_CP101879.1,2,2,2,0
NZ_CP101880.1,3,3,2,1
NZ_CP026219.1,4,4,3,1
NZ_CP026220.1,1,1,1,0
NZ_CP026221.1,9,9,7,2
NZ_CP129776.1,9,11,8,3
NZ_CP129778.1,10,11,8,3
NZ_CP129777.1,4,4,4,0
NZ_CP020907.1,1,1,1,0
NZ_CP020908.1,2,1,1,0
NZ_CP020910.1,36,49,30,19
NZ_CP020911.1,6,6,3,3
NZ_CP017620.1,3,3,2,1
NZ_CP086221.1,15,15,11,4
NZ_CP086222.1,6,10,8,2
NZ_CP086224.1,5,4,4,0
NZ_CP086225.1,5,4,4,0
NZ_CP009036.1,8,11,3,8
NZ_CP027343.1,2,6,2,4
NZ_CP010118.1,1,0,0,0
NZ_LR883007.1,1,3,3,0
NZ_LR883008.1,31,31,11,20
NZ_LR883009.1,16,12,5,7
NZ_LR883010.1,1,1,1,0
NZ_CP054602.1,1,0,0,0
NZ_CP054603.1,4,5,1,4
NZ_CP054604.1,6,7,5,2
NZ_CP054608.1,1,0,0,0
NZ_CP045770.1,1,1,1,0
NZ_CP107915.1,2,2,2,0
NZ_OY970407.1,20,26,15,11
NZ_OY970408.1,6,5,2,3
NZ_OY970409.1,6,5,4,1
NZ_CP142144.1,24,27,16,11
NZ_CP142145.1,7,9,5,4
NZ_CP051689.1,4,8,5,3
NZ_CP051690.1,3,5,4,1
NZ_CP016222.1,9,10,8,2
NZ_LR882940.1,7,2,2,0
NZ_AP026812.1,1,2,1,1
NZ_AP026813.1,4,2,2,0
NZ_CP038332.1,5,9,1,8
NZ_CP038330.1,9,7,6,1
NZ_CP079151.1,26,29,17,12
NZ_CP079152.1,23,24,14,10
NZ_CP084217.1,25,26,16,10
NZ_CP084220.1,1,0,0,0
NZ_CP055422.1,42,41,33,8
NZ_CP055424.1,1,0,0,0
NZ_CP141545.1,17,22,13,9
NZ_CP141546.1,26,33,26,7
NZ_CP028200.2,3,3,2,1
NZ_CP040741.1,36,44,34,10
NZ_CP040742.1,25,20,18,2
NZ_CP069683.1,15,7,4,3
NZ_CP069684.1,11,18,14,4
NZ_CP069685.1,1,1,1,0
NZ_CP050647.1,4,10,2,8
NZ_CP102375.1,24,21,16,5
NZ_CP102376.1,7,9,6,3
NZ_CP040298.1,4,4,2,2
NZ_CP040299.1,5,2,1,1
NZ_CP040300.1,1,1,0,1
NZ_CP040301.1,1,0,0,0
NZ_CP040302.1,3,2,1,1
NZ_CP064856.1,1,2,1,1
NZ_AP023236.1,7,8,6,2
NZ_CP100240.1,28,22,14,8
NZ_CP100241.1,15,11,10,1
NZ_CP100242.1,7,4,2,2
NZ_CP100243.1,20,19,12,7
NZ_CP063148.1,11,6,2,4
NZ_CP063149.1,42,37,29,8
NZ_AP025335.1,11,9,7,2
NZ_AP025336.1,11,9,6,3
NZ_CP044156.1,4,4,4,0
NZ_CP044157.1,35,72,31,41
NZ_CP075898.1,1,1,0,1
NZ_CP038154.1,8,8,7,1
NC_010553.1,8,10,3,7
NZ_CP101701.1,16,17,10,7
NZ_CP087104.1,12,22,16,6
NZ_CP087105.1,8,13,10,3
NZ_CP042290.1,10,8,7,1
NZ_CP042294.1,5,6,4,2
NZ_CP042293.1,1,2,0,2
NZ_CP042292.1,2,2,2,0
NZ_CP042291.1,2,3,2,1
NZ_CP093206.1,2,2,1,1
NZ_CP102837.1,20,29,17,12
NZ_CP102838.1,12,15,11,4
NZ_CP102839.1,6,7,5,2
NZ_AP022111.1,26,29,18,11
NZ_LS992191.1,17,13,9,4
NZ_CP102547.1,15,13,11,2
NZ_CP102548.1,17,17,14,3
NZ_CP125311.1,2,2,1,1
NZ_CP125312.1,2,2,1,1
NZ_CP125313.1,3,2,1,1
NZ_CP125314.1,4,4,4,0
NZ_CP043619.1,9,9,9,0
NZ_CP043621.1,7,6,3,3
NZ_CP043622.1,7,5,2,3
NZ_CP076217.1,4,10,5,5
NZ_CP084441.1,3,2,2,0
NZ_CP084442.1,2,2,2,0
NZ_CP021440.1,1,0,0,0
NZ_CP021439.1,2,1,0,1
NZ_CP021438.1,37,51,40,11
NZ_CP021437.1,38,37,26,11
NZ_CP121610.1,2,3,1,2
NZ_AP023078.1,2,2,2,0
NZ_AP023079.1,2,2,1,1
NZ_AP023080.1,1,2,1,1
NZ_CP107437.1,19,23,19,4
NZ_CP107438.1,16,16,14,2
NZ_CP084473.1,4,14,6,8
NZ_CP084474.1,9,9,3,6
NZ_CP084475.1,4,6,2,4
NZ_CP028625.1,6,8,6,2
NZ_AP013064.1,2,1,0,1
NZ_CP110302.1,2,4,2,2
NZ_CP103643.1,23,25,19,6
NZ_CP051707.1,10,12,6,6
NZ_CP051708.1,2,1,1,0
NZ_CP061343.1,1,1,1,0
NZ_CP092975.1,5,5,4,1
NZ_CP092974.1,12,11,9,2
NZ_CP092976.1,12,17,12,5
NZ_CP029050.1,1,1,1,0
NZ_CP034291.1,2,9,7,2
NZ_CP034292.1,2,3,1,2
NZ_CP034293.1,6,5,5,0
NZ_AP019732.1,4,9,5,4
NZ_CP033346.1,1,1,1,0
NZ_CP082955.1,22,22,21,1
NZ_CP082956.1,10,8,5,3
NZ_CP082958.1,3,3,3,0
NZ_CP082959.1,3,2,2,0
NZ_CP065085.1,26,21,17,4
NZ_CP050501.1,8,13,8,5
NZ_CP050502.1,11,9,5,4
NZ_CP050503.1,4,4,3,1
NZ_CP110405.1,1,0,0,0
NZ_CP058759.1,13,13,10,3
NZ_CP058760.1,15,17,11,6
NZ_CP058761.1,3,7,2,5
NZ_CP091945.1,6,6,2,4
NZ_CP091946.1,3,4,2,2
NZ_CP053689.1,6,5,2,3
NZ_CP121140.1,19,30,16,14
NZ_CP045454.1,5,4,3,1
NZ_CP047132.1,4,9,6,3
NZ_LR882494.1,4,12,5,7
NZ_CP024480.1,7,7,5,2
NZ_CP024481.1,6,5,1,4
NZ_CP068153.1,6,3,2,1
NZ_CP068154.1,9,5,3,2
NZ_CP127519.1,29,31,24,7
NZ_CP127520.1,17,16,13,3
NZ_CP127521.1,7,5,3,2
NZ_CP127522.1,6,5,5,0
NZ_CP054763.1,20,29,16,13
NZ_CP054764.1,11,12,9,3
NZ_CP054765.1,7,10,6,4
NZ_CP025054.1,2,2,1,1
NZ_CP133928.1,2,1,1,0
NZ_CP133929.1,2,2,2,0
NZ_CP025911.1,34,36,14,22
NZ_CP025912.1,18,13,5,8
NZ_CP009699.1,4,9,6,3
NZ_CP028312.1,12,11,9,2
NZ_CP028313.1,3,3,2,1
NZ_CP034682.1,4,4,2,2
NZ_CP034681.1,19,13,8,5
NZ_CP034676.1,1,1,1,0
NZ_CP034677.1,13,18,12,6
NZ_CP034679.1,7,11,9,2
NZ_CP033251.1,27,36,20,16
NZ_CP094744.1,3,8,6,2
NZ_CP082081.1,2,2,2,0
NZ_CP082082.1,5,8,4,4
NZ_CP023370.1,1,2,1,1
NZ_CP023367.1,5,10,4,6
NZ_CP092448.1,1,0,0,0
NZ_CP023674.1,13,15,7,8
NZ_CP023675.1,4,4,4,0
NZ_AP023084.1,3,1,0,1
NZ_AP019676.1,13,20,12,8
NZ_AP019677.1,4,6,4,2
NZ_AP019678.1,10,10,8,2
NZ_AP019679.1,5,5,4,1
NZ_AP027295.1,28,34,22,12
NZ_AP027296.1,9,8,7,1
NZ_CP021275.1,2,3,1,2
NZ_CP021276.1,1,0,0,0
NZ_CP033873.1,2,3,1,2
NZ_AP019194.1,4,4,3,1
NZ_CP117718.1,10,19,13,6
NZ_CP117719.1,26,27,18,9
NZ_CP101534.1,16,15,12,3
NZ_CP097258.1,14,14,9,5
NZ_CP097259.1,2,3,1,2
NZ_CP097260.1,2,2,1,1
NZ_CP097261.1,2,2,1,1
NZ_CP050754.1,17,21,14,7
NZ_CP011543.1,1,1,0,1
NZ_AP025852.1,22,24,19,5
NZ_CP142940.1,10,13,6,7
NZ_CP142941.1,3,3,2,1
NZ_CP100115.1,17,16,13,3
NZ_CP100116.1,11,11,9,2
NZ_CP084337.1,11,11,5,6
NZ_CP084338.1,7,9,0,9
NZ_CP082761.1,11,12,9,3
NZ_CP082760.1,21,29,16,13
NZ_CP082762.1,7,7,6,1
NZ_CP041669.1,2,3,2,1
NZ_CP017274.1,4,2,2,0
NZ_CP119991.1,2,1,0,1
NZ_CP067340.1,3,5,2,3
NZ_CP029998.1,2,2,0,2
NZ_CP055006.1,2,2,1,1
NZ_CP055007.1,14,16,11,5
NC_011204.1,4,5,2,3
NZ_CP050912.1,1,1,1,0
NZ_CP132607.1,14,23,10,13
NZ_CP132608.1,4,7,4,3
NZ_CP036100.1,19,24,19,5
NZ_LT960778.1,2,4,3,1
NZ_CP110143.1,30,34,22,12
NZ_CP110144.1,25,29,22,7
NZ_CP093922.1,2,6,4,2
NZ_CP093923.1,3,2,1,1
NZ_CP093924.1,1,1,1,0
NZ_CP093920.1,16,20,10,10
NZ_CP106839.1,10,23,14,9
NZ_CP065118.1,10,10,8,2
NZ_CP065119.1,16,16,12,4
NZ_CP102489.1,2,5,3,2
NZ_CP020393.1,1,1,1,0
NZ_CP056223.1,30,34,30,4
NZ_CP056224.1,2,2,1,1
NZ_CP056225.1,14,10,8,2
NZ_CP056226.1,14,12,7,5
NZ_CP025983.1,6,8,4,4
NZ_CP025984.1,4,3,1,2
NZ_CP086679.1,17,21,15,6
NZ_CP086680.1,8,8,8,0
NZ_CP086681.1,16,23,19,4
NZ_CP110191.1,14,7,2,5
NZ_CP057239.1,15,17,5,12
NZ_CP137223.1,2,1,0,1
NZ_CP137222.1,3,4,3,1
NZ_CP097672.1,2,1,1,0
NZ_CP097673.1,28,31,24,7
NZ_CP097674.1,11,11,11,0
NZ_CP040905.1,38,37,28,9
NZ_CP085907.1,36,44,30,14
NZ_CP085909.1,4,4,4,0
NZ_CP085910.1,3,3,3,0
NZ_CP085911.1,2,1,1,0
NZ_CP085908.1,21,15,14,1
NZ_CP035862.1,8,8,6,2
NZ_CP035861.1,13,27,10,17
NZ_CP035863.1,4,5,3,2
NZ_AP018047.1,10,7,6,1
NZ_AP018048.1,2,6,0,6
NZ_CP074520.1,34,43,24,19
NZ_CP074521.1,6,8,6,2
NZ_CP074522.1,6,3,0,3
NZ_CP095117.1,2,2,2,0
NZ_CP054408.1,8,8,8,0
NZ_CP097176.1,4,5,1,4
NZ_CP097177.1,4,6,3,3
NZ_CP020902.1,40,39,28,11
NZ_CP020903.1,18,24,17,7
NZ_CP020904.1,7,8,4,4
NZ_CP128262.1,8,7,3,4
NZ_CP141849.1,5,7,5,2
NZ_CP141850.1,16,23,15,8
NZ_CP141853.1,2,2,2,0
NZ_CP079726.1,21,23,12,11
NZ_CP079727.1,11,10,7,3
NZ_CP079728.1,2,1,1,0
NZ_CP058238.1,1,2,0,2
NZ_CP085443.1,3,1,0,1
NZ_CP085444.1,4,3,3,0
NZ_CP085445.1,2,4,1,3
NZ_CP085446.1,3,2,2,0
NZ_CP085447.1,4,3,3,0
NZ_CP085448.1,3,2,1,1
NZ_CP047278.1,29,26,23,3
NZ_LR890703.1,12,13,10,3
NZ_LR890704.1,11,8,7,1
NZ_LR890706.1,3,3,2,1
NZ_LR890707.1,4,4,4,0
NZ_CP028230.1,3,7,4,3
NZ_CP028231.1,4,6,4,2
NZ_CP028232.1,6,6,4,2
NZ_CP028233.1,2,2,2,0
NZ_CP045548.1,10,15,7,8
NZ_CP090390.1,29,37,25,12
NZ_CP090391.1,18,21,16,5
NZ_CP071010.1,25,25,19,6
NZ_CP022165.1,15,10,9,1
NZ_CP022166.1,15,20,8,12
NZ_CP022167.1,1,2,2,0
NZ_CP007047.1,1,1,0,1
NZ_CP007048.1,5,6,4,2
NZ_CP057312.1,19,20,18,2
NZ_CP107185.1,17,15,8,7
NZ_CP107186.1,1,2,0,2
NZ_CP047676.1,16,20,11,9
NZ_CP032924.1,2,4,3,1
NZ_CP032925.1,1,3,2,1
NZ_CP050866.1,46,70,31,39
NZ_CP050867.1,1,1,0,1
NZ_OW970541.1,16,11,6,5
NZ_OW970542.1,12,13,9,4
NZ_OW970543.1,4,4,4,0
NZ_OW970545.1,1,0,0,0
NZ_CP064402.1,19,15,13,2
NZ_CP031344.1,18,20,9,11
NC_018674.1,1,0,0,0
NC_018698.1,4,2,1,1
NC_018675.1,2,2,0,2
NC_018699.1,1,2,0,2
NZ_CP142090.1,3,1,1,0
NZ_CP118437.1,5,8,4,4
NZ_CP109810.1,5,5,5,0
NZ_CP009433.1,21,22,14,8
NZ_CP009432.1,28,28,14,14
NZ_CP029598.1,11,13,9,4
NZ_CP029599.1,3,4,4,0
NZ_CP101463.1,12,8,6,2
NC_022078.1,28,39,26,13
NZ_CP045603.1,9,11,7,4
NZ_CP017242.1,15,16,7,9
NZ_CP017243.1,25,27,8,19
NZ_CP017244.1,15,18,6,12
NZ_CP092662.1,6,10,5,5
NZ_CP086619.1,13,12,9,3
NZ_CP041083.1,13,13,11,2
NZ_CP041084.1,13,18,13,5
NZ_CP041085.1,4,4,4,0
NZ_CP041086.1,10,13,8,5
NZ_CP059416.1,20,19,17,2
NZ_CP059413.1,28,24,22,2
NZ_CP059417.1,5,3,1,2
NZ_CP059712.1,21,19,12,7
NZ_CP059713.1,2,1,0,1
NZ_CP059714.1,4,8,3,5
NZ_CP059715.1,4,4,4,0
NZ_CP014061.1,2,5,2,3
NZ_CP104926.1,10,11,9,2
NZ_CP104927.1,2,3,1,2
NZ_CP056044.1,11,19,13,6
NZ_CP056045.1,18,24,18,6
NZ_CP056046.1,24,41,21,20
NZ_CP066474.1,35,43,31,12
NZ_CP066476.1,3,1,1,0
NZ_CP066475.1,15,17,13,4
NZ_OU016038.1,7,6,5,1
NZ_OU016037.1,34,36,26,10
NZ_OU016039.1,9,10,8,2
NZ_OU016040.1,2,1,1,0
NZ_CP080224.1,8,7,6,1
NZ_CP080225.1,4,4,1,3
NZ_CP080226.1,8,10,6,4
NZ_CP080227.1,10,12,5,7
NZ_CP080228.1,16,20,6,14
NZ_CP080229.1,3,3,0,3
NZ_CP134738.1,1,3,1,2
NZ_CP134739.1,2,2,0,2
NZ_CP134740.1,2,4,0,4
NZ_CP043628.1,4,6,3,3
NZ_CP043630.1,6,5,3,2
NZ_CP043631.1,4,4,2,2
NZ_CP137471.1,21,22,20,2
NZ_CP137469.1,2,4,2,2
NZ_CP137470.1,13,13,12,1
NZ_CP081055.1,1,1,0,1
NZ_CP081057.1,1,4,1,3
NZ_AP019857.1,4,19,8,11
NZ_CP099365.1,25,24,22,2
NZ_CP069220.1,2,2,2,0
NZ_CP040535.1,22,21,20,1
NZ_CP040534.1,16,24,14,10
NZ_CP040536.1,4,4,3,1
NZ_CP120543.1,4,3,2,1
NZ_CP120542.1,11,17,9,8
NZ_CP033400.1,13,17,14,3
NZ_CP033399.1,5,4,4,0
NZ_CP043210.1,1,1,0,1
NZ_CP082790.1,3,4,3,1
NZ_CP079669.1,25,28,17,11
NZ_CP079670.1,23,24,14,10
NZ_CP066911.1,23,32,25,7
NZ_CP066912.1,18,16,15,1
NZ_CP119224.1,11,18,16,2
NZ_CP119225.1,17,23,16,7
NZ_CP013712.1,11,15,7,8
NZ_CP013713.1,8,13,8,5
NZ_CP044149.1,4,3,2,1
NZ_CP044150.1,8,11,6,5
NZ_CP024059.1,7,7,5,2
NZ_CP024060.1,2,2,2,0
NZ_CP024061.1,3,4,1,3
NZ_CP028340.1,2,1,1,0
NZ_CP009650.1,21,35,23,12
NZ_CP009649.1,15,14,8,6
NZ_CP137609.1,16,11,3,8
NZ_CP137610.1,6,8,7,1
NZ_CP090093.1,12,13,6,7
NZ_CP090091.1,8,21,4,17
NZ_CP090092.1,7,10,8,2
NZ_CP090094.1,2,3,2,1
NZ_CP042902.1,11,20,15,5
NZ_CP144308.1,15,25,12,13
NZ_CP040912.1,18,20,11,9
NZ_CP040913.1,3,4,2,2
NZ_CP117724.1,11,13,6,7
NZ_CP117725.1,6,2,2,0
NZ_CP137738.1,17,19,7,12
NZ_CP137739.1,20,21,20,1
NZ_CP137740.1,5,5,2,3
NZ_CP137741.1,6,5,5,0
NZ_CP031907.1,9,14,7,7
NZ_CP031650.1,1,2,1,1
NZ_CP031651.1,2,2,1,1
NZ_CP031652.1,1,8,2,6
NZ_CP076558.1,18,10,5,5
NZ_CP076559.1,16,10,5,5
NZ_CP076560.1,4,1,1,0
NZ_CP066854.1,4,3,2,1
NZ_HG004427.1,6,3,3,0
NZ_CP065173.1,25,25,22,3
NZ_CP065174.1,8,8,6,2
NZ_CP065175.1,15,16,14,2
NZ_CP065176.1,6,7,5,2
NZ_CP039187.1,74,87,40,47
NZ_CP039188.1,2,4,0,4
NZ_CP039189.1,12,13,3,10
NZ_CP033353.2,27,33,24,9
NZ_CP033355.2,1,0,0,0
NZ_CP056683.1,24,38,24,14
NZ_CP056684.1,15,15,12,3
NZ_CP056685.1,10,12,7,5
NZ_CP056686.1,8,6,5,1
NZ_CP056688.1,2,2,2,0
NZ_CP041127.1,2,0,0,0
NZ_CP041128.1,1,1,1,0
NZ_AP025541.1,8,9,9,0
NZ_AP025542.1,7,4,4,0
NZ_CP038422.1,8,10,6,4
NZ_CP044424.1,6,4,0,4
NZ_CP044425.1,6,10,2,8
NZ_CP062397.1,3,3,3,0
NZ_CP039696.1,6,8,6,2
NZ_CP039697.1,2,2,2,0
NZ_CP039698.1,4,2,0,2
NZ_CP039699.1,18,15,12,3
NZ_CP031199.1,8,11,6,5
NZ_CP031200.1,8,8,6,2
NZ_CP031201.1,3,2,2,0
NZ_CP031202.1,4,4,2,2
NZ_AP025663.1,12,15,8,7
NZ_AP025665.1,2,3,2,1
NZ_AP025664.1,1,0,0,0
NZ_CP096164.1,8,9,7,2
NZ_CP066749.1,4,4,0,4
NZ_CP066750.1,8,9,3,6
NZ_CP101179.1,6,6,3,3
NZ_CP055188.1,12,14,9,5
NZ_CP055189.1,11,9,7,2
NZ_CP098135.1,12,14,8,6
NZ_CP098137.1,18,27,16,11
NZ_CP098138.1,1,1,1,0
NZ_CP091806.1,20,23,14,9
NZ_CP091807.1,19,16,13,3
NZ_CP091808.1,3,4,2,2
NZ_CP091564.1,23,20,13,7
NZ_CP057257.1,1,1,1,0
NZ_CP062770.1,8,8,5,3
NZ_CP084804.1,29,34,22,12
NZ_CP084805.1,14,19,10,9
NZ_CP038863.1,1,2,1,1
NZ_CP097295.1,14,20,15,5
NZ_CP092416.1,2,0,0,0
NZ_CP039294.1,10,4,4,0
NZ_CP019173.1,1,2,0,2
NZ_CP115206.1,15,8,7,1
NZ_CP059948.1,13,19,10,9
NZ_CP059949.1,1,1,0,1
NZ_CP139384.1,5,4,4,0
NZ_CP139383.1,2,2,0,2
NZ_CP013265.1,7,3,3,0
NZ_CP013266.1,2,2,2,0
NZ_CP013267.1,13,7,4,3
NZ_CP013268.1,3,1,0,1
NZ_CP013269.1,4,1,1,0
NC_017659.1,14,13,11,2
NZ_CP077207.1,25,23,19,4
NZ_CP077208.1,2,3,2,1
NZ_CP021906.1,2,3,1,2
NZ_CP097481.1,14,11,4,7
NZ_CP097482.1,16,21,8,13
NZ_CP121523.1,4,5,3,2
NZ_CP072992.1,7,11,6,5
NZ_CP072993.1,17,20,13,7
NC_012780.1,3,4,2,2
NZ_CP043848.1,1,1,1,0
NZ_CP062128.1,2,4,1,3
NZ_CP041212.1,6,5,2,3
NZ_CP041296.1,2,5,2,3
NZ_CP041294.1,1,0,0,0
NZ_CP041297.1,5,10,6,4
NZ_CP023360.1,2,0,0,0
NZ_CP023361.1,4,4,2,2
NZ_CP023362.1,2,2,1,1
NZ_CP031281.1,2,3,3,0
NZ_CP074709.1,9,7,4,3
NZ_CP074708.1,2,1,1,0
NZ_CP011641.1,17,17,10,7
NZ_CP011638.1,1,0,0,0
NZ_CP011640.1,4,3,3,0
NZ_CP011639.1,11,7,5,2
NZ_AP024743.1,1,0,0,0
NZ_CP090706.1,10,8,5,3
NZ_CP128964.1,8,9,4,5
NZ_CP128966.1,4,3,3,0
NZ_CP128967.1,2,2,1,1
NZ_CP046258.1,7,7,4,3
NZ_CP034322.1,12,11,8,3
NZ_CP114734.1,1,1,0,1
NZ_CP114723.1,2,1,1,0
NZ_CP114721.1,2,1,1,0
NZ_CP100405.1,2,3,2,1
NZ_CP085407.1,14,11,9,2
NZ_CP085408.1,5,9,6,3
NZ_CP044308.1,1,0,0,0
NZ_CP044309.1,4,7,5,2
NZ_CP044306.1,14,23,15,8
NZ_CP031980.1,21,30,20,10
NZ_CP047227.1,36,25,17,8
NZ_CP047228.1,6,3,3,0
NZ_CP047229.1,4,3,1,2
NZ_CP047230.1,1,2,1,1
NZ_CP108456.1,2,1,0,1
NZ_CP084298.1,23,25,9,16
NZ_CP038314.1,8,9,5,4
NZ_LR025102.1,13,14,12,2
NZ_LR025105.1,4,4,4,0
NZ_CP026804.1,41,75,36,39
NC_020907.1,6,3,2,1
NZ_CP103368.1,30,38,32,6
NZ_CP103366.1,5,5,5,0
NZ_CP103369.1,4,5,5,0
NZ_CP103367.1,5,3,1,2
NZ_CP117004.1,5,10,9,1
NZ_CP117003.1,15,18,12,6
NZ_CP116153.1,22,31,21,10
NZ_CP116154.1,13,13,11,2
NZ_CP116155.1,9,13,6,7
NZ_CP094228.1,18,21,13,8
NZ_CP010321.1,3,10,5,5
NZ_CP027119.1,11,15,14,1
NZ_CP027120.1,2,4,3,1
NZ_CP053672.2,5,6,6,0
NZ_CP053674.2,1,1,0,1
NZ_CP061027.2,2,2,2,0
NZ_CP016791.1,9,11,8,3
NZ_CP063484.1,4,3,2,1
NZ_CP063486.1,9,12,6,6
NZ_CP040789.1,1,0,0,0
NZ_CP143640.1,5,5,5,0
NZ_CP021803.1,41,48,28,20
NZ_CP021801.1,44,50,34,16
NZ_CP021802.1,26,26,18,8
NZ_CP080567.1,1,0,0,0
NZ_CP045489.1,20,19,12,7
NZ_CP045490.1,8,9,3,6
NZ_CP098328.1,10,8,6,2
NZ_AP027143.1,6,14,8,6
NZ_AP027144.1,13,20,10,10
NZ_AP027145.1,8,4,3,1
NZ_AP027146.1,7,5,3,2
NZ_AP027148.1,1,1,0,1
NZ_CP026240.1,7,4,3,1
NZ_CP026239.1,10,2,2,0
NZ_CP026242.1,28,30,21,9
NZ_CP026241.1,33,30,25,5
NZ_CP130478.1,1,2,0,2
NZ_CP069499.1,1,8,4,4
NZ_CP103759.1,16,18,11,7
NZ_LR135345.1,32,32,25,7
NZ_LR135346.1,6,7,6,1
NZ_LR135347.1,2,3,2,1
NZ_LR135348.1,2,1,1,0
NZ_CP039717.1,17,14,12,2
NZ_CP039718.1,3,3,2,1
NZ_CP053545.1,4,3,1,2
NZ_CP053546.1,12,6,6,0
NZ_CP053547.1,2,0,0,0
NZ_CP053548.1,2,2,2,0
NZ_CP075971.1,2,4,3,1
NZ_CP075972.1,1,1,0,1
NZ_CP019989.1,51,52,32,20
NZ_CP019990.1,9,8,6,2
NZ_CP090612.1,1,1,0,1
NZ_CP090613.1,9,8,8,0
NZ_CP024887.1,12,13,5,8
NZ_AP025912.1,31,31,26,5
NZ_CP087301.1,6,5,3,2
NZ_CP087302.1,2,1,0,1
NZ_CP053354.1,6,6,6,0
NZ_CP117381.1,8,7,5,2
NZ_CP119765.1,2,2,0,2
NZ_CP093478.1,5,5,4,1
NZ_CP093480.1,1,1,0,1
NZ_CP093477.1,16,14,11,3
NZ_AP017618.1,20,20,15,5
NZ_AP017619.1,1,1,1,0
NZ_CP090058.1,2,2,0,2
NZ_CP086871.1,1,1,1,0
NZ_CP086872.1,1,0,0,0
NZ_CP086873.1,28,25,12,13
NZ_CP086874.1,5,3,1,2
NZ_CP086876.1,9,10,6,4
NZ_CP110060.1,11,11,8,3
NZ_LR890694.1,13,13,8,5
NZ_CP032164.1,19,26,14,12
NZ_CP032165.1,11,17,6,11
NZ_CP032166.1,14,13,11,2
NZ_CP022549.1,7,10,4,6
NZ_CP096751.1,2,2,2,0
NZ_CP096752.1,2,4,2,2
NZ_AP019633.1,1,5,3,2
NZ_CP013543.1,5,4,3,1
NZ_CP013544.1,24,29,9,20
NZ_CP013545.1,1,1,0,1
NZ_CP013546.1,5,4,1,3
NZ_CP060469.1,1,0,0,0
NZ_CP060467.1,2,3,1,2
NZ_CP060466.1,5,4,3,1
NZ_CP082793.1,2,2,0,2
NZ_AP021877.1,6,4,0,4
NZ_CP083948.1,6,11,6,5
NZ_CP083949.1,1,1,1,0
NZ_CP038406.1,2,6,3,3
NZ_CP094761.1,2,3,3,0
NZ_CP125892.1,9,10,8,2
NZ_CP134390.1,8,12,6,6
NZ_CP134392.1,4,5,3,2
NZ_CP134391.1,1,2,2,0
NZ_CP101235.1,3,4,3,1
NZ_CP101234.1,21,21,14,7
NZ_CP101238.1,5,4,4,0
NZ_CP101239.1,1,1,0,1
NZ_CP101237.1,1,4,4,0
NZ_CP101236.1,9,8,6,2
NZ_CP010154.1,15,18,14,4
NZ_CP010155.1,6,5,3,2
NZ_CP010156.1,1,1,0,1
NZ_CP084188.1,8,6,0,6
NZ_CP084190.1,10,15,8,7
NZ_CP084191.1,3,5,5,0
NZ_CP084192.1,5,6,5,1
NZ_CP079986.1,2,2,1,1
NZ_CP013071.1,8,5,5,0
NZ_CP013072.1,1,1,1,0
NZ_CP013073.1,4,1,1,0
NZ_CP055211.1,21,28,19,9
NZ_CP055212.1,7,14,7,7
NZ_CP098160.1,20,26,17,9
NZ_CP029729.1,28,23,20,3
NZ_CP029730.1,4,4,4,0
NZ_CP029731.1,12,14,11,3
NZ_CP029732.1,3,3,2,1
NZ_CP029733.1,1,1,1,0
NZ_CP029734.1,5,4,4,0
NZ_CP029735.1,7,9,5,4
NZ_CP015158.1,3,3,2,1
NC_003037.1,24,37,19,18
NC_003078.1,14,19,12,7
NZ_CP108563.1,7,2,2,0
NZ_CP051392.1,16,12,7,5
NZ_CP051393.1,5,5,5,0
NZ_CP130622.1,7,18,11,7
NZ_AP022033.1,15,20,12,8
NZ_CP028321.1,10,12,4,8
NZ_CP028322.1,4,4,2,2
NZ_CP028323.1,1,0,0,0
NZ_CP086189.1,1,0,0,0
NZ_CP018045.1,1,1,1,0
NZ_CP018468.1,1,0,0,0
NZ_CP018471.1,5,5,4,1
NZ_CP014997.1,7,8,4,4
NZ_CP086557.1,5,4,4,0
NZ_CP045838.1,4,5,3,2
NZ_CP045839.1,17,22,12,10
NZ_CP041009.1,4,4,4,0
NZ_CP107391.1,17,16,14,2
NZ_CP128561.1,10,4,4,0
NZ_CP128562.1,2,1,1,0
NZ_CP140925.1,103,144,97,47
NZ_CP140926.1,20,18,12,6
NZ_CP026156.1,5,6,5,1
NC_022601.1,2,3,2,1
NC_022602.1,6,4,4,0
NC_022603.1,3,1,0,1
NZ_CP023479.1,26,31,22,9
NZ_CP063474.1,13,14,11,3
NZ_CP063475.1,4,5,4,1
NZ_CP101908.1,8,7,6,1
NZ_CP095775.1,4,3,2,1
NZ_CP058730.1,2,6,3,3
NZ_CP094490.1,8,6,6,0
NZ_CP094491.1,3,3,2,1
NZ_CP094492.1,6,8,4,4
NZ_CP047177.1,3,3,2,1
NZ_CP024571.1,19,14,12,2
NZ_CP024572.1,9,12,7,5
NZ_CP024573.1,18,21,14,7
NZ_CP030058.1,47,77,34,43
NZ_CP091225.1,7,8,5,3
NZ_CP091226.1,6,4,4,0
NZ_CP047086.1,8,7,5,2
NZ_CP047087.1,1,0,0,0
NZ_CP047088.1,1,1,1,0
NZ_CP014202.1,10,13,6,7
NZ_CP039041.1,45,33,24,9
NZ_CP039042.1,80,99,50,49
NZ_CP039043.1,14,14,7,7
NZ_CP039044.1,8,7,4,3
NZ_CP039045.1,14,13,4,9
NZ_CP102515.1,8,7,4,3
NZ_CP102516.1,1,3,0,3
NZ_CP098207.1,10,5,5,0
NZ_CP098208.1,6,11,6,5
NZ_CP097011.1,6,9,8,1
NZ_OW968278.1,19,18,12,6
NZ_CP076149.1,5,10,5,5
NZ_CP037873.1,3,3,2,1
NZ_LN681226.1,1,0,0,0
NZ_CP040096.1,4,4,3,1
NZ_CP040097.1,1,0,0,0
NZ_CP090524.1,1,3,1,2
NZ_CP099980.1,20,28,19,9
NZ_CP134808.1,25,32,18,14
NZ_CP134809.1,7,8,7,1
NZ_CP134810.1,6,8,5,3
NZ_LR135180.1,14,13,10,3
NZ_CP115832.1,4,10,3,7
NZ_CP115833.1,4,7,4,3
NZ_CP138521.1,12,13,10,3
NZ_CP138522.1,6,8,5,3
NZ_CP138523.1,5,7,5,2
NZ_CP138524.1,20,28,15,13
NZ_CP035367.1,9,11,6,5
NZ_CP050312.1,20,17,13,4
NZ_CP046050.1,9,9,6,3
NZ_CP061750.1,11,5,5,0
NZ_CP061751.1,19,20,14,6
NZ_CP088121.1,13,19,13,6
NZ_CP088122.1,3,3,1,2
NZ_CP088123.1,18,20,17,3
NZ_CP088124.1,21,22,17,5
NZ_CP088125.1,3,3,2,1
NZ_CP095084.1,8,18,9,9
NZ_CP069854.1,22,23,18,5
NZ_CP069855.1,6,5,1,4
NZ_CP069856.1,8,5,4,1
NZ_CP031717.1,7,6,6,0
NZ_CP031720.1,16,17,15,2
NZ_AP022957.1,12,13,8,5
NZ_AP022958.1,1,1,1,0
NZ_CP006765.1,2,3,0,3
NZ_CP022771.1,3,11,0,11
NZ_CP139374.1,6,7,5,2
NZ_CP139373.1,12,17,11,6
NZ_CP018777.1,1,0,0,0
NZ_CP058772.1,20,28,19,9
NZ_CP058774.1,3,7,2,5
NZ_LR135279.1,44,52,41,11
NZ_LR135280.1,1,1,0,1
NZ_LR135281.1,6,7,5,2
NZ_LR135282.1,8,6,6,0
NZ_LR135283.1,2,2,2,0
NZ_CP083484.1,12,14,9,5
NZ_CP083485.1,1,1,1,0
NZ_CP083487.1,2,4,0,4
NZ_CP083489.1,1,0,0,0
NZ_CP059050.1,5,14,6,8
NZ_CP059051.1,10,13,9,4
NZ_CP016547.1,4,3,2,1
NZ_CP016548.1,5,4,4,0
NZ_CP016550.1,3,4,4,0
NZ_CP026829.1,53,75,42,33
NZ_CP114157.1,16,20,13,7
NZ_CP114158.1,9,9,4,5
NZ_CP121142.1,25,35,24,11
NZ_CP099484.1,8,6,3,3
NZ_CP087664.1,20,30,17,13
NZ_CP087665.1,16,14,12,2
NZ_CP087666.1,13,14,12,2
NZ_CP136048.1,14,11,10,1
NZ_CP136049.1,10,11,5,6
NZ_OX461118.1,3,2,2,0
NZ_CP136245.1,14,18,15,3
NZ_CP136246.1,5,5,3,2
NC_011738.1,32,35,26,9
NC_011737.1,8,8,8,0
NZ_OD940435.1,2,3,3,0
NZ_OD940436.1,2,3,2,1
NZ_CP053574.1,6,12,5,7
NZ_CP059740.1,37,51,34,17
NZ_CP059741.1,1,0,0,0
NZ_CP059742.1,5,5,5,0
NZ_CP059743.1,10,8,6,2
NZ_CP059744.1,2,1,1,0
NZ_CP056308.1,30,30,21,9
NZ_CP056309.1,1,1,1,0
NZ_CP056310.1,10,10,9,1
NZ_CP056311.1,2,1,1,0
NZ_CP109474.1,3,1,0,1
NZ_CP136507.1,5,6,3,3
NZ_CP023733.1,3,4,2,2
NZ_CP023734.1,15,15,8,7
NZ_CP127512.1,7,6,5,1
NZ_CP022401.1,2,2,2,0
NZ_CP024238.1,33,48,17,31
NZ_CP054727.1,18,29,16,13
NZ_CP054728.1,11,12,9,3
NZ_CP054729.1,7,7,6,1
NZ_CP109875.1,18,16,14,2
NZ_CP109877.1,2,3,1,2
NZ_CP109878.1,1,0,0,0
NZ_CP109876.1,8,6,5,1
NZ_CP022608.1,1,1,1,0
NZ_CP118553.1,13,12,7,5
NZ_CP118554.1,2,2,2,0
NZ_CP118555.1,1,1,1,0
NZ_CP115838.1,8,7,6,1
NZ_CP115840.1,8,11,9,2
NZ_CP028686.1,2,6,3,3
NZ_CP013665.1,3,4,2,2
NZ_CP013664.1,4,3,3,0
NZ_CP053182.1,2,1,1,0
NZ_CP044283.1,20,27,17,10
NZ_CP086107.1,76,69,38,31
NZ_CP086108.1,5,1,1,0
NZ_CP086109.1,9,8,4,4
NZ_CP096711.1,2,4,2,2
NZ_CP096712.1,2,2,2,0
NZ_AP027264.1,10,4,3,1
NZ_AP027265.1,7,7,5,2
NZ_CP098759.1,13,26,15,11
NZ_CP098760.1,4,5,3,2
NZ_CP137496.1,1,3,1,2
NZ_CP029979.1,3,3,2,1
NZ_CP029980.1,18,33,13,20
NZ_CP029982.1,8,16,6,10
NZ_CP099322.1,1,0,0,0
NZ_CP076805.1,9,5,4,1
NZ_CP074700.1,3,4,2,2
NZ_CP117555.1,1,2,1,1
NZ_CP029248.1,38,30,28,2
NC_018662.1,12,20,8,12
NZ_CP040561.1,4,4,4,0
NZ_CP096815.1,26,24,18,6
NZ_CP096817.1,10,8,6,2
NZ_CP142966.1,10,11,8,3
NZ_CP142967.1,22,28,23,5
NZ_AP028107.1,1,2,0,2
NZ_CP098428.1,1,0,0,0
NZ_CP098430.1,6,11,7,4
NZ_CP098431.1,5,6,2,4
NZ_CP101828.1,1,0,0,0
NZ_CP077836.1,1,1,0,1
NZ_CP050778.1,10,11,9,2
NZ_CP014577.1,3,3,2,1
NZ_CP097416.1,24,28,20,8
NZ_CP097417.1,4,4,4,0
NC_018654.1,11,18,7,11
NZ_CP039820.1,21,18,17,1
NZ_CP039821.1,5,6,2,4
NZ_CP132596.1,3,4,2,2
NZ_CP132597.1,3,2,2,0
NZ_CP027321.1,16,19,8,11
NZ_CP082836.1,5,10,1,9
NZ_CP061656.1,12,7,5,2
NZ_CP061657.1,7,11,8,3
NZ_CP099630.1,7,2,2,0
NZ_CP099628.1,8,6,3,3
NZ_CP045864.1,5,9,1,8
NZ_CP093958.1,9,6,6,0
NZ_OX460977.1,2,0,0,0
NZ_CP049297.1,2,2,2,0
NZ_CP094607.1,1,0,0,0
NZ_CP027334.1,44,41,13,28
NZ_CP129673.1,6,4,2,2
NC_016861.1,6,6,5,1
NZ_CP024831.1,21,27,23,4
NZ_CP024832.1,2,1,1,0
NZ_CP024833.1,5,5,4,1
NZ_CP045776.1,11,10,6,4
NZ_CP121371.1,12,16,11,5
NZ_CP121372.1,1,1,1,0
NZ_CP121374.1,1,1,0,1
NZ_CP048500.1,1,2,2,0
NZ_CP048499.1,1,6,2,4
NZ_CP048501.1,1,0,0,0
NZ_CP046430.1,10,14,10,4
NZ_CP056217.1,5,1,1,0
NZ_CP076542.1,1,1,1,0
NZ_CP076540.1,13,7,5,2
NZ_CP076541.1,17,17,12,5
NZ_CP035212.1,14,18,9,9
NZ_CP035211.1,6,4,3,1
NZ_CP035213.1,7,6,5,1
NZ_CP047528.1,15,16,12,4
NZ_CP014970.1,3,3,2,1
NZ_CP017778.1,17,15,12,3
NZ_CP017779.1,15,17,8,9
NZ_CP017782.1,26,24,17,7
NZ_CP017783.1,2,2,2,0
NZ_CP017784.1,2,2,2,0
NZ_OW967954.1,4,4,4,0
NZ_CP015835.1,4,2,0,2
NZ_CP015836.1,16,16,12,4
NZ_CP015837.1,1,1,1,0
NZ_CP015838.1,3,3,2,1
NZ_WUPX01000002.1,21,25,17,8
NZ_CP066989.1,3,1,1,0
NZ_CP076535.1,1,2,1,1
NZ_CP104652.1,14,25,11,14
NZ_CP104653.1,17,23,16,7
NZ_CP015952.1,2,1,1,0
NZ_CP035885.1,23,29,7,22
NC_010180.1,8,9,6,3
NZ_CP100205.1,30,28,18,10
NZ_CP100206.1,18,16,10,6
NZ_CP100207.1,18,23,16,7
NZ_CP100208.1,4,6,2,4
NC_014975.1,1,1,0,1
NZ_CP013523.1,3,2,1,1
NZ_CP013526.1,6,7,1,6
NZ_CP062259.2,1,0,0,0
NZ_CP062257.2,2,4,2,2
NZ_CP062258.2,1,0,0,0
NZ_CP062256.2,3,3,2,1
NZ_CP028958.1,10,7,3,4
NZ_CP065549.1,33,41,27,14
NZ_CP065550.1,8,9,7,2
NZ_CP065548.1,2,0,0,0
NZ_CP024483.1,22,33,23,10
NZ_CP024484.1,7,7,2,5
NZ_CP011869.1,42,39,25,14
NZ_CP013682.1,1,2,2,0
NZ_CP062762.1,5,7,3,4
NZ_AP022475.1,6,6,6,0
NZ_AP023399.1,5,2,2,0
NZ_AP023401.1,3,0,0,0
NZ_AP023402.1,2,1,1,0
NZ_AP023403.1,2,2,2,0
NZ_CP051359.1,14,10,7,3
NZ_CP051360.1,13,11,7,4
NZ_CP049018.1,3,1,0,1
NC_017386.1,1,1,0,1
NC_017385.1,2,1,0,1
NZ_CP071197.1,6,5,4,1
NZ_AP023324.1,2,1,0,1
NZ_AP023325.1,3,0,0,0
NZ_CP027106.1,16,24,7,17
NZ_CP095057.1,1,0,0,0
NZ_CP006988.1,1,8,2,6
NZ_CP006989.1,3,2,2,0
NZ_CP006990.1,2,2,1,1
NZ_CP022274.1,24,27,22,5
NZ_CP022275.1,9,7,5,2
NZ_CP022276.1,4,2,0,2
NZ_CP022277.1,2,1,0,1
NZ_CP032268.1,8,6,4,2
NZ_CP032278.1,6,5,5,0
NZ_CP032271.1,1,1,1,0
NZ_CP032275.1,1,1,0,1
NZ_CP032267.1,1,2,0,2
NZ_CP045638.1,2,1,0,1
NZ_CP045636.1,3,15,4,11
NZ_CP045637.1,8,7,4,3
NZ_CP028619.1,6,8,6,2
NZ_CP092553.1,1,0,0,0
NZ_CP029140.1,6,10,7,3
NZ_CP029142.1,18,18,17,1
NZ_CP029143.1,4,3,3,0
NZ_LR735430.1,2,1,1,0
NZ_CP045736.1,1,1,1,0
NZ_CP034300.1,3,7,4,3
NZ_CP034301.1,9,8,8,0
NZ_CP034302.1,1,0,0,0
NZ_CP034303.1,2,2,1,1
NZ_CP034304.1,5,3,3,0
NZ_LR735441.1,2,1,0,1
NZ_LR735442.1,2,2,2,0
NZ_CP073626.1,13,19,15,4
NZ_CP073625.1,27,31,22,9
NZ_CP117644.1,30,39,15,24
NZ_CP117645.1,20,15,4,11
NZ_CP141571.1,6,8,6,2
NZ_AP024959.1,5,8,7,1
NZ_CP137355.1,18,14,7,7
NZ_CP137353.1,3,1,1,0
NZ_CP137356.1,6,5,4,1
NZ_CP137352.1,27,34,27,7
NZ_CP022533.1,22,26,23,3
NZ_CP022534.1,8,9,7,2
NZ_CP010645.1,11,24,8,16
NZ_CP010647.1,2,0,0,0
NZ_CP010649.1,1,1,1,0
NZ_CP060199.1,14,16,7,9
NZ_CP060200.1,1,0,0,0
NZ_CP136000.1,4,17,6,11
NZ_CP136002.1,1,1,1,0
NZ_CP114397.1,2,1,0,1
NZ_CP114396.1,3,1,1,0
NZ_CP114395.1,14,12,7,5
NZ_CP114394.1,10,8,7,1
NZ_CP114393.1,16,18,14,4
NZ_OW967375.1,33,36,27,9
NZ_OW967376.1,6,6,6,0
NZ_OW967378.1,1,1,1,0
NZ_CP050069.1,19,20,17,3
NZ_CP050068.1,41,40,30,10
NZ_CP050071.1,1,1,1,0
NZ_CP050072.1,1,1,0,1
NZ_CP029547.1,18,14,9,5
NZ_CP029548.1,15,19,13,6
NZ_CP029549.1,1,1,1,0
NZ_CP114565.1,19,15,12,3
NZ_CP114566.1,16,8,5,3
NZ_CP114567.1,1,3,2,1
NZ_CP114570.1,9,9,6,3
NZ_CP035285.1,4,6,2,4
NZ_CP035287.1,3,9,3,6
NZ_CP018865.1,7,8,5,3
NZ_CP137060.1,1,1,1,0
NZ_CP080352.1,29,28,24,4
NZ_CP080350.1,6,6,4,2
NZ_CP080351.1,18,23,14,9
NZ_CP060042.1,7,9,3,6
NC_003140.1,1,0,0,0
NZ_CP087281.1,16,22,16,6
NZ_CP087282.1,4,8,4,4
NZ_CP087283.1,5,6,4,2
NZ_CP087284.1,2,3,1,2
NZ_CP122463.1,14,13,9,4
NZ_CP122462.1,28,24,18,6
NZ_CP122464.1,1,1,1,0
NZ_CP122465.1,4,3,3,0
NZ_CP102670.1,3,3,2,1
NZ_CP013003.1,1,1,1,0
NC_012923.1,3,3,3,0
NC_007792.1,4,4,4,0
NZ_CP072056.1,19,19,16,3
NZ_CP109026.1,8,12,6,6
NZ_CP020087.1,34,74,25,49
NZ_CP020088.1,2,4,2,2
NZ_CP025841.1,31,31,11,20
NZ_CP055093.1,16,18,15,3
NZ_CP055094.1,2,2,2,0
NC_003921.3,2,4,2,2
NC_003922.1,3,3,2,1
NZ_CP122621.1,1,0,0,0
NZ_CP122622.1,11,16,4,12
NZ_CP122623.1,8,8,3,5
NZ_CP122624.1,2,2,0,2
NZ_CP028319.1,3,5,2,3
NZ_CP050243.1,1,2,1,1
NZ_CP060037.1,37,22,12,10
NZ_CP060038.1,2,0,0,0
NZ_CP013007.1,4,9,4,5
NZ_CP056823.1,28,23,20,3
NZ_AP025781.1,23,24,19,5
NZ_CP021282.1,1,0,0,0
NZ_CP013833.1,12,12,6,6
NZ_CP013834.1,3,1,1,0
NZ_CP058058.1,8,9,4,5
NC_011603.1,7,15,6,9
NZ_CP009275.1,1,3,1,2
NZ_CP047601.1,2,8,1,7
NZ_CP098707.1,3,3,3,0
NZ_CP095875.1,18,23,16,7
NZ_CP007792.1,7,7,4,3
NZ_CP007791.1,1,0,0,0
NZ_CP063918.1,12,22,11,11
NZ_CP081071.1,4,4,4,0
NZ_CP081072.1,1,0,0,0
NZ_CP045189.1,5,3,3,0
NZ_CP045188.1,19,29,15,14
NZ_CP019660.1,6,5,0,5
NZ_CP019661.1,3,2,2,0
NZ_CP030003.1,7,7,6,1
NZ_CP085057.1,15,19,12,7
NZ_CP085058.1,1,0,0,0
NZ_CP085059.1,4,4,3,1
NZ_CP118045.1,1,1,1,0
NZ_CP129827.1,7,8,5,3
NZ_CP129828.1,1,0,0,0
NZ_CP129826.1,21,30,14,16
NZ_CP129825.1,4,4,3,1
NZ_CP025952.1,22,23,19,4
NZ_CP094858.1,5,5,5,0
NZ_CP031298.1,8,6,5,1
NZ_CP031304.1,10,6,3,3
NZ_CP062920.1,4,4,2,2
NZ_CP062921.1,1,2,2,0
NZ_CP073077.1,14,23,14,9
NZ_CP092154.1,7,9,4,5
NZ_CP092155.1,4,4,3,1
NC_020565.1,4,4,4,0
NZ_OW969782.1,4,4,4,0
NZ_CP104379.1,6,6,2,4
NZ_CP029869.1,9,15,6,9
NZ_CP089408.1,26,36,25,11
NZ_CP089409.1,6,6,4,2
NZ_CP089410.1,3,5,2,3
NZ_CP140112.1,19,18,8,10
NZ_AP022607.1,7,7,4,3
NZ_CP078028.1,20,36,18,18
NZ_CP078029.1,2,2,2,0
NZ_CP078030.1,3,0,0,0
NZ_CP078031.1,1,1,1,0
NZ_AP028389.1,2,0,0,0
NZ_LT907976.1,11,7,5,2
NZ_CP077982.1,2,2,2,0
NZ_CP083008.1,18,13,8,5
NZ_CP083009.1,2,2,2,0
NZ_CP083010.1,2,0,0,0
NZ_LR135182.1,29,36,26,10
NZ_LR135183.1,3,3,3,0
NZ_CP089769.1,4,12,2,10
NZ_CP089770.1,2,2,0,2
NZ_LT904879.1,10,13,12,1
NZ_CP040901.1,3,3,2,1
NZ_CP050413.1,2,2,2,0
NZ_CP033349.2,1,1,1,0
NZ_CP052760.1,7,5,2,3
NZ_CP126528.1,3,11,6,5
NZ_CP126529.1,14,11,9,2
NZ_CP072527.1,1,4,2,2
NZ_CP072528.1,7,14,12,2
NZ_CP048046.1,1,1,0,1
NZ_CP130084.1,16,13,8,5
NZ_CP089602.1,1,0,0,0
NZ_CP029155.1,1,1,1,0
NZ_CP025863.1,31,31,11,20
NZ_CP069192.1,2,5,2,3
NZ_CP028248.1,5,8,3,5
NZ_CP024045.1,6,2,1,1
NZ_CP024046.1,12,9,6,3
NZ_CP096333.1,13,18,12,6
NZ_CP093401.1,16,32,13,19
NZ_CP027199.1,2,2,2,0
NZ_CP027202.2,23,17,16,1
NZ_CP027200.1,8,11,8,3
NZ_CP027203.2,1,1,1,0
NZ_CP027204.2,2,4,2,2
NC_022899.1,7,49,16,33
NZ_CP022170.1,16,12,7,5
NZ_CP022171.1,5,3,3,0
NZ_CP022172.1,9,13,9,4
NZ_CP022173.1,1,0,0,0
NZ_CP044126.1,1,0,0,0
NZ_CP044127.1,10,15,7,8
NZ_CP143940.1,17,14,12,2
NZ_CP032919.1,14,17,11,6
NZ_CP032920.1,7,8,1,7
NZ_CP047683.1,7,6,4,2
NC_007427.1,9,7,7,0
NZ_CP089941.1,9,5,3,2
NZ_CP041739.1,1,1,1,0
NZ_CP041740.1,10,10,10,0
NZ_CP035837.1,16,27,7,20
NZ_CP035840.1,4,3,0,3
NZ_CP035839.1,12,8,6,2
NZ_CP035838.1,10,8,7,1
NZ_CP109841.1,22,26,22,4
NZ_CP109842.1,2,1,1,0
NZ_CP109840.1,3,3,2,1
NZ_CP109838.1,8,9,7,2
NZ_CP055600.1,6,3,3,0
NZ_CP055601.1,7,7,6,1
NZ_CP029591.1,19,24,18,6
NZ_CP035773.1,18,18,9,9
NZ_CP110361.1,9,9,8,1
NZ_CP096052.1,25,28,24,4
NZ_CP069371.1,4,4,1,3
NZ_CP069372.1,2,0,0,0
NZ_CP082068.1,13,17,10,7
NZ_CP074093.1,3,3,2,1
NZ_AP018665.1,12,7,6,1
NZ_AP018666.1,13,9,6,3
NZ_AP018667.1,13,9,7,2
NZ_AP018668.1,2,2,2,0
NZ_AP018669.1,5,4,4,0
NZ_AP018670.1,1,0,0,0
NZ_CP041172.1,14,13,10,3
NZ_CP060669.1,12,10,9,1
NZ_CP021182.1,6,7,4,3
NZ_CP021183.1,7,11,6,5
NZ_CP021184.1,10,15,7,8
NZ_CP021185.1,4,4,4,0
NZ_CP021186.1,4,6,5,1
NZ_CP021187.1,4,3,1,2
NZ_CP021188.1,2,1,0,1
NZ_CP021189.1,1,1,0,1
NZ_CP142045.1,10,13,9,4
NZ_CP142046.1,11,10,9,1
NZ_CP142047.1,3,3,3,0
NZ_CP142049.1,1,1,1,0
NC_007941.1,10,12,4,8
NZ_CP062820.1,26,29,11,18
NZ_CP062819.1,8,8,5,3
NZ_CP062816.1,6,2,2,0
NZ_CP031342.1,19,18,5,13
NZ_AP025834.1,18,21,15,6
NZ_AP025835.1,1,0,0,0
NZ_CP033379.1,32,36,27,9
NZ_CP033380.1,3,3,1,2
NZ_CP029243.1,15,19,13,6
NZ_CP029244.1,15,24,20,4
NZ_CP029245.1,5,4,4,0
NZ_CP119788.1,8,6,4,2
NZ_CP110194.1,16,24,16,8
NZ_CP110195.1,2,3,1,2
NZ_CP110196.1,1,1,1,0
NZ_CP043204.1,1,1,0,1
NZ_CP085482.1,12,9,7,2
NZ_CP076494.1,7,7,6,1
NZ_CP076495.1,1,1,1,0
NZ_CP076497.1,7,6,5,1
NZ_CP042253.1,4,2,2,0
NZ_CP132622.1,15,25,12,13
NZ_CP028286.1,5,2,0,2
NZ_CP028284.1,3,1,0,1
NZ_CP019296.1,4,8,1,7
NZ_CP019295.1,2,1,1,0
NZ_CP093929.1,12,13,9,4
NZ_CP063014.1,35,45,33,12
NZ_CP063015.1,5,7,4,3
NZ_CP103680.1,21,17,13,4
NZ_CP103681.1,13,9,7,2
NZ_CP139201.1,1,0,0,0
NZ_CP092266.1,6,9,7,2
NZ_CP092267.1,7,6,5,1
NZ_CP092268.1,3,4,4,0
NZ_CP092269.1,7,8,5,3
NZ_CP124659.1,23,17,15,2
NZ_CP090357.1,2,4,2,2
NZ_OW967831.1,4,4,4,0
NZ_CP035013.1,6,8,6,2
NZ_CP035014.1,9,6,2,4
NZ_CP035015.1,2,2,2,0
NZ_CP035016.1,4,3,3,0
NZ_CP045303.1,49,55,36,19
NZ_CP045301.1,2,4,1,3
NZ_CP031914.1,2,6,3,3
NZ_CP100668.1,2,2,1,1
NZ_CP100667.1,5,5,3,2
NZ_CP008935.1,1,1,0,1
NZ_CP093460.1,4,2,0,2
NZ_CP093459.1,33,41,28,13
NZ_CP093461.1,5,5,4,1
NZ_CP093462.1,1,0,0,0
NZ_LR883966.1,10,12,9,3
NZ_CP039196.1,74,87,40,47
NZ_CP039197.1,2,4,0,4
NZ_CP039198.1,8,12,3,9
NZ_CP039199.1,12,13,3,10
NZ_CP039200.1,4,3,2,1
NZ_CP031502.1,17,19,14,5
NZ_CP031503.1,5,7,6,1
NZ_CP017563.2,5,3,1,2
NZ_CP017565.2,19,31,11,20
NZ_CP034701.1,7,5,4,1
NZ_CP059402.1,1,0,0,0
NZ_CP142819.1,3,5,5,0
NZ_CP108465.1,1,1,1,0
NZ_CP086481.1,10,11,7,4
NZ_CP086482.1,18,19,12,7
NZ_CP086484.1,3,3,3,0
NZ_CP086485.1,1,1,0,1
NZ_LN890523.1,7,7,4,3
NZ_CP091320.1,21,19,13,6
NZ_CP091321.1,13,15,12,3
NZ_CP091322.1,4,1,0,1
NZ_CP091323.1,1,0,0,0
NZ_CP091324.1,1,1,1,0
NZ_CP091325.1,1,1,1,0
NZ_CP036372.1,21,18,18,0
NZ_CP038645.1,3,6,2,4
NZ_CP038646.1,5,10,5,5
NZ_CP067300.1,16,23,18,5
NZ_CP067301.1,7,6,6,0
NZ_CP115306.1,14,20,13,7
NZ_CP115305.1,17,8,3,5
NZ_CP080109.1,15,15,13,2
NZ_CP080108.1,33,31,20,11
NZ_CP080110.1,6,4,3,1
NC_020305.1,1,1,0,1
NZ_CP009047.1,4,5,4,1
NZ_CP107154.1,15,14,10,4
NZ_CP026539.1,12,11,3,8
NZ_CP023646.1,48,69,32,37
NZ_CP023647.1,1,0,0,0
NZ_CP065847.1,35,36,31,5
NZ_CP040661.1,10,12,8,4
NZ_CP040662.1,3,3,2,1
NZ_CP076107.1,19,22,17,5
NZ_CP076108.1,11,11,5,6
NZ_CP059691.1,3,2,2,0
NZ_CP060903.1,15,13,9,4
NZ_CP060904.1,3,2,1,1
NZ_CP060905.1,5,5,4,1
NZ_CP008937.1,6,9,5,4
NZ_CP008938.1,2,3,2,1
NZ_CP008939.1,25,32,25,7
NZ_CP008940.1,4,5,4,1
NZ_AP022196.1,29,24,20,4
NZ_AP022197.1,6,4,3,1
NZ_AP022198.1,4,2,2,0
NZ_AP022199.1,5,4,3,1
NZ_CP054857.1,13,14,6,8
NZ_LR027875.1,3,3,3,0
NZ_LR025093.1,19,26,17,9
NZ_LR025095.1,4,4,4,0
NZ_CP042479.1,5,6,4,2
NZ_CP042480.1,24,24,19,5
NZ_CP016726.2,7,16,8,8
NZ_CP016727.2,4,3,3,0
NZ_CP016728.2,1,2,1,1
NZ_CP047730.1,22,24,18,6
NZ_CP047731.1,1,1,0,1
NZ_CP047732.1,6,7,6,1
NZ_CP101380.1,15,15,10,5
NZ_CP032688.1,6,5,1,4
NZ_CP032687.1,41,43,25,18
NZ_CP032686.1,14,17,8,9
NZ_CP032685.1,12,15,8,7
NZ_CP125350.1,16,27,18,9
NZ_CP125348.1,6,7,4,3
NZ_CP125347.1,5,6,5,1
NZ_CP125346.1,9,9,9,0
NZ_CP036010.1,2,2,2,0
NZ_CP036012.1,21,15,11,4
NZ_CP062726.1,5,7,3,4
NZ_CP073113.1,6,4,1,3
NC_016942.1,3,2,2,0
NZ_CP014009.1,16,27,14,13
NZ_CP061833.1,20,27,16,11
NZ_CP061834.1,7,9,6,3
NZ_CP099835.1,10,16,11,5
NZ_CP099836.1,9,8,6,2
NZ_CP017081.1,1,2,1,1
NZ_CP071877.1,13,17,11,6
NZ_CP082878.1,1,1,0,1
NZ_CP082879.1,1,1,0,1
NZ_CP015450.1,4,8,4,4
NZ_CP091905.1,7,5,4,1
NZ_CP008715.1,11,12,10,2
NZ_CP115001.1,28,23,21,2
NZ_CP115002.1,4,4,3,1
NZ_CP016589.1,19,23,19,4
NZ_CP016590.1,9,14,9,5
NZ_CP083456.1,5,8,2,6
NZ_CP083457.1,27,28,15,13
NZ_CP083458.1,5,4,2,2
NZ_CP083459.1,20,21,11,10
NZ_CP083460.1,8,7,3,4
NZ_CP110815.1,19,22,17,5
NZ_CP062732.1,8,8,5,3
NZ_CP018244.1,5,7,3,4
NZ_CP014414.1,3,5,3,2
NZ_CP082851.1,1,1,1,0
NZ_LR213456.1,40,74,29,45
NZ_LR213457.1,7,7,5,2
NZ_CP028853.1,10,12,7,5
NZ_CP028854.1,1,1,1,0
NZ_CP028851.1,15,10,4,6
NZ_CP028852.1,16,21,11,10
NZ_CP115010.1,12,10,9,1
NZ_CP115011.1,3,2,2,0
NZ_CP115012.1,8,7,5,2
NZ_CP115013.1,5,5,4,1
NZ_CP015135.1,8,8,5,3
NZ_AP024512.1,1,0,0,0
NZ_CP064276.1,1,0,0,0
NZ_CP107427.1,19,23,19,4
NZ_CP107428.1,16,16,14,2
NZ_CP064233.1,15,20,10,10
NZ_CP064234.1,6,7,5,2
NZ_CP093017.1,9,7,4,3
NZ_AP023312.1,14,16,14,2
NZ_AP017611.1,13,23,15,8
NZ_AP017613.1,5,2,2,0
NZ_AP017614.1,1,1,1,0
NZ_CP092849.1,4,2,1,1
NZ_CP092850.1,1,0,0,0
NZ_CP060934.1,13,20,14,6
NZ_CP060935.1,2,1,0,1
NZ_CP060936.1,5,5,4,1
NZ_CP128436.1,6,2,0,2
NZ_CP128437.1,2,1,1,0
NZ_CP041438.1,1,1,1,0
NZ_CP124461.1,12,15,10,5
NZ_CP124462.1,4,3,2,1
NZ_CP124463.1,1,1,1,0
NZ_CP124464.1,2,0,0,0
NZ_CP075605.1,13,11,11,0
NZ_CP075606.1,2,1,1,0
NZ_CP075607.1,3,2,2,0
NZ_CP075608.1,2,2,2,0
NZ_CP018255.1,5,6,5,1
NZ_CP015737.1,1,1,1,0
NZ_CP015738.1,5,4,3,1
NZ_CP015739.1,2,1,1,0
NZ_CP015740.1,2,1,1,0
NZ_CP015741.1,15,15,5,10
NZ_CP015742.1,5,10,6,4
NZ_CP015743.1,15,15,8,7
NZ_CP015744.1,1,0,0,0
NZ_CP015745.1,9,8,7,1
NZ_CP015746.1,9,5,3,2
NZ_CP015747.1,5,5,1,4
NZ_CP015748.1,4,4,2,2
NZ_CP031226.1,4,1,0,1
NZ_CP031227.1,10,5,5,0
NZ_CP031228.1,10,7,5,2
NZ_CP064066.1,5,4,2,2
NZ_CP119134.1,12,13,3,10
NZ_CP119135.2,3,4,2,2
NZ_CP134634.1,9,12,9,3
NZ_AP022487.1,8,6,5,1
NZ_AP022488.1,11,10,8,2
NZ_CP026724.1,6,15,5,10
NZ_CP026726.1,1,1,0,1
NZ_CP026727.1,4,5,3,2
NZ_CP026794.1,35,82,34,48
NZ_CP132317.1,9,21,9,12
NZ_CP132318.1,7,5,3,2
NZ_CP132319.1,1,0,0,0
NZ_CP132320.1,10,8,3,5
NZ_CP029278.1,4,8,1,7
NZ_CP029279.1,9,10,10,0
NZ_CP030025.1,6,7,3,4
NZ_LR890292.1,17,22,16,6
NZ_LR890293.1,3,2,1,1
NZ_LR890294.1,10,11,9,2
NZ_LR890295.1,1,0,0,0
NZ_CP099631.1,1,2,1,1
NZ_CP066186.1,2,0,0,0
NZ_CP083820.1,9,10,8,2
NZ_CP039464.1,3,4,4,0
NZ_CP071253.1,15,20,15,5
NZ_CP071254.1,1,1,0,1
NZ_CP071255.1,4,4,4,0
NZ_CP071256.1,8,8,6,2
NZ_LR025100.1,4,4,4,0
NZ_CP117638.1,13,25,11,14
NZ_CP117639.1,1,1,1,0
NZ_CP117640.1,15,12,7,5
NZ_CP023015.1,21,18,13,5
NZ_CP059891.1,15,17,13,4
NZ_CP059890.1,5,6,5,1
NZ_CP024907.1,20,30,15,15
NZ_CP049844.1,1,1,0,1
NZ_CP049840.1,11,14,9,5
NZ_CP141813.1,3,1,0,1
NZ_CP096286.1,8,6,3,3
NZ_LN854558.1,5,8,4,4
NZ_LN854559.1,2,6,4,2
NZ_CP065785.1,7,5,4,1
NZ_CP065786.1,2,2,2,0
NZ_CP011480.1,21,21,12,9
NZ_CP011481.1,5,4,1,3
NZ_CP014675.1,30,42,22,20
NZ_CP014676.1,4,2,2,0
NZ_CP014677.1,12,23,7,16
NZ_CP014679.1,6,6,3,3
NZ_CP014680.1,6,9,6,3
NZ_CP140099.1,7,7,6,1
NZ_CP140100.1,5,4,2,2
NZ_CP065371.1,4,10,6,4
NZ_CP065372.1,4,4,3,1
NZ_CP076046.1,2,1,1,0
NZ_CP076047.1,48,107,57,50
NZ_CP122661.1,15,19,6,13
NZ_CP122662.1,4,5,3,2
NZ_CP122663.1,1,1,1,0
NZ_CP122664.1,3,4,2,2
NZ_CP122665.1,7,4,3,1
NC_019957.1,3,2,0,2
NC_019959.1,1,0,0,0
NZ_CP011399.1,8,7,6,1
NZ_CP086527.1,4,4,3,1
NZ_CP086528.1,3,3,2,1
NZ_CP026133.1,15,14,13,1
NZ_CP026135.1,14,16,11,5
NZ_CP100545.1,12,14,10,4
NZ_CP100546.1,5,7,6,1
NZ_CP100549.1,5,4,4,0
NZ_CP024844.1,2,2,2,0
NZ_CP036138.1,19,19,16,3
NZ_CP015022.1,3,8,5,3
NZ_CP062197.1,1,0,0,0
NZ_CP081847.1,7,6,6,0
NZ_CP137509.1,3,3,3,0
NZ_CP059817.1,38,51,34,17
NZ_CP059818.1,5,5,5,0
NZ_CP059819.1,10,9,6,3
NZ_CP059820.1,2,1,1,0
NZ_CP045846.1,16,18,15,3
NZ_CP015441.1,2,2,1,1
NZ_CP053812.1,2,2,2,0
NZ_CP115814.1,4,3,3,0
NZ_CP098696.1,3,3,3,0
NZ_CP072230.1,6,3,2,1
NZ_CP044259.1,23,23,21,2
NZ_CP064699.1,5,10,5,5
NZ_CP064700.1,4,14,4,10
NZ_AP024606.1,4,14,3,11
NZ_CP026151.1,11,13,11,2
NZ_CP026152.1,10,10,8,2
NZ_CP029580.1,27,32,25,7
NZ_CP026474.1,17,20,15,5
NZ_CP026475.1,1,0,0,0
NZ_CP026476.1,4,5,3,2
NZ_CP116719.1,3,0,0,0
NZ_CP033248.1,7,8,7,1
NZ_CP009112.1,67,70,42,28
NZ_CP009113.1,1,1,1,0
NZ_CP042005.1,3,3,1,2
NZ_CP042004.1,4,3,1,2
NZ_CP031147.1,1,3,1,2
NZ_CP031149.1,5,7,4,3
NZ_CP030109.1,6,6,5,1
NZ_CP011251.1,1,1,0,1
NC_018696.1,27,29,12,17
NZ_CP129848.1,19,19,16,3
NZ_CP095729.1,1,0,0,0
NZ_CP031474.1,1,2,1,1
NZ_CP063852.1,10,30,13,17
NZ_CP063854.1,4,2,2,0
NZ_CP063855.1,3,7,5,2
NZ_AP019412.1,6,6,5,1
NZ_AP019413.1,2,0,0,0
NZ_CP033579.1,5,31,7,24
NZ_CP044404.1,9,10,4,6
NZ_CP044402.1,3,3,2,1
NZ_CP022016.1,7,9,5,4
NZ_CP135284.1,1,7,3,4
NZ_CP045473.1,2,2,2,0
NZ_CP010149.1,18,27,18,9
NZ_CP027578.1,16,17,4,13
NZ_CP051332.1,35,28,16,12
NZ_CP051335.1,26,20,17,3
NZ_CP082226.1,1,2,2,0
NZ_CP133211.1,19,19,14,5
NZ_CP021026.1,1,2,2,0
NZ_CP021027.1,29,42,19,23
NZ_CP021028.1,4,3,2,1
NZ_CP021029.1,3,3,1,2
NZ_CP048345.1,7,17,14,3
NZ_CP048346.1,3,4,1,3
NZ_CP048347.1,4,5,1,4
NC_021732.1,6,5,4,1
NZ_CP124825.1,21,25,18,7
NZ_CP124826.1,4,4,4,0
NZ_CP130104.1,16,13,8,5
NZ_CP046573.1,24,22,14,8
NZ_CP046574.1,56,62,40,22
NZ_CP046575.1,7,8,4,4
NZ_AP022327.1,20,20,15,5
NZ_AP022328.1,3,2,2,0
NZ_CP103392.1,3,6,5,1
NZ_CP103393.1,4,6,3,3
NZ_CP103394.1,4,4,3,1
NZ_CP103395.1,3,4,0,4
NZ_CP103396.1,1,1,0,1
NZ_CP035175.1,6,17,11,6
NZ_CP035176.1,4,5,4,1
NZ_CP035178.1,1,1,0,1
NZ_CP047011.1,18,21,13,8
NZ_CP047012.1,7,7,3,4
NZ_CP047015.1,1,1,1,0
NZ_CP094270.1,18,15,10,5
NZ_CP094271.1,9,12,10,2
NZ_CP024312.1,6,3,1,2
NZ_CP024313.1,17,13,5,8
NZ_CP024314.1,28,27,16,11
NZ_CP029127.1,7,12,5,7
NZ_CP099974.1,2,2,1,1
NZ_CP083033.1,12,16,12,4
NZ_CP083034.1,19,15,8,7
NZ_CP129201.1,21,19,11,8
NZ_CP140004.1,20,29,15,14
NZ_AP022413.1,23,27,20,7
NZ_AP022414.1,1,0,0,0
NZ_AP022415.1,1,0,0,0
NZ_CP100138.1,21,17,12,5
NZ_CP100139.1,34,29,18,11
NZ_CP129983.1,5,8,3,5
NZ_CP010187.1,3,9,1,8
NZ_CP073049.1,10,2,1,1
NZ_CP073050.1,12,11,8,3
NZ_CP070065.1,10,12,6,6
NZ_LR135227.1,31,33,23,10
NZ_LR135228.1,2,3,3,0
NZ_LR135229.1,1,1,1,0
NZ_LR135230.1,15,12,10,2
NZ_CP012295.1,2,1,1,0
NZ_CP012296.1,8,9,3,6
NZ_CP011583.1,14,10,9,1
NZ_CP011582.1,5,1,1,0
NZ_CP109970.1,13,14,7,7
NZ_CP109972.1,4,3,3,0
NZ_CP014900.1,3,3,0,3
NZ_CP014901.1,1,2,1,1
NZ_CP014903.1,10,11,5,6
NZ_CP014904.1,2,1,1,0
NZ_CP014905.1,2,2,1,1
NZ_CP093277.1,3,4,3,1
NZ_CP093278.1,9,11,9,2
NZ_CP093279.1,2,0,0,0
NZ_OX460328.1,2,3,1,2
NZ_OX460327.1,2,3,3,0
NZ_CP040126.1,14,12,10,2
NZ_CP010727.1,6,4,2,2
NZ_CP010728.1,5,5,2,3
NZ_CP010729.1,3,9,5,4
NZ_CP066976.1,10,8,8,0
NZ_CP064315.1,10,10,6,4
NZ_CP023205.1,35,32,19,13
NZ_CP023206.1,8,6,3,3
NZ_CP023207.1,7,5,3,2
NC_017919.1,2,0,0,0
NZ_CP003952.1,1,1,1,0
NZ_CP003954.1,1,1,1,0
NZ_CP003957.1,3,5,2,3
NZ_CP003958.1,1,1,1,0
NZ_CP012835.1,3,3,2,1
NZ_CP064043.1,2,1,1,0
NZ_CP011808.2,75,95,57,38
NZ_CP011809.2,25,30,24,6
NZ_CP123919.1,4,3,3,0
NZ_CP123920.1,3,9,5,4
NZ_CP129741.1,10,11,6,5
NZ_CP129740.1,4,2,2,0
NZ_CP129742.1,15,14,12,2
NZ_CP071400.1,5,7,3,4
NZ_CP071401.1,1,6,1,5
NZ_CP071402.1,15,24,12,12
NZ_CP071403.1,1,0,0,0
NZ_CP062837.1,21,29,10,19
NZ_CP062836.1,11,9,6,3
NZ_CP062833.1,7,4,2,2
NZ_CP015204.1,3,1,1,0
NZ_CP015205.1,1,2,0,2
NZ_CP015203.1,25,27,18,9
NZ_CP011296.1,9,16,6,10
NZ_CP011297.1,6,7,3,4
NZ_CP011298.1,3,3,3,0
NC_017657.1,6,6,3,3
NC_017654.1,2,1,0,1
NZ_CP123972.1,14,9,8,1
NZ_CP123973.1,13,13,12,1
NZ_CP022264.1,5,5,3,2
NZ_CP022266.1,4,2,2,0
NZ_CP022265.1,1,1,1,0
NZ_CP103330.1,29,29,20,9
NZ_CP103331.1,12,16,11,5
NZ_CP103332.1,2,2,1,1
NZ_CP103333.1,1,1,1,0
NZ_CP038948.1,77,98,49,49
NZ_CP038949.1,14,14,7,7
NZ_CP038950.1,8,7,4,3
NZ_CP038951.1,14,13,4,9
NZ_CP019987.1,10,10,9,1
NZ_CP103622.1,19,19,13,6
NZ_CP099891.1,7,8,3,5
NZ_CP140808.1,4,4,4,0
NZ_CP140809.1,3,10,5,5
NZ_CP100745.1,25,30,23,7
NZ_CP035155.1,5,8,4,4
NZ_CP088263.1,14,20,11,9
NZ_CP017309.1,3,3,1,2
NZ_AP025594.1,11,11,11,0
NZ_AP025595.1,2,2,2,0
NZ_CP050681.1,32,32,19,13
NZ_CP050682.1,2,2,2,0
NZ_CP027318.1,17,25,10,15
NZ_CP096256.1,87,97,70,27
NZ_CP096257.1,20,28,13,15
NZ_CP010126.1,6,11,3,8
NZ_CP070971.1,8,6,5,1
NZ_CP070972.1,5,5,4,1
NZ_CP067418.1,79,63,54,9
NZ_CP067419.1,1,1,1,0
NZ_CP015006.1,1,1,1,0
NZ_CP015007.1,10,14,5,9
NZ_CP015008.1,3,3,2,1
NZ_CP015009.1,2,5,2,3
NZ_CP046442.1,1,3,0,3
NZ_CP046443.1,3,1,1,0
NZ_CP022035.1,10,9,4,5
NZ_CP050123.1,4,7,5,2
NZ_CP050122.1,18,19,14,5
NZ_CP038994.1,5,6,3,3
NZ_CP038993.1,19,17,16,1
NZ_CP071437.1,7,9,5,4
NZ_CP080137.1,4,7,5,2
NZ_CP080138.1,2,1,1,0
NZ_CP080135.1,10,15,12,3
NZ_CP080134.1,8,10,7,3
NZ_CP080254.1,1,3,1,2
NZ_CP070963.1,16,14,9,5
NZ_AP022239.1,2,2,2,0
NC_020303.1,6,5,4,1
NZ_CP095427.1,16,19,12,7
NZ_CP013056.1,13,15,10,5
NZ_CP013057.1,8,4,3,1
NZ_CP013058.1,4,2,1,1
NZ_CP013059.1,3,2,2,0
NZ_CP018660.1,4,4,3,1
NZ_CP090307.1,7,10,6,4
NZ_CP090306.1,7,6,6,0
NZ_CP090308.1,5,5,4,1
NZ_CP120354.1,2,4,1,3
NC_022902.1,1,1,0,1
NC_022903.1,2,2,1,1
NZ_CP075882.1,32,39,23,16
NZ_CP075883.1,26,23,17,6
NZ_CP057151.1,2,2,2,0
NZ_CP036021.1,14,17,13,4
NZ_CP036020.1,2,3,1,2
NZ_CP137492.1,1,0,0,0
NZ_CP056400.1,22,22,16,6
NZ_CP056401.1,4,2,2,0
NZ_CP056402.1,7,10,6,4
NZ_CP124969.1,9,6,5,1
NZ_CP107900.1,9,8,2,6
NZ_CP107901.1,5,4,2,2
NZ_CP140418.1,9,7,4,3
NZ_CP053635.1,3,4,4,0
NZ_CP021147.1,1,0,0,0
NZ_CP021148.1,4,4,3,1
NZ_CP021149.1,7,12,4,8
NZ_CP119735.1,17,12,12,0
NZ_CP119736.1,16,14,3,11
NZ_CP119737.1,3,2,2,0
NZ_CP119738.1,12,7,5,2
NZ_CP119739.1,20,27,9,18
NZ_CP120569.1,6,11,3,8
NZ_CP065940.1,23,21,19,2
NZ_CP091126.1,23,23,22,1
NZ_CP091127.1,17,20,15,5
NZ_CP135214.1,3,3,1,2
NZ_CP135213.1,4,1,1,0
NZ_CP018261.1,5,16,3,13
NZ_CP014995.1,1,2,1,1
NZ_CP103568.1,16,23,14,9
NZ_CP072855.1,3,4,1,3
NZ_CP013758.1,2,4,1,3
NZ_CP013759.1,9,13,2,11
NZ_CP013760.1,12,13,3,10
NZ_CP013761.1,69,88,40,48
NZ_CP039905.1,21,28,15,13
NZ_CP039906.1,4,1,0,1
NZ_AP025247.1,14,23,10,13
NZ_AP023274.1,7,22,11,11
NZ_AP023275.1,26,30,19,11
NZ_CP071207.1,6,5,4,1
NZ_CP049949.1,7,7,5,2
NZ_CP049948.1,4,4,4,0
NZ_CP126326.1,1,1,0,1
NZ_CP126327.1,1,2,0,2
NZ_CP114585.1,25,26,19,7
NZ_CP063154.1,8,12,3,9
NZ_CP063156.1,1,1,1,0
NZ_CP117245.1,3,3,2,1
NZ_LR861806.1,1,0,0,0
NZ_AP028368.1,2,1,1,0
NZ_CP048779.1,14,15,11,4
NZ_CP048780.1,12,17,11,6
NZ_CP048781.1,3,2,1,1
NZ_CP060734.1,16,14,9,5
NZ_CP060735.1,1,0,0,0
NZ_CP107984.1,3,3,0,3
NZ_CP099577.1,1,1,1,0
NZ_CP016942.1,10,13,8,5
NZ_LR214973.1,1,2,2,0
NZ_CP018299.1,13,13,11,2
NZ_CP048287.1,5,6,5,1
NZ_AP022851.1,1,1,1,0
NZ_CP039586.1,3,3,2,1
NZ_CP039587.1,1,1,1,0
NZ_CP074034.1,6,7,4,3
NZ_CP074036.1,2,5,2,3
NZ_CP077669.1,3,5,2,3
NZ_CP116439.1,3,3,3,0
NZ_CP102436.1,29,39,27,12
NZ_CP102437.1,25,25,20,5
NZ_CP080771.1,1,1,1,0
NZ_LR890375.1,26,33,23,10
NZ_LR890376.1,7,7,2,5
NZ_LR890377.1,2,2,1,1
NZ_LR828258.1,4,3,2,1
NZ_LR828260.1,2,3,2,1
NZ_LR828259.1,1,3,2,1
NZ_CP024181.1,11,9,3,6
NZ_CP024182.1,3,3,2,1
NZ_CP024183.1,7,11,4,7
NZ_CP024184.1,4,6,2,4
NZ_CP018643.1,7,5,3,2
NZ_CP103211.1,2,0,0,0
NZ_CP115953.1,14,25,13,12
NZ_LR135236.1,33,34,24,10
NZ_LR135237.1,2,2,1,1
NZ_LR135239.1,15,13,10,3
NZ_LR135240.1,3,2,2,0
NZ_CP018939.1,6,3,0,3
NZ_CP132366.1,7,8,8,0
NZ_CP069448.1,10,12,6,6
NZ_CP022245.1,5,4,4,0
NZ_CP022246.1,2,2,1,1
NZ_CP027645.1,11,9,3,6
NZ_CP136814.1,1,0,0,0
NZ_CP136815.1,9,16,9,7
NZ_CP029650.1,2,1,1,0
NZ_AP019802.1,10,14,11,3
NZ_CP075933.1,3,5,4,1
NZ_CP034163.1,3,3,3,0
NZ_CP066383.1,6,6,5,1
NZ_CP066382.1,36,49,36,13
NZ_CP066385.1,7,8,7,1
NZ_CP066386.1,2,1,1,0
NZ_CP066384.1,4,1,1,0
NZ_CP041024.1,13,19,11,8
NZ_CP010104.1,17,14,11,3
NZ_CP019603.1,29,36,22,14
NZ_CP019604.1,26,21,16,5
NZ_CP027179.1,5,5,1,4
NZ_CP027182.1,11,13,7,6
NZ_CP043587.1,6,8,5,3
NZ_CP043586.1,13,8,7,1
NZ_CP044166.1,3,3,2,1
NZ_CP009430.1,9,11,9,2
NZ_CP009431.1,7,6,4,2
NZ_CP041443.1,18,27,14,13
NZ_CP041439.1,5,9,5,4
NZ_CP041441.1,8,9,7,2
NZ_CP072700.1,1,1,1,0
NZ_CP072699.1,1,2,2,0
NZ_CP072697.1,1,2,0,2
NZ_CP072695.1,2,1,1,0
NZ_CP072696.1,1,1,1,0
NZ_CP072694.1,10,12,10,2
NZ_CP072693.1,12,8,5,3
NZ_CP072692.1,34,22,10,12
NZ_CP079630.1,23,24,14,10
NZ_CP079631.1,15,13,11,2
NZ_CP079632.1,10,14,9,5
NZ_CP024543.1,3,4,4,0
NZ_CP024544.1,5,3,3,0
NZ_CP076005.1,2,2,2,0
NZ_CP076006.1,1,1,0,1
NZ_CP053631.1,9,7,6,1
NZ_CP032994.1,3,4,3,1
NZ_CP032995.1,8,10,10,0
NZ_CP032993.1,19,21,15,6
NZ_CP090103.1,5,4,4,0
NZ_CP090102.1,4,6,3,3
NZ_CP090099.1,4,6,2,4
NZ_CP090100.1,18,34,21,13
NZ_CP090101.1,3,2,2,0
NZ_CP096298.1,16,16,9,7
NZ_CP096299.1,4,5,2,3
NC_022046.1,9,7,6,1
NZ_CP043190.1,15,11,11,0
NZ_CP082348.1,6,9,2,7
NZ_CP082347.1,4,4,3,1
NZ_CP106792.1,2,1,1,0
NZ_CP087345.1,2,2,2,0
NZ_CP087346.1,2,2,0,2
NZ_CP064384.1,2,6,3,3
NZ_CP092842.1,78,104,47,57
NZ_CP032804.1,3,7,4,3
NZ_CP056962.1,1,1,1,0
NZ_CP056963.1,4,3,3,0
NZ_CP056964.1,1,0,0,0
NZ_CP083854.1,23,21,13,8
NZ_CP083855.1,6,10,6,4
NZ_CP039082.1,64,82,54,28
NZ_CP039083.1,3,7,1,6
NZ_CP039084.1,16,18,13,5
NZ_CP039085.1,10,11,9,2
NZ_CP039086.1,4,4,3,1
NZ_CP096769.1,2,2,2,0
NZ_CP096770.1,2,4,2,2
NZ_CP121148.1,23,24,15,9
NZ_CP085727.1,22,21,17,4
NZ_CP085728.1,3,1,1,0
NZ_CP053724.1,19,25,15,10
NZ_CP053725.1,7,5,5,0
NZ_CP053726.1,4,6,4,2
NZ_CP006750.1,6,11,2,9
NZ_CP006749.1,8,8,5,3
NZ_CP086413.1,4,4,0,4
NZ_CP086415.1,3,4,4,0
NZ_CP102628.1,11,10,8,2
NZ_CP065072.1,29,25,19,6
NZ_CP065073.1,8,8,7,1
NZ_CP098501.1,6,10,4,6
NZ_CP045330.1,11,4,3,1
NZ_CP045331.1,1,1,1,0
NZ_CP095378.1,19,19,15,4
NZ_CP095379.1,4,8,4,4
NZ_CP025591.1,8,5,1,4
NZ_CP011248.1,7,11,6,5
NZ_CP011249.1,7,8,1,7
NC_019677.1,1,1,1,0
NZ_CP142034.1,4,2,0,2
NZ_CP050713.1,11,12,9,3
NZ_CP050714.1,4,5,3,2
NZ_CP103955.1,1,1,1,0
NZ_CP022250.1,1,1,1,0
NZ_CP075142.1,1,1,1,0
NZ_CP062383.1,2,3,2,1
NZ_CP026123.1,6,2,2,0
NZ_CP005190.1,15,14,12,2
NZ_CP005191.1,25,18,14,4
NZ_CP005192.1,10,8,8,0
NZ_CP005193.1,3,3,3,0
NZ_CP136591.1,6,10,3,7
NZ_CP087635.1,9,7,6,1
NZ_CP055038.1,13,12,9,3
NZ_CP055039.1,12,13,8,5
NZ_CP054781.1,20,29,16,13
NZ_CP054782.1,10,12,9,3
NZ_CP054783.1,7,7,6,1
NZ_LN890332.1,2,2,1,1
NZ_CP038636.1,12,34,14,20
NZ_CP038637.1,2,1,1,0
NZ_CP038639.1,26,25,15,10
NZ_CP038640.1,3,1,1,0
NZ_CP089273.1,7,8,6,2
NZ_CP040649.1,1,0,0,0
NZ_AP022602.1,2,2,0,2
NZ_CP065475.1,39,39,25,14
NZ_JAFFQV010000002.1,15,20,14,6
NZ_JAFFQV010000014.1,1,4,1,3
NZ_JAFFQV010000009.1,1,1,1,0
NZ_CP038894.1,79,97,49,48
NZ_CP038895.1,13,12,5,7
NZ_CP038896.1,9,8,5,3
NZ_CP038897.1,14,13,4,9
NZ_CP118568.1,22,20,13,7
NZ_CP118570.1,5,6,3,3
NZ_CP124496.1,6,10,4,6
NZ_CP124497.1,3,2,0,2
NZ_CP013339.1,13,15,7,8
NZ_CP013340.1,16,14,12,2
NZ_CP020577.1,1,1,0,1
NZ_AP022858.1,12,12,9,3
NZ_CP041997.1,27,32,21,11
NZ_CP109507.1,2,1,1,0
NZ_CP033315.1,7,13,4,9
NZ_CP033317.1,2,4,0,4
NZ_CP065414.1,2,2,2,0
NZ_CP025507.1,10,17,7,10
NZ_CP025508.1,3,4,3,1
NZ_CP025505.1,13,16,8,8
NZ_CP025510.1,24,72,46,26
NZ_CP025506.1,2,2,1,1
NZ_CP071235.1,6,5,4,1
NZ_CP022090.2,2,1,1,0
NZ_CP029211.1,7,10,8,2
NZ_CP009105.1,16,14,6,8
NZ_CP063462.1,13,21,9,12
NZ_CP063464.1,8,9,5,4
NZ_CP021956.1,12,11,9,2
NZ_CP116802.1,2,4,2,2
NZ_CP126541.1,2,1,1,0
NZ_CP066010.1,1,1,0,1
NZ_CP066011.1,3,5,2,3
NZ_CP061856.1,19,34,13,21
NZ_CP061858.1,8,10,9,1
NZ_CP061859.1,2,8,4,4
NZ_CP061860.1,1,0,0,0
NZ_CP061857.1,6,15,5,10
NZ_CP135070.1,9,12,5,7
NZ_CP135069.1,31,34,23,11
NZ_AP017559.1,13,14,10,4
NZ_CP072454.1,5,4,2,2
NZ_AP023043.1,3,2,2,0
NZ_AP023044.1,2,1,1,0
NZ_CP063821.1,2,1,1,0
NZ_CP063817.1,12,8,8,0
NZ_CP097028.1,24,23,18,5
NZ_CP097029.1,9,7,6,1
NZ_CP083957.1,4,11,5,6
NZ_CP015599.1,3,3,2,1
NZ_CP041453.1,16,23,13,10
NZ_CP027930.2,1,0,0,0
NZ_CP084985.1,30,34,27,7
NZ_LR828254.1,2,1,0,1
NZ_CP028097.1,2,4,2,2
NZ_CP028099.1,8,2,1,1
NZ_CP028100.1,3,1,1,0
NZ_CP019632.1,2,2,1,1
NZ_CP102492.1,12,18,14,4
NZ_CP102491.1,11,12,7,5
NZ_CP126879.1,20,23,19,4
NZ_CP027028.1,20,38,20,18
NZ_CP060058.1,17,17,5,12
NZ_AP026567.1,31,44,33,11
NZ_AP026570.1,7,10,7,3
NZ_CP081783.1,39,34,26,8
NZ_CP081784.1,3,2,1,1
NZ_CP081785.1,15,17,13,4
NZ_CP023424.1,34,35,24,11
NZ_CP023425.1,13,9,7,2
NZ_CP023426.1,13,11,10,1
NZ_CP077212.1,19,16,12,4
NZ_CP060845.1,19,22,13,9
NZ_CP084831.1,24,24,19,5
NZ_CP084840.1,1,0,0,0
NZ_CP084832.1,22,26,20,6
NZ_CP084833.1,1,1,1,0
NZ_CP084834.1,5,5,3,2
NZ_CP084836.1,2,2,2,0
NZ_CP084837.1,1,1,0,1
NZ_CP084838.1,1,0,0,0
NZ_CP084839.1,1,0,0,0
NZ_CP069822.1,17,26,15,11
NZ_CP069825.1,1,1,1,0
NZ_CP062152.1,3,2,2,0
NZ_CP015967.1,2,2,2,0
NZ_AP021930.1,7,5,4,1
NZ_AP021931.1,15,18,13,5
NZ_CP031570.1,8,7,7,0
NZ_CP031567.1,4,3,2,1
NZ_CP031568.1,23,18,15,3
NZ_CP031569.1,6,9,4,5
NZ_CP031566.1,2,2,2,0
NZ_CP024500.1,22,33,23,10
NZ_CP024501.1,4,4,3,1
NZ_CP089552.1,7,15,7,8
NZ_CP084045.1,16,12,8,4
NZ_CP110961.1,2,1,1,0
NZ_CP110958.1,19,21,16,5
NZ_CP110959.1,18,6,3,3
NZ_CP110960.1,2,2,2,0
NZ_CP078124.1,24,30,18,12
NZ_CP078123.1,14,17,12,5
NZ_CP078125.1,5,7,5,2
NZ_CP078126.1,6,7,5,2
NZ_CP022220.1,42,77,32,45
NZ_CP058840.1,9,9,8,1
NZ_CP058841.1,13,19,13,6
NZ_CP058842.1,3,3,3,0
NZ_CP104880.1,8,9,7,2
NZ_CP083498.1,11,14,8,6
NZ_CP083499.1,9,9,5,4
NZ_CP083501.1,4,2,0,2
NZ_CP074095.1,3,3,2,1
NZ_CP090826.2,5,7,6,1
NZ_CP090825.2,4,6,5,1
NZ_CP090824.2,7,8,5,3
NZ_CP090822.2,4,2,1,1
NZ_CP101167.1,3,6,3,3
NZ_CP101168.1,4,2,2,0
NZ_CP086329.1,15,13,7,6
NZ_CP127878.1,2,1,0,1
NZ_CP072469.1,16,17,14,3
NZ_CP072470.1,5,4,4,0
NZ_CP103277.1,1,1,1,0
NZ_CP098176.1,24,27,17,10
NC_015184.1,2,4,2,2
NZ_CP109980.1,1,1,0,1
NZ_CP109982.1,4,17,4,13
NZ_CP067226.1,10,6,6,0
NZ_CP067228.1,6,10,6,4
NZ_CP067229.1,1,1,1,0
NZ_CP056969.1,1,1,1,0
NZ_CP056970.1,4,3,3,0
NZ_CP056971.1,1,0,0,0
NZ_CP117374.1,9,7,6,1
NZ_CP117375.1,5,6,3,3
NZ_CP033813.1,3,0,0,0
NZ_CP016938.1,10,11,7,4
NZ_CP126035.1,64,93,50,43
NZ_CP104537.1,9,13,10,3
NZ_CP066789.1,21,22,14,8
NZ_CP066790.1,29,28,13,15
NZ_CP013295.1,1,2,2,0
NZ_AP027207.1,9,13,5,8
NZ_CP064357.1,4,4,2,2
NZ_CP064358.1,2,2,2,0
NZ_CP071736.1,7,8,1,7
NZ_CP071735.1,2,3,2,1
NZ_LR134219.1,10,18,11,7
NZ_CP059993.1,5,18,10,8
NZ_CP059994.1,2,5,1,4
NZ_CP090503.1,2,5,3,2
NZ_CP080480.1,8,10,8,2
NZ_AP025864.1,31,31,26,5
NZ_CP071614.1,1,1,1,0
NZ_CP071615.1,25,30,15,15
NZ_CP093497.1,7,8,6,2
NZ_CP093496.1,26,28,24,4
NZ_CP093499.1,2,3,1,2
NZ_CP093498.1,6,5,5,0
NZ_CP067132.1,7,9,5,4
NZ_CP067131.1,5,9,2,7
NZ_CP067130.1,13,25,10,15
NZ_CP077827.1,2,3,1,2
NZ_CP042518.1,5,6,4,2
NZ_CP042519.1,24,24,19,5
NZ_CP132354.1,7,9,5,4
NZ_CP132355.1,1,0,0,0
NZ_CP142111.1,3,2,2,0
NZ_CP142112.1,1,0,0,0
NZ_CP072892.1,4,4,3,1
NZ_CP077304.1,2,7,5,2
NZ_CP109759.1,8,8,7,1
NZ_CP109760.1,4,2,0,2
NZ_CP103723.1,8,8,5,3
NZ_CP103724.1,4,4,2,2
NZ_CP040253.1,10,9,5,4
NZ_CP040251.1,1,5,5,0
NZ_CP040252.1,1,5,0,5
NZ_CP040254.1,2,1,1,0
NZ_CP030345.1,17,14,10,4
NZ_CP030350.1,1,3,1,2
NZ_CP096212.1,46,58,43,15
NZ_CP096213.1,7,8,6,2
NZ_CP074664.1,3,5,2,3
NZ_CP033569.1,12,28,24,4
NZ_CP003916.1,2,5,3,2
NZ_CP116582.1,7,7,6,1
NZ_CP039170.1,31,31,23,8
NZ_CP048520.1,8,12,5,7
NZ_CP048521.1,1,1,1,0
NZ_CP022660.1,15,30,15,15
NZ_CP133343.1,31,25,23,2
NZ_CP133344.1,5,5,5,0
NZ_CP091309.1,2,5,2,3
NZ_CP074678.1,28,33,23,10
NZ_CP074679.1,4,4,4,0
NZ_CP004394.1,2,1,0,1
NZ_CP004395.1,5,4,3,1
NZ_CP004396.1,15,12,8,4
NZ_CP004397.1,1,1,0,1
NZ_OV408203.1,26,35,23,12
NZ_OV408205.1,10,4,3,1
NZ_CP128948.1,1,0,0,0
NZ_CP040647.1,4,5,3,2
NZ_CP068121.1,1,0,0,0
NZ_CP068123.1,1,2,2,0
NZ_CP073954.1,5,2,1,1
NZ_CP073955.1,3,4,3,1
NZ_CP073957.1,1,1,1,0
NZ_CP071327.1,13,7,2,5
NZ_CP081707.1,2,2,2,0
NZ_CP081708.1,3,2,2,0
NZ_CP098792.1,20,24,18,6
NZ_CP034704.1,5,5,4,1
NZ_CP071513.1,2,2,2,0
NZ_CP040842.1,9,14,8,6
NZ_CP023007.1,4,6,4,2
NZ_CP115758.1,5,7,4,3
NZ_CP115760.1,15,14,13,1
NZ_CP115762.1,5,5,2,3
NZ_CP115763.1,3,3,1,2
NZ_CP115764.1,1,1,0,1
NZ_CP135720.1,15,17,13,4
NZ_CP135721.1,1,1,1,0
NZ_CP122683.1,4,12,3,9
NZ_CP086424.1,11,8,7,1
NZ_CP086425.1,14,18,13,5
NZ_CP086426.1,12,15,10,5
NZ_CP086427.1,4,4,4,0
NZ_CP142999.1,14,22,13,9
NZ_CP143000.1,6,6,4,2
NZ_CP117306.1,1,1,1,0
NZ_CP028484.1,16,17,10,7
NZ_CP028485.1,1,2,0,2
NZ_CP028486.1,4,8,3,5
NZ_CP107304.1,16,16,14,2
NZ_CP041299.1,13,21,8,13
NZ_AP023231.2,5,6,3,3
NZ_AP023232.2,14,16,9,7
NZ_AP023233.2,2,2,2,0
NZ_CP038181.1,1,1,1,0
NZ_CP038182.1,11,12,11,1
NZ_CP060167.1,1,1,0,1
NZ_CP060166.1,7,7,6,1
NZ_CP068235.1,2,5,1,4
NZ_CP110118.1,13,18,11,7
NZ_CP110119.1,5,5,2,3
NZ_CP077862.1,1,3,0,3
NZ_CP117591.1,3,3,3,0
NZ_CP117592.1,4,8,4,4
NZ_CP117594.1,1,2,1,1
NZ_CP066363.1,3,3,2,1
NZ_CP066364.1,4,5,0,5
NZ_CP029792.1,2,5,3,2
NZ_CP050111.1,1,4,2,2
NZ_CP050109.1,9,13,7,6
NZ_CP050110.1,1,4,0,4
NZ_CP050112.1,7,25,8,17
NZ_CP141780.1,19,25,17,8
NZ_CP141781.1,2,1,1,0
NZ_CP141782.1,13,17,13,4
NZ_CP141783.1,6,7,5,2
NZ_CP049111.1,26,35,32,3
NZ_CP041717.1,11,7,4,3
NZ_CP041718.1,1,3,1,2
NZ_CP041719.1,16,18,12,6
NZ_CP041720.1,23,22,12,10
NZ_CP041721.1,3,3,2,1
NZ_CP097080.1,14,20,12,8
NZ_CP097081.1,7,8,5,3
NZ_CP090999.1,1,1,1,0
NZ_CP108525.1,34,36,19,17
NZ_CP108526.1,2,2,2,0
NZ_OW849100.1,5,5,3,2
NZ_CP129258.1,6,10,7,3
NZ_CP061520.1,2,4,2,2
NZ_CP133764.1,16,21,11,10
NZ_CP133765.1,2,4,4,0
NC_021904.1,4,2,1,1
NC_021912.1,5,6,4,2
NZ_CP032567.1,2,9,2,7
NZ_CP092539.1,1,0,0,0
NZ_CP051000.1,24,29,13,16
NZ_OX460313.1,8,15,9,6
NZ_CP033377.1,3,5,5,0
NZ_CP062703.1,7,9,6,3
NZ_CP062704.1,1,0,0,0
NZ_CP048444.1,14,12,11,1
NZ_CP047975.1,8,13,9,4
NZ_CP047976.1,1,1,1,0
NZ_CP077944.1,8,6,1,5
NZ_CP077945.1,5,4,3,1
NZ_CP026048.1,11,13,7,6
NZ_CP026049.1,14,18,13,5
NZ_CP087295.1,9,15,8,7
NZ_CP060795.1,1,0,0,0
NZ_OV753993.1,19,20,12,8
NZ_OV753994.1,4,5,3,2
NZ_CP012754.1,20,22,15,7
NZ_CP033789.1,21,17,16,1
NZ_CP033793.1,2,1,1,0
NZ_CP064259.1,32,42,27,15
NZ_CP064260.1,15,13,10,3
NZ_CP064261.1,4,4,2,2
NZ_AP023301.1,17,21,10,11
NZ_CP130506.1,3,1,1,0
NZ_CP016596.1,4,6,3,3
NZ_CP064944.1,2,1,1,0
NZ_CP064945.1,19,21,11,10
NZ_CP076277.1,11,11,4,7
NZ_CP076278.1,9,9,3,6
NZ_CP029947.1,16,15,14,1
NZ_CP020732.1,7,9,0,9
NZ_CP020733.1,1,3,0,3
NZ_CP020734.1,2,2,0,2
NZ_AP026815.1,5,3,3,0
NZ_AP023250.1,18,12,6,6
NZ_AP023251.1,3,7,2,5
NZ_CP040362.1,6,10,6,4
NZ_CP078008.1,2,2,2,0
NZ_CP058893.1,17,14,13,1
NZ_CP058894.1,5,5,5,0
NZ_CP058895.1,27,38,27,11
NZ_CP115313.1,1,1,1,0
NZ_CP115314.1,11,13,10,3
NZ_CP115315.1,4,6,4,2
NZ_CP115316.1,2,1,0,1
NZ_CP115318.1,1,1,1,0
NZ_CP067381.1,27,20,17,3
NZ_CP067382.1,4,6,4,2
NZ_CP067383.1,3,2,2,0
NZ_CP102899.1,13,13,7,6
NZ_CP102900.1,4,4,4,0
NZ_CP032355.1,2,1,0,1
NZ_CP032356.1,7,14,10,4
NZ_CP032357.1,5,9,4,5
NZ_CP109693.1,4,4,3,1
NZ_CP109691.1,6,4,4,0
NZ_CP108357.1,4,4,3,1
NZ_CP125364.1,4,6,4,2
NZ_CP035289.1,3,1,1,0
NZ_CP051314.1,6,7,0,7
NZ_CP039125.1,4,0,0,0
NZ_CP013945.1,3,5,1,4
NZ_CP013946.1,64,86,56,30
NZ_CP013947.1,9,11,8,3
NZ_CP013948.1,17,16,13,3
NZ_CP048380.1,31,38,32,6
NZ_CP048381.1,20,26,19,7
NZ_CP077640.1,3,3,2,1
NZ_CP038265.1,4,2,1,1
NZ_CP038264.1,5,6,2,4
NZ_CP038263.1,13,22,14,8
NZ_CP116726.1,2,0,0,0
NZ_CP089853.1,2,2,0,2
NZ_CP089851.1,24,15,8,7
NZ_CP089852.1,10,13,10,3
NZ_CP108000.1,1,1,1,0
NZ_CP108001.1,5,5,3,2
NZ_CP043345.1,22,23,21,2
NZ_CP099806.1,4,3,2,1
NZ_CP010531.1,2,1,0,1
NZ_CP010532.1,2,5,1,4
NZ_CP010533.1,1,5,0,5
NZ_CP014142.1,11,9,5,4
NZ_CP129890.1,8,4,1,3
NZ_CP045517.1,10,9,7,2
NZ_CP084097.1,13,18,12,6
NZ_LR135186.1,14,18,9,9
NZ_CP069588.1,1,1,1,0
NZ_CP033159.1,13,18,12,6
NZ_CP033160.1,4,5,2,3
NZ_CP094307.1,4,10,3,7
NZ_CP080563.1,4,4,4,0
NZ_CP066418.1,2,2,2,0
NZ_CP066417.1,32,39,24,15
NZ_CP066416.1,2,2,1,1
NZ_CP038938.1,52,61,34,27
NZ_CP038939.1,17,14,10,4
NZ_CP038940.1,12,13,6,7
NZ_CP038941.1,2,3,1,2
NZ_CP075913.1,2,4,3,1
NZ_CP102860.1,3,3,3,0
NZ_CP102861.1,11,10,6,4
NZ_CP102862.1,1,1,1,0
NZ_CP102864.1,2,1,1,0
NZ_CP013812.1,5,10,3,7
NZ_CP013813.1,10,11,9,2
NZ_CP013814.1,2,2,2,0
NZ_CP013815.1,61,84,60,24
NZ_CP054346.1,8,9,6,3
NZ_CP047346.1,22,20,15,5
NZ_CP047345.1,10,11,6,5
NZ_CP017431.1,15,22,16,6
NZ_CP089591.1,6,5,5,0
NZ_CP082788.1,3,6,4,2
NZ_CP053365.1,20,32,21,11
NZ_CP117040.1,4,3,3,0
NZ_CP103551.1,10,4,3,1
NZ_CP103552.1,11,14,9,5
NZ_CP103553.1,6,5,4,1
NZ_CP099904.1,2,4,2,2
NZ_CP099905.1,6,7,5,2
NZ_CP125720.1,2,1,0,1
NZ_CP125721.1,4,3,3,0
NZ_CP125725.1,2,2,2,0
NZ_CP133658.1,10,15,9,6
NZ_CP036044.1,5,3,3,0
NZ_CP036045.1,13,24,20,4
NZ_CP048655.1,28,30,20,10
NZ_CP048656.1,8,9,8,1
NZ_CP048657.1,3,2,2,0
NZ_CP048658.1,2,1,0,1
NZ_CP028541.2,23,19,19,0
NZ_CP023450.1,10,4,4,0
NZ_CP023451.1,10,7,4,3
NZ_CP023452.1,1,3,1,2
NZ_CP023453.1,4,2,0,2
NZ_CP089587.1,2,2,2,0
NZ_CP096037.1,18,15,7,8
NZ_CP096038.1,10,7,3,4
NZ_CP096039.1,22,22,13,9
NZ_CP063914.1,9,26,10,16
NZ_CP017771.1,1,0,0,0
NZ_CP017773.1,1,1,0,1
NZ_CP117509.1,5,5,5,0
NZ_CP117510.1,3,2,0,2
NZ_CP123952.1,22,24,15,9
NZ_LR130546.1,13,15,11,4
NZ_CP129703.1,15,22,15,7
NZ_CP129704.1,4,4,4,0
NZ_CP023835.1,21,23,14,9
NZ_CP009327.1,4,10,5,5
NZ_CP027787.1,2,2,2,0
NZ_CP062866.1,5,8,5,3
NZ_CP062867.1,17,19,13,6
NZ_CP013956.1,1,0,0,0
NZ_CP064658.1,2,2,2,0
NZ_CP064659.1,9,11,8,3
NZ_CP064660.1,4,4,3,1
NZ_CP064657.1,17,16,10,6
NZ_CP080067.1,17,25,15,10
NZ_CP080068.1,8,10,7,3
NZ_CP080069.1,1,1,1,0
NZ_LR135192.1,20,25,17,8
NZ_LR135193.1,2,1,1,0
NZ_LR135194.1,2,1,1,0
NZ_OX460332.1,2,3,1,2
NZ_OX460331.1,2,3,3,0
NZ_CP017198.1,5,3,2,1
NZ_CP017200.1,2,1,0,1
NZ_CP064300.1,18,21,13,8
NZ_CP064301.1,9,8,2,6
NZ_CP025883.1,6,4,2,2
NZ_CP025882.1,6,6,5,1
NZ_CP025885.1,1,0,0,0
NZ_CP025884.1,16,21,14,7
NZ_CP053638.1,3,4,4,0
NZ_CP085986.1,1,1,0,1
NZ_CP017693.1,8,4,4,0
NZ_CP083056.1,21,15,11,4
NZ_CP083057.1,9,7,5,2
NC_007678.1,1,1,1,0
NZ_LR890357.1,8,7,6,1
NZ_CP021701.1,2,2,0,2
NZ_CP089885.1,28,34,24,10
NZ_CP089886.1,14,15,13,2
NZ_CP070044.1,1,6,3,3
NZ_CP110286.1,5,9,5,4
NZ_CP039228.1,133,113,56,57
NZ_CP039229.1,87,87,48,39
NZ_CP039230.1,41,38,16,22
NZ_CP039231.1,37,26,16,10
NZ_CP039232.1,1,1,1,0
NZ_CP039233.1,1,1,1,0
NZ_CP027308.1,6,8,3,5
NZ_CP027309.1,1,2,0,2
NZ_CP096586.1,5,5,2,3
NZ_CP024641.1,19,18,14,4
NZ_CP024642.1,13,12,9,3
NZ_CP059044.1,25,34,24,10
NZ_CP070257.1,4,6,1,5
NC_006153.2,3,8,3,5
NZ_CP138306.1,26,29,19,10
NZ_CP119727.1,13,11,9,2
NZ_CP119728.1,9,13,8,5
NZ_CP119729.1,13,20,12,8
NZ_CP017683.1,3,3,3,0
NZ_CP009563.1,7,6,4,2
NZ_CP022541.1,27,55,26,29
NZ_CP022542.1,3,5,0,5
NZ_CP022543.1,6,10,8,2
NZ_CP036516.1,8,12,7,5
NZ_CP036517.1,1,4,2,2
NZ_CP103597.1,8,12,7,5
NZ_CP103598.1,7,7,5,2
NZ_CP103599.1,8,6,5,1
NZ_CP085531.1,4,4,4,0
NZ_AP024580.1,22,26,20,6
NZ_AP024581.1,7,7,4,3
NZ_CP071217.1,5,5,4,1
NZ_CP017386.1,13,16,9,7
NZ_CP017387.1,16,16,13,3
NZ_CP015015.1,1,5,1,4
NZ_CP015014.1,1,4,2,2
NZ_CP017189.2,1,1,1,0
NZ_LR134207.1,14,27,13,14
NZ_AP022257.1,25,21,17,4
NZ_AP022258.1,15,15,13,2
NZ_CP123025.1,15,16,13,3
NZ_LR135255.1,42,48,35,13
NZ_LR135256.1,33,25,22,3
NZ_LR135257.1,7,4,4,0
NZ_CP091543.1,18,20,13,7
NZ_CP022446.1,24,36,27,9
NZ_CP066652.1,2,2,2,0
NZ_CP066648.1,30,36,22,14
NZ_CP066649.1,9,9,7,2
NZ_CP066647.1,2,2,1,1
NZ_OU659131.1,1,0,0,0
NZ_OU659132.1,4,17,9,8
NZ_OU659133.1,2,3,2,1
NZ_OU659134.1,1,1,1,0
NZ_OU659135.1,2,1,1,0
NZ_CP044110.1,1,1,1,0
NZ_CP044111.1,40,39,34,5
NZ_CP025252.1,6,2,2,0
NZ_CP025253.1,10,6,6,0
NZ_CP102763.1,8,12,9,3
NZ_CP102764.1,10,13,8,5
NZ_CP011282.1,31,38,28,10
NZ_CP011283.1,1,0,0,0
NZ_CP015123.1,3,1,1,0
NZ_CP011284.1,7,8,4,4
NZ_CP011285.1,2,1,1,0
NZ_CP120979.1,29,30,20,10
NZ_CP120980.1,3,2,0,2
NZ_AP023198.1,30,30,22,8
NZ_AP023199.1,11,13,9,4
NZ_AP023202.1,4,3,3,0
NZ_AP023203.1,2,0,0,0
NZ_CP039722.1,12,17,13,4
NZ_CP039725.1,12,15,12,3
NZ_CP039726.1,3,5,5,0
NZ_CP097888.1,7,3,3,0
NZ_CP018048.1,1,1,1,0
NZ_CP024106.1,2,0,0,0
NZ_CP014493.1,7,11,6,5
NZ_CP014494.1,2,1,1,0
NZ_CP102693.1,17,20,14,6
NZ_CP061614.1,13,8,6,2
NZ_CP061615.1,5,10,5,5
NZ_CP070383.1,2,4,2,2
NZ_CP070384.1,2,2,2,0
NZ_CP045361.1,2,5,1,4
NZ_CP045362.1,7,7,4,3
NZ_CP045363.1,2,1,1,0
NZ_CP045364.1,3,3,2,1
NZ_CP032740.1,6,4,3,1
NZ_CP025275.1,10,9,6,3
NZ_CP134385.1,12,18,9,9
NZ_CP134386.1,6,7,3,4
NC_003131.1,4,10,1,9
NC_003134.1,8,7,4,3
NC_003132.1,2,1,0,1
NZ_CP019069.1,3,2,2,0
NZ_CP019068.1,10,13,8,5
NZ_CP080166.1,17,19,11,8
NZ_CP080165.1,14,18,10,8
NZ_CP080167.1,1,2,0,2
NZ_CP080164.1,9,10,9,1
NZ_CP109189.1,18,20,7,13
NZ_CP026778.1,10,7,6,1
NZ_CP026779.1,23,74,41,33
NZ_CP061351.1,14,23,14,9
NZ_CP061352.1,6,8,5,3
NZ_CP061353.1,5,4,3,1
NZ_AP024188.1,1,0,0,0
NZ_CP100694.1,16,17,14,3
NZ_CP107812.1,6,9,1,8
NZ_CP029292.1,5,8,4,4
NZ_CP029293.1,9,12,11,1
NZ_CP104847.1,9,11,8,3
NZ_CP029931.1,15,14,13,1
NZ_AP025843.1,22,24,19,5
NZ_CP041755.1,11,29,11,18
NZ_CP041756.1,1,1,1,0
NZ_CP033632.1,22,24,21,3
NZ_CP033633.1,17,20,11,9
NZ_CP033634.1,6,5,4,1
NZ_CP033636.1,21,20,17,3
NZ_AP025597.1,15,8,8,0
NZ_CP014622.1,4,4,2,2
NZ_CP136730.1,10,10,8,2
NZ_CP136728.1,14,18,13,5
NZ_CP136725.1,2,1,1,0
NZ_CP136726.1,3,1,1,0
NZ_CP136729.1,6,7,5,2
NZ_CP136723.1,29,26,22,4
NZ_CP135728.1,4,1,0,1
NZ_CP083367.1,9,3,3,0
NZ_CP083368.1,3,3,3,0
NZ_CP083369.1,5,7,3,4
NZ_CP051295.1,16,25,12,13
NZ_CP079656.1,8,7,5,2
NZ_CP079665.1,1,0,0,0
NZ_CP079666.1,1,1,1,0
NZ_CP079657.1,12,11,7,4
NZ_CP079658.1,2,2,0,2
NZ_CP079659.1,1,0,0,0
NZ_CP079660.1,1,2,2,0
NZ_CP079663.1,1,1,1,0
NZ_CP021076.1,25,20,16,4
NZ_CP021077.1,22,17,11,6
NZ_CP033057.1,5,3,3,0
NZ_CP012010.1,2,3,2,1
NZ_CP049116.1,1,2,1,1
NZ_CP017043.1,1,0,0,0
NZ_CP082358.1,2,2,2,0
NZ_CP087355.1,2,2,2,0
NZ_CP087356.1,2,2,1,1
NZ_CP094988.1,35,70,33,37
NZ_CP094989.1,3,5,3,2
NZ_CP076061.1,8,8,2,6
NZ_CP076062.1,7,8,7,1
NZ_CP076063.1,5,3,1,2
NZ_CP068973.1,11,22,14,8
NZ_CP068975.1,1,1,1,0
NZ_CP113108.1,2,1,1,0
NZ_CP113109.1,1,1,1,0
NZ_CP026738.1,2,0,0,0
NZ_CP069471.1,3,5,5,0
NZ_CP082130.1,12,15,9,6
NZ_CP116251.1,14,13,12,1
NZ_CP116252.1,1,2,1,1
NZ_CP116250.1,19,17,12,5
NZ_CP123262.1,9,10,4,6
NZ_CP123261.1,14,14,9,5
NZ_CP123263.1,3,3,2,1
NZ_CP123264.1,4,5,4,1
NZ_CP066481.1,30,34,25,9
NZ_CP066483.1,9,8,7,1
NZ_CP066482.1,3,1,0,1
NZ_CP075951.1,3,3,3,0
NZ_CP051294.1,20,19,9,10
NZ_CP098529.1,4,16,4,12
NZ_CP009776.1,17,12,6,6
NZ_CP009778.1,2,0,0,0
NZ_CP009777.1,20,23,16,7
NZ_LT991958.1,21,17,12,5
NZ_LT991959.1,5,4,3,1
NZ_LT991960.1,1,1,0,1
NZ_CP024097.1,2,0,0,0
NZ_CP024810.1,1,0,0,0
NZ_CP031319.1,4,3,2,1
NZ_CP013700.1,14,10,6,4
NZ_CP032346.1,31,19,18,1
NZ_CP032347.1,9,8,5,3
NZ_CP032349.1,11,19,9,10
NZ_CP032348.1,2,3,2,1
NZ_CP102439.1,14,23,10,13
NZ_CP041947.1,3,3,3,0
NZ_CP041948.1,3,4,3,1
NZ_CP041949.1,15,19,12,7
NZ_CP030065.1,19,19,11,8
NZ_CP038283.1,5,8,3,5
NZ_CP066268.1,2,1,0,1
NZ_CP137357.1,5,7,2,5
NZ_CP137358.1,1,0,0,0
NZ_CP137360.1,30,38,30,8
NZ_CP137713.1,3,3,2,1
NZ_CP142388.1,32,34,25,9
NZ_CP142389.1,19,19,16,3
NZ_CP142390.1,1,1,1,0
NZ_CP142387.1,22,33,19,14
NZ_CP048879.1,4,5,2,3
NZ_CP048880.1,4,5,1,4
NZ_CP048881.1,1,0,0,0
NZ_CP101744.1,22,21,13,8
NZ_CP101745.1,1,1,1,0
NZ_CP101748.1,1,1,1,0
NZ_CP024419.1,4,5,4,1
NZ_CP034406.1,28,31,21,10
NZ_CP034407.1,7,9,5,4
NZ_CP025124.1,1,0,0,0
NZ_CP025123.1,10,5,3,2
NZ_CP107041.1,17,15,13,2
NZ_CP072296.1,19,20,11,9
NZ_CP072297.1,6,4,4,0
NZ_CP141907.1,4,4,4,0
NZ_CP141906.1,30,37,30,7
NZ_CP085541.1,1,1,1,0
NZ_CP085534.1,17,22,10,12
NZ_CP085535.1,4,8,2,6
NZ_CP085536.1,4,3,2,1
NZ_CP090750.1,14,19,13,6
NZ_CP090751.1,7,6,6,0
NZ_CP117185.1,2,4,3,1
NZ_CP136941.1,14,13,11,2
NZ_CP136942.1,13,17,11,6
NZ_CP021002.2,2,3,2,1
NZ_CP021003.2,3,6,4,2
NZ_CP074013.1,19,24,15,9
NZ_CP016296.1,2,3,1,2
NZ_CP016297.1,4,4,4,0
NZ_CP048338.1,15,19,14,5
NZ_CP100217.1,30,28,18,10
NZ_CP100218.1,18,16,10,6
NZ_CP100219.1,18,23,16,7
NZ_CP100220.1,4,6,2,4
NZ_CP083634.1,9,11,6,5
NZ_CP139716.1,6,11,4,7
NZ_AP022904.1,11,13,12,1
NZ_AP019836.1,1,0,0,0
NZ_CP115194.1,2,2,1,1
NZ_CP071239.1,6,5,4,1
NZ_CP030321.1,14,19,12,7
NZ_CP139288.1,6,10,5,5
NZ_CP065730.1,2,5,3,2
NZ_CP063333.1,21,33,21,12
NZ_CP063334.1,3,3,3,0
NZ_CP063337.1,14,16,12,4
NZ_CP124068.1,1,1,0,1
NZ_CP107413.1,19,23,19,4
NZ_CP107414.1,16,15,12,3
NC_022042.1,1,0,0,0
NC_022049.1,9,14,6,8
NC_022043.1,1,2,0,2
NC_022050.1,10,10,6,4
NZ_CP046330.1,7,4,1,3
NZ_CP046332.1,10,9,6,3
NZ_CP046333.1,33,26,21,5
NZ_CP110800.1,4,3,3,0
NZ_CP121564.1,2,2,2,0
NZ_CP121565.1,1,0,0,0
NZ_CP090469.1,21,20,8,12
NZ_CP090470.1,3,1,1,0
NZ_CP090471.1,11,12,10,2
NZ_CP039924.1,8,11,4,7
NZ_CP039925.1,7,5,1,4
NZ_CP039927.1,5,5,3,2
NZ_CP130260.1,15,22,9,13
NZ_CP130259.1,11,12,9,3
NZ_CP130261.1,8,10,7,3
NZ_CP054265.1,20,24,17,7
NZ_CP054266.1,7,4,2,2
NZ_CP054267.1,3,3,1,2
NZ_CP051678.1,9,6,2,4
NZ_CP047308.1,7,7,6,1
NZ_CP047309.1,3,2,2,0
NZ_CP015847.2,8,9,3,6
NZ_AP021845.1,10,5,3,2
NZ_CP028549.2,23,34,15,19
NZ_CP028554.1,4,3,2,1
NZ_CP028551.2,16,13,12,1
NZ_CP028553.2,7,9,6,3
NZ_CP139721.1,13,11,7,4
NZ_CP108262.1,26,29,14,15
NZ_CP108263.1,36,39,25,14
NZ_CP030761.1,7,16,8,8
NZ_CP030762.1,29,46,30,16
NZ_CP030763.1,3,8,3,5
NZ_CP030764.1,5,8,4,4
NZ_CP018994.1,10,14,8,6
NZ_CP018993.1,11,10,8,2
NZ_CP018992.1,10,7,5,2
NZ_CP022917.1,25,29,16,13
NZ_LR594672.1,18,13,11,2
NZ_LR594673.1,2,6,2,4
NZ_LR594674.1,6,5,0,5
NZ_CP020744.1,29,31,22,9
NZ_CP020745.1,10,6,5,1
NZ_CP020746.1,2,2,1,1
NZ_CP020747.1,4,1,1,0
NZ_CP020749.1,2,0,0,0
NZ_CP094751.1,3,8,7,1
NZ_CP125888.1,6,6,5,1
NZ_CP044979.1,8,17,13,4
NZ_CP044980.1,12,8,3,5
NZ_CP139338.1,9,12,8,4
NZ_CP117958.1,6,11,6,5
NZ_CP038424.1,9,9,6,3
NZ_CP055058.1,9,16,9,7
NZ_CP055059.1,14,13,9,4
NZ_CP015777.1,4,11,5,6
NZ_CP041074.1,37,54,39,15
NZ_CP041075.1,29,29,19,10
NZ_CP041076.1,19,27,21,6
NZ_CP041077.1,11,10,7,3
NZ_CP041079.1,1,1,0,1
NZ_CP087607.1,21,21,17,4
NZ_CP087608.1,20,19,16,3
NZ_CP017447.1,6,9,6,3
NC_023144.1,23,23,22,1
NZ_CP034796.1,6,12,6,6
NZ_AP012556.1,5,4,4,0
NZ_CP091302.1,28,34,22,12
NZ_CP091303.1,21,10,10,0
NZ_CP091304.1,3,3,1,2
NZ_CP016492.1,5,6,5,1
NZ_CP079932.1,9,7,3,4
NC_016888.1,10,16,10,6
NZ_CP076705.1,3,7,2,5
NZ_CP121156.1,24,28,20,8
NZ_CP071266.1,4,4,4,0
NZ_CP028223.1,9,10,4,6
NZ_CP028224.1,10,9,8,1
NZ_CP028225.1,2,3,3,0
NZ_CP027458.1,1,6,2,4
NZ_CP087067.1,5,3,1,2
NZ_CP087068.1,1,0,0,0
NZ_CP087070.1,27,22,10,12
NZ_CP087071.1,1,0,0,0
NZ_CP087072.1,10,16,10,6
NZ_CP022758.1,2,12,2,10
NC_021503.1,6,4,3,1
NC_021495.1,2,2,1,1
NC_021497.1,1,1,0,1
NZ_CP101742.1,13,21,8,13
NZ_OK052578.1,2,3,2,1
NZ_CP056146.1,8,12,6,6
NZ_CP128580.1,7,8,6,2
NZ_CP128579.1,5,3,3,0
NZ_CP006791.1,4,17,5,12
NZ_CP006790.1,6,7,4,3
NZ_CP006793.1,2,1,0,1
NZ_CP026427.1,1,1,1,0
NZ_CP026421.1,1,1,1,0
NZ_CP026426.1,46,42,20,22
NZ_CP026425.1,2,2,2,0
NZ_CP026423.1,6,10,4,6
NZ_CP026424.1,3,0,0,0
NZ_CP026422.1,3,1,1,0
NC_018022.1,33,40,19,21
NC_018023.1,8,7,4,3
NZ_CP138702.1,9,8,6,2
NZ_CP138703.1,7,6,6,0
NZ_CP138704.1,1,1,0,1
NC_010157.1,3,8,1,7
NC_010158.1,12,8,2,6
NZ_CP058832.1,16,20,14,6
NZ_CP056362.1,28,22,19,3
NZ_CP034344.1,4,3,2,1
NZ_CP040393.1,6,6,1,5
NZ_CP020539.1,21,32,15,17
NZ_CP020540.1,16,9,5,4
NZ_CP020541.1,1,2,1,1
NZ_CP020542.1,1,1,1,0
NZ_CP083474.1,36,40,25,15
NZ_CP083475.1,14,12,9,3
NZ_CP010241.1,2,3,3,0
NZ_CP072497.1,2,7,2,5
NZ_CP072498.1,10,10,9,1
NZ_CP099644.1,9,7,5,2
NZ_CP099646.1,27,35,14,21
NZ_CP099649.1,12,6,4,2
NZ_CP099648.1,3,1,1,0
NZ_CP098196.1,8,12,8,4
NZ_CP018451.1,15,22,11,11
NZ_CP018452.1,7,6,4,2
NZ_CP032486.1,8,14,9,5
NZ_CP099405.1,32,27,13,14
NZ_CP099407.1,6,4,1,3
NZ_CP099406.1,16,18,14,4
NZ_CP099404.1,21,20,17,3
NZ_CP109997.1,2,1,0,1
NZ_CP110515.1,49,54,39,15
NZ_CP110516.1,21,15,14,1
NZ_CP110517.1,24,25,20,5
NZ_CP110518.1,11,12,7,5
NZ_CP110519.1,2,3,2,1
NZ_CP110520.1,6,2,1,1
NZ_CP107559.1,58,67,44,23
NZ_CP107560.1,10,10,8,2
NZ_CP107561.1,1,2,1,1
NZ_CP066944.1,5,4,4,0
NZ_CP096533.1,5,1,1,0
NZ_CP097515.1,2,0,0,0
NZ_CP081678.1,39,34,22,12
NZ_CP081679.1,3,2,2,0
NZ_CP081680.1,15,17,13,4
NZ_CP061338.1,9,16,6,10
NZ_CP141098.1,1,0,0,0
NZ_CP084824.1,14,20,10,10
NZ_AP021947.1,23,28,16,12
NZ_AP021948.1,6,6,5,1
NZ_CP072276.1,19,20,11,9
NZ_CP072277.1,2,2,2,0
NZ_CP020972.1,6,8,6,2
NZ_CP020973.1,9,17,10,7
NZ_CP085302.1,3,5,3,2
NZ_CP085303.1,3,11,6,5
NZ_CP085304.1,3,6,0,6
NZ_CP085305.1,1,3,1,2
NZ_CP085307.1,6,6,3,3
NZ_CP043512.1,5,6,6,0
NZ_CP043513.1,2,1,1,0
NZ_CP043516.1,4,4,2,2
NZ_CP043514.1,2,3,2,1
NZ_CP043515.1,10,15,11,4
NZ_CP064331.1,1,0,0,0
NZ_CP020573.1,1,1,1,0
NZ_LR890406.1,13,17,12,5
NZ_CP040783.1,11,15,11,4
NZ_CP058720.1,16,23,14,9
NZ_CP058721.1,13,19,16,3
NZ_CP058722.1,4,6,4,2
NZ_CP058723.1,1,0,0,0
NZ_CP055228.1,1,2,1,1
NC_008712.1,9,10,5,5
NC_008713.1,2,6,1,5
NZ_CP032391.1,9,7,6,1
NZ_CP032392.1,4,5,2,3
NZ_CP097009.1,9,10,9,1
NZ_CP051665.1,18,27,21,6
NZ_CP014937.1,11,11,7,4
NZ_CP014938.1,5,5,5,0
NZ_CP014939.1,1,1,1,0
NZ_AP025033.1,18,19,12,7
NZ_CP139267.1,11,17,14,3
NZ_CP095181.1,28,27,22,5
NZ_CP098345.1,12,11,5,6
NZ_CP098346.1,18,14,10,4
NZ_CP128924.1,11,9,8,1
NZ_CP128925.1,2,2,1,1
NZ_CP045959.1,25,47,16,31
NZ_CP046117.1,5,5,5,0
NZ_CP046118.1,6,9,6,3
NZ_CP115931.1,9,7,5,2
NZ_CP115933.1,13,14,6,8
NZ_CP115934.1,1,1,1,0
NZ_CP046807.1,5,8,5,3
NC_011721.1,10,9,6,3
NC_011723.1,6,6,4,2
NZ_CP072464.1,1,1,0,1
NZ_CP072465.1,16,17,15,2
NZ_CP073937.1,12,13,9,4
NZ_CP059285.1,15,17,12,5
NZ_CP059284.1,9,12,8,4
NZ_CP059287.1,2,3,2,1
NZ_CP059286.1,5,5,4,1
NZ_CP074524.1,24,24,18,6
NZ_CP074525.1,15,12,7,5
NZ_CP074526.1,3,3,3,0
NZ_CP074527.1,2,1,0,1
NZ_CP019224.1,3,2,1,1
NZ_CP019223.1,3,2,1,1
NZ_CP019222.1,1,1,0,1
NZ_CP095492.1,1,2,1,1
NZ_CP031270.1,4,2,2,0
NZ_CP031268.1,11,14,14,0
NZ_CP031267.1,2,3,3,0
NZ_CP098785.1,13,5,4,1
NZ_CP098786.1,1,0,0,0
NZ_CP098787.1,4,4,2,2
NZ_CP098788.1,2,2,2,0
NZ_CP068640.1,4,3,3,0
NZ_CP021695.1,19,15,9,6
NZ_CP076350.1,1,1,0,1
NZ_CP116089.1,16,22,10,12
NZ_CP116090.1,5,4,0,4
NZ_CP116091.1,1,1,1,0
NZ_CP023440.1,13,7,5,2
NZ_OW969634.1,22,25,19,6
NZ_OW969635.1,4,4,4,0
NZ_CP116535.1,1,1,1,0
NZ_CP116533.1,25,24,21,3
NZ_CP116534.1,7,7,6,1
NZ_CP048538.1,4,5,2,3
NZ_CP097835.1,6,10,7,3
NZ_CP097836.1,37,71,30,41
NZ_CP107854.1,2,1,0,1
NZ_CP013549.1,1,1,0,1
NZ_CP013550.1,17,30,10,20
NZ_CP013551.1,5,5,1,4
NZ_AP024223.1,9,13,7,6
NZ_AP024224.1,3,2,1,1
NZ_AP024225.1,4,8,6,2
NZ_AP024226.1,3,4,3,1
NZ_AP024228.1,1,1,1,0
NZ_CP091812.1,25,32,25,7
NZ_CP078098.1,5,7,3,4
NZ_CP077321.1,26,29,24,5
NZ_CP077322.1,6,5,4,1
NZ_CP077323.1,1,2,1,1
NZ_CP124888.1,4,6,5,1
NZ_CP065442.1,1,2,2,0
NZ_CP065443.1,8,10,8,2
NZ_CP009294.1,6,6,5,1
NZ_CP009296.1,4,4,4,0
NZ_CP009292.1,9,14,4,10
NZ_CP009293.1,5,4,2,2
NZ_CP009295.1,3,4,1,3
NZ_CP047848.1,1,1,1,0
NZ_CP081032.1,1,1,0,1
NZ_CP083117.1,27,26,21,5
NZ_CP083118.1,18,23,16,7
NZ_CP083119.1,4,2,1,1
NZ_CP083120.1,10,9,8,1
NZ_CP083123.1,1,1,0,1
NZ_CP090624.1,13,8,6,2
NZ_CP090625.1,7,3,1,2
NZ_CP021170.1,2,1,0,1
NZ_CP135139.1,6,8,2,6
NZ_CP135140.1,10,11,3,8
NZ_CP135141.1,1,4,1,3
NZ_CP135142.1,1,1,0,1
NZ_CP065155.1,8,7,7,0
NZ_CP065156.1,10,10,7,3
NZ_CP005931.1,21,24,14,10
NZ_CP096685.1,2,3,2,1
NZ_AP023363.1,10,8,7,1
NZ_AP023364.1,2,5,5,0
NZ_AP023365.1,1,3,3,0
NZ_CP100399.1,2,3,3,0
NZ_CP080311.1,9,10,7,3
NZ_CP080310.1,19,26,14,12
NZ_CP080312.1,7,7,6,1
NZ_CP117401.1,3,3,2,1
NZ_CP029723.1,25,28,23,5
NZ_CP029724.1,15,15,11,4
NZ_CP021432.1,5,4,3,1
NZ_CP021433.1,3,2,1,1
NZ_CP046940.1,16,24,14,10
NZ_CP046942.1,4,11,8,3
NZ_AP025872.1,27,28,22,6
NZ_CP045807.1,3,2,1,1
NZ_CP039627.1,16,11,7,4
NZ_CP039628.1,4,5,2,3
NZ_CP066233.1,1,1,1,0
NZ_CP086791.1,2,1,1,0
NZ_CP086792.1,27,22,10,12
NZ_CP086793.1,5,3,1,2
NZ_CP086794.1,2,1,1,0
NZ_CP086795.1,1,0,0,0
NZ_CP086796.1,12,14,10,4
NZ_CP086797.1,1,0,0,0
NZ_CP033531.1,10,24,21,3
NZ_CP016864.1,5,2,1,1
NZ_CP016865.1,11,8,3,5
NZ_CP069216.1,4,5,3,2
NZ_CP069217.1,1,1,0,1
NZ_CP133439.1,4,5,3,2
NZ_CP120984.1,9,12,5,7
NZ_CP048776.1,34,33,24,9
NZ_CP048777.1,5,9,5,4
NZ_CP023152.1,6,4,3,1
NZ_CP023153.1,3,1,0,1
NZ_CP041432.1,4,4,2,2
NZ_CP082786.1,31,32,21,11
NZ_AP025892.1,30,31,25,6
NZ_CP087329.1,13,17,14,3
NZ_CP044508.1,3,1,0,1
NZ_CP073378.1,22,28,22,6
NZ_CP073379.1,19,21,12,9
NZ_CP073380.1,23,23,17,6
NZ_CP117391.1,8,7,5,2
NZ_CP086833.1,27,25,12,13
NZ_CP086834.1,2,1,0,1
NZ_CP086836.1,12,14,11,3
NZ_CP086837.1,1,0,0,0
NZ_CP086838.1,1,0,0,0
NZ_CP093454.1,16,13,11,2
NZ_CP093455.1,14,17,12,5
NZ_CP093452.1,7,9,6,3
NZ_CP093453.1,2,2,1,1
NZ_CP093457.1,8,8,5,3
NZ_CP090079.1,15,18,13,5
NZ_CP090080.1,26,28,20,8
NZ_AP027954.1,13,23,14,9
NZ_AP027955.1,1,1,1,0
NZ_AP027956.1,3,4,2,2
NZ_CP101561.1,25,25,20,5
NZ_CP101562.1,4,15,6,9
NZ_CP044189.1,8,6,4,2
NZ_CP044190.1,9,8,3,5
NZ_CP106799.1,4,4,1,3
NZ_CP077647.1,10,35,9,26
NZ_CP123840.1,4,13,5,8
NZ_CP123841.1,1,0,0,0
NZ_CP123842.1,9,8,5,3
NZ_CP015484.1,2,4,2,2
NZ_CP015485.1,5,3,2,1
NZ_CP015486.1,2,2,2,0
NZ_CP118399.1,17,18,17,1
NZ_CP118400.1,2,1,1,0
NZ_CP118401.1,5,3,1,2
NZ_CP014303.1,6,1,0,1
NZ_CP063398.1,2,4,1,3
NZ_CP063399.1,19,31,12,19
NZ_CP024012.1,6,9,7,2
NZ_CP027381.1,6,2,1,1
NZ_CP027383.1,5,4,4,0
NZ_CP027384.1,1,1,1,0
NZ_CP027385.1,13,17,10,7
NZ_CP038298.1,6,7,3,4
NZ_CP038299.1,3,3,3,0
NZ_CP040547.1,22,22,19,3
NZ_CP040546.1,17,24,13,11
NZ_CP040548.1,4,4,3,1
NZ_CP104752.1,2,4,2,2
NZ_CP042820.1,8,5,2,3
NZ_CP042821.1,4,8,4,4
NZ_CP022574.1,18,14,9,5
NZ_CP022575.1,2,2,2,0
NZ_CP022576.1,2,1,0,1
NZ_CP066554.1,30,22,19,3
NZ_CP116182.1,14,20,16,4
NZ_CP116183.1,10,10,10,0
NZ_CP116184.1,4,3,3,0
NZ_CP090932.1,28,26,24,2
NZ_CP090933.1,3,2,2,0
NZ_CP090934.1,2,3,3,0
NZ_CP090935.1,4,4,3,1
NZ_CP090936.1,6,9,5,4
NZ_CP048245.1,1,5,1,4
NZ_CP035203.1,27,37,23,14
NZ_CP035205.1,2,1,0,1
NZ_CP035204.1,13,13,8,5
NZ_CP121645.1,17,24,11,13
NZ_CP014978.1,9,8,7,1
NZ_CP109826.1,5,5,5,0
NZ_CP109825.1,1,1,1,0
NZ_CP032832.1,18,20,10,10
NZ_CP063512.1,25,30,21,9
NZ_CP061048.1,3,5,2,3
NZ_CP141854.1,24,30,20,10
NZ_CP141856.1,17,25,15,10
NZ_CP141857.1,10,10,6,4
NZ_CP141858.1,20,22,17,5
NZ_CP084640.1,6,5,4,1
NZ_CP104716.1,1,2,2,0
NZ_CP104717.1,6,6,2,4
NZ_CP139049.1,12,16,8,8
NZ_CP114196.1,8,7,7,0
NZ_CP114197.1,4,7,2,5
NZ_CP114198.1,2,2,2,0
NZ_CP085432.1,2,1,1,0
NZ_CP085433.1,3,0,0,0
NZ_CP085436.1,1,0,0,0
NZ_CP047276.1,32,29,28,1
NZ_CP084407.1,23,16,11,5
NZ_CP084408.1,12,9,5,4
NZ_CP084409.1,5,4,3,1
NZ_CP084410.1,4,4,3,1
NZ_CP084411.1,1,0,0,0
NZ_CP084412.1,1,0,0,0
NZ_LT963392.1,26,34,31,3
NZ_LT963393.1,12,13,9,4
NZ_LT963394.1,22,23,18,5
NZ_CP126264.1,12,17,11,6
NZ_CP071130.1,7,3,2,1
NC_015513.1,3,2,1,1
NZ_CP028433.1,7,7,7,0
NZ_CP028434.1,10,13,4,9
NZ_CP081131.1,1,0,0,0
NZ_CP081132.1,9,10,5,5
NZ_CP081133.1,2,6,3,3
NZ_CP013250.1,3,9,2,7
NZ_CP142098.1,3,1,1,0
NZ_CP072995.1,8,12,4,8
NZ_CP092633.1,1,8,1,7
NZ_CP118187.1,1,1,1,0
NZ_CP122305.1,11,11,10,1
NZ_CP122307.1,7,7,6,1
NZ_CP012626.1,9,14,12,2
NZ_CP012627.1,1,0,0,0
NZ_CP092388.1,1,2,1,1
NZ_CP092389.1,1,0,0,0
NZ_CP092390.1,1,1,1,0
NZ_CP019559.1,10,6,6,0
NZ_CP116262.1,1,1,0,1
NZ_CP116259.1,17,23,13,10
NZ_CP038260.1,5,3,3,0
NZ_CP038261.1,2,1,0,1
NZ_CP038259.1,17,20,12,8
NZ_CP088096.1,7,8,3,5
NZ_CP088097.1,2,3,3,0
NZ_CP088098.1,1,0,0,0
NZ_CP012644.1,3,1,1,0
NZ_CP109056.1,1,0,0,0
NZ_CP109057.1,1,1,1,0
NZ_AP023442.1,22,26,23,3
NZ_AP023443.1,13,11,11,0
NZ_AP023444.1,3,2,2,0
NC_004703.1,2,0,0,0
NZ_CP051403.1,9,7,6,1
NZ_AP022004.1,7,20,5,15
NZ_CP060593.1,5,7,5,2
NZ_CP060594.1,1,7,3,4
NC_013356.1,2,2,2,0
NC_013357.1,3,2,1,1
NZ_CP038420.1,10,9,4,5
NZ_CP034059.1,35,71,31,40
NZ_CP136763.1,1,1,1,0
NZ_CP094766.1,1,5,3,2
NZ_CP050722.1,4,5,3,2
NZ_CP132729.1,7,6,1,5
NZ_CP132731.1,6,4,2,2
NZ_CP132730.1,13,16,11,5
NZ_CP028118.1,9,12,2,10
NZ_CP107533.1,3,3,1,2
NZ_CP107534.1,1,2,2,0
NZ_CP107535.1,3,3,2,1
NZ_CP023795.1,39,42,34,8
NZ_CP023796.1,8,10,7,3
NZ_CP023797.1,2,1,1,0
NZ_CP084173.1,11,6,3,3
NZ_CP084174.1,2,3,1,2
NZ_CP084176.1,1,1,1,0
NC_017645.1,10,9,9,0
NC_017642.1,6,4,2,2
NC_017640.1,5,12,3,9
NC_017643.1,2,4,1,3
NC_017639.1,8,13,5,8
NZ_CP006879.1,20,43,11,32
NZ_CP006880.1,12,16,9,7
NZ_CP055217.1,6,8,4,4
NZ_CP055218.1,9,11,9,2
NZ_CP098140.1,14,16,11,5
NZ_CP098142.1,18,27,16,11
NZ_CP098143.1,1,1,1,0
NZ_CP040720.1,11,7,6,1
NZ_CP040721.1,18,15,11,4
NZ_CP040722.1,6,5,2,3
NZ_CP040723.1,5,2,2,0
NZ_CP129506.1,1,1,1,0
NZ_CP129510.1,5,5,5,0
NZ_CP129511.1,9,7,7,0
NZ_CP129512.1,11,10,8,2
NZ_CP129513.1,29,31,20,11
NZ_CP028373.1,2,2,1,1
NZ_CP138659.1,10,8,7,1
NZ_CP071158.1,11,9,8,1
NZ_LR882974.1,17,15,5,10
NZ_LR882976.1,21,34,10,24
NZ_CP061976.1,6,6,6,0
NZ_CP061977.1,36,43,33,10
NZ_CP061978.1,8,8,5,3
NZ_CP061979.1,3,4,3,1
NZ_CP026817.1,54,87,45,42
NZ_CP099879.1,8,12,3,9
NZ_CP128611.1,17,25,18,7
NZ_CP128612.1,4,6,2,4
NZ_CP128610.1,23,22,17,5
NZ_CP065168.1,26,30,24,6
NZ_CP114520.1,1,1,1,0
NZ_CP114521.1,8,6,5,1
NZ_CP076302.1,13,14,9,5
NZ_CP076304.1,3,3,2,1
NZ_CP030179.1,4,11,2,9
NZ_CP136442.1,11,9,7,2
NZ_CP136443.1,4,3,3,0
NZ_CP059756.1,42,52,41,11
NZ_CP059757.1,11,9,7,2
NZ_CP059759.1,11,8,7,1
NZ_CP054412.1,3,2,2,0
NZ_CP109481.1,141,182,89,93
NZ_CP109482.1,118,138,82,56
NZ_CP107763.1,13,18,7,11
NZ_CP054717.1,9,10,6,4
NZ_CP054718.1,3,4,4,0
NZ_CP040642.1,15,15,7,8
NZ_CP039869.1,60,77,52,25
NZ_CP039870.1,3,7,1,6
NZ_CP039871.1,16,18,13,5
NZ_CP039872.1,10,11,9,2
NZ_CP097249.1,25,20,13,7
NZ_CP097250.1,15,15,9,6
NZ_CP041018.1,7,6,4,2
NZ_CP041019.1,4,4,2,2
NZ_CP041020.1,5,4,3,1
NZ_CP041021.1,3,2,2,0
NZ_CP110655.1,8,15,8,7
NZ_CP110656.1,1,0,0,0
NZ_CP110399.1,1,0,0,0
NZ_CP058753.1,15,19,15,4
NZ_CP058754.1,3,3,3,0
NZ_CP058755.1,12,12,9,3
NZ_CP051172.1,63,89,78,11
NZ_CP056692.1,9,17,9,8
NZ_CP056693.1,3,5,3,2
NZ_CP023186.1,7,5,4,1
NZ_CP023187.1,9,14,9,5
NZ_CP023188.1,5,4,4,0
NZ_CP121130.1,28,38,25,13
NZ_CP099472.1,24,28,16,12
NZ_CP099473.1,15,14,7,7
NZ_CP099474.1,20,25,15,10
NZ_CP099475.1,15,16,9,7
NZ_CP099476.1,11,10,7,3
NZ_CP099477.1,7,5,4,1
NZ_CP099478.1,16,14,10,4
NZ_CP099479.1,1,1,0,1
NZ_CP043303.1,5,5,5,0
NZ_CP022004.1,4,4,3,1
NZ_CP030289.1,1,1,1,0
NZ_CP067079.1,24,22,18,4
NZ_CP067080.1,3,3,3,0
NZ_CP067081.1,1,0,0,0
NZ_CP043359.1,20,24,18,6
NZ_CP043358.1,16,15,12,3
NZ_CP038272.1,1,3,3,0
NZ_CP033886.1,3,6,3,3
NZ_CP043007.1,6,7,5,2
NZ_CP043008.1,3,3,2,1
NZ_CP103309.1,18,19,6,13
NZ_CP103310.1,8,9,5,4
NZ_CP103311.1,4,4,4,0
NZ_OW970375.1,20,22,16,6
NZ_OW970376.1,5,4,3,1
NZ_CP029181.1,19,28,19,9
NZ_CP029182.1,8,12,9,3
NZ_CP076214.1,5,10,5,5
NZ_CP090538.1,3,3,2,1
NZ_CP090536.1,12,15,10,5
NZ_CP054307.1,1,1,1,0
NZ_CP054308.1,4,0,0,0
NZ_CP100462.1,21,28,22,6
NZ_CP100463.1,12,22,12,10
NZ_CP100464.1,2,1,0,1
NZ_CP008907.1,7,11,6,5
NZ_CP008906.1,9,6,6,0
NZ_CP008908.1,3,3,2,1
NZ_CP099223.1,8,11,9,2
NZ_CP053359.1,14,15,11,4
NZ_CP053360.1,12,17,11,6
NZ_CP053361.1,3,2,1,1
NZ_CP044183.1,8,7,2,5
NZ_CP115387.1,13,16,12,4
NC_015715.1,1,1,1,0
NZ_CP040317.1,5,7,4,3
NZ_CP069891.1,10,12,4,8
NZ_CP018732.1,1,0,0,0
NZ_CP018733.1,4,8,4,4
NZ_CP018734.1,1,2,1,1
NZ_CP117418.1,19,14,10,4
NZ_CP109774.1,13,26,14,12
NZ_CP109771.1,8,8,4,4
NZ_CP084716.1,11,10,8,2
NZ_CP007510.1,11,13,8,5
NZ_CP031707.1,10,10,5,5
NZ_CP118719.1,10,3,3,0
NZ_CP118720.1,1,1,0,1
NZ_CP019161.1,11,22,14,8
NZ_CP091238.1,3,5,5,0
NZ_CP098351.1,22,19,13,6
NZ_CP027518.1,35,51,40,11
NZ_CP027519.1,8,10,7,3
NZ_CP097003.1,4,6,5,1
NZ_CP126995.1,16,20,8,12
NZ_CP126996.1,17,21,12,9
NZ_CP126997.1,20,18,9,9
NZ_CP126998.1,1,1,0,1
NZ_CP056252.1,18,15,13,2
NZ_CP056253.1,1,4,2,2
NZ_CP056254.1,5,6,6,0
NZ_CP068131.1,5,3,3,0
NZ_CP068133.1,2,2,2,0
NZ_CP107342.1,11,10,9,1
NZ_CP137225.1,4,5,4,1
NZ_CP055248.1,6,7,5,2
NZ_CP055250.1,5,5,5,0
NZ_CP055249.1,6,6,4,2
NZ_CP023318.1,2,0,0,0
NZ_CP020810.1,2,4,3,1
NZ_CP020811.1,2,4,3,1
NZ_CP020812.1,3,12,5,7
NZ_LR699555.1,4,3,2,1
NZ_LR699556.1,8,7,4,3
NZ_LR699557.1,1,1,0,1
NZ_CP035867.1,5,10,5,5
NZ_CP035866.1,6,13,8,5
NZ_CP035868.1,9,9,4,5
NZ_CP029934.1,15,14,13,1
NZ_CP073995.1,20,20,15,5
NZ_CP040685.1,5,5,5,0
NZ_CP136671.1,10,16,12,4
NZ_CP136672.1,6,9,3,6
NZ_CP136673.1,1,1,1,0
NZ_CP116024.1,35,35,32,3
NZ_CP116025.1,7,8,7,1
NZ_CP143399.1,4,5,4,1
NZ_CP143402.1,4,2,1,1
NZ_CP143400.1,5,5,3,2
NZ_CP143401.1,2,1,1,0
NZ_CP028115.1,17,18,4,14
NZ_CP055589.1,42,41,32,9
NZ_CP055591.1,1,0,0,0
NZ_CP055592.1,1,1,1,0
NZ_CP014208.1,1,2,0,2
NZ_CP069169.1,7,3,2,1
NZ_CP091443.1,1,1,0,1
NZ_OU659151.1,6,17,8,9
NZ_CP021787.1,4,2,2,0
NZ_CP081828.1,40,46,34,12
NZ_CP081829.1,14,15,14,1
NZ_CP081830.1,9,7,4,3
NZ_CP107870.1,2,3,1,2
NZ_CP036176.1,10,12,9,3
NZ_CP035009.1,1,1,0,1
NZ_CP035011.1,1,0,0,0
NZ_CP018253.1,8,8,5,3
NZ_CP058176.1,15,14,12,2
NZ_CP058177.1,14,12,11,1
NZ_CP058178.1,5,5,5,0
NZ_CP072982.1,12,14,11,3
NZ_CP072981.1,10,11,6,5
NZ_CP035468.1,18,21,15,6
NZ_CP035469.1,4,4,1,3
NZ_CP035471.1,1,1,1,0
NZ_CP061090.1,8,15,6,9
NZ_LT598658.1,1,0,0,0
NZ_CP133347.1,13,7,6,1
NZ_CP133348.1,2,1,1,0
NZ_CP084340.1,7,7,3,4
NZ_CP084341.1,3,8,1,7
NZ_CP084342.1,4,2,2,0
NZ_CP017276.1,1,2,1,1
NZ_CP017277.1,4,2,2,0
NZ_CP017278.1,3,3,2,1
NZ_CP017144.1,5,3,2,1
NZ_CP017145.1,10,14,8,6
NZ_CP028537.1,35,32,24,8
NZ_CP028536.2,4,3,3,0
NZ_CP053224.2,13,8,3,5
NZ_CP053225.1,3,2,1,1
NZ_CP053226.1,1,0,0,0
NZ_CP132604.1,15,23,11,12
NZ_CP132605.1,1,1,1,0
NZ_CP061386.1,17,19,16,3
NZ_CP061387.1,11,5,4,1
NZ_CP061388.1,2,0,0,0
NZ_CP044317.1,29,45,31,14
NZ_CP044318.1,9,7,6,1
NZ_CP044319.1,6,5,4,1
NZ_CP044320.1,7,8,6,2
NZ_CP044321.1,4,4,4,0
NZ_CP044322.1,2,1,1,0
NZ_CP022565.1,2,4,1,3
NZ_CP022566.1,1,2,0,2
NZ_CP022567.1,1,2,2,0
NZ_CP022569.1,1,2,2,0
NZ_CP009803.1,4,7,4,3
NZ_CP009879.1,18,21,15,6
NZ_CP009877.1,2,0,0,0
NZ_CP039433.1,1,0,0,0
NZ_AP027293.1,5,10,8,2
NZ_LR135483.1,31,36,25,11
NZ_LR135484.1,9,10,8,2
NZ_CP117722.1,16,20,12,8
NZ_CP117721.1,1,2,2,0
NZ_CP023816.1,16,25,15,10
NZ_LT963410.1,7,4,2,2
NZ_LT963411.1,6,11,2,9
NZ_LT963412.1,8,9,7,2
NZ_LT963413.1,12,9,0,9
NZ_CP012915.1,7,12,3,9
NZ_CP012916.1,1,1,0,1
NZ_CP012918.1,16,17,9,8
NZ_CP012919.1,2,1,0,1
NZ_CP120469.1,4,3,2,1
NZ_AP025848.1,22,24,19,5
NZ_CP142931.1,11,13,6,7
NZ_CP142932.1,6,5,2,3
NZ_CP107011.1,4,6,3,3
NC_014304.1,1,1,1,0
NC_014305.1,4,4,2,2
NZ_CP043499.1,1,2,0,2
NZ_CP092345.1,23,37,13,24
NZ_CP092346.1,20,31,11,20
NZ_CP018821.1,13,12,9,3
NC_018510.1,17,18,14,4
NZ_CP025284.1,6,5,4,1
NZ_CP025283.1,5,5,2,3
NZ_CP135660.1,3,1,1,0
NZ_CP135659.1,17,19,14,5
NZ_CP032173.1,18,21,14,7
NZ_CP032174.1,4,4,4,0
NZ_CP122589.1,19,12,8,4
NZ_CP122592.1,14,10,4,6
NZ_CP122593.1,3,1,0,1
NZ_CP122594.1,3,2,2,0
NZ_CP122595.1,8,4,4,0
NZ_CP122596.1,1,1,1,0
NZ_CP005999.1,3,5,4,1
NZ_CP006000.1,5,7,6,1
NZ_CP006001.1,7,6,3,3
NZ_CP006002.1,14,21,12,9
NZ_CP028682.1,5,7,4,3
NZ_CP034567.1,3,2,1,1
NZ_CP034568.1,1,3,1,2
NZ_CP016411.1,24,35,17,18
NZ_CP117751.1,23,23,20,3
NZ_CP117752.1,16,9,6,3
NZ_CP117753.1,6,4,0,4
NZ_CP091774.1,11,13,12,1
NZ_CP091775.1,1,1,1,0
NZ_CP038495.1,2,5,1,4
NZ_CP010356.1,2,1,0,1
NZ_CP010357.1,1,1,0,1
NZ_CP010358.1,17,17,7,10
NZ_CP010351.1,27,39,26,13
NZ_CP138707.1,36,40,24,16
NZ_CP138708.1,9,8,6,2
NZ_CP135970.1,4,4,2,2
NZ_CP141797.1,1,1,0,1
NZ_CP024292.1,4,2,0,2
NZ_CP123505.1,17,17,5,12
NZ_CP123506.1,14,15,3,12
NZ_CP123507.1,20,19,4,15
NZ_CP123508.1,5,3,1,2
NZ_CP123509.1,3,3,1,2
NZ_CP123512.1,1,2,1,1
NZ_CP123513.1,4,2,0,2
NZ_CP123514.1,1,0,0,0
NZ_CP123516.1,3,3,2,1
NZ_CP123517.1,1,1,1,0
NZ_CP123519.1,1,1,1,0
NZ_CP123520.1,1,1,1,0
NZ_CP102581.1,2,4,2,2
NZ_CP102582.1,1,0,0,0
NZ_CP030074.1,31,36,14,22
NZ_AP022288.1,5,12,6,6
NZ_AP022289.1,1,1,1,0
NZ_CP047590.1,11,9,6,3
NZ_AP025146.1,3,2,2,0
NZ_CP033514.1,14,14,12,2
NZ_CP075853.1,13,14,8,6
NZ_CP075854.1,12,10,3,7
NZ_CP056025.1,17,20,14,6
NZ_CP056026.1,11,5,4,1
NZ_CP056028.1,2,1,0,1
NZ_CP129637.1,1,2,2,0
NZ_CP129638.1,5,4,2,2
NZ_CP035141.1,15,6,6,0
NZ_CP062123.1,2,3,2,1
NZ_CP025584.1,5,6,2,4
NC_017209.1,1,1,0,1
NC_017204.1,2,2,2,0
NC_017205.1,3,2,2,0
NC_017206.1,3,2,2,0
NC_017202.1,7,7,5,2
NC_017203.1,15,21,13,8
NC_017212.1,1,0,0,0
NZ_CP010447.1,1,2,0,2
NZ_CP012884.1,9,15,11,4
NZ_CP023488.1,20,26,18,8
NZ_CP023489.1,11,10,10,0
NZ_CP092543.1,1,0,0,0
NZ_CP018886.1,18,25,17,8
NZ_CP018887.1,12,11,8,3
NZ_CP072461.1,17,34,22,12
NZ_AP024267.1,1,1,1,0
NZ_CP030795.1,1,1,1,0
NZ_CP030796.1,4,4,3,1
NZ_CP062745.1,8,8,5,3
NC_017177.1,2,2,0,2
NZ_CP051379.1,14,13,13,0
NZ_CP051377.1,3,3,2,1
NZ_CP048671.1,9,33,18,15
NZ_CP048672.1,11,8,6,2
NZ_CP048673.1,3,1,1,0
NZ_CP075318.1,7,7,4,3
NZ_CP104767.1,21,24,19,5
NZ_CP078000.1,5,5,5,0
NZ_CP046020.1,6,8,4,4
NZ_CP046021.1,5,9,4,5
NZ_CP050863.1,46,70,31,39
NZ_CP082979.1,17,22,12,10
NZ_CP082980.1,7,7,6,1
NZ_CP082981.1,2,2,0,2
NZ_CP035769.1,19,18,7,11
NZ_CP089871.1,6,23,8,15
NZ_CP096236.1,7,6,4,2
NZ_CP096235.1,16,25,12,13
NZ_CP045976.1,6,10,4,6
NZ_CP102870.1,48,55,32,23
NZ_CP102871.1,4,4,3,1
NZ_CP102872.1,7,9,7,2
NZ_CP102874.1,5,6,5,1
NZ_CP102875.1,4,4,3,1
NZ_CP014373.1,2,3,1,2
NZ_CP123353.1,2,2,2,0
NZ_CP027453.1,5,10,1,9
NZ_CP115325.1,20,21,13,8
NZ_CP069693.1,13,17,14,3
NZ_CP069694.1,4,1,1,0
NZ_CP069695.1,1,1,1,0
NZ_CP101455.1,1,1,1,0
NZ_CP011009.1,8,9,7,2
NZ_CP089393.1,29,32,21,11
NZ_CP089394.1,24,33,19,14
NZ_CP061593.1,6,11,8,3
NZ_LR594663.1,12,27,13,14
NZ_LR594664.1,9,6,4,2
NZ_LR594665.1,5,4,0,4
NZ_CP035137.1,20,29,18,11
NZ_CP017721.1,17,30,14,16
NZ_CP021540.1,19,22,15,7
NZ_CP021541.1,10,10,6,4
NZ_CP021542.1,2,2,2,0
NZ_CP021543.1,2,0,0,0
NZ_CP051745.1,1,1,0,1
NZ_CP048015.1,18,19,3,16
NZ_CP107469.1,19,23,19,4
NZ_CP107470.1,16,16,14,2
NZ_CP028606.1,7,8,4,4
NZ_CP028605.1,2,0,0,0
NZ_CP085155.1,5,3,1,2
NZ_CP085156.1,9,12,6,6
NZ_CP085157.1,1,1,1,0
NZ_CP085158.1,11,6,4,2
NZ_CP085159.1,2,2,1,1
NZ_CP085160.1,9,7,3,4
NZ_CP085161.1,4,7,6,1
NZ_CP085162.1,2,1,1,0
NZ_CP085163.1,4,2,0,2
NZ_CP137533.1,5,3,2,1
NZ_CP137534.1,5,7,1,6
NZ_CP091057.1,1,2,0,2
NZ_CP117482.1,3,5,4,1
NZ_CP117484.1,7,5,4,1
NZ_CP033823.1,11,14,11,3
NZ_CP096354.1,13,10,9,1
NZ_CP096355.1,4,4,4,0
NZ_CP096356.1,6,5,1,4
NC_009477.1,5,5,4,1
NZ_CP072170.1,8,4,2,2
NZ_CP072171.1,1,1,0,1
NZ_CP072169.1,26,22,8,14
NZ_CP129772.1,16,20,8,12
NZ_CP129771.1,5,5,3,2
NZ_CP129773.1,16,16,15,1
NZ_CP044332.1,8,11,5,6
NZ_CP044333.1,21,23,13,10
NZ_CP120213.1,1,1,1,0
NZ_CP120216.1,10,11,5,6
NZ_CP133373.1,3,1,1,0
NZ_CP133372.1,2,1,1,0
NZ_CP133371.1,11,8,7,1
NZ_CP133370.1,17,16,13,3
NZ_CP129697.1,5,5,5,0
NZ_CP129695.1,22,27,20,7
NZ_CP129696.1,7,12,6,6
NZ_CP013139.1,27,19,13,6
NZ_CP022923.1,26,29,16,13
NZ_CP018990.1,18,24,12,12
NZ_CP018989.1,12,8,6,2
NZ_CP062869.1,9,10,7,3
NZ_CP062870.1,14,15,8,7
NZ_CP102817.1,5,5,5,0
NZ_OY979118.1,18,18,13,5
NZ_CP094312.1,4,10,3,7
NZ_CP063296.1,5,5,2,3
NZ_CP063295.1,9,8,4,4
NZ_LT904889.1,6,7,6,1
NZ_AP025768.1,23,26,21,5
NZ_AP025769.1,1,0,0,0
NZ_AP022550.1,13,11,9,2
NZ_AP022551.1,1,1,1,0
NZ_AP022552.1,3,1,0,1
NZ_CP072223.1,3,2,1,1
NZ_CP098720.1,4,4,3,1
NZ_CP088903.1,5,2,1,1
NZ_CP047554.1,8,7,7,0
NZ_AP024583.1,24,22,21,1
NZ_AP024584.1,15,24,15,9
NZ_LR135358.1,34,38,28,10
NZ_LR135359.1,3,2,2,0
NZ_CP119803.1,1,1,1,0
NZ_CP038464.1,13,11,9,2
NZ_CP015601.1,5,10,4,6
NZ_CP132639.1,18,23,13,10
NZ_CP132640.1,2,1,1,0
NZ_CP132641.1,2,1,1,0
NZ_CP132642.1,17,13,7,6
NZ_OW970453.1,19,19,11,8
NZ_OW970454.1,5,5,5,0
NZ_OW970455.1,9,11,6,5
NZ_OW970457.1,1,0,0,0
NZ_CP021478.1,7,6,6,0
NZ_CP021480.1,5,4,2,2
NZ_CP021481.1,4,6,4,2
NZ_CP021482.1,2,3,3,0
NZ_CP033694.1,9,8,4,4
NZ_CP033695.1,4,15,5,10
NZ_CP026227.1,6,2,2,0
NZ_CP093937.1,5,5,5,0
NZ_CP086065.1,1,2,2,0
NZ_CP114510.1,9,5,1,4
NZ_CP103655.1,11,17,10,7
NZ_CP082063.1,10,14,10,4
NZ_OW968281.1,11,15,10,5
NZ_CP124443.1,13,11,11,0
NZ_CP134758.1,1,3,1,2
NZ_CP134760.1,1,0,0,0
NZ_CP019276.1,7,6,5,1
NZ_CP019277.1,6,2,2,0
NZ_CP021103.1,19,19,18,1
NZ_CP060679.1,12,9,8,1
NZ_CP104021.1,3,4,4,0
NZ_CP099345.1,3,1,1,0
NZ_CP099346.1,1,0,0,0
NZ_CP099347.1,1,0,0,0
NZ_CP099348.1,1,0,0,0
NZ_CP029986.1,21,19,12,7
NZ_CP029987.1,6,7,3,4
NZ_CP029988.1,9,5,4,1
NZ_CP101306.1,19,21,5,16
NZ_CP142042.1,7,10,4,6
NZ_CP142043.1,20,20,16,4
NZ_CP068019.1,11,9,7,2
NZ_CP109896.1,1,1,1,0
NZ_AP025819.1,24,26,21,5
NZ_CP035975.1,18,25,18,7
NZ_CP035976.1,18,20,16,4
NZ_CP123195.1,3,3,1,2
NZ_CP123196.1,9,12,11,1
NZ_CP123198.1,7,7,4,3
NZ_CP046029.1,3,3,1,2
NZ_AP024306.1,4,4,2,2
NZ_AP024307.1,1,1,1,0
NZ_CP063834.1,19,29,16,13
NZ_CP063835.1,12,14,12,2
NZ_CP063836.1,7,7,6,1
NZ_CP038167.1,8,9,7,2
NZ_CP031102.1,13,15,11,4
NZ_CP031103.1,7,7,7,0
NZ_CP050827.1,24,31,20,11
NZ_CP050828.1,1,1,0,1
NZ_CP035816.1,5,7,6,1
NZ_CP035815.1,4,6,3,3
NZ_CP035814.1,17,21,13,8
NZ_CP035813.1,8,8,7,1
NZ_CP028664.1,6,7,4,3
NZ_CP133561.1,3,5,0,5
NZ_CP046261.1,2,2,2,0
NZ_CP046260.1,16,22,11,11
NZ_CP058319.1,41,40,32,8
NZ_CP058320.1,3,3,3,0
NZ_CP009597.1,4,11,6,5
NZ_CP016917.1,6,9,6,3
NZ_CP016918.1,1,1,0,1
NZ_CP014765.1,10,7,4,3
NZ_CP014763.1,31,50,30,20
NZ_CP087099.1,5,3,1,2
NZ_CP087100.1,2,0,0,0
NZ_CP087101.1,3,2,2,0
NZ_AP017978.1,23,24,9,15
NZ_CP129207.1,3,5,2,3
NZ_CP022762.1,3,11,0,11
NZ_CP070093.1,18,25,15,10
NZ_CP016481.1,2,1,0,1
NZ_CP016482.1,7,7,6,1
NZ_CP015913.1,4,2,2,0
NZ_CP015914.1,15,20,12,8
NZ_CP015915.1,1,1,1,0
NZ_CP015916.1,4,6,4,2
NZ_CP098232.1,16,14,13,1
NZ_CP098233.1,4,7,3,4
NZ_CP032195.1,11,10,8,2
NZ_CP032196.1,1,0,0,0
NZ_CP032197.1,16,13,4,9
NZ_CP032198.1,2,2,0,2
NZ_CP018848.1,6,4,3,1
NZ_CP018849.1,5,14,9,5
NZ_CP093412.1,30,31,23,8
NZ_CP068175.1,9,19,13,6
NZ_CP068177.1,8,19,12,7
NZ_CP039474.1,3,3,2,1
NZ_CP039475.1,2,1,1,0
NZ_CP043851.1,11,17,7,10
NZ_CP069160.1,3,2,1,1
NZ_CP032790.1,5,8,3,5
NZ_CP024490.1,7,7,2,5
NZ_CP132221.1,9,9,7,2
NZ_CP132222.1,14,20,14,6
NZ_CP082853.1,3,0,0,0
NZ_CP082855.1,4,2,2,0
NZ_OX637960.1,21,22,18,4
NZ_CP053644.1,2,2,1,1
NZ_CP053645.1,24,22,14,8
NZ_CP053646.1,5,5,5,0
NZ_CP053648.1,7,7,6,1
NZ_CP040803.1,3,7,2,5
NZ_CP042154.1,1,2,1,1
NZ_CP049358.1,14,9,6,3
NZ_CP049359.1,36,34,27,7
NZ_CP049361.1,1,2,2,0
NZ_CP062315.1,3,4,4,0
NZ_CP031696.1,2,2,2,0
NZ_LR890179.1,18,28,18,10
NZ_CP060874.1,16,19,12,7
NZ_CP060875.1,3,1,0,1
NZ_CP060876.1,5,5,4,1
NZ_CP111080.1,6,1,0,1
NZ_CP129251.1,14,16,9,7
NZ_CP061518.1,2,4,2,2
NZ_AP022172.1,11,11,5,6
NZ_CP101368.1,10,11,6,5
NZ_CP101371.1,6,3,2,1
NZ_CP101370.1,1,1,1,0
NZ_CP049022.1,30,26,19,7
NZ_CP049023.1,12,12,10,2
NZ_CP049024.1,2,3,1,2
NZ_CP049025.1,2,3,1,2
NZ_CP091282.1,1,1,1,0
NZ_CP028631.1,6,8,6,2
NZ_CP027251.3,4,9,6,3
NZ_CP027253.1,1,2,0,2
NZ_CP027545.1,9,15,4,11
NZ_CP035996.1,24,24,16,8
NZ_CP132996.1,30,27,22,5
NZ_CP062716.1,9,9,7,2
NZ_CP032676.1,24,21,11,10
NZ_CP068164.1,1,3,1,2
NZ_CP107335.1,20,24,16,8
NZ_CP107336.1,12,14,11,3
NZ_CP107338.1,6,7,5,2
NZ_CP015255.1,2,2,1,1
NZ_CP015254.1,20,14,13,1
NZ_CP015253.1,22,14,12,2
NZ_CP015252.1,32,17,15,2
NZ_CP015251.1,35,48,33,15
NZ_CP067246.1,10,10,8,2
NZ_CP067247.1,6,12,6,6
NZ_CP067248.1,1,2,2,0
NZ_CP012428.1,9,6,5,1
NZ_CP011839.1,17,15,10,5
NZ_CP037946.1,23,23,10,13
NZ_CP037947.1,2,3,3,0
NC_014621.1,1,1,0,1
NC_014626.1,2,1,0,1
NZ_CP049831.1,19,19,12,7
NZ_CP049832.1,6,3,3,0
NZ_CP049833.1,8,15,9,6
NZ_CP107176.1,16,19,10,9
NZ_CP018322.1,6,4,1,3
NZ_CP071488.1,1,1,0,1
NZ_CP045497.1,24,30,19,11
NZ_CP045498.1,3,4,2,2
NZ_CP045499.1,51,48,14,34
NZ_CP045500.1,4,3,2,1
NZ_OW967967.1,14,10,10,0
NZ_OW967968.1,5,4,3,1
NZ_CP040884.1,5,3,0,3
NZ_CP040885.1,13,16,9,7
NZ_CP054909.1,2,3,1,2
NZ_CP054910.1,7,7,3,4
NZ_CP054911.1,9,21,12,9
NZ_OU015324.1,22,26,16,10
NZ_CP027585.1,7,14,4,10
NZ_CP063426.1,1,0,0,0
NZ_CP022523.1,14,8,8,0
NZ_CP117379.1,8,7,5,2
NZ_CP071071.1,10,8,5,3
NZ_CP071072.1,9,9,6,3
NZ_CP086459.1,28,34,25,9
NZ_CP029828.1,49,51,27,24
NZ_CP069566.1,3,6,5,1
NZ_CP110199.1,5,5,5,0
NZ_LR890392.1,27,33,26,7
NZ_CP050770.1,11,22,12,10
NZ_CP012367.1,21,34,30,4
NZ_CP012368.1,6,8,6,2
NZ_AP025161.1,3,2,1,1
NZ_CP044524.1,4,3,1,2
NZ_CP044525.1,12,8,5,3
NZ_CP123641.1,16,18,12,6
NZ_OW995942.1,13,9,7,2
NZ_OW995943.1,2,2,1,1
NZ_OW995944.1,7,9,4,5
NZ_OW995945.1,4,4,4,0
NZ_OD940432.1,3,4,3,1
NZ_OD940433.1,1,2,2,0
NZ_CP132619.1,31,45,25,20
NZ_CP132620.1,1,1,0,1
NZ_CP036071.1,1,0,0,0
NZ_CP036072.1,15,13,11,2
NZ_CP027613.1,15,16,14,2
NZ_CP027614.1,5,6,3,3
NZ_CP027616.1,17,13,9,4
NZ_CP027617.1,2,2,2,0
NZ_CP077402.1,1,0,0,0
NZ_CP111112.1,5,5,4,1
NZ_CP042868.1,29,28,23,5
NZ_CP042870.1,3,1,1,0
NZ_CP087267.1,14,20,10,10
NZ_CP087271.1,1,1,1,0
NZ_CP087268.1,4,6,5,1
NZ_CP044185.1,1,1,1,0
NZ_CP107842.1,2,2,2,0
NZ_CP065793.1,5,5,5,0
NZ_CP106758.1,4,6,4,2
NZ_CP127506.1,23,9,6,3
NZ_CP133840.1,6,5,2,3
NZ_CP047367.1,20,30,22,8
NZ_AP024762.1,2,0,0,0
NZ_AP024761.1,19,18,10,8
NZ_CP043270.1,8,28,6,22
NZ_CP043269.1,1,1,1,0
NZ_CP043268.1,3,3,1,2
NZ_CP043267.1,1,2,1,1
NZ_CP023542.1,11,14,4,10
NZ_CP123373.1,26,28,20,8
NZ_CP123374.1,5,3,1,2
NZ_CP101295.1,19,18,6,12
NZ_LR792630.1,5,7,4,3
NZ_LR792629.1,3,13,3,10
NZ_CP059785.1,14,13,10,3
NZ_CP059786.1,11,9,9,0
NZ_CP059787.1,3,3,3,0
NZ_AP025831.1,24,26,21,5
NZ_AP025832.1,2,1,0,1
NZ_CP024142.1,6,4,4,0
NZ_CP024143.1,22,23,18,5
NZ_CP024144.1,12,20,14,6
NZ_CP024145.1,4,12,1,11
NZ_CP024146.1,5,3,2,1
NZ_CP128889.1,1,0,0,0
NZ_CP128890.1,3,2,1,1
NZ_CP019718.1,1,0,0,0
NZ_CP019720.1,1,1,1,0
NZ_CP114362.1,27,30,23,7
NZ_CP114363.1,11,10,5,5
NZ_CP114364.1,3,7,4,3
NZ_CP035843.1,11,6,2,4
NZ_CP035842.1,37,33,15,18
NZ_CP035845.1,10,14,5,9
NZ_CP035844.1,7,6,3,3
NZ_CP040512.1,2,4,2,2
NZ_CP014976.1,3,3,2,1
NZ_CP098508.1,2,0,0,0
NZ_CP132056.1,2,2,2,0
NZ_CP132057.1,1,2,2,0
NZ_CP076275.1,13,17,6,11
NZ_CP088023.1,25,39,14,25
NZ_CP088024.1,29,33,16,17
NZ_CP088025.1,8,16,8,8
NZ_CP031340.1,18,18,9,9
NZ_CP116580.1,8,7,6,1
NZ_CP060400.1,5,7,4,3
NZ_CP133566.1,4,5,3,2
NZ_CP133567.1,1,1,0,1
NZ_CP020441.2,5,9,7,2
NZ_CP020440.2,4,9,4,5
NZ_CP020443.2,2,2,0,2
NZ_CP020444.2,28,19,16,3
NZ_CP020445.2,2,2,2,0
NZ_CP020446.2,5,3,1,2
NZ_CP020447.2,24,32,17,15
NZ_CP038385.1,5,1,1,0
NZ_CP038384.1,5,4,2,2
NZ_CP135689.1,6,6,5,1
NZ_CP135690.1,5,5,4,1
NZ_CP080523.1,55,89,57,32
NZ_CP061562.1,9,14,9,5
NZ_CP119146.1,6,4,3,1
NZ_CP023250.1,14,14,9,5
NZ_CP023251.1,5,3,3,0
NZ_CP044124.1,6,4,1,3
NZ_CP044550.1,17,18,9,9
NZ_CP044551.1,6,10,1,9
NZ_CP091497.1,27,25,21,4
NZ_CP091498.1,16,16,14,2
NZ_CP091499.1,8,14,11,3
NZ_CP073662.1,13,9,5,4
NZ_CP025207.1,5,3,1,2
NZ_CP025208.1,3,3,2,1
NZ_CP083933.1,31,36,23,13
NZ_CP054046.1,8,7,7,0
NZ_CP106661.1,4,3,1,2
NZ_CP140914.1,72,90,65,25
NZ_CP140915.1,42,56,34,22
NZ_CP140916.1,9,24,18,6
NZ_CP140917.1,42,62,32,30
NZ_CP140918.1,17,14,10,4
NZ_CP140919.1,18,12,5,7
NZ_CP119403.1,8,14,12,2
NZ_CP069936.1,11,16,11,5
NZ_CP042482.1,32,36,26,10
NZ_CP042483.1,26,26,21,5
NZ_CP042484.1,1,1,0,1
NZ_CP042485.1,3,0,0,0
NZ_CP042486.1,2,2,1,1
NZ_CP113494.1,17,18,13,5
NZ_CP095430.1,8,8,6,2
NZ_CP095431.1,9,11,9,2
NZ_CP095429.1,21,25,16,9
NZ_CP060909.1,14,13,9,4
NZ_CP060910.1,3,2,1,1
NZ_CP060911.1,5,4,4,0
NZ_CP044105.1,2,3,3,0
NZ_CP064924.1,15,12,8,4
NZ_CP064925.1,17,13,10,3
NZ_CP064926.1,24,18,12,6
NZ_CP064927.1,15,10,2,8
NZ_CP064921.1,20,16,11,5
NZ_CP103843.1,3,3,2,1
NZ_CP120357.1,12,7,7,0
NZ_CP120358.1,8,7,5,2
NZ_CP088199.1,5,4,3,1
NZ_CP120669.1,8,10,9,1
NZ_CP097067.1,5,5,3,2
NZ_CP062724.1,5,7,3,4
NZ_CP117337.1,12,12,9,3
NZ_AP022319.1,2,2,1,1
NZ_AP022320.1,5,4,2,2
NZ_CP011991.1,9,7,5,2
NZ_CP011993.1,2,1,0,1
NZ_CP011990.1,13,14,6,8
NZ_CP011992.1,2,2,2,0
NZ_CP092495.1,6,5,5,0
NZ_CP092496.1,34,36,30,6
NZ_CP092494.1,4,1,1,0
NZ_CP089783.1,5,3,2,1
NZ_CP089784.1,10,5,3,2
NZ_CP089785.1,2,3,1,2
NZ_CP089786.1,3,2,0,2
NC_023055.1,1,2,1,1
NZ_CP022907.1,5,4,4,0
NZ_CP044464.1,31,28,15,13
NZ_CP044466.1,3,7,3,4
NZ_CP044467.1,1,2,2,0
NZ_CP044468.1,2,2,2,0
NZ_CP044471.1,1,1,1,0
NZ_CP067366.1,16,14,7,7
NZ_CP067367.1,3,3,3,0
NZ_CP067368.1,1,1,1,0
NZ_CP115397.1,4,2,0,2
NZ_AP014922.1,3,4,4,0
NZ_CP028120.1,1,1,0,1
NZ_CP028121.1,13,14,8,6
NZ_CP023781.1,37,40,32,8
NZ_CP023782.1,2,1,1,0
NZ_CP107156.1,13,13,6,7
NZ_CP107157.1,6,2,1,1
NZ_CP065249.1,1,2,0,2
NZ_CP040658.1,10,12,8,4
NZ_CP040659.1,3,3,2,1
NZ_CP048644.1,3,1,1,0
NZ_CP048645.1,4,5,4,1
NZ_CP048646.1,1,0,0,0
NZ_CP085198.1,18,22,15,7
NZ_CP085199.1,16,19,15,4
NZ_CP048471.1,2,5,2,3
NZ_CP048472.1,2,3,2,1
NZ_CP094644.1,4,5,4,1
NZ_CP070514.1,4,3,2,1
NZ_CP070516.1,7,6,6,0
NZ_CP070517.1,4,3,2,1
NZ_CP026812.1,35,63,31,32
NZ_CP063167.1,10,9,3,6
NZ_CP063168.1,15,18,8,10
NZ_CP030160.1,2,9,2,7
NZ_CP086471.1,9,10,6,4
NZ_CP086472.1,17,19,12,7
NZ_CP086474.1,3,3,3,0
NZ_CP086475.1,1,1,0,1
NZ_CP129874.1,13,13,11,2
NZ_CP129872.1,32,30,26,4
NZ_CP129873.1,11,7,6,1
NZ_CP056677.1,8,13,7,6
NZ_CP056678.1,15,12,8,4
NZ_CP118015.1,7,5,3,2
NZ_CP082076.1,1,1,1,0
NZ_CP030297.1,19,22,14,8
NZ_CP030299.1,5,5,5,0
NZ_CP057211.1,17,12,6,6
NZ_CP057212.1,12,11,4,7
NZ_CP055090.1,28,25,23,2
NZ_CP055091.1,6,7,6,1
NZ_CP027130.1,23,22,17,5
NZ_CP027133.1,2,2,2,0
NZ_CP070599.1,20,15,13,2
NZ_CP139217.1,1,1,1,0
NZ_CP025062.1,35,27,21,6
NZ_CP025063.1,17,14,8,6
NZ_CP025064.1,19,12,8,4
NZ_CP025065.1,1,2,1,1
NZ_CP091987.1,20,22,17,5
NZ_CP091986.1,34,36,28,8
NZ_CP115780.1,15,11,8,3
NZ_CP115782.1,1,2,1,1
NZ_CP055510.1,49,49,30,19
NZ_CP055511.1,2,2,2,0
NZ_CP055512.1,10,10,9,1
NZ_CP055513.1,1,0,0,0
NZ_LR882968.1,2,2,1,1
NZ_CP039600.1,1,1,1,0
NZ_CP032834.1,7,17,9,8
NZ_CP032835.1,19,20,17,3
NZ_CP032836.1,5,4,2,2
NZ_CP032837.1,10,13,8,5
NZ_CP043625.1,8,8,7,1
NZ_CP050250.1,15,16,13,3
NZ_AP018825.1,11,15,10,5
NZ_AP018826.1,2,2,1,1
NZ_CP061953.1,15,17,11,6
NZ_CP061955.1,7,7,6,1
NZ_CP061956.1,5,4,3,1
NZ_CP081478.1,12,4,3,1
NZ_CP081479.1,1,0,0,0
NZ_CP010174.1,10,10,8,2
NZ_CP033889.1,8,8,3,5
NZ_CP086910.1,1,0,0,0
NZ_CP086911.1,4,5,3,2
NZ_CP086912.1,5,4,2,2
NZ_CP086913.1,7,9,6,3
NZ_CP086914.1,2,1,1,0
NZ_CP086915.1,27,25,12,13
NZ_CP086916.1,1,0,0,0
NZ_CP086917.1,1,0,0,0
NZ_CP086918.1,2,1,1,0
NZ_CP080365.1,3,1,0,1
NZ_CP080366.1,6,5,4,1
NZ_CP080367.1,4,4,3,1
NZ_CP080363.1,16,21,15,6
NZ_CP132066.1,20,27,15,12
NZ_CP132067.1,66,69,54,15
NZ_CP132068.1,8,3,3,0
NZ_CP132069.1,6,5,3,2
NZ_CP132070.1,2,1,1,0
NZ_CP132071.1,2,0,0,0
NZ_AP025932.1,31,31,26,5
NZ_CP123580.1,2,0,0,0
NZ_CP049813.1,1,6,1,5
NZ_CP049814.1,2,1,1,0
NZ_CP049815.1,4,2,1,1
NZ_CP054228.1,5,7,5,2
NZ_CP070891.1,25,28,22,6
NZ_CP070893.1,5,8,5,3
NZ_CP070892.1,1,0,0,0
NZ_CP028168.1,8,7,5,2
NZ_CP028167.1,1,1,1,0
NZ_CP134042.1,8,9,7,2
NZ_CP134043.1,9,11,9,2
NZ_CP134044.1,1,1,1,0
NZ_OW967519.1,12,17,12,5
NZ_OW967520.1,1,1,1,0
NZ_OW967521.1,2,1,1,0
NZ_CP106960.1,6,6,4,2
NZ_CP106962.1,1,0,0,0
NZ_CP106961.1,10,14,10,4
NZ_CP106963.1,5,6,4,2
NZ_CP104115.1,14,13,9,4
NZ_CP053961.1,1,0,0,0
NZ_CP053962.1,6,6,5,1
NZ_CP053963.1,3,1,0,1
NZ_CP042372.1,8,7,3,4
NZ_CP109734.1,16,9,5,4
NZ_CP133433.1,4,5,3,2
NZ_CP133434.1,1,0,0,0
NZ_CP130546.1,3,1,1,0
NZ_CP043054.1,5,10,8,2
NZ_CP043053.1,11,16,12,4
NZ_CP069981.1,1,1,1,0
NZ_CP069982.1,16,23,18,5
NZ_LR135365.1,37,44,30,14
NZ_LR135366.1,5,5,4,1
NZ_LR135367.1,2,2,2,0
NZ_CP033385.2,7,9,8,1
NZ_CP033386.2,8,10,9,1
NZ_AP019784.1,6,5,3,2
NZ_AP019785.1,22,21,14,7
NZ_AP019786.1,1,1,1,0
NZ_AP019787.1,1,2,1,1
NZ_AP019788.1,1,1,0,1
NZ_CP033207.1,35,42,27,15
NZ_CP033208.1,5,4,4,0
NZ_CP033209.1,11,7,7,0
NZ_CP027507.1,33,49,35,14
NZ_CP027509.1,11,9,8,1
NZ_CP027510.1,5,6,5,1
NZ_CP027511.1,5,3,3,0
NZ_CP051367.1,4,5,3,2
NZ_CP013744.1,1,1,0,1
NZ_CP038345.1,6,9,6,3
NZ_CP027044.1,14,22,17,5
NZ_CP027047.1,11,12,10,2
NZ_CP027043.1,14,17,10,7
NZ_CP095279.1,5,5,5,0
NZ_LR134096.1,13,15,12,3
NZ_LR134097.1,6,4,4,0
NZ_CP089766.1,14,19,12,7
NZ_CP089767.1,8,5,3,2
NZ_CP092007.1,29,32,25,7
NZ_CP050416.1,15,12,6,6
NZ_CP074106.1,23,22,21,1
NZ_OW970479.1,17,12,7,5
NZ_OW970481.1,10,9,7,2
NZ_OW970482.1,4,4,4,0
NZ_CP092158.1,2,2,0,2
NZ_CP092159.1,6,7,5,2
NZ_CP023496.1,8,14,11,3
NZ_CP022956.1,9,10,7,3
NZ_CP049286.1,33,66,37,29
NZ_CP109338.1,18,19,12,7
NZ_CP074357.1,28,29,17,12
NZ_CP074358.1,2,3,0,3
NZ_CP045373.1,4,6,2,4
NZ_CP045374.1,2,2,2,0
NZ_CP045375.1,1,1,0,1
NZ_CP045376.1,2,3,2,1
NZ_CP045378.1,2,3,2,1
NZ_CP108348.1,2,3,3,0
NZ_CP050492.1,2,2,1,1
NZ_CP019647.1,20,23,17,6
NZ_CP082225.1,2,2,2,0
NZ_CP095479.1,6,6,4,2
NZ_CP096716.1,2,2,2,0
NZ_CP026936.2,13,11,9,2
NZ_CP026937.1,20,20,15,5
NZ_CP026938.2,2,2,2,0
NZ_CP084526.1,1,1,1,0
NZ_CP094386.1,15,20,9,11
NZ_CP094387.1,13,12,7,5
NZ_CP094388.1,10,10,7,3
NZ_CP094389.1,6,4,2,2
NZ_CP094390.1,1,2,1,1
NZ_CP094391.1,9,8,2,6
NZ_CP094393.1,1,1,1,0
NZ_CP094394.1,2,3,2,1
NZ_CP138698.1,12,17,12,5
NZ_CP138699.1,15,16,11,5
NZ_CP138700.1,1,0,0,0
NZ_CP129868.1,16,17,12,5
NZ_CP129864.1,1,0,0,0
NZ_CP129867.1,35,41,30,11
NZ_CP129863.1,5,6,4,2
NZ_CP129862.1,6,7,3,4
NZ_CP129861.1,7,5,3,2
NC_017157.1,7,8,1,7
NC_017158.1,6,7,4,3
NC_017159.1,1,2,0,2
NZ_CP038905.1,59,73,53,20
NZ_CP038906.1,18,18,13,5
NZ_CP038907.1,10,11,9,2
NZ_CP069708.1,13,14,8,6
NZ_CP093387.1,3,5,2,3
NZ_CP107997.1,2,0,0,0
NZ_CP119333.1,15,18,17,1
NZ_CP128141.1,20,26,20,6
NZ_CP128142.1,35,31,27,4
NZ_CP128138.1,2,0,0,0
NZ_CP132681.1,15,24,15,9
NZ_CP132682.1,1,1,0,1
NZ_CP029389.2,1,2,1,1
NZ_CP029396.2,32,37,33,4
NZ_CP127508.1,4,2,1,1
NZ_CP127509.1,11,9,7,2
NZ_CP103040.1,5,5,2,3
NZ_CP039485.1,3,3,3,0
NZ_CP031920.1,14,24,10,14
NZ_CP109930.1,4,3,3,0
NZ_CP054739.1,21,29,16,13
NZ_CP054740.1,8,8,5,3
NZ_CP054741.1,7,9,6,3
NZ_CP012397.1,13,11,10,1
NC_012797.1,11,9,2,7
NC_013930.1,2,3,2,1
NZ_CP029742.1,17,17,10,7
NZ_CP029743.1,14,10,9,1
NZ_CP029744.1,12,13,11,2
NZ_CP020059.1,12,10,6,4
NZ_CP020060.1,11,10,5,5
NZ_CP126030.1,14,22,11,11
NZ_CP126031.1,25,53,25,28
NZ_CP021811.1,8,6,1,5
NZ_CP021809.1,23,28,14,14
NZ_CP021810.1,13,13,5,8
NZ_CP124544.1,9,10,6,4
NZ_CP046263.1,12,11,8,3
NZ_CP046264.1,8,1,1,0
NZ_CP046265.1,7,6,4,2
NZ_CP021741.1,8,7,6,1
NZ_CP021742.1,4,4,4,0
NZ_CP021743.1,5,1,1,0
NZ_CP028139.1,14,15,11,4
NZ_CP019237.1,1,1,0,1
NZ_CP019238.1,4,4,2,2
NZ_CP083493.1,6,11,7,4
NZ_CP083494.1,7,6,6,0
NZ_CP083495.1,8,8,7,1
NZ_CP083496.1,2,1,1,0
NZ_CP121144.1,26,35,24,11
NZ_CP054663.1,9,10,4,6
NZ_CP054664.1,4,2,2,0
NZ_CP083264.1,3,8,3,5
NZ_CP076256.1,5,4,2,2
NZ_CP102994.1,21,16,7,9
NZ_CP102995.1,19,26,16,10
NZ_CP015858.1,9,8,6,2
NZ_CP015860.1,11,11,7,4
NZ_CP015861.1,6,8,5,3
NZ_CP015859.1,13,17,11,6
NZ_CP015862.1,4,3,3,0
NZ_CP061544.1,8,14,11,3
NZ_CP137206.1,2,5,1,4
NZ_CP137205.1,2,2,0,2
NZ_CP037956.1,9,10,6,4
NZ_CP037957.1,8,7,6,1
NZ_CP071718.1,36,34,23,11
NZ_CP071719.1,28,34,21,13
NZ_CP071720.1,11,10,3,7
NZ_CP071721.1,6,6,2,4
NZ_CP071722.1,12,11,6,5
NZ_CP071723.1,8,12,3,9
NZ_CP071724.1,17,18,10,8
NZ_CP071725.1,3,2,1,1
NZ_CP071726.1,1,0,0,0
NZ_CP071727.1,2,0,0,0
NZ_CP121596.1,2,2,2,0
NZ_CP097240.1,10,13,8,5
NZ_CP097239.1,8,10,6,4
NZ_CP097238.1,23,24,16,8
NZ_CP129203.1,15,23,12,11
NZ_CP129204.1,1,1,1,0
NZ_OX291725.1,5,4,4,0
NZ_CP022126.1,7,3,2,1
NZ_CP022125.1,15,15,9,6
NZ_CP103534.1,15,20,15,5
NZ_CP103535.1,6,5,2,3
NZ_CP103536.1,5,6,5,1
NZ_CP103537.1,1,0,0,0
NZ_CP081792.1,2,2,2,0
NZ_CP081793.1,3,2,2,0
NZ_CP035936.1,2,1,0,1
NZ_CP035935.1,5,4,4,0
NZ_CP035937.1,2,2,0,2
NZ_CP035939.1,1,1,1,0
NZ_CP017010.1,5,7,4,3
NZ_CP088127.1,16,20,16,4
NZ_CP088128.1,3,3,1,2
NZ_CP088129.1,18,21,17,4
NZ_CP088130.1,3,3,2,1
NZ_CP093155.1,10,8,5,3
NZ_CP093156.1,6,8,6,2
NZ_CP026317.1,50,58,27,31
NZ_CP026319.1,2,1,0,1
NZ_CP026320.1,12,10,6,4
NZ_AP022953.1,10,15,12,3
NZ_CP124482.1,17,21,16,5
NZ_AP023047.1,1,1,1,0
NZ_CP100270.1,30,28,18,10
NZ_CP100271.1,18,16,10,6
NZ_CP100272.1,18,23,16,7
NZ_CP100273.1,4,6,2,4
NZ_CP018017.1,20,19,16,3
NZ_CP018018.1,1,0,0,0
NC_013365.1,14,13,13,0
NC_013370.1,2,2,2,0
NC_013366.1,10,12,4,8
NZ_CP108389.1,14,12,4,8
NZ_CP124321.1,12,12,7,5
NZ_AP022140.1,3,6,4,2
NZ_CP102590.1,8,8,3,5
NZ_CP030049.1,60,84,35,49
NZ_CP061759.1,23,21,19,2
NZ_CP061760.1,10,16,7,9
NZ_CP118700.1,4,4,3,1
NZ_CP118701.1,16,15,15,0
NZ_CP028143.1,1,0,0,0
NZ_CP028144.1,1,0,0,0
NZ_CP028145.1,6,5,3,2
NC_019763.1,9,9,4,5
NC_019730.1,20,20,12,8
NC_019731.1,7,5,3,2
NC_019764.1,3,1,0,1
NZ_AP022511.1,26,23,16,7
NZ_CP073374.1,6,7,5,2
NZ_CP073375.1,7,7,5,2
NZ_CP073376.1,5,5,5,0
NC_017054.1,3,3,2,1
NZ_CP079803.1,1,3,1,2
NZ_CP079805.1,1,0,0,0
NZ_CP052865.1,22,29,24,5
NZ_CP030363.1,7,8,1,7
NZ_CP133337.1,39,44,37,7
NZ_CP133338.1,16,21,15,6
NZ_CP133339.1,4,2,2,0
NZ_CP014383.1,3,5,3,2
NZ_CP029967.1,4,3,1,2
NZ_CP029970.1,1,1,1,0
NZ_CP073756.1,1,0,0,0
NZ_CP073757.1,1,1,1,0
NZ_CP035883.1,36,47,18,29
NZ_CP139389.1,6,7,5,2
NZ_CP139388.1,5,6,2,4
NZ_CP074443.1,2,2,2,0
NZ_CP074444.1,9,8,5,3
NZ_CP074445.1,2,0,0,0
NC_015729.1,2,9,1,8
NZ_CP070849.1,7,12,5,7
NZ_CP070848.1,4,5,4,1
NZ_CP070850.1,3,6,3,3
NZ_CP094589.1,1,0,0,0
NZ_CP094593.1,1,1,1,0
NZ_CP070106.1,2,2,2,0
NZ_CP070107.1,1,1,0,1
NZ_CP070108.1,22,27,18,9
NZ_CP070110.1,5,5,3,2
NZ_CP132962.1,1,1,0,1
NZ_CP132963.1,11,18,10,8
NZ_AP022395.1,14,16,12,4
NZ_AP022396.1,15,13,11,2
NZ_AP022397.1,7,10,6,4
NZ_CP070907.1,23,27,20,7
NZ_CP070908.1,1,1,1,0
NZ_CP018075.1,3,4,1,3
NZ_CP081118.1,3,7,1,6
NZ_CP081119.1,2,4,2,2
NZ_CP031884.1,8,10,6,4
NZ_CP031883.1,10,10,8,2
NZ_CP069355.1,83,97,39,58
NZ_CP069356.1,100,111,78,33
NZ_CP069357.1,37,34,23,11
NZ_CP069358.1,51,64,44,20
NZ_CP069359.1,24,31,21,10
NZ_CP014152.1,7,7,6,1
NZ_CP086134.1,1,1,1,0
NZ_CP086135.1,2,1,0,1
NZ_CP104333.1,10,7,4,3
NZ_CP063960.1,4,5,4,1
NZ_CP063961.1,6,8,3,5
NZ_CP063962.1,8,6,4,2
NZ_AP027435.1,1,1,0,1
NZ_AP027434.1,11,14,2,12
NZ_AP027433.1,3,2,2,0
NZ_CP089011.1,15,21,14,7
NZ_CP089007.1,10,12,9,3
NZ_CP089008.1,4,4,4,0
NZ_CP089006.1,1,2,0,2
NZ_CP089010.1,12,10,9,1
NZ_CP046727.1,1,1,1,0
NZ_CP035478.1,17,20,14,6
NZ_CP017887.1,14,17,8,9
NZ_CP055023.1,6,12,9,3
NZ_CP024813.1,24,24,19,5
NZ_CP024814.1,4,4,4,0
NZ_OU659114.1,4,17,9,8
NZ_OU659115.1,2,3,2,1
NZ_OU659116.1,1,1,1,0
NZ_OU659117.1,2,1,1,0
NZ_CP047836.1,1,0,0,0
NZ_CP051653.1,5,12,6,6
NZ_CP031599.1,22,17,12,5
NZ_CP031600.1,11,10,7,3
NZ_CP031601.1,4,2,2,0
NZ_CP036078.1,1,0,0,0
NZ_CP036080.1,1,1,1,0
NZ_CP036074.1,1,0,0,0
NZ_CP036083.1,2,3,1,2
NZ_CP036081.1,3,0,0,0
NZ_CP036076.1,28,33,27,6
NZ_CP036079.1,21,24,17,7
NZ_CP027041.1,1,1,0,1
NZ_CP027037.1,21,25,20,5
NZ_CP027039.1,4,4,4,0
NZ_CP027038.1,7,6,4,2
NZ_CP110161.1,40,48,30,18
NZ_CP110162.1,9,12,7,5
NZ_CP110163.1,4,8,5,3
NZ_CP022926.1,28,33,19,14
NZ_CP093948.1,41,43,30,13
NZ_CP093949.1,13,10,9,1
NZ_CP025231.1,9,9,8,1
NZ_CP041223.1,11,11,8,3
NZ_CP136826.1,10,11,7,4
NZ_CP082095.1,9,12,5,7
NZ_CP082096.1,1,1,1,0
NZ_CP144220.1,1,0,0,0
NZ_CP103873.1,2,4,1,3
NZ_CP084210.1,1,0,0,0
NZ_CP084211.1,12,9,9,0
NZ_CP074697.1,3,4,2,2
NZ_CP117772.1,40,51,22,29
NZ_CP117770.1,7,7,3,4
NZ_CP117771.1,4,3,1,2
NZ_CP117766.1,2,1,0,1
NZ_CP026099.1,33,75,37,38
NZ_CP116732.1,6,11,2,9
NZ_CP116734.1,5,6,2,4
NZ_CP033036.1,1,2,2,0
NZ_CP142972.1,7,6,6,0
NZ_CP142973.1,26,28,18,10
NZ_CP142974.1,19,14,11,3
NZ_CP142975.1,1,3,2,1
NZ_CP142977.1,5,4,2,2
NZ_CP083702.1,7,12,8,4
NZ_CP083703.1,7,2,2,0
NZ_CP083704.1,4,2,2,0
NZ_CP083705.1,15,25,22,3
NZ_CP083707.1,3,5,3,2
NZ_CP076130.1,6,6,3,3
NZ_CP076131.1,1,1,0,1
NZ_CP086258.1,2,4,1,3
NZ_CP024708.1,14,21,11,10
NZ_CP024709.1,4,4,2,2
NZ_CP096264.1,15,13,11,2
NZ_CP096265.1,34,34,23,11
NZ_CP096266.1,12,6,2,4
NZ_CP096267.1,11,7,6,1
NZ_CP096269.1,2,2,2,0
NZ_CP038468.1,8,8,8,0
NZ_CP015725.1,20,19,14,5
NZ_CP118061.1,1,1,0,1
NZ_CP118062.1,1,0,0,0
NZ_CP083791.1,33,36,26,10
NZ_CP083792.1,5,4,3,1
NZ_CP021468.1,23,27,16,11
NZ_CP017427.1,9,11,5,6
NZ_CP033716.1,3,12,2,10
NZ_CP117383.1,7,7,5,2
NZ_CP055168.1,13,13,13,0
NZ_CP035152.1,1,1,0,1
NZ_CP035153.1,2,3,0,3
NZ_CP019063.1,1,1,1,0
NZ_CP019064.1,14,14,7,7
NZ_CP019065.1,1,1,1,0
NZ_CP031381.2,3,5,1,4
NZ_CP031382.1,2,2,2,0
NZ_CP103732.1,27,27,15,12
NZ_CP103733.1,1,1,1,0
NZ_CP018229.1,37,74,49,25
NZ_CP018230.1,5,4,4,0
NZ_CP018231.1,48,55,36,19
NZ_CP018233.1,3,4,3,1
NZ_CP018234.1,51,56,34,22
NZ_CP018235.1,23,27,18,9
NZ_CP018236.1,6,11,6,5
NZ_LT598664.1,32,40,25,15
NZ_LT598665.1,1,1,1,0
NZ_LT598666.1,11,7,6,1
NZ_LT598667.1,9,9,8,1
NZ_LT598668.1,2,1,1,0
NC_004851.1,119,67,34,33
NZ_CP113212.1,5,9,4,5
NZ_CP113213.1,20,19,14,5
NZ_CP113214.1,12,18,9,9
NZ_CP113215.1,5,5,4,1
NZ_CP026022.1,18,21,13,8
NZ_CP104336.1,30,29,18,11
NZ_CP110935.1,4,4,3,1
NZ_CP075341.1,19,24,12,12
NZ_CP075342.1,1,0,0,0
NZ_CP124828.1,20,20,15,5
NZ_CP124829.1,4,4,4,0
NZ_CP123762.1,2,2,2,0
NZ_CP123761.1,8,4,3,1
NZ_CP081743.1,24,25,20,5
NZ_CP081744.1,18,19,18,1
NZ_CP021348.1,1,1,1,0
NZ_CP024467.1,3,0,0,0
NZ_CP024469.1,23,63,28,35
NZ_CP024468.1,9,5,3,2
NZ_CP028655.1,2,6,3,3
NZ_CP016413.1,22,35,17,18
NZ_CP029381.1,15,16,13,3
NZ_CP029382.1,7,9,6,3
NZ_CP029383.2,20,26,14,12
NZ_CP101476.1,1,2,2,0
NZ_CP143642.1,3,3,3,0
NZ_CP046899.1,23,24,14,10
NZ_CP117226.1,14,15,11,4
NZ_CP117225.1,11,13,9,4
NZ_CP117223.1,4,3,1,2
NZ_CP084651.1,6,5,4,1
NZ_CP021139.1,1,0,0,0
NZ_CP138308.1,17,20,14,6
NZ_CP025751.1,5,3,3,0
NZ_CP025752.1,10,10,5,5
NZ_CP079753.1,9,18,9,9
NZ_CP032186.1,16,21,15,6
NZ_CP032188.1,8,8,6,2
NZ_CP032189.1,16,11,7,4
NZ_CP032190.1,1,1,1,0
NZ_CP100403.1,5,6,5,1
NZ_CP100402.1,9,5,2,3
NC_014331.1,4,10,5,5
NZ_CP085410.1,21,25,21,4
NZ_CP072940.1,15,21,10,11
NZ_CP072939.1,38,34,29,5
NC_016907.1,7,12,8,4
NZ_CP142416.1,24,28,22,6
NZ_CP142417.1,5,5,5,0
NZ_CP053216.1,7,6,5,1
NZ_CP123227.1,25,32,21,11
NZ_CP123225.1,1,1,0,1
NZ_CP123224.1,3,4,1,3
NZ_CP123222.1,14,18,6,12
NZ_CP123223.1,8,11,5,6
NZ_CP123226.1,5,6,2,4
NZ_CP114028.1,18,24,10,14
NZ_CP114030.1,8,12,5,7
NZ_CP017108.1,13,9,6,3
NZ_CP017110.1,2,1,0,1
NZ_CP107115.1,19,17,12,5
NZ_CP115214.1,2,0,0,0
NZ_CP139700.1,9,7,6,1
NZ_CP139701.1,1,1,1,0
NZ_CP139702.1,8,6,4,2
NZ_CP139703.1,10,16,4,12
NZ_CP139704.1,5,3,2,1
NZ_CP139705.1,6,5,4,1
NZ_CP092642.1,2,0,0,0
NZ_CP085933.1,11,6,3,3
NZ_CP085934.1,4,5,2,3
NZ_CP042158.1,1,3,1,2
NZ_CP102245.1,1,11,3,8
NZ_CP035902.1,17,12,11,1
NZ_CP035903.1,32,28,23,5
NZ_CP095763.1,8,8,7,1
NZ_CP095764.1,12,20,14,6
NZ_CP108678.1,6,4,4,0
NZ_CP108679.1,17,18,12,6
NZ_CP108680.1,1,1,1,0
NC_013657.1,2,6,4,2
NZ_CP124024.1,1,1,1,0
NZ_CP019019.1,7,5,5,0
NZ_CP019018.1,10,13,7,6
NZ_CP019017.1,18,12,9,3
NZ_CP066927.1,1,1,1,0
NZ_AP022466.1,26,23,21,2
NZ_AP022467.1,1,0,0,0
NZ_AP022468.1,1,0,0,0
NZ_AP022469.1,1,0,0,0
NZ_CP057562.1,7,4,1,3
NZ_CP097541.1,14,14,6,8
NZ_CP097542.1,4,1,0,1
NZ_CP097543.1,5,4,1,3
NZ_CP097544.1,6,12,8,4
NZ_CP097546.1,5,3,1,2
NZ_CP017647.1,3,3,3,0
NZ_CP028616.1,6,8,6,2
NZ_CP093329.1,4,8,3,5
NZ_CP093330.1,1,2,0,2
NZ_CP058710.1,1,0,0,0
NZ_CP058711.1,13,15,13,2
NZ_CP058712.1,4,4,3,1
NZ_CP058713.1,13,17,16,1
NZ_CP027463.1,1,7,2,5
NZ_CP051390.1,1,0,0,0
NC_005871.1,2,4,2,2
NZ_CP043436.1,6,2,2,0
NZ_CP083921.1,30,42,32,10
NZ_CP083922.1,10,12,8,4
NZ_CP083923.1,1,1,0,1
NZ_CP083924.1,2,1,1,0
NZ_CP083925.1,1,1,0,1
NZ_CP038410.1,2,6,3,3
NZ_AP025729.1,2,2,2,0
NZ_CP109788.1,4,4,1,3
NZ_CP109789.1,27,40,24,16
NZ_CP109792.1,7,3,3,0
NZ_CP109793.1,7,16,8,8
NZ_CP101212.1,14,14,10,4
NZ_CP101211.1,34,37,30,7
NZ_CP101213.1,1,1,1,0
NZ_CP120838.1,5,4,3,1
NZ_CP098155.1,23,22,18,4
NZ_CP098156.1,22,23,19,4
NZ_CP098157.1,18,20,15,5
NZ_CP076499.1,8,9,7,2
NZ_CP076500.1,1,0,0,0
NZ_CP076502.1,7,6,5,1
NZ_CP041194.1,3,3,1,2
NZ_CP041195.1,5,3,3,0
NZ_CP027554.1,1,2,2,0
NZ_CP027556.1,18,20,7,13
NZ_CP077879.1,1,1,1,0
NZ_CP077878.1,3,3,3,0
NZ_CP039952.1,22,25,19,6
NZ_CP039953.1,4,4,4,0
NZ_CP072414.1,18,12,8,4
NZ_CP072415.1,3,4,2,2
NZ_CP124518.1,14,18,13,5
NZ_CP053729.1,15,20,14,6
NZ_CP053728.1,15,18,13,5
NZ_CP080372.1,14,16,14,2
NZ_CP080371.1,8,9,6,3
NZ_CP092424.2,2,4,1,3
NZ_CP076309.1,2,2,2,0
NZ_CP076308.1,3,4,3,1
NZ_CP076306.1,11,12,9,3
NZ_CP123600.1,13,12,10,2
NZ_CP116901.1,15,19,14,5
NZ_CP023471.1,4,4,3,1
NZ_CP063868.1,3,6,3,3
NZ_CP126949.1,5,12,7,5
NZ_CP126950.1,6,6,4,2
NZ_CP024975.1,12,11,7,4
NZ_CP024976.1,25,21,13,8
NZ_CP024977.1,1,1,1,0
NZ_CP089134.1,20,18,16,2
NZ_CP089135.1,22,22,14,8
NZ_CP089136.1,11,14,14,0
NZ_CP089137.1,7,6,6,0
NZ_CP089138.1,1,1,1,0
NZ_CP017473.1,14,20,14,6
NZ_CP065368.1,1,1,1,0
NZ_CP023918.1,10,14,10,4
NZ_CP023917.1,22,19,16,3
NZ_CP023916.1,13,14,9,5
NZ_CP023914.1,11,15,12,3
NZ_CP124523.1,4,5,3,2
NZ_CP110956.1,2,0,0,0
NZ_CP110954.1,9,8,6,2
NZ_CP110953.1,18,6,3,3
NZ_CP110955.1,2,2,2,0
NZ_CP100716.1,23,25,16,9
NZ_CP141601.1,21,21,14,7
NZ_CP141602.1,18,16,12,4
NZ_CP141603.1,6,7,5,2
NZ_CP101162.1,6,5,4,1
NZ_CP101163.1,2,5,4,1
NZ_CP101164.1,2,3,2,1
NZ_CP101165.1,4,2,1,1
NZ_AP025658.1,12,15,8,7
NZ_AP025660.1,8,8,4,4
NZ_AP025659.1,1,0,0,0
NZ_CP028152.1,4,4,3,1
NZ_CP102846.1,33,36,22,14
NZ_CP102847.1,2,2,1,1
NZ_CP098170.1,16,17,15,2
NZ_CP098171.1,2,1,0,1
NZ_CP098172.1,18,26,17,9
NZ_CP117780.1,2,4,2,2
NZ_CP117779.1,8,13,7,6
NZ_CP113008.1,5,2,0,2
NZ_CP096324.1,4,2,0,2
NZ_CP028197.1,34,30,24,6
NZ_CP139272.1,3,7,5,2
NZ_CP139271.1,11,11,9,2
NZ_CP121304.1,7,11,5,6
NZ_CP053191.1,18,15,12,3
NZ_CP051739.1,11,14,4,10
NZ_CP051740.1,2,2,2,0
NZ_CP065360.1,4,4,3,1
NZ_CP065361.1,3,4,3,1
NZ_CP065362.1,2,3,2,1
NZ_CP065363.1,3,3,1,2
NZ_CP065364.1,1,1,0,1
NZ_CP103593.1,23,24,17,7
NZ_CP103594.1,7,5,2,3
NZ_CP115362.1,17,20,12,8
NZ_CP081691.1,38,34,22,12
NZ_CP081692.1,3,2,1,1
NZ_CP081693.1,15,17,13,4
NZ_CP084844.1,26,29,18,11
NZ_CP084845.1,1,1,1,0
NZ_CP084846.1,9,9,7,2
NZ_CP084847.1,8,4,3,1
NZ_CP084848.1,2,1,0,1
NZ_CP084849.1,2,2,0,2
NZ_AP022965.1,11,10,8,2
NZ_AP022966.1,1,0,0,0
NZ_CP024971.1,1,2,1,1
NZ_LN890519.1,8,7,7,0
NZ_AP023327.1,20,27,15,12
NZ_AP023328.1,4,10,4,6
NZ_AP023329.1,3,1,1,0
NZ_CP072551.1,11,17,8,9
NZ_CP072550.1,13,12,8,4
NZ_CP072553.1,5,5,4,1
NZ_CP072552.1,6,8,5,3
NZ_CP124476.1,13,20,17,3
NZ_CP124477.1,1,1,0,1
NZ_CP124478.1,2,1,0,1
NZ_AP023040.1,5,2,2,0
NZ_CP100293.1,21,24,17,7
NZ_CP100294.1,21,32,18,14
NZ_CP100295.1,20,20,14,6
NZ_CP066592.1,28,34,25,9
NZ_CP066594.1,8,9,7,2
NZ_CP066593.1,2,0,0,0
NZ_LR130510.1,1,1,1,0
NZ_CP076152.1,5,10,5,5
NC_015727.1,59,69,38,31
NC_015724.1,8,11,7,4
NZ_CP014115.1,2,1,1,0
NZ_CP025250.1,3,3,3,0
NZ_AP024282.1,9,9,8,1
NZ_CP098334.1,16,14,11,3
NZ_CP098331.1,5,3,0,3
NZ_CP098332.1,7,8,6,2
NZ_CP098333.1,19,14,13,1
NZ_CP042866.1,27,28,19,9
NZ_CP050142.1,1,0,0,0
NZ_CP095790.1,10,16,3,13
NZ_CP095789.1,17,15,13,2
NZ_CP095788.1,7,10,4,6
NZ_CP095787.1,16,15,12,3
NZ_CP095792.1,1,0,0,0
NZ_CP095791.1,5,6,5,1
NZ_CP097640.1,8,9,3,6
NZ_CP024657.1,18,14,13,1
NZ_CP024656.1,19,14,14,0
NZ_CP024658.1,4,6,5,1
NZ_CP014638.1,7,7,4,3
NZ_CP134833.1,2,2,2,0
NZ_CP134834.1,2,1,0,1
NZ_CP103154.1,5,2,1,1
NZ_CP075119.1,4,5,3,2
NZ_CP095097.1,7,6,6,0
NZ_CP095098.1,6,6,6,0
NZ_CP081712.1,11,13,11,2
NZ_CP030167.1,3,9,2,7
NZ_CP030168.1,1,1,0,1
NZ_OW970554.1,17,12,7,5
NZ_OW970555.1,12,16,11,5
NZ_OW970556.1,4,4,4,0
NZ_CP054401.1,15,19,14,5
NZ_CP054402.1,8,8,8,0
NZ_CP009558.1,1,0,0,0
NZ_CP071014.1,26,27,21,6
NC_019906.1,7,8,4,4
NZ_CP104348.1,33,29,22,7
NC_022092.1,1,3,1,2
NZ_CP039241.1,133,120,52,68
NZ_CP039242.1,86,72,49,23
NZ_CP039243.1,41,36,13,23
NZ_CP039244.1,29,21,13,8
NZ_CP039245.1,11,12,8,4
NZ_CP039246.1,2,1,1,0
NZ_CP072804.1,12,13,10,3
NZ_CP072806.1,16,22,19,3
NZ_CP072803.1,19,18,14,4
NZ_CP072807.1,10,12,7,5
NZ_LR134211.1,14,20,12,8
NZ_CP046036.1,1,1,0,1
NZ_CP063706.1,14,12,8,4
NZ_CP067003.1,2,2,2,0
NZ_CP045405.1,5,6,1,5
NZ_CP045406.1,7,10,2,8
NZ_CP045407.1,3,3,1,2
NZ_CP045408.1,2,1,0,1
NZ_CP045409.1,4,4,4,0
NZ_CP104650.1,5,8,6,2
NZ_AP024174.1,33,35,24,11
NZ_AP024175.1,27,28,17,11
NZ_AP024177.1,2,2,2,0
NZ_AP024179.1,1,0,0,0
NZ_CP053022.1,22,19,9,10
NZ_CP053023.1,12,13,12,1
NZ_CP053024.1,5,6,4,2
NZ_CP143551.1,3,3,1,2
NZ_CP143553.1,11,10,7,3
NZ_CP007500.1,7,4,2,2
NZ_AP024124.1,10,10,5,5
NZ_AP024125.1,8,7,6,1
NZ_CP139678.1,15,20,11,9
NZ_CP139680.1,2,2,1,1
NZ_CP119001.1,8,12,6,6
NZ_CP119002.1,1,2,0,2
NZ_AP027409.1,2,2,1,1
NZ_CP093969.1,4,9,7,2
NZ_CP068442.1,1,2,0,2
NZ_CP068443.1,1,3,2,1
NZ_CP103740.1,34,34,23,11
NZ_CP103741.1,1,1,1,0
NZ_CP068659.2,6,6,4,2
NZ_CP033074.1,1,0,0,0
NZ_CP090576.1,2,2,2,0
NZ_CP041133.1,2,4,2,2
NZ_CP061667.1,5,9,6,3
NZ_CP092405.1,22,26,19,7
NZ_CP066888.1,22,19,18,1
NZ_CP115836.1,4,4,2,2
NZ_CP115835.1,35,32,24,8
NZ_CP116702.1,3,5,3,2
NZ_CP116704.1,5,6,3,3
NZ_CP043609.1,6,3,2,1
NZ_CP038924.1,83,89,54,35
NZ_CP038925.1,16,13,9,4
NZ_CP038926.1,11,12,6,6
NZ_CP083867.1,20,31,17,14
NZ_CP019048.1,10,8,5,3
NZ_CP019049.1,13,20,9,11
NZ_LR740759.1,17,28,13,15
NZ_LR740760.1,9,5,2,3
NZ_LT882487.1,10,15,9,6
NZ_CP106948.1,58,45,39,6
NZ_CP033916.1,1,1,1,0
NZ_LR134106.1,30,30,23,7
NZ_LR134108.1,2,2,1,1
NZ_LR134109.1,6,4,4,0
NZ_LR134110.1,5,6,6,0
NZ_LR134112.1,2,1,1,0
NZ_CP083390.1,20,17,15,2
NZ_CP083391.1,24,23,20,3
NZ_CP095164.1,19,14,8,6
NZ_CP084700.1,1,8,3,5
NZ_CP084697.1,1,4,1,3
NZ_CP084698.1,3,4,2,2
NZ_CP084699.1,4,3,0,3
NZ_CP079618.1,9,9,5,4
NZ_CP079619.1,12,11,7,4
NZ_CP079620.1,1,2,2,0
NZ_CP027531.1,16,20,14,6
NZ_CP027532.1,2,2,2,0
NZ_CP096984.1,8,7,7,0
NC_019394.1,10,6,3,3
NZ_CP076002.1,3,2,2,0
NZ_CP024822.1,10,11,7,4
NZ_CP024823.1,3,3,3,0
NZ_CP024824.1,5,4,4,0
NZ_CP024825.1,5,5,4,1
NZ_CP045462.1,11,9,7,2
NZ_CP087349.1,3,3,2,1
NZ_CP129846.1,1,0,0,0
NZ_CP129842.1,9,9,7,2
NZ_CP129844.1,6,7,6,1
NZ_CP129843.1,7,4,4,0
NZ_CP027498.1,37,35,26,9
NZ_CP027499.1,4,4,3,1
NZ_CP027500.1,12,11,9,2
NZ_CP088152.1,9,21,7,14
NZ_CP088153.1,13,14,5,9
NZ_CP140105.1,10,8,6,2
NZ_CP140106.1,1,1,1,0
NZ_CP096811.1,18,20,11,9
NZ_CP089219.1,1,1,1,0
NZ_CP056302.1,24,26,21,5
NZ_CP117984.1,12,7,5,2
NZ_CP117985.1,4,2,1,1
NZ_CP017187.1,1,2,0,2
NZ_CP054966.1,9,8,8,0
NZ_CP124682.1,7,5,2,3
NZ_CP075935.1,1,0,0,0
NZ_CP075936.1,1,1,0,1
NZ_CP075937.1,3,2,2,0
NZ_CP075938.1,1,3,0,3
NZ_CP066401.1,27,32,23,9
NZ_CP066406.1,5,5,4,1
NZ_CP066405.1,11,9,8,1
NZ_CP066404.1,4,1,0,1
NZ_CP066403.1,3,2,1,1
NZ_CP066402.1,5,3,3,0
NZ_CP050953.1,38,72,31,41
NZ_CP027769.1,4,4,4,0
NZ_CP012141.1,18,18,14,4
NZ_CP012142.1,35,70,33,37
NZ_CP012143.1,4,5,4,1
NZ_CP015180.1,1,1,1,0
NZ_CP015177.1,13,13,3,10
NZ_CP113164.1,16,14,12,2
NZ_CP013381.1,20,18,11,7
NZ_CP017095.1,3,5,5,0
NZ_CP025860.1,19,31,11,20
NZ_CP025861.1,24,18,15,3
NZ_CP023035.1,1,1,0,1
NZ_CP094627.1,1,1,1,0
NZ_CP094626.1,3,1,1,0
NZ_CP094625.1,12,17,13,4
NZ_CP049776.1,5,8,7,1
NZ_CP049777.1,3,5,3,2
NZ_CP076702.1,1,1,0,1
NZ_LT960791.1,4,8,5,3
NZ_CP114587.1,6,8,3,5
NZ_CP022425.1,1,0,0,0
NZ_CP021649.1,13,14,6,8
NZ_CP021650.1,3,4,1,3
NZ_CP021651.1,6,5,3,2
NZ_CP093223.1,1,2,1,1
NZ_CP093224.1,2,2,0,2
NZ_CP093225.1,1,1,1,0
NZ_CP090736.1,3,2,2,0
NZ_CP117240.1,3,3,3,0
NZ_CP084653.1,6,5,4,1
NZ_CP014602.1,6,5,3,2
NZ_CP014603.1,4,2,0,2
NZ_CP053379.1,3,3,3,0
NZ_CP116914.1,12,20,16,4
NZ_CP107135.1,19,17,12,5
NZ_CP107136.1,4,3,1,2
NZ_CP042616.1,9,16,10,6
NZ_CP042617.1,5,11,8,3
NZ_CP042618.1,7,11,7,4
NZ_CP042619.1,4,14,2,12
NZ_CP042620.1,1,2,2,0
NZ_CP042621.1,1,5,3,2
NZ_CP114325.1,28,33,25,8
NZ_CP114326.1,10,9,5,4
NZ_CP048285.1,4,4,1,3
NZ_CP048282.1,1,0,0,0
NZ_CP048281.1,3,2,1,1
NZ_CP100211.1,30,28,18,10
NZ_CP100212.1,18,16,10,6
NZ_CP100213.1,18,23,16,7
NZ_CP100214.1,4,6,2,4
NZ_CP037902.1,17,15,11,4
NZ_CP108492.1,53,48,29,19
NZ_CP108493.1,10,13,4,9
NZ_AP022875.1,11,10,8,2
NZ_CP128495.1,4,2,2,0
NZ_CP135707.1,1,1,1,0
NZ_CP120537.1,3,2,2,0
NZ_CP120536.1,11,10,9,1
NZ_CP032678.1,5,5,5,0
NZ_CP063469.1,18,23,20,3
NZ_CP063471.1,2,2,2,0
NZ_CP063472.1,6,7,6,1
NZ_CP076690.1,4,2,2,0
NZ_CP076692.1,4,4,2,2
NZ_CP013191.1,22,36,9,27
NZ_CP013192.1,9,3,1,2
NZ_CP013193.1,4,9,4,5
NZ_CP013194.1,5,5,1,4
NZ_CP061863.1,19,34,13,21
NZ_CP061865.1,8,10,9,1
NZ_CP061866.1,2,8,4,4
NZ_CP061867.1,1,0,0,0
NZ_CP061864.1,7,15,5,10
NZ_OW970445.1,9,11,7,4
NZ_OW970446.1,11,13,10,3
NZ_OW970447.1,4,6,3,3
NZ_CP133430.1,4,5,3,2
NZ_CP133431.1,1,0,0,0
NC_017533.1,1,0,0,0
NZ_CP128833.1,7,7,4,3
NZ_CP071854.1,1,0,0,0
NZ_CP051417.1,1,0,0,0
NC_017296.1,1,0,0,0
NZ_CP103504.1,22,21,18,3
NZ_CP103505.1,6,3,3,0
NZ_CP025439.1,11,9,8,1
NZ_CP082964.1,13,19,10,9
NZ_CP024112.1,2,0,0,0
NZ_CP014496.1,10,12,6,6
NZ_CP126011.1,30,34,16,18
NZ_CP126012.1,43,58,26,32
NZ_CP104383.1,14,6,4,2
NZ_CP090942.1,1,0,0,0
NZ_CP062381.1,3,3,3,0
NZ_CP083939.1,10,16,10,6
NZ_CP041157.1,9,9,5,4
NZ_CP041162.1,1,1,1,0
NZ_CP079952.1,1,1,1,0
NZ_CP054775.1,18,29,16,13
NZ_CP054776.1,11,12,9,3
NZ_CP054777.1,7,9,6,3
NZ_CP054778.1,1,0,0,0
NZ_CP059450.1,18,22,8,14
NZ_CP059451.1,20,24,7,17
NZ_CP059452.1,2,6,4,2
NZ_CP059453.1,1,2,1,1
NZ_CP059455.1,4,5,2,3
NZ_CP059456.1,1,2,2,0
NZ_CP034054.1,21,27,23,4
NZ_CP034056.1,8,10,7,3
NZ_CP056828.1,9,12,7,5
NZ_CP056829.1,3,2,2,0
NZ_CP009919.1,7,2,1,1
NZ_CP009921.1,14,16,13,3
NZ_CP057747.1,8,5,5,0
NZ_CP057748.1,15,17,8,9
NZ_CP057749.1,3,3,2,1
NZ_CP117815.1,1,0,0,0
NZ_CP035572.1,8,8,8,0
NZ_CP035574.1,3,5,4,1
NZ_CP035575.1,2,2,1,1
NC_021278.1,12,13,8,5
NC_021279.1,3,3,3,0
NZ_CP026879.1,6,24,12,12
NZ_CP081497.1,18,25,15,10
NZ_CP113790.1,13,15,11,4
NZ_CP113792.1,12,12,9,3
NZ_CP077825.1,3,7,2,5
NZ_CP066196.1,2,0,0,0
NZ_CP116990.1,2,1,0,1
NZ_CP116989.1,2,1,1,0
NZ_CP116988.1,26,25,18,7
NZ_CP083850.1,19,18,10,8
NZ_CP117587.1,3,3,2,1
NZ_CP117588.1,9,11,4,7
NZ_CP121128.1,26,35,24,11
NZ_CP043029.1,5,4,0,4
NZ_LR890723.1,25,30,22,8
NZ_CP014203.1,1,1,0,1
NZ_CP053722.1,19,23,15,8
NZ_CP053721.1,31,27,23,4
NC_017553.1,1,2,1,1
NZ_CP040730.1,4,5,1,4
NZ_CP040731.1,4,7,3,4
NZ_CP040729.1,1,0,0,0
NZ_CP040728.1,5,9,6,3
NZ_CP040726.1,22,24,19,5
NZ_CP011833.1,4,5,1,4
NZ_CP131471.1,28,34,25,9
NZ_CP017573.1,1,0,0,0
NZ_CP017574.1,10,19,8,11
NZ_CP089442.1,45,52,33,19
NZ_CP089443.1,2,3,2,1
NZ_CP096301.1,8,7,6,1
NZ_CP017211.1,1,0,0,0
NZ_CP024135.1,3,2,1,1
NZ_CP024136.1,15,18,13,5
NZ_CP024137.1,20,19,17,2
NZ_CP028975.1,40,43,35,8
NZ_CP026963.1,10,10,10,0
NZ_CP103624.1,6,4,4,0
NZ_CP012993.2,16,18,11,7
NZ_CP012995.1,4,4,2,2
NZ_CP012994.1,15,22,17,5
NZ_CP065461.1,16,14,12,2
NZ_CP065462.1,20,26,17,9
NZ_CP065463.1,8,7,5,2
NZ_CP028419.1,15,10,9,1
NZ_CP091017.1,1,4,0,4
NZ_CP120546.1,11,9,6,3
NZ_CP047219.1,4,5,3,2
NZ_CP047221.1,7,4,3,1
NZ_CP047220.1,9,6,4,2
NZ_CP047222.1,2,2,2,0
NZ_CP047223.1,1,0,0,0
NZ_CP132665.1,15,23,13,10
NZ_CP132667.1,4,6,4,2
NZ_CP069207.1,1,0,0,0
NZ_CP069204.1,19,18,11,7
NZ_CP021871.1,18,21,14,7
NZ_CP134153.1,1,1,1,0
NZ_AP026713.1,1,0,0,0
NZ_CP072211.1,3,2,1,1
NZ_CP129366.1,5,5,4,1
NZ_CP089604.1,12,12,7,5
NZ_OX460333.1,8,15,9,6
NZ_CP094556.1,15,14,8,6
NZ_CP094557.1,11,9,4,5
NZ_CP094559.1,2,2,1,1
NZ_CP094560.1,1,3,1,2
NZ_CP007665.1,4,9,7,2
NZ_CP110397.1,10,11,4,7
NZ_CP022131.1,7,10,6,4
NZ_CP126628.1,7,7,7,0
NZ_CP075732.1,10,12,7,5
NZ_CP094860.1,1,0,0,0
NZ_AP025793.1,22,24,19,5
NZ_AP025794.1,1,0,0,0
NZ_CP024118.1,2,0,0,0
NZ_CP019168.1,5,2,1,1
NZ_CP061123.1,19,20,16,4
NZ_CP016705.1,6,5,5,0
NZ_CP049092.1,1,0,0,0
NZ_CP049094.1,2,2,2,0
NZ_CP021737.1,9,12,7,5
NZ_CP021738.1,5,5,4,1
NZ_CP021739.1,4,3,2,1
NZ_CP104591.1,14,12,8,4
NZ_CP041517.1,1,1,0,1
NZ_CP041518.1,1,0,0,0
NZ_CP039989.1,6,4,2,2
NZ_LR890472.1,4,12,6,6
NZ_CP101592.1,8,4,4,0
NZ_CP053542.1,1,1,1,0
NZ_CP066971.1,1,2,2,0
NZ_CP064317.1,10,9,4,5
NZ_CP064318.1,1,1,1,0
NZ_CP031796.1,12,21,8,13
NZ_CP050392.1,2,2,2,0
NZ_CP050394.1,2,0,0,0
NZ_CP050397.1,1,1,0,1
NZ_CP024244.1,24,35,15,20
NZ_CP042240.1,1,0,0,0
NZ_CP030247.1,1,1,1,0
NZ_CP030248.1,1,0,0,0
NZ_CP079165.1,24,25,15,10
NZ_CP079166.1,1,0,0,0
NZ_CP025141.1,17,11,6,5
NZ_CP025142.1,10,14,9,5
NZ_CP116537.1,8,10,7,3
NZ_CP116538.1,8,7,6,1
NZ_CP091178.1,1,3,2,1
NZ_CP091177.1,3,2,2,0
NZ_CP091179.1,5,2,1,1
NZ_CP070067.1,17,17,9,8
NZ_CP141085.1,1,2,1,1
NZ_CP141087.1,1,0,0,0
NZ_CP048545.1,1,6,2,4
NZ_CP048546.1,1,3,2,1
NZ_CP037868.1,1,0,0,0
NZ_CP054064.1,13,18,10,8
NZ_CP075476.1,2,1,0,1
NZ_CP075478.1,5,3,3,0
NZ_CP075479.1,19,27,14,13
NZ_CP091529.1,8,8,4,4
NZ_CP091530.1,6,8,6,2
NZ_CP091531.1,1,3,0,3
NZ_CP091533.1,1,1,1,0
NZ_CP020980.2,2,4,2,2
NZ_CP004352.1,1,1,0,1
NZ_CP016301.1,2,3,1,2
NZ_CP016302.1,4,4,4,0
NZ_LN898145.1,3,6,1,5
NZ_CP051876.1,2,3,3,0
NZ_CP051878.1,1,1,1,0
NZ_CP035710.1,3,4,2,2
NZ_CP035709.1,5,2,0,2
NZ_CP035707.1,3,4,1,3
NZ_CP078034.1,31,28,18,10
NZ_CP078035.1,8,9,7,2
NZ_CP078036.1,3,3,3,0
NZ_CP047963.1,67,60,48,12
NZ_CP047964.1,1,0,0,0
NC_013263.1,4,4,2,2
NZ_CP126941.1,21,24,11,13
NZ_CP110821.1,18,19,14,5
NZ_CP138321.1,2,4,3,1
NZ_CP138322.1,1,1,1,0
NZ_CP138320.1,7,7,3,4
NZ_CP024444.1,24,27,19,8
NZ_CP024445.1,25,22,14,8
NZ_CP024446.1,8,9,3,6
NZ_CP024447.1,8,9,4,5
NZ_CP024448.1,6,5,3,2
NZ_CP024449.1,3,5,1,4
NZ_CP024450.1,1,0,0,0
NZ_CP034168.1,14,13,8,5
NZ_CP020836.1,1,2,2,0
NZ_CP024852.1,21,18,17,1
NZ_CP024854.1,3,3,0,3
NZ_CP095423.1,20,19,17,2
NZ_CP095422.1,16,23,12,11
NZ_CP055284.1,27,35,23,12
NZ_CP055285.1,18,18,14,4
NZ_CP055287.1,1,1,0,1
NZ_CP055288.1,1,1,1,0
NZ_CP119444.1,64,92,43,49
NZ_CP119445.1,5,6,4,2
NZ_CP118190.1,29,34,22,12
NZ_CP118191.1,2,2,2,0
NZ_CP118192.1,2,5,3,2
NZ_CP047324.1,3,3,2,1
NZ_CP015844.2,8,9,3,6
NZ_CP019007.1,8,11,9,2
NZ_CP019006.1,2,2,1,1
NZ_CP041426.1,5,4,3,1
NZ_CP041427.1,15,13,6,7
NZ_CP041428.1,9,3,3,0
NZ_CP013960.1,3,0,0,0
NZ_CP117352.1,8,8,6,2
NZ_CP117353.1,4,6,4,2
NZ_CP098439.1,5,6,5,1
NZ_CP109439.1,102,115,53,62
NZ_CP133379.1,3,1,1,0
NZ_CP133378.1,2,1,1,0
NZ_CP133377.1,11,9,7,2
NZ_CP133376.1,17,18,14,4
NZ_CP046553.1,1,1,1,0
NZ_CP115970.1,9,9,5,4
NZ_CP018028.1,3,2,1,1
NZ_CP065132.1,21,22,15,7
NZ_CP040369.1,42,56,40,16
NZ_CP017443.1,6,9,6,3
NZ_CP017997.1,6,5,2,3
NZ_CP034800.1,6,8,6,2
NZ_CP126308.1,2,6,1,5
NZ_CP056698.1,6,11,6,5
NZ_CP056699.1,1,1,1,0
NZ_CP058346.1,2,1,0,1
NZ_CP011429.1,10,13,10,3
NZ_CP011431.1,2,2,2,0
NZ_CP091627.1,20,24,13,11
NZ_CP031836.1,4,4,3,1
NZ_CP018181.1,12,12,4,8
NZ_CP018182.1,7,6,3,3
NZ_CP127263.1,22,23,6,17
NZ_CP127264.1,9,12,3,9
NZ_CP038666.1,4,7,5,2
NZ_CP038665.1,19,17,16,1
NZ_CP080277.1,1,1,0,1
NZ_CP081904.1,2,0,0,0
NZ_CP081905.1,3,2,1,1
NZ_CP045950.1,3,5,2,3
NZ_CP045951.1,3,4,2,2
NZ_CP129820.1,16,18,13,5
NZ_CP129823.1,13,11,10,1
NZ_CP129821.1,2,2,2,0
NZ_CP027549.1,12,15,4,11
NZ_CP070574.1,1,0,0,0
NZ_CP070575.1,13,9,6,3
NZ_CP031159.1,13,10,9,1
NZ_CP031160.1,16,15,11,4
NZ_CP031163.1,93,93,82,11
NZ_CP031162.1,3,2,1,1
NZ_CP019751.1,3,2,2,0
NZ_CP019752.1,5,6,4,2
NZ_CP019753.1,6,8,7,1
NZ_CP094792.1,1,3,2,1
NZ_CP018767.1,3,4,4,0
NZ_CP076124.1,9,12,6,6
NZ_CP032258.1,12,16,9,7
NZ_CP032259.1,2,1,1,0
NZ_CP032260.1,2,0,0,0
NZ_CP032262.1,3,2,2,0
NZ_CP007256.1,1,0,0,0
NZ_CP007257.1,16,19,9,10
NZ_CP128193.1,16,16,15,1
NZ_CP128192.1,29,34,29,5
NZ_CP080014.1,17,19,15,4
NZ_CP080015.1,4,5,2,3
NZ_CP080016.1,1,1,1,0
NZ_CP080017.1,1,1,1,0
NZ_CP086521.1,4,4,3,1
NZ_CP086522.1,3,3,2,1
NZ_CP022563.1,12,6,4,2
NZ_LR890289.1,28,24,20,4
NZ_LR890290.1,1,1,1,0
NZ_CP115942.1,45,63,46,17
NZ_CP051701.1,15,15,8,7
NZ_CP051702.1,5,4,2,2
NZ_CP131956.1,20,22,15,7
NZ_CP131957.1,10,10,8,2
NZ_CP131958.1,10,7,7,0
NZ_CP131959.1,4,3,3,0
NZ_CP131960.1,1,1,1,0
NZ_CP068605.1,2,0,0,0
NZ_CP068608.1,17,20,16,4
NZ_CP068606.1,2,2,2,0
NZ_CP068607.1,1,1,1,0
NZ_CP068609.1,18,13,8,5
NZ_CP036148.1,15,19,16,3
NZ_CP007725.1,1,1,1,0
NZ_CP068233.1,2,2,2,0
NZ_CP063888.1,17,19,16,3
NZ_CP024718.1,14,11,10,1
NZ_CP015730.1,12,12,11,1
NZ_CP083822.1,19,27,16,11
NZ_CP079769.1,23,21,20,1
NZ_CP009017.1,3,4,2,2
NZ_CP009018.1,4,3,2,1
NZ_CP065235.1,1,2,0,2
NZ_CP031790.1,10,14,7,7
NZ_CP065826.1,25,30,24,6
NZ_CP014001.1,2,1,0,1
NZ_CP014002.1,2,2,2,0
NZ_CP014003.1,2,3,2,1
NZ_CP087026.1,29,25,12,13
NZ_CP087027.1,4,4,2,2
NZ_CP087028.1,1,0,0,0
NZ_CP087030.1,1,0,0,0
NZ_CP087031.1,7,8,7,1
NZ_CP087707.1,23,27,20,7
NZ_CP087708.1,24,34,22,12
NZ_CP070446.1,18,12,8,4
NZ_CP070447.1,3,3,1,2
NZ_CP092854.1,7,7,2,5
NZ_CP060929.1,14,18,12,6
NZ_CP060930.1,1,1,1,0
NZ_CP060931.1,6,5,4,1
NZ_CP143439.1,6,5,1,4
NZ_CP143440.1,12,5,5,0
NZ_CP053563.1,23,18,8,10
NC_020287.1,2,4,2,2
NC_020296.1,8,2,1,1
NC_020297.1,3,1,1,0
NZ_CP007138.1,17,19,5,14
NZ_CP007137.1,7,6,5,1
NZ_CP019268.1,14,20,13,7
NZ_CP019269.1,9,12,6,6
NZ_CP061531.1,1,1,1,0
NZ_CP061532.1,11,15,12,3
NZ_CP025397.1,1,0,0,0
NZ_CP091893.1,12,13,7,6
NZ_CP091894.1,1,0,0,0
NZ_CP097720.1,26,25,11,14
NZ_CP025619.2,29,34,25,9
NZ_CP018781.1,28,55,28,27
NZ_CP009547.1,17,17,12,5
NZ_CP041338.1,12,14,12,2
NZ_CP041339.1,10,9,7,2
NZ_CP029645.1,15,14,13,1
NZ_CP024055.1,14,14,8,6
NZ_CP024054.1,6,5,5,0
NZ_AP019544.1,2,2,2,0
NZ_CP104118.1,12,9,6,3
NZ_CP104119.1,6,4,4,0
NZ_CP104120.1,7,7,5,2
NZ_CP017026.1,8,6,3,3
NZ_CP062734.1,8,8,5,3
NZ_CP073654.1,3,2,2,0
NZ_CP017083.1,3,4,3,1
NZ_CP017084.1,11,12,9,3
NZ_CP011065.1,1,2,1,1
NZ_CP011064.1,5,7,4,3
NZ_CP011063.1,3,2,2,0
NZ_CP011062.1,21,21,17,4
NC_022123.1,11,9,4,5
NZ_CP109597.1,1,2,0,2
NZ_CP101398.1,8,10,7,3
NZ_CP032397.1,32,32,17,15
NZ_CP033708.1,5,15,4,11
NZ_CP064271.1,1,0,0,0
NZ_CP064272.1,2,1,1,0
NZ_CP064273.1,2,1,1,0
NZ_CP064236.1,22,30,16,14
NZ_CP064237.1,25,18,12,6
NZ_CP064238.1,7,9,7,2
NZ_OU659163.1,4,14,9,5
NZ_OU659164.1,2,2,2,0
NZ_OU659165.1,1,2,0,2
NZ_OU659166.1,2,1,1,0
NZ_AP023310.1,8,9,9,0
NZ_CP094802.1,2,7,4,3
NZ_CP041006.1,3,5,2,3
NZ_CP100170.1,30,28,18,10
NZ_CP100171.1,18,16,10,6
NZ_CP100172.1,18,23,16,7
NZ_CP100173.1,4,6,2,4
NZ_CP130107.1,16,13,8,5
NZ_CP121525.1,10,17,11,6
NZ_CP051470.1,2,4,1,3
NZ_CP051471.1,1,1,1,0
NZ_CP051472.1,2,5,3,2
NZ_CP051473.1,11,14,3,11
NZ_CP038354.1,5,7,4,3
NZ_CP025038.1,18,19,12,7
NZ_CP025039.1,20,14,6,8
NZ_CP025040.1,7,8,3,5
NZ_CP025041.1,6,9,5,4
NZ_CP025042.1,3,3,1,2
NC_017055.1,1,3,1,2
NZ_CP103387.1,1,1,0,1
NZ_CP103388.1,1,1,0,1
NZ_CP090430.1,8,7,7,0
NZ_CP141555.1,25,38,24,14
NZ_CP141558.1,4,3,3,0
NZ_CP126346.1,16,23,17,6
NZ_CP126347.1,6,3,2,1
NZ_CP123431.1,42,50,34,16
NZ_CP123432.1,14,11,8,3
NZ_CP123433.1,3,5,3,2
NZ_CP021719.1,6,4,3,1
NZ_CP021720.1,20,14,11,3
NZ_CP034793.1,7,12,6,6
NZ_CP141998.1,11,8,8,0
NZ_CP135286.1,5,11,8,3
NZ_AP014802.1,1,3,0,3
NZ_LR890565.1,21,26,20,6
NZ_CP025691.1,2,2,2,0
NZ_CP025692.1,6,8,4,4
NZ_CP025695.1,1,1,0,1
NZ_CP096319.1,10,9,6,3
NZ_CP124393.1,18,21,16,5
NZ_CP124394.1,3,4,4,0
NZ_CP124395.1,1,1,1,0
NZ_CP048360.1,17,19,15,4
NZ_CP048361.1,1,2,1,1
NZ_CP048364.1,2,2,1,1
NZ_CP013572.1,18,23,6,17
NZ_CP013571.1,2,2,2,0
NZ_CP013573.1,12,12,5,7
NZ_CP020886.1,7,5,3,2
NZ_CP020887.1,8,5,5,0
NZ_CP020888.1,4,4,1,3
NZ_CP092408.1,35,38,22,16
NZ_CP014649.1,8,9,7,2
NZ_CP014650.1,10,7,5,2
NZ_CP014648.1,8,6,6,0
NC_015689.1,2,2,2,0
NC_015685.1,2,4,2,2
NZ_CP011383.1,6,6,4,2
NZ_CP011384.1,1,1,0,1
NZ_CP028653.1,2,6,3,3
NZ_CP046073.1,7,10,6,4
NZ_CP066072.1,1,1,1,0
NZ_CP068715.1,4,3,2,1
NZ_CP126762.1,23,22,16,6
NZ_CP126764.1,4,5,4,1
NZ_CP126763.1,5,5,5,0
NZ_CP069519.1,2,2,2,0
NZ_CP062205.1,7,17,1,16
NZ_CP123249.1,5,12,4,8
NZ_CP123250.1,5,4,4,0
NZ_CP123248.1,20,19,14,5
NZ_CP080557.1,4,4,4,0
NZ_CP080558.1,2,2,2,0
NZ_CP133672.1,3,5,4,1
NZ_OX359242.1,6,8,3,5
NZ_CP066361.1,50,59,35,24
NZ_CP066358.1,17,18,13,5
NZ_CP066360.1,6,7,1,6
NZ_CP021429.1,14,20,16,4
NZ_CP021643.1,1,0,0,0
NZ_AP024719.1,3,1,0,1
NZ_CP133084.1,5,6,2,4
NZ_CP095844.1,9,12,8,4
NZ_CP077427.1,1,1,0,1
