accession,md5,locus_tag,product,regex_match,category,rohan_transposase_count
NZ_CP042240.1,003d2af8f0d07a2732ce08f813089ea1,FQU85_RS00060,transposase,transposase,other_transposase_or_IS,1
NZ_CP042240.1,003d2af8f0d07a2732ce08f813089ea1,FQU85_RS00540,IS5/IS1182 family transposase,IS,other_transposase_or_IS,1
NZ_CP042240.1,003d2af8f0d07a2732ce08f813089ea1,FQU85_RS13555,RNA-guided endonuclease TnpB family protein,Tnp,other_transposase_or_IS,1
NZ_CP042240.1,003d2af8f0d07a2732ce08f813089ea1,FQU85_RS00870,IS5 family transposase,IS,other_transposase_or_IS,1
NZ_CP110070.1,010e3aa6261eb646ea9fb98af053edb6,OLL93_RS14275,Tn3 family transposase,Tn3,tn3_family_unit_transposon,1
NZ_AP023207.1,01162da81ff976ab3283cf78cd7f59fd,HUV20_RS21670,transposase,transposase,other_transposase_or_IS,1
NC_010478.1,01257b2eceddfd6252669ac5b7c462cb,SYNPCC7002_RS14330,IS4-like element ISSysp2 family transposase,IS,other_transposase_or_IS,2
NC_010478.1,01257b2eceddfd6252669ac5b7c462cb,SYNPCC7002_RS16505,transposase,transposase,other_transposase_or_IS,2
NZ_CP083480.1,0125d8c7510e7058cbe681853b1c0471,K9U13_RS24610,IS1 family transposase,IS,other_transposase_or_IS,1
NZ_CP123576.1,022e70fc29b8b836cb9de149a85bb8b6,QE193_RS25655,Rpn family recombination-promoting nuclease/putative transposase,transposase,other_transposase_or_IS,1
NZ_CP101659.1,0246443cdce79af237d7cb292c8a9d43,NHG98_RS06335,Rpn family recombination-promoting nuclease/putative transposase,transposase,other_transposase_or_IS,2
NZ_CP101659.1,0246443cdce79af237d7cb292c8a9d43,NHG98_RS06350,Rpn family recombination-promoting nuclease/putative transposase,transposase,other_transposase_or_IS,2
NZ_CP101659.1,0246443cdce79af237d7cb292c8a9d43,NHG98_RS06380,IS982 family transposase,IS,other_transposase_or_IS,2
NZ_CP124464.1,024a7bf58e22b7e27a0c28d3d1202e94,QJP79_RS25880,IS1 family transposase,IS,other_transposase_or_IS,2
NZ_CP124464.1,024a7bf58e22b7e27a0c28d3d1202e94,QJP79_RS25885,Tn3-like element TnEc1 family transposase,Tn3,tn3_family_unit_transposon,2
NZ_CP021287.1,02641618620a488049a9273ae62c0896,CA919_RS16280,Tn3 family transposase,Tn3,tn3_family_unit_transposon,1
NZ_CP066068.1,027aeef988135e292a8b4b329d92834f,I6I09_RS10780,transposase,transposase,other_transposase_or_IS,1
NZ_CP030873.1,02a3def1910a7e4d5e366084a2084712,DS739_RS14075,Tn3 family transposase,Tn3,tn3_family_unit_transposon,1
NZ_CP084838.1,02b4d73b9aaa6651a415283abec75fcf,LGM16_RS29030,Tn3-like element Tn5403 family transposase,Tn3,tn3_family_unit_transposon,1
NZ_CP015161.1,02fb0cd04c5bd9e9ba084473cdc9e93a,WM90_RS26370,Rpn family recombination-promoting nuclease/putative transposase,transposase,other_transposase_or_IS,1
NZ_OW970497.1,031296657cb87d36e7827fd0741ee886,LQV37_RS27530,Tn3-like element Tn5403 family transposase,Tn3,tn3_family_unit_transposon,1
NZ_CP117172.1,03183decc7b9e30aa4ee2cbe0ba56c64,JET59_RS27960,Tn3 family transposase,Tn3,tn3_family_unit_transposon,1
NZ_CP089318.1,0344aab0d85da013a79bb0b57a5f4250,LUA10_RS20215,Tn3 family transposase,Tn3,tn3_family_unit_transposon,1
NZ_CP089318.1,0344aab0d85da013a79bb0b57a5f4250,LUA10_RS20060,IS6-like element IS26 family transposase,IS,other_transposase_or_IS,1
NZ_CP114037.1,0357d9cb231108af92adf366f36e8c7e,N6H00_RS40070,TnsA-like heteromeric transposase endonuclease subunit,transposase,other_transposase_or_IS,1
NZ_CP114037.1,0357d9cb231108af92adf366f36e8c7e,N6H00_RS40075,transposase,transposase,other_transposase_or_IS,1
NZ_CP051646.1,0377603a750d26ccdac57fd92d83ecca,HHJ99_RS13380,membrane protein insertase YidC,ins,unclear_likely_false_positive,1
NZ_CP110405.1,04136d974198290327387fc1b2fe4a4c,OKF41_RS24430,transposase,transposase,other_transposase_or_IS,1
NZ_CP110405.1,04136d974198290327387fc1b2fe4a4c,OKF41_RS24445,IS91 family transposase,IS,other_transposase_or_IS,1
NZ_CP036049.1,04405db03da90655f4d3d920e95e1c94,EXW28_RS27435,Rpn family recombination-promoting nuclease/putative transposase,transposase,other_transposase_or_IS,1
NZ_CP134722.1,046ca19687edd696f89700d6c7058052,RM157_RS22965,Rpn family recombination-promoting nuclease/putative transposase,transposase,other_transposase_or_IS,1
NZ_CP134722.1,046ca19687edd696f89700d6c7058052,RM157_RS23585,IS110 family transposase,IS,other_transposase_or_IS,1
NZ_CP015744.1,047d6c3f9943736560cef34a75ecbdb4,shn_RS32310,Tn3 family transposase,Tn3,tn3_family_unit_transposon,1
NZ_AP025197.1,04abf27c2f96fc4111c0713bda0473f4,L6429_RS10865,IS607 family transposase,IS,other_transposase_or_IS,2
NZ_AP025197.1,04abf27c2f96fc4111c0713bda0473f4,L6429_RS10870,RNA-guided endonuclease InsQ/TnpB family protein,Ins,other_transposase_or_IS,2
NZ_AP024765.1,04b5e174b560f49d1d2a28b0255b62ef,K6J83_RS27080,Tn3-like element Tn3 family transposase,Tn3,tn3_family_unit_transposon,2
NZ_AP024765.1,04b5e174b560f49d1d2a28b0255b62ef,K6J83_RS27100,IS6-like element IS26 family transposase,IS,other_transposase_or_IS,2
NZ_CP044991.1,04c885f6116eb8be75af136d82a40211,DAAJ005_RS18225,Tn3 family transposase,Tn3,tn3_family_unit_transposon,2
NZ_CP044991.1,04c885f6116eb8be75af136d82a40211,DAAJ005_RS18550,IS1182 family transposase,IS,other_transposase_or_IS,2
NZ_CP091923.1,04d42151f2490fb996c13872e9c9fed7,L6494_RS30690,Tn3 family transposase,Tn3,tn3_family_unit_transposon,1
NZ_CP066823.1,05341453cdc0d788ae0e82e5f007d1ce,JH395_RS16245,IS5-like element ISLpl3 family transposase,IS,other_transposase_or_IS,1
NZ_CP066823.1,05341453cdc0d788ae0e82e5f007d1ce,JH395_RS16250,IS30 family transposase,IS,other_transposase_or_IS,1
NZ_CP075920.1,05463be90372351ee5d9be4a65c8d99b,KLF44_RS16025,IS630 transposase-related protein,IS,other_transposase_or_IS,1
NZ_CP024651.1,054e142ec764c885bbd4c354f0ec1e50,CDW44_RS25845,Tn3-like element Tn3 family transposase,Tn3,tn3_family_unit_transposon,1
NZ_CP104454.1,059f3b8593bc9a3378af72c992622422,N2J37_RS30440,Tn3-like element Tn5403 family transposase,Tn3,tn3_family_unit_transposon,1
NZ_CP144220.1,05da16b08257aeb85117acf22688893e,V2B37_RS00035,IS110 family transposase,IS,other_transposase_or_IS,1
NZ_CP144220.1,05da16b08257aeb85117acf22688893e,V2B37_RS00040,transposase,transposase,other_transposase_or_IS,1
NZ_CP092354.1,060d48dc36785c20071ac9e2f89af477,MF410_RS34515,IS110 family RNA-guided transposase,IS,other_transposase_or_IS,1
NZ_CP011616.1,0630ce48bb1418760a978eaf4f4e4d03,AB181_RS01485,Tn3-like element ISPa38 family transposase,Tn3,tn3_family_unit_transposon,1
NZ_CP086853.1,0744ca3cc53c8c4316e9dd51802411f3,LOE31_RS23870,Tn3 family transposase,Tn3,tn3_family_unit_transposon,1
NZ_CP025503.1,0795bf32bd8866334c1e02f2f48466e7,CYK96_RS16525,Rpn family recombination-promoting nuclease/putative transposase,transposase,other_transposase_or_IS,3
NZ_CP025503.1,0795bf32bd8866334c1e02f2f48466e7,CYK96_RS16565,Rpn family recombination-promoting nuclease/putative transposase,transposase,other_transposase_or_IS,3
NZ_CP025503.1,0795bf32bd8866334c1e02f2f48466e7,CYK96_RS16615,Rpn family recombination-promoting nuclease/putative transposase,transposase,other_transposase_or_IS,3
NZ_CP029363.1,079e6ca93b5e5dda88b122661a56a8ae,DIJ69_RS35925,NF041680 family putative transposase,transposase,other_transposase_or_IS,1
NZ_CP029363.1,079e6ca93b5e5dda88b122661a56a8ae,DIJ69_RS34455,IS5 family transposase,IS,other_transposase_or_IS,1
NZ_CP083717.1,081b2d0341def724eb987f956b4482ec,LAZ96_RS20690,Tn3 family transposase,Tn3,tn3_family_unit_transposon,1
NZ_CP087100.1,08684a62e072db40115201be2ee69145,LOR37_RS23020,IS91 family transposase,IS,other_transposase_or_IS,2
NZ_CP087100.1,08684a62e072db40115201be2ee69145,LOR37_RS23855,IS91 family transposase,IS,other_transposase_or_IS,2
NZ_CP087100.1,08684a62e072db40115201be2ee69145,LOR37_RS23095,Tn3 family transposase,Tn3,tn3_family_unit_transposon,2
NZ_CP087100.1,08684a62e072db40115201be2ee69145,LOR37_RS23260,IS30 family transposase,IS,other_transposase_or_IS,2
NZ_CP084756.1,0885cf882acf31550cedbc5fd92ca55c,LHK14_RS27830,Tn3 family transposase,Tn3,tn3_family_unit_transposon,2
NZ_CP084756.1,0885cf882acf31550cedbc5fd92ca55c,LHK14_RS27910,Tn3 family transposase,Tn3,tn3_family_unit_transposon,2
NZ_CP086782.1,08929e768868c2046bd0b8db4cbf511b,LOE40_RS22685,Tn3 family transposase,Tn3,tn3_family_unit_transposon,1
NZ_AP022467.1,08ad7511c48b57fa893baa997655ddf6,JLF42_RS25775,Tn3-like element Tn5403 family transposase,Tn3,tn3_family_unit_transposon,1
NZ_CP055424.1,08d7820fe5d5c459e55a349e7808dfe4,HV304_RS26250,transposase,transposase,other_transposase_or_IS,1
NZ_CP081072.1,08def97d4b1dabb917ae275b5ac04db7,K3721_RS19360,transposase,transposase,other_transposase_or_IS,1
NZ_CP081072.1,08def97d4b1dabb917ae275b5ac04db7,K3721_RS19365,IS66 family transposase,IS,other_transposase_or_IS,1
NZ_CP107997.1,08e37ffdb38af97ac2d9a96e7b1a0486,OHS16_RS31885,transposase family protein,transposase,other_transposase_or_IS,2
NZ_CP107997.1,08e37ffdb38af97ac2d9a96e7b1a0486,OHS16_RS31955,ISAs1 family transposase,IS,other_transposase_or_IS,2
NZ_CP107997.1,08e37ffdb38af97ac2d9a96e7b1a0486,OHS16_RS31965,transposase family protein,transposase,other_transposase_or_IS,2
NC_015694.1,094c337acee4cdee027ebc09878608f2,RUNSL_RS28645,TraG family conjugative transposon ATPase,transposon,other_transposase_or_IS,4
NC_015694.1,094c337acee4cdee027ebc09878608f2,RUNSL_RS28660,conjugative transposon protein TraK,transposon,other_transposase_or_IS,4
NC_015694.1,094c337acee4cdee027ebc09878608f2,RUNSL_RS28670,conjugative transposon protein TraM,transposon,other_transposase_or_IS,4
NC_015694.1,094c337acee4cdee027ebc09878608f2,RUNSL_RS28675,conjugative transposon protein TraN,transposon,other_transposase_or_IS,4
NZ_CP054168.1,099201ea8d4d9dad5b40d1211b3bf235,HRS04_RS00070,Tn3-like element Tn3 family transposase,Tn3,tn3_family_unit_transposon,1
NZ_CP049103.1,09c62952b6c42bce6fffe22500f5f88b,G5V60_RS25200,IS481-like element ISKpn28 family transposase,IS,other_transposase_or_IS,2
NZ_CP049103.1,09c62952b6c42bce6fffe22500f5f88b,G5V60_RS25260,IS1380-like element ISEcp1 family transposase,IS,other_transposase_or_IS,2
NZ_CP036126.1,09fd0e642c533b4aa2b6ad6424415d6d,EXW55_RS29690,insecticidal delta-endotoxin domain-containing protein,ins,unclear_likely_false_positive,1
NZ_CP095729.1,0a91e31d0ee9b8f8d1ee40d7246cb25e,AS079_RS14705,Tn3 family transposase,Tn3,tn3_family_unit_transposon,1
NZ_CP025338.2,0a92bbf9c03e07a13b72d08db5eaf56e,CTI29_RS24940,transposase,transposase,other_transposase_or_IS,1
NZ_CP083549.1,0afb36fd3ceea2761d2900e649399c5b,K3724_RS22830,transposase,transposase,other_transposase_or_IS,1
NZ_LS992173.1,0b2c669f5c9de57358ec4fd0d85a1b88,ECTO73_RS24050,Tn3-like element Tn3 family transposase,Tn3,tn3_family_unit_transposon,1
NZ_OY725914.1,0b5018925343755a9d7e095c9a75610d,UHF62_RS07290,membrane protein insertase YidC,ins,unclear_likely_false_positive,1
NZ_CP043272.1,0b91d64502f1ce08b2a6aabe044984c5,FYK17_RS22280,IS200/IS605-like element IS200C family transposase,IS,other_transposase_or_IS,2
NZ_CP043272.1,0b91d64502f1ce08b2a6aabe044984c5,FYK17_RS22385,defense against restriction DarA-related protein,ins,unclear_likely_false_positive,2
NZ_CP043272.1,0b91d64502f1ce08b2a6aabe044984c5,FYK17_RS22445,Tn3 family transposase,Tn3,tn3_family_unit_transposon,2
NZ_CP046625.1,0bc0f0ffdd6eb04d144d2ec55863777a,GO995_RS09390,ISLre2 family transposase,IS,other_transposase_or_IS,1
NZ_AP018670.1,0c1d2c7c7e87f61a5c288bfb97792298,SAMIE_RS23160,Tn3 family transposase,Tn3,tn3_family_unit_transposon,1
NZ_CP064335.1,0c22c4e9cef8b6dab7a534980414b255,IUD20_RS11540,RNA-guided endonuclease InsQ/TnpB family protein,Ins,other_transposase_or_IS,1
NZ_CP081157.1,0c5fe773c9f732566139964408ea332c,K3551_RS18675,IS110 family RNA-guided transposase,IS,other_transposase_or_IS,1
NZ_CP039125.1,0c9557a6bdb06a2243d0826d0fdaf74a,CYL17_RS18300,transposase,transposase,other_transposase_or_IS,4
NZ_CP039125.1,0c9557a6bdb06a2243d0826d0fdaf74a,CYL17_RS18305,RNA-guided endonuclease InsQ/TnpB family protein,Ins,other_transposase_or_IS,4
NZ_CP039125.1,0c9557a6bdb06a2243d0826d0fdaf74a,CYL17_RS18465,RNA-guided endonuclease InsQ/TnpB family protein,Ins,other_transposase_or_IS,4
NZ_CP039125.1,0c9557a6bdb06a2243d0826d0fdaf74a,CYL17_RS18725,RNA-guided endonuclease InsQ/TnpB family protein,Ins,other_transposase_or_IS,4
NZ_CP039125.1,0c9557a6bdb06a2243d0826d0fdaf74a,CYL17_RS18880,transposase,transposase,other_transposase_or_IS,4
NZ_CP039125.1,0c9557a6bdb06a2243d0826d0fdaf74a,CYL17_RS18885,RNA-guided endonuclease InsQ/TnpB family protein,Ins,other_transposase_or_IS,4
NZ_CP016469.1,0ca49b1ece39ecaee73b14df3f3d9549,A4W75_RS10695,IS30-like element ISLpl1 family transposase,IS,other_transposase_or_IS,1
NZ_CP058136.1,0cdec409b77a66375f227fd72a8a6254,HV092_RS27810,Tn3 family transposase,Tn3,tn3_family_unit_transposon,1
NZ_CP039152.1,0d47d1dee8369b8e0963e1363368b75f,E5Y90_RS17175,IS4-like element ISAbe18 family transposase,IS,other_transposase_or_IS,1
NZ_CP030243.1,0d5693a3833b972f75d2e30134a16342,DQF64_RS14675,IS607 family transposase,IS,other_transposase_or_IS,2
NZ_CP030243.1,0d5693a3833b972f75d2e30134a16342,DQF64_RS14680,RNA-guided endonuclease InsQ/TnpB family protein,Ins,other_transposase_or_IS,2
NZ_CP025504.1,0d5eaeceae1137feaccf68c9af12293e,CYK96_RS16775,Rpn family recombination-promoting nuclease/putative transposase,transposase,other_transposase_or_IS,1
NZ_AP027219.1,0d95b321a5b04edcad231062beb4a7ae,QUE10_RS25500,Rpn family recombination-promoting nuclease/putative transposase,transposase,other_transposase_or_IS,1
NZ_CP028840.1,0e44c1cff9e0a4fea5c836a4d3ad7572,C9432_RS16360,IS110 family RNA-guided transposase,IS,other_transposase_or_IS,1
NZ_CP028840.1,0e44c1cff9e0a4fea5c836a4d3ad7572,C9432_RS16400,IS3-like element ISEnfa5 family transposase,IS,other_transposase_or_IS,1
NZ_CP028840.1,0e44c1cff9e0a4fea5c836a4d3ad7572,C9432_RS16410,IS3 family transposase,IS,other_transposase_or_IS,1
NZ_CP134746.1,0e4f9b9aa0cf46c7aa9b7de9ba53b875,RM154_RS23005,IS3 family transposase,IS,other_transposase_or_IS,1
NZ_CP068409.1,0e6cc1c8ba34844c4f6368e65a006cdf,JK381_RS15440,transposase,transposase,other_transposase_or_IS,1
NZ_CP068409.1,0e6cc1c8ba34844c4f6368e65a006cdf,JK381_RS15420,IS66 family transposase,IS,other_transposase_or_IS,1
NZ_CP116073.1,0e6ef817e22244e30190a1171f727e4f,PIC30_RS26740,Rpn family recombination-promoting nuclease/putative transposase,transposase,other_transposase_or_IS,2
NZ_CP116073.1,0e6ef817e22244e30190a1171f727e4f,PIC30_RS26920,IS5 family transposase,IS,other_transposase_or_IS,2
NZ_CP116073.1,0e6ef817e22244e30190a1171f727e4f,PIC30_RS26930,IS1380-like element ISEcp1 family transposase,IS,other_transposase_or_IS,2
NZ_CP060474.1,0e772791eee38f7953144352514c1c15,H8Z72_RS24275,Tn3-like element ISXc4 family transposase,Tn3,tn3_family_unit_transposon,1
NZ_CP051737.1,0ea87b24ec1f3dde9ff4d24568b54e56,HHJ26_RS25180,Tn3-like element Tn3 family transposase,Tn3,tn3_family_unit_transposon,1
NZ_CP117031.1,0f351d376ab2b9fb40d8b4b92d1a50e3,LYZ37_RS24370,IS5/IS1182 family transposase,IS,other_transposase_or_IS,1
NZ_CP117815.1,0f68955e0bdc7f561a6648ede4da2f86,PT258_RS16085,Tn3 family transposase,Tn3,tn3_family_unit_transposon,1
NZ_CP062704.1,0f88cf29b6d0e822332b552403cd1539,ILQ62_RS27825,Tn3 family transposase,Tn3,tn3_family_unit_transposon,1
NC_018489.1,0f91c9c5f0133791101f3bf0e2740806,BTG_RS32835,Tn3 family transposase,Tn3,tn3_family_unit_transposon,1
NZ_CP084906.1,0f99fe0b8403d091e77f2cf556586899,LHL15_RS25840,IS6-like element IS26 family transposase,IS,other_transposase_or_IS,1
NZ_CP020505.1,10095ca2468134791819e82b79c06520,AM681_RS25900,IS5-like element IS5 family transposase,IS,other_transposase_or_IS,1
NZ_CP020505.1,10095ca2468134791819e82b79c06520,AM681_RS26130,DDE-type integrase/transposase/recombinase,transposase/recombinase,other_transposase_or_IS,1
NZ_CP039433.1,1012d88ee00d0ee380241555607c03bf,E7742_RS22900,insoluble domain protein,ins,unclear_likely_false_positive,1
NZ_CP086772.1,10534ac5279b9ab13407efbe75db3aab,LOE41_RS23825,Tn3 family transposase,Tn3,tn3_family_unit_transposon,1
NZ_CP086846.1,10568e8d2edbd5b6b9dc7f12715a45e6,LOE24_RS24560,Tn3 family transposase,Tn3,tn3_family_unit_transposon,2
NZ_CP086823.1,107146f7c649dcb6065dce3d2ecba590,LOE26_RS24465,Tn3 family transposase,Tn3,tn3_family_unit_transposon,2
NZ_CP060038.1,10854a74c1af4be62da5c8cd147edcae,H5V43_RS23340,Tn3 family transposase,Tn3,tn3_family_unit_transposon,2
NZ_CP060038.1,10854a74c1af4be62da5c8cd147edcae,H5V43_RS23415,Tn3 family transposase,Tn3,tn3_family_unit_transposon,2
NZ_CP121511.1,10b7354206e3be6ede67353c955d0b6a,QA595_RS12185,IS1182-like element ISSep1 family transposase,IS,other_transposase_or_IS,2
NZ_CP121511.1,10b7354206e3be6ede67353c955d0b6a,QA595_RS12235,IS1182-like element ISSep1 family transposase,IS,other_transposase_or_IS,2
NZ_CP043381.1,111bbf8d63f8f1b91d33ad344a791ba5,B7D44_RS27705,IS1 family transposase,IS,other_transposase_or_IS,1
NZ_CP048668.1,11391d5ed3fdffe586373b4fea719e17,G0028_RS20970,IS1-like element ISPa14 family transposase,IS,other_transposase_or_IS,1
NZ_CP058710.1,1140ad0e9d1ce050e09fd5b9fa95097d,HZS88_RS23315,IS5-like element IS903B family transposase,IS,other_transposase_or_IS,1
NZ_CP058710.1,1140ad0e9d1ce050e09fd5b9fa95097d,HZS88_RS23325,transposase,transposase,other_transposase_or_IS,1
NZ_CP086981.1,11ced885a9f1ceaade8abd7489f2e93b,LOE09_RS20045,Tn3 family transposase,Tn3,tn3_family_unit_transposon,1
NZ_CP080061.1,11d1e7bd0ce209379b54455ca7ba480a,KZO13_RS24730,IS91-like element ISCR2 family transposase,IS,other_transposase_or_IS,1
NZ_CP087000.1,11ddb98a5456180295e6e679f9b476a7,LOE07_RS23575,Tn3 family transposase,Tn3,tn3_family_unit_transposon,1
NZ_CP093048.1,11f94ab37f2f80b6570b2b04bf67486e,MNU24_RS08275,IS5 family transposase,IS,other_transposase_or_IS,1
NZ_CP086972.1,1208614cf40a2947c67024913bc6acf6,LOE10_RS19515,Tn3 family transposase,Tn3,tn3_family_unit_transposon,1
NZ_CP141185.1,12421c9b18ded91ad674eaa3f1cc2698,SD425_RS26640,Tn3 family transposase,Tn3,tn3_family_unit_transposon,5
NZ_CP141185.1,12421c9b18ded91ad674eaa3f1cc2698,SD425_RS26960,conjugative transposon protein TraN,transposon,other_transposase_or_IS,5
NZ_CP141185.1,12421c9b18ded91ad674eaa3f1cc2698,SD425_RS26965,conjugative transposon protein TraM,transposon,other_transposase_or_IS,5
NZ_CP141185.1,12421c9b18ded91ad674eaa3f1cc2698,SD425_RS26970,conjugative transposon protein TraK,transposon,other_transposase_or_IS,5
NZ_CP141185.1,12421c9b18ded91ad674eaa3f1cc2698,SD425_RS26995,TraG family conjugative transposon ATPase,transposon,other_transposase_or_IS,5
NZ_CP117415.1,1256a2297268b09dca00227ae51eb887,PQ455_RS20960,Tn3 family transposase,Tn3,tn3_family_unit_transposon,2
NZ_CP117164.1,12581917753bf5adbbfadfb75394a843,sphantq_RS24180,Tn3 family transposase,Tn3,tn3_family_unit_transposon,1
NZ_CP117164.1,12581917753bf5adbbfadfb75394a843,sphantq_RS24185,Tn3 family transposase,Tn3,tn3_family_unit_transposon,1
NZ_CP086881.1,126e8b9e29e173b0f298e74d68403ef6,LOE22_RS21585,ISKra4 family transposase,IS,other_transposase_or_IS,2
NZ_CP086881.1,126e8b9e29e173b0f298e74d68403ef6,LOE22_RS21605,Tn3 family transposase,Tn3,tn3_family_unit_transposon,2
NZ_OY725907.1,128e21b62366eba139ab7e6c3b0b9107,UHF62_RS04005,membrane protein insertion efficiency factor YidD,insertion,other_transposase_or_IS,1
NZ_CP071549.1,12d47b6b555b6c509c92056ff0650f30,J2O02_RS18385,conjugative transposon protein TraM,transposon,other_transposase_or_IS,1
NZ_CP138646.1,13311ec6557979b22458cb72eba7ee19,SHT68_RS16530,IS6-like element IS1216 family transposase,IS,other_transposase_or_IS,1
NZ_CP037445.1,1360bb0dc08217bfdad1edbe33448cba,BMD99_RS28910,IS1 family transposase,IS,other_transposase_or_IS,1
NZ_CP037445.1,1360bb0dc08217bfdad1edbe33448cba,BMD99_RS28970,IS1 family transposase,IS,other_transposase_or_IS,1
NZ_CP037445.1,1360bb0dc08217bfdad1edbe33448cba,BMD99_RS28980,Tn3-like element Tn5403 family transposase,Tn3,tn3_family_unit_transposon,1
NZ_OU659131.1,136ad83d9ca2328c6ae03691b9ac21a8,LDO77_RS17040,oxygen-insensitive NAD(P)H nitroreductase,ins,unclear_likely_false_positive,1
NZ_CP050365.1,137354eca58b8812bbc83b62765695bf,HB636_RS28645,Tn3-like element Tn5403 family transposase,Tn3,tn3_family_unit_transposon,1
NC_006363.1,137be907f1cd58afc2f0f1a97197c3b6,NFA_RS29180,Tn3 family transposase,Tn3,tn3_family_unit_transposon,1
NC_006363.1,137be907f1cd58afc2f0f1a97197c3b6,NFA_RS29310,Tn3 family transposase,Tn3,tn3_family_unit_transposon,1
NZ_CP040921.1,137e5351a878e053aa2e7523615f73fb,FH485_RS26485,IS3-like element IS2 family transposase,IS,other_transposase_or_IS,1
NZ_CP087575.1,141601ad28877474c9f1ebb8174389e1,KUA31_RS00065,IS1-like element IS1B family transposase,IS,other_transposase_or_IS,1
NZ_CP092642.1,1441361f97ceacc784eb5aff887b644e,MJ393_RS24275,conjugative transposon protein TraM,transposon,other_transposase_or_IS,2
NZ_CP092642.1,1441361f97ceacc784eb5aff887b644e,MJ393_RS24280,conjugative transposon protein TraN,transposon,other_transposase_or_IS,2
NZ_CP103143.1,14674064d5184e49a5014dcb00bf41da,NXY30_RS29225,Rpn family recombination-promoting nuclease/putative transposase,transposase,other_transposase_or_IS,4
NZ_CP103143.1,14674064d5184e49a5014dcb00bf41da,NXY30_RS29415,conjugative transposon protein TraK,transposon,other_transposase_or_IS,4
NZ_CP103143.1,14674064d5184e49a5014dcb00bf41da,NXY30_RS29430,conjugative transposon protein TraM,transposon,other_transposase_or_IS,4
NZ_CP103143.1,14674064d5184e49a5014dcb00bf41da,NXY30_RS29435,conjugative transposon protein TraN,transposon,other_transposase_or_IS,4
NZ_CP058356.1,1467cb4b9737086b69c24a47c166f0cd,HXS77_RS22185,Tn3-like element TnAs1 family transposase,Tn3,tn3_family_unit_transposon,1
NZ_CP058356.1,1467cb4b9737086b69c24a47c166f0cd,HXS77_RS22520,IS1 family transposase,IS,other_transposase_or_IS,1
NZ_CP097515.1,1474b09245bc70807aafdaaad205e121,M8Z30_RS12520,IS6 family transposase,IS,other_transposase_or_IS,2
NZ_CP097515.1,1474b09245bc70807aafdaaad205e121,M8Z30_RS12550,DDE-type integrase/transposase/recombinase,transposase/recombinase,other_transposase_or_IS,2
NZ_CP097515.1,1474b09245bc70807aafdaaad205e121,M8Z30_RS12585,IS6-like element IS257 family transposase,IS,other_transposase_or_IS,2
NZ_CP072609.1,14a47a3f190f4b7fbca92763e8026f7e,J8J02_RS15085,transposase,transposase,other_transposase_or_IS,1
NZ_CP072609.1,14a47a3f190f4b7fbca92763e8026f7e,J8J02_RS15100,IS91 family transposase,IS,other_transposase_or_IS,1
NZ_CP053338.1,14a5799e1f05d9314e4ff098ffd6919d,CK401_RS14910,IS256 family transposase,IS,other_transposase_or_IS,1
NZ_CP053338.1,14a5799e1f05d9314e4ff098ffd6919d,CK401_RS14940,IS30-like element ISLpl1 family transposase,IS,other_transposase_or_IS,1
NZ_CP053338.1,14a5799e1f05d9314e4ff098ffd6919d,CK401_RS15785,IS30 family transposase,IS,other_transposase_or_IS,1
NC_001849.2,14abd630a7d09564e8569e72384deea5,BB_RS07855,RNA-guided endonuclease TnpB family protein,Tnp,other_transposase_or_IS,1
NZ_CP090314.1,14e05b2b45a42da76e75c472c5cac267,LWM71_RS11050,IS30 family transposase,IS,other_transposase_or_IS,1
NZ_CP061841.1,15494c3dd07a4576182a5a0776305b01,IF130_RS16145,Tn3 family transposase,Tn3,tn3_family_unit_transposon,1
NZ_CP075342.1,1557c5d38132fee079481de50cebe2e0,KI427_RS27490,insoluble domain protein,ins,unclear_likely_false_positive,1
NZ_CP121565.1,1560ab87b75d0014e946aac4bd54c5c2,MTS31_RS19575,IS4-like element ISAba1 family transposase,IS,other_transposase_or_IS,1
NZ_CP084755.1,15bb0e475fd4485966d41f7383806b1e,LHK14_RS27355,Tn3 family transposase,Tn3,tn3_family_unit_transposon,2
NZ_CP084755.1,15bb0e475fd4485966d41f7383806b1e,LHK14_RS27460,Tn3 family transposase,Tn3,tn3_family_unit_transposon,2
NZ_CP084755.1,15bb0e475fd4485966d41f7383806b1e,LHK14_RS27465,Tn3 family transposase,Tn3,tn3_family_unit_transposon,2
NZ_CP065648.1,15d3aa79b0646ab461ba8c73479c09e3,I6G80_RS24275,Tn3 family transposase,Tn3,tn3_family_unit_transposon,1
NZ_CP099487.1,15d4646810ea730862d12e1f9b05a8a7,NC516_RS10600,IS30 family transposase,IS,other_transposase_or_IS,2
NZ_CP099487.1,15d4646810ea730862d12e1f9b05a8a7,NC516_RS10635,IS30 family transposase,IS,other_transposase_or_IS,2
NZ_CP099487.1,15d4646810ea730862d12e1f9b05a8a7,NC516_RS10775,transposase,transposase,other_transposase_or_IS,2
NZ_CP099487.1,15d4646810ea730862d12e1f9b05a8a7,NC516_RS10780,IS6 family transposase,IS,other_transposase_or_IS,2
NZ_CP013960.1,15ea0e1c1a5ea74eb5d6a170d8c43037,ASL18_RS16030,IS6-like element IS257 family transposase,IS,other_transposase_or_IS,3
NZ_CP013960.1,15ea0e1c1a5ea74eb5d6a170d8c43037,ASL18_RS16050,IS6-like element IS257 family transposase,IS,other_transposase_or_IS,3
NZ_CP013960.1,15ea0e1c1a5ea74eb5d6a170d8c43037,ASL18_RS16640,DDE-type integrase/transposase/recombinase,transposase/recombinase,other_transposase_or_IS,3
NZ_CP013960.1,15ea0e1c1a5ea74eb5d6a170d8c43037,ASL18_RS16080,IS6-like element IS257 family transposase,IS,other_transposase_or_IS,3
NZ_CP086867.1,160dfe254cfc4249434216f1fdb965e3,LOE29_RS23075,Tn3 family transposase,Tn3,tn3_family_unit_transposon,1
NZ_CP070495.1,162f884fcd8536b21818b532d04dca37,JWZ98_RS22865,DDE-type integrase/transposase/recombinase,transposase/recombinase,other_transposase_or_IS,1
NZ_CP071989.1,167aca9c2a75d896e67dfbde83c2c423,J4Z26_RS11650,IS6-like element IS257 family transposase,IS,other_transposase_or_IS,1
NZ_CP032319.1,1694e70fb894f6f2fd7afed74663d8df,D3Y59_RS17925,TraG family conjugative transposon ATPase,transposon,other_transposase_or_IS,4
NZ_CP032319.1,1694e70fb894f6f2fd7afed74663d8df,D3Y59_RS17950,conjugative transposon protein TraK,transposon,other_transposase_or_IS,4
NZ_CP032319.1,1694e70fb894f6f2fd7afed74663d8df,D3Y59_RS17955,conjugative transposon protein TraM,transposon,other_transposase_or_IS,4
NZ_CP032319.1,1694e70fb894f6f2fd7afed74663d8df,D3Y59_RS17960,conjugative transposon protein TraN,transposon,other_transposase_or_IS,4
NZ_CP028345.1,172fdc0adb21d0e69ddee57d72742876,C7Y67_RS26155,Tn3 family transposase,Tn3,tn3_family_unit_transposon,1
NZ_CP019891.1,1782e51a0028f359ffdeea23cbec9dbe,B1023_RS25685,Tn3-like element Tn3 family transposase,Tn3,tn3_family_unit_transposon,1
NZ_CP110051.1,17d4bb26f4c299ca66f289e2f424f8a1,OLM04_RS14730,Tn3 family transposase,Tn3,tn3_family_unit_transposon,3
NZ_CP016851.1,17f43a2487d6e01c1089baafb60b3d91,BFC21_RS26965,Tn3-like element TnAs1 family transposase,Tn3,tn3_family_unit_transposon,1
NZ_CP016851.1,17f43a2487d6e01c1089baafb60b3d91,BFC21_RS26985,Tn3 family transposase,Tn3,tn3_family_unit_transposon,1
NZ_CP064414.1,18014a36827e4c0a85cff468b0138743,IUH68_RS14460,IS256 family transposase,IS,other_transposase_or_IS,1
NZ_CP046715.1,182710b90eee2ff99a63b7a0cad5ec6b,GJB62_RS36340,DDE-type integrase/transposase/recombinase,transposase/recombinase,other_transposase_or_IS,1
NZ_CP020063.1,184651fbdbed481081ec7b57ced8ad45,AM364_RS27350,IS3-like element ISKpn38 family transposase,IS,other_transposase_or_IS,1
NZ_CP017933.1,189b30a30480b5d915cc71fe202f252e,AGF18_RS31140,Tn3-like element ISPa38 family transposase,Tn3,tn3_family_unit_transposon,1
NZ_AP023325.1,18bbaec02843e41eeea1ceb8f5d41be8,SPKIRA_RS18705,Tn3 family transposase,Tn3,tn3_family_unit_transposon,3
NZ_AP023325.1,18bbaec02843e41eeea1ceb8f5d41be8,SPKIRA_RS18810,Tn3 family transposase,Tn3,tn3_family_unit_transposon,3
NZ_CP021271.1,18cef5cf663a904340eb65eff25461ec,CA940_RS15245,Tn3 family transposase,Tn3,tn3_family_unit_transposon,1
NZ_CP041067.1,18d469ead7db6f997fb52406df5237fb,FJM50_RS28010,IS1634 family transposase N-terminal domain-related protein,IS,other_transposase_or_IS,1
NZ_CP041067.1,18d469ead7db6f997fb52406df5237fb,FJM50_RS28065,oxygen-insensitive NADPH nitroreductase,ins,unclear_likely_false_positive,1
NZ_CP071803.1,18f2cdcf46682bbc769f877771cdb150,YR821_RS17110,Tn3 family transposase,Tn3,tn3_family_unit_transposon,1
NZ_CP027592.1,1999157c9c4925d4c0cd8a06bb736fdb,C7A05_RS29080,transposase,transposase,other_transposase_or_IS,3
NZ_CP027592.1,1999157c9c4925d4c0cd8a06bb736fdb,C7A05_RS29085,IS91 family transposase,IS,other_transposase_or_IS,3
NZ_CP027592.1,1999157c9c4925d4c0cd8a06bb736fdb,C7A05_RS29165,IS1 family transposase,IS,other_transposase_or_IS,3
NZ_CP110981.1,19a1a6edf406d863a0b64bdeacb17c0b,ORI33_RS24110,IS1 family transposase,IS,other_transposase_or_IS,1
NZ_CP110981.1,19a1a6edf406d863a0b64bdeacb17c0b,ORI33_RS23840,IS5 family transposase,IS,other_transposase_or_IS,1
NZ_CP110981.1,19a1a6edf406d863a0b64bdeacb17c0b,ORI33_RS23850,IS1 family transposase,IS,other_transposase_or_IS,1
NZ_CP051321.1,19a2d37db58844548f35fe5b1bb9009c,HFT84_RS23335,Tn3-like element Tn3 family transposase,Tn3,tn3_family_unit_transposon,1
NZ_CP020845.1,19e1d78ea5208e542dac5dc3ef3673be,B8O09_RS30680,Tn3 family transposase,Tn3,tn3_family_unit_transposon,1
NZ_CP013912.1,19e43b605ec1ffe562128fc84973ec09,AV904_RS12275,IS256-like element IS256 family transposase,IS,other_transposase_or_IS,1
NZ_CP023318.1,1a22d4ddcbecb15e616a52885b88a26c,CEQ83_RS25975,guided entry of tail-anchored proteins factor 1,ins,unclear_likely_false_positive,2
NZ_CP023318.1,1a22d4ddcbecb15e616a52885b88a26c,CEQ83_RS26305,Rpn family recombination-promoting nuclease/putative transposase,transposase,other_transposase_or_IS,2
NZ_CP023318.1,1a22d4ddcbecb15e616a52885b88a26c,CEQ83_RS26335,Rpn family recombination-promoting nuclease/putative transposase,transposase,other_transposase_or_IS,2
NZ_CP023318.1,1a22d4ddcbecb15e616a52885b88a26c,CEQ83_RS27840,IS6 family transposase,IS,other_transposase_or_IS,2
NZ_CP129903.1,1a3d33cdfbeb899644bfb44e41f50364,QYN14_RS27345,insoluble domain protein,ins,unclear_likely_false_positive,1
NZ_CP129903.1,1a3d33cdfbeb899644bfb44e41f50364,QYN14_RS27385,Tn3 family transposase,Tn3,tn3_family_unit_transposon,1
NZ_CP129903.1,1a3d33cdfbeb899644bfb44e41f50364,QYN14_RS27420,transposase,transposase,other_transposase_or_IS,1
NZ_CP129903.1,1a3d33cdfbeb899644bfb44e41f50364,QYN14_RS27440,IS256 family transposase,IS,other_transposase_or_IS,1
NZ_CP066593.1,1ac5835b96f399684e5991ed1fd6e1bb,JCQ02_RS14935,ISL3-like element IS1251 family transposase,IS,other_transposase_or_IS,2
NZ_CP066593.1,1ac5835b96f399684e5991ed1fd6e1bb,JCQ02_RS15110,IS110 family RNA-guided transposase,IS,other_transposase_or_IS,2
NZ_CP011283.1,1afc563c40380e1ae07ad49bf46141dc,XM37_RS14545,ISL3-like element ISEfa11 family transposase,IS,other_transposase_or_IS,1
NZ_CP036069.1,1b027e86b54b7e4349dc7bc2bc7d9683,EXW39_RS29725,insecticidal delta-endotoxin domain-containing protein,ins,unclear_likely_false_positive,1
NZ_CP090088.1,1b9ff78891b6b6ba916e9a1a5d5d9f7f,LW858_RS33660,insecticidal delta-endotoxin domain-containing protein,ins,unclear_likely_false_positive,1
NZ_CP123514.1,1bbb330f1611a1c57e14d2066e7f0141,QE210_RS21440,Rpn family recombination-promoting nuclease/putative transposase,transposase,other_transposase_or_IS,1
NC_014818.1,1c0abbbd3fbb4f8bc5851f6b7524b63f,ASTEX_RS18030,IS1380 family transposase,IS,other_transposase_or_IS,1
NZ_OW970457.1,1c5c2a96ff9b16c2ecf7391efc39e80c,LQV13_RS27505,Tn3-like element Tn5403 family transposase,Tn3,tn3_family_unit_transposon,1
NZ_OY725750.1,1c6e48ef88f7bc14bd461e8b4d99effb,UNS60_RS03810,TraG family conjugative transposon ATPase,transposon,other_transposase_or_IS,6
NZ_OY725750.1,1c6e48ef88f7bc14bd461e8b4d99effb,UNS60_RS03825,conjugative transposon protein TraJ,transposon,other_transposase_or_IS,6
NZ_OY725750.1,1c6e48ef88f7bc14bd461e8b4d99effb,UNS60_RS03830,conjugative transposon protein TraK,transposon,other_transposase_or_IS,6
NZ_OY725750.1,1c6e48ef88f7bc14bd461e8b4d99effb,UNS60_RS03835,TraL conjugative transposon family protein,transposon,other_transposase_or_IS,6
NZ_OY725750.1,1c6e48ef88f7bc14bd461e8b4d99effb,UNS60_RS03840,conjugative transposon protein TraM,transposon,other_transposase_or_IS,6
NZ_OY725750.1,1c6e48ef88f7bc14bd461e8b4d99effb,UNS60_RS03845,conjugative transposon protein TraN,transposon,other_transposase_or_IS,6
NZ_CP020840.1,1c9471ad779eb050d80be49b890307b3,B9G35_RS29970,Tn3-like element Tn3 family transposase,Tn3,tn3_family_unit_transposon,1
NZ_AP024743.1,1d2bb1fd278b8f1189eade4580e68513,OCX51_RS14270,IS1182 family transposase,IS,other_transposase_or_IS,1
NZ_AP024743.1,1d2bb1fd278b8f1189eade4580e68513,OCX51_RS14350,IS6-like element IS257 family transposase,IS,other_transposase_or_IS,1
NZ_CP019052.1,1db33a1a13614baf4ea1dad2fb7b3ddb,BVL39_RS25605,IS1380-like element ISEcp1 family transposase,IS,other_transposase_or_IS,1
NZ_CP015534.1,1ddb9a4f23ebe3ce608084765eda125d,A2I67_RS13135,IS6-like element IS257 family transposase,IS,other_transposase_or_IS,1
NZ_CP015534.1,1ddb9a4f23ebe3ce608084765eda125d,A2I67_RS13210,DDE-type integrase/transposase/recombinase,transposase/recombinase,other_transposase_or_IS,1
NZ_CP020846.1,1e2ae7c5112185e90fa361f641a27410,B8O09_RS30710,Tn3 family transposase,Tn3,tn3_family_unit_transposon,1
NZ_CP077222.1,1e5376599593047841830589e55452f4,I6L47_RS21805,transposase,transposase,other_transposase_or_IS,1
NZ_CP077222.1,1e5376599593047841830589e55452f4,I6L47_RS21830,Tn3-like element TnAs1 family transposase,Tn3,tn3_family_unit_transposon,1
NZ_CP137433.1,1eb5aa9f920776e1d4eb7474a57a4715,R5O55_RS00715,Tn3-like element IS3000 family transposase,Tn3,tn3_family_unit_transposon,1
NZ_CP094530.1,1eb5eac27d6f63afc8d090fba846a128,MTP08_RS14275,TraG family conjugative transposon ATPase,transposon,other_transposase_or_IS,4
NZ_CP094530.1,1eb5eac27d6f63afc8d090fba846a128,MTP08_RS14295,conjugative transposon protein TraM,transposon,other_transposase_or_IS,4
NZ_CP094530.1,1eb5eac27d6f63afc8d090fba846a128,MTP08_RS14375,IS91 family transposase,IS,other_transposase_or_IS,4
NZ_CP094530.1,1eb5eac27d6f63afc8d090fba846a128,MTP08_RS14405,IS91 family transposase,IS,other_transposase_or_IS,4
NZ_CP094530.1,1eb5eac27d6f63afc8d090fba846a128,MTP08_RS14795,IS982 family transposase,IS,other_transposase_or_IS,4
NZ_CP142902.1,1ee51749d96ff539b9bc3f9a858beac6,VYI55_RS29020,Tn3-like element Tn3 family transposase,Tn3,tn3_family_unit_transposon,2
NZ_CP142902.1,1ee51749d96ff539b9bc3f9a858beac6,VYI55_RS29040,IS6-like element IS26 family transposase,IS,other_transposase_or_IS,2
NZ_CP031151.1,1f38d9958ebdc4ef648f0053fb67eda4,DU500_RS17140,RNA-guided endonuclease InsQ/TnpB family protein,Ins,other_transposase_or_IS,1
NZ_CP024106.1,1fead87ae529e458a955d6e3645fd871,CG481_RS24120,TnsD family Tn7-like transposition protein,Tn7,other_transposase_or_IS,2
NZ_CP024106.1,1fead87ae529e458a955d6e3645fd871,CG481_RS22340,Tn7-like element transposition protein TnsE,Tn7,other_transposase_or_IS,2
NZ_CP024106.1,1fead87ae529e458a955d6e3645fd871,CG481_RS22735,heteromeric transposase endonuclease subunit TnsA,transposase,other_transposase_or_IS,2
NZ_LR890551.1,20180b8d16d08b56a1f21311cd2a2394,JMX11_RS28355,Tn3-like element Tn3 family transposase,Tn3,tn3_family_unit_transposon,1
NZ_CP109777.1,202111ef8979a8b65203580ee92fa1f1,OHN14_RS25590,transposase,transposase,other_transposase_or_IS,1
NZ_CP109777.1,202111ef8979a8b65203580ee92fa1f1,OHN14_RS25605,IS91 family transposase,IS,other_transposase_or_IS,1
NZ_CP129828.1,204241a0c6d9d8dbba0f3c3d7cf56c88,QYQ88_RS30305,Tn3-like element Tn3 family transposase,Tn3,tn3_family_unit_transposon,1
NZ_CP074544.1,204d89fdfae2d2fd499e78aefc8c5547,KHV99_RS29170,Tn3-like element Tn3 family transposase,Tn3,tn3_family_unit_transposon,2
NZ_CP074544.1,204d89fdfae2d2fd499e78aefc8c5547,KHV99_RS29190,IS6-like element IS26 family transposase,IS,other_transposase_or_IS,2
NZ_CP084839.1,2076d913dff5a8c99288b296243bf8d6,LGM16_RS29075,Tn3-like element Tn5403 family transposase,Tn3,tn3_family_unit_transposon,1
NZ_CP086936.1,20957abe853f2633849ac8f7eb4601b8,LOE16_RS22435,Tn3 family transposase,Tn3,tn3_family_unit_transposon,2
NZ_AP019699.1,209754ae057eb2a0487de96b9125e593,SAP2_RS12730,IS6-like element IS257 family transposase,IS,other_transposase_or_IS,2
NZ_AP019699.1,209754ae057eb2a0487de96b9125e593,SAP2_RS12755,IS6-like element IS257 family transposase,IS,other_transposase_or_IS,2
NZ_AP019699.1,209754ae057eb2a0487de96b9125e593,SAP2_RS12760,IS6 family transposase,IS,other_transposase_or_IS,2
NC_017533.1,20a926376b43aaf1ebf78c91b0392d33,PAJ_RS21805,Rpn family recombination-promoting nuclease/putative transposase,transposase,other_transposase_or_IS,1
NC_017533.1,20a926376b43aaf1ebf78c91b0392d33,PAJ_RS22840,IS30 family transposase,IS,other_transposase_or_IS,1
NZ_CP050038.1,21314a6349e4519470111ddeb061362d,G9P49_RS22760,IS1 family transposase,IS,other_transposase_or_IS,1
NZ_CP079676.1,21e8dc5833acc4ef7bdae3c9a229ff13,KW562_RS26710,lipoprotein insertase outer membrane protein LolB,ins,unclear_likely_false_positive,1
NZ_CP045276.1,2201660f535a5cf64036c32701452531,FDZ14_RS35435,DDE-type integrase/transposase/recombinase,transposase/recombinase,other_transposase_or_IS,2
NZ_CP045276.1,2201660f535a5cf64036c32701452531,FDZ14_RS35450,IS3 family transposase,IS,other_transposase_or_IS,2
NZ_CP045276.1,2201660f535a5cf64036c32701452531,FDZ14_RS35820,guided entry of tail-anchored proteins factor 1,ins,unclear_likely_false_positive,2
NZ_CP045276.1,2201660f535a5cf64036c32701452531,FDZ14_RS36545,IS3 family transposase,IS,other_transposase_or_IS,2
NZ_CP064327.1,2258e618682dde9127f4c6e99f70bcb6,IUD19_RS11135,RNA-guided endonuclease InsQ/TnpB family protein,Ins,other_transposase_or_IS,1
NZ_CP015326.1,22ba544c0919ed95af8e05b7d4396e48,BEH_RS25575,Rpn family recombination-promoting nuclease/putative transposase,transposase,other_transposase_or_IS,1
NZ_CP092665.1,235a63ac7adf66b642833b04cc82113c,FH587_RS00010,IS110-like element ISLin1 family transposase,IS,other_transposase_or_IS,3
NZ_CP092665.1,235a63ac7adf66b642833b04cc82113c,FH587_RS00015,IS110-like element ISLin1 family transposase,IS,other_transposase_or_IS,3
NZ_CP092665.1,235a63ac7adf66b642833b04cc82113c,FH587_RS23520,transposase,transposase,other_transposase_or_IS,3
NZ_CP092665.1,235a63ac7adf66b642833b04cc82113c,FH587_RS00165,transposase,transposase,other_transposase_or_IS,3
NZ_CP092665.1,235a63ac7adf66b642833b04cc82113c,FH587_RS00355,transposase,transposase,other_transposase_or_IS,3
NZ_CP092665.1,235a63ac7adf66b642833b04cc82113c,FH587_RS00465,transposase,transposase,other_transposase_or_IS,3
NZ_CP086917.1,23b0ea1af8e58eb024b20564259bb74e,LOE18_RS24275,Tn3 family transposase,Tn3,tn3_family_unit_transposon,1
NZ_CP079876.1,23c9f169b15b784a3d747ed5eef4412b,KXD98_RS28295,Tn3 family transposase,Tn3,tn3_family_unit_transposon,1
NC_011994.1,243a2780282c37c4d41500153bf23a33,ARAD_RS34135,Tn3 family transposase,Tn3,tn3_family_unit_transposon,1
NZ_CP085436.1,244c9bdc9dfdc7ef56ddc42431c1ca05,LIT34_RS30075,guided entry of tail-anchored proteins factor 1,ins,unclear_likely_false_positive,1
NZ_CP050190.1,249530ed58e008e8f4da76f5fa1238ca,G9457_RS24195,Tn3 family transposase,Tn3,tn3_family_unit_transposon,1
NZ_CP021945.1,24c69fc6216d71b05d9b1f3ea6086af3,AM399_RS26835,Tn3-like element IS3000 family transposase,Tn3,tn3_family_unit_transposon,1
NZ_CP049092.1,24f8c4462a2085256db70db3495fa1eb,RES7_RS11425,IS6 family transposase,IS,other_transposase_or_IS,1
NZ_CP049092.1,24f8c4462a2085256db70db3495fa1eb,RES7_RS12120,IS6 family transposase,IS,other_transposase_or_IS,1
NZ_CP041407.1,24fc17128127af974187cbea63355b88,FM071_RS10550,transposase,transposase,other_transposase_or_IS,1
NZ_CP081909.1,250555c40ccd13b2cb09270bf8b15dda,K6V28_RS00140,conjugative transposon protein TraM,transposon,other_transposase_or_IS,2
NZ_CP081909.1,250555c40ccd13b2cb09270bf8b15dda,K6V28_RS00145,conjugative transposon protein TraN,transposon,other_transposase_or_IS,2
NZ_CP069402.1,253c755491480acb1eeae49450769d53,ICR95_RS27665,IS110 family RNA-guided transposase,IS,other_transposase_or_IS,3
NZ_CP069402.1,253c755491480acb1eeae49450769d53,ICR95_RS27675,Tn3 family transposase,Tn3,tn3_family_unit_transposon,3
NZ_CP069402.1,253c755491480acb1eeae49450769d53,ICR95_RS27830,Tn3 family transposase,Tn3,tn3_family_unit_transposon,3
NZ_CP120168.1,2599440bdc3e006af29acd9107d132b9,P3U02_RS14060,IS6 family transposase,IS,other_transposase_or_IS,1
NZ_CP093462.1,262f30dbc3ba5e6531356ca96c42e4fa,MO416_RS28070,IS1-like element IS1X2 family transposase,IS,other_transposase_or_IS,1
NZ_CP093462.1,262f30dbc3ba5e6531356ca96c42e4fa,MO416_RS28045,IS1-like element IS1X2 family transposase,IS,other_transposase_or_IS,1
NZ_CP086773.1,26ea9ae729378b8ccbc71370679498e8,LOE41_RS24555,ISKra4 family transposase,IS,other_transposase_or_IS,1
NZ_CP086773.1,26ea9ae729378b8ccbc71370679498e8,LOE41_RS24575,Tn3 family transposase,Tn3,tn3_family_unit_transposon,1
NZ_CP132373.1,27106e4c0d638e85e603aacfadf5ee44,RAM33_RS13765,IS6-like element IS257 family transposase,IS,other_transposase_or_IS,2
NZ_CP132373.1,27106e4c0d638e85e603aacfadf5ee44,RAM33_RS13775,IS6-like element IS257 family transposase,IS,other_transposase_or_IS,2
NZ_CP132373.1,27106e4c0d638e85e603aacfadf5ee44,RAM33_RS13795,IS6 family transposase,IS,other_transposase_or_IS,2
NZ_CP132319.1,279034ded73ff931721c5c90592cb8ed,Q9314_RS28270,Tn3 family transposase,Tn3,tn3_family_unit_transposon,1
NZ_CP037915.1,2793b0d917b2e16fbda00274c8c2a037,E2E30_RS19965,Tn3 family transposase,Tn3,tn3_family_unit_transposon,1
NZ_CP021147.1,27fdc120d64823db754c4d995cf9b1ea,CAY59_RS27610,Tn3 family transposase,Tn3,tn3_family_unit_transposon,1
NZ_CP133366.1,28917dae35b1656f2aaa0c43a55bb06d,RCI28_RS30215,ISNCY family transposase,IS,other_transposase_or_IS,2
NZ_CP133366.1,28917dae35b1656f2aaa0c43a55bb06d,RCI28_RS30315,Tn3 family transposase,Tn3,tn3_family_unit_transposon,2
NZ_CP100749.1,28cdc4b2ba75b9dd52125bba475cf9fc,NL707_RS23130,IS1 family transposase,IS,other_transposase_or_IS,1
NC_017919.1,28d6a40514a335a8fec8f088836b1640,MWE_RS07980,IS607-like element IS607 family transposase,IS,other_transposase_or_IS,2
NC_017919.1,28d6a40514a335a8fec8f088836b1640,MWE_RS07985,RNA-guided endonuclease InsQ/TnpB family protein,Ins,other_transposase_or_IS,2
NZ_AP021976.1,290216c7de9dae3a7add5e5c7a7fd002,H7R56_RS27390,Tn3-like element Tn5403 family transposase,Tn3,tn3_family_unit_transposon,1
NZ_CP056646.1,2924e4fc91255673c6d89642b34450cb,HV139_RS25110,Tn3 family transposase,Tn3,tn3_family_unit_transposon,1
NC_017077.1,294aa11d09de1db35e9fd6e7e766477c,SELR_RS15580,Rpn family recombination-promoting nuclease/putative transposase,transposase,other_transposase_or_IS,2
NC_017077.1,294aa11d09de1db35e9fd6e7e766477c,SELR_RS15610,Rpn family recombination-promoting nuclease/putative transposase,transposase,other_transposase_or_IS,2
NZ_OW970418.1,2950138833d90ae278e3fc989e826e48,LQV26_RS27540,Tn3-like element Tn5403 family transposase,Tn3,tn3_family_unit_transposon,1
NZ_CP126331.1,2955b3fbd71701f0660b007859f5be27,QN090_RS23280,IS1 family transposase,IS,other_transposase_or_IS,2
NZ_CP126331.1,2955b3fbd71701f0660b007859f5be27,QN090_RS23450,IS1 family transposase,IS,other_transposase_or_IS,2
NZ_CP124064.1,29603ba42684fff2457dd8184624f855,QIA20_RS00235,transposase,transposase,other_transposase_or_IS,1
NZ_OY725917.1,297136ee8be9466e689f0f5120ec23dc,UHF62_RS08480,Rpn family recombination-promoting nuclease/putative transposase,transposase,other_transposase_or_IS,1
NZ_CP116927.1,29f982868bc74e8514a510996bf703c7,NL421_RS00090,transposase,transposase,other_transposase_or_IS,1
NZ_CP116927.1,29f982868bc74e8514a510996bf703c7,NL421_RS00105,IS91 family transposase,IS,other_transposase_or_IS,1
NZ_AP025779.1,2a0ce621a95a16fb2a878f9a11106ad0,NGJ89_RS24465,IS6-like element IS6100 family transposase,IS,other_transposase_or_IS,1
NZ_LR130560.1,2a15ce9c8f19e6dc5a5e88bc855f5e76,EW040_RS27350,IS1 family transposase,IS,other_transposase_or_IS,1
NZ_CP025679.1,2a6426bdd70378eabb75799414cff41a,C0R48_RS26575,IS30-like element ISApl1 family transposase,IS,other_transposase_or_IS,1
NZ_CP031400.1,2a7f4801f95bbaf95ee43960d6f70ba2,BbuMM1_RS07050,RNA-guided endonuclease TnpB family protein,Tnp,other_transposase_or_IS,1
NZ_CP031400.1,2a7f4801f95bbaf95ee43960d6f70ba2,BbuMM1_RS07105,RNA-guided endonuclease TnpB family protein,Tnp,other_transposase_or_IS,1
NZ_CP034068.1,2a8b82bbadf48ca8736820a361eefc0e,EGX92_RS25315,IS91 family transposase,IS,other_transposase_or_IS,1
NZ_CP034068.1,2a8b82bbadf48ca8736820a361eefc0e,EGX92_RS25365,transposase,transposase,other_transposase_or_IS,1
NZ_OY725801.1,2a8fcdda7516039c69399347e6c190fa,UNS60_RS18900,membrane protein insertion efficiency factor YidD,insertion,other_transposase_or_IS,1
NZ_CP010647.1,2acd2eeb4c5c5dae87dab2c11e80eb79,PhaeoP36_RS19490,Tn3 family transposase,Tn3,tn3_family_unit_transposon,2
NZ_CP010647.1,2acd2eeb4c5c5dae87dab2c11e80eb79,PhaeoP36_RS19535,Tn3 family transposase,Tn3,tn3_family_unit_transposon,2
NZ_LR882965.1,2af481e774c77f1041b50ccc00832ed6,NMG84_RS21950,transposase,transposase,other_transposase_or_IS,1
NZ_LR882965.1,2af481e774c77f1041b50ccc00832ed6,NMG84_RS21970,IS1634 family transposase,IS,other_transposase_or_IS,1
NZ_LR882965.1,2af481e774c77f1041b50ccc00832ed6,NMG84_RS22010,Rpn family recombination-promoting nuclease/putative transposase,transposase,other_transposase_or_IS,1
NZ_CP136814.1,2b5b9c15adebb461693ac455c2976095,R1157_RS22415,Tn3-like element TnAs1 family transposase,Tn3,tn3_family_unit_transposon,1
NZ_CP050991.1,2c022ac4d98436e812acbfc4a447594a,FOB43_RS00150,REP-associated tyrosine transposase,transposase,other_transposase_or_IS,1
NZ_CP018853.1,2c6f1b738c39e603e425a4e1ceeaea10,BI315_RS25130,Tn3-like element ISXc4 family transposase,Tn3,tn3_family_unit_transposon,1
NZ_CP018853.1,2c6f1b738c39e603e425a4e1ceeaea10,BI315_RS25140,IS3 family transposase,IS,other_transposase_or_IS,1
NZ_CP014627.1,2c73d641b521339a267d5fccead1e859,AYR52_RS12505,IS30 family transposase,IS,other_transposase_or_IS,1
NZ_CP014627.1,2c73d641b521339a267d5fccead1e859,AYR52_RS13905,IS5/IS1182 family transposase,IS,other_transposase_or_IS,1
NZ_CP115264.1,2ca8ebeb5c6824298917b97a7bac0108,PCP74_RS30600,transposase,transposase,other_transposase_or_IS,1
NZ_CP066609.1,2cf4fb9ca1d9086f896d19b836bbf404,JCP68_RS14870,ISL3-like element IS1251 family transposase,IS,other_transposase_or_IS,3
NZ_CP066609.1,2cf4fb9ca1d9086f896d19b836bbf404,JCP68_RS14970,ISL3-like element IS1251 family transposase,IS,other_transposase_or_IS,3
NZ_CP066609.1,2cf4fb9ca1d9086f896d19b836bbf404,JCP68_RS15065,IS110 family RNA-guided transposase,IS,other_transposase_or_IS,3
NZ_CP021282.1,2d67255bcc0927c7b266b22353293cbd,CA924_RS16455,Tn3 family transposase,Tn3,tn3_family_unit_transposon,1
NZ_CP054694.1,2d8222980572487706530f122e09dca3,HUN01_RS00580,transposase,transposase,other_transposase_or_IS,2
NZ_CP102507.1,2d83d2ab68d5f63c2bd1f21a81bfa47b,NUG39_RS27030,Tn3-like element Tn5403 family transposase,Tn3,tn3_family_unit_transposon,1
NZ_CP043263.1,2de3b3ab55bf89f1738084c528d874b1,FYK19_RS24550,Rpn family recombination-promoting nuclease/putative transposase,transposase,other_transposase_or_IS,1
NZ_CP072796.1,2e1437e8e22fd1ad995554e665adc9d8,J9260_RS18220,Tn3 family transposase,Tn3,tn3_family_unit_transposon,1
NZ_OY725938.1,2e2f7718081038efaf26a4be03ded73a,UHF62_RS14260,conjugative transposon protein TraJ,transposon,other_transposase_or_IS,3
NZ_OY725938.1,2e2f7718081038efaf26a4be03ded73a,UHF62_RS14265,conjugative transposon protein TraK,transposon,other_transposase_or_IS,3
NZ_OY725938.1,2e2f7718081038efaf26a4be03ded73a,UHF62_RS14280,conjugative transposon protein TraM,transposon,other_transposase_or_IS,3
NZ_OY725938.1,2e2f7718081038efaf26a4be03ded73a,UHF62_RS14285,conjugative transposon protein TraN,transposon,other_transposase_or_IS,3
NZ_CP086983.1,2e5a022d233e629d1018f826363463d4,LOE09_RS21560,Tn3 family transposase,Tn3,tn3_family_unit_transposon,2
NZ_CP086983.1,2e5a022d233e629d1018f826363463d4,LOE09_RS21985,ISKra4 family transposase,IS,other_transposase_or_IS,2
NZ_CP054354.1,2e78b1103d5464a921e66f6adcd911bb,HPE50_RS25695,Rpn family recombination-promoting nuclease/putative transposase,transposase,other_transposase_or_IS,1
NZ_CP102305.1,2eae963adc3878d48c2a5e8df3202d57,NQ194_RS16240,Rpn family recombination-promoting nuclease/putative transposase,transposase,other_transposase_or_IS,2
NZ_CP027223.1,2ebad7e7698c739ed82b12ebd8c73382,C6H98_RS28550,defense against restriction DarA-related protein,ins,unclear_likely_false_positive,1
NZ_CP027223.1,2ebad7e7698c739ed82b12ebd8c73382,C6H98_RS28845,IS3-like element IS1203 family transposase,IS,other_transposase_or_IS,1
NC_001988.2,2ebcac19ad362b56bb884abe70c8a29f,CA_RS20490,Tn3 family transposase,Tn3,tn3_family_unit_transposon,1
NC_001988.2,2ebcac19ad362b56bb884abe70c8a29f,CA_RS19680,Tn3 family transposase,Tn3,tn3_family_unit_transposon,1
NZ_CP058532.1,2ecd304a4837c1d11667486b491f6844,HUG10_RS21395,transposase,transposase,other_transposase_or_IS,1
NZ_CP071726.1,2ee8cea68e1ff622b43b93dc3c6610a3,HRE53_RS34100,IS1 family transposase,IS,other_transposase_or_IS,1
NZ_CP071726.1,2ee8cea68e1ff622b43b93dc3c6610a3,HRE53_RS34140,transposase,transposase,other_transposase_or_IS,1
NZ_CP030774.1,2eeb27f7cb6377cdd491bc66686069e6,B7485_RS24915,transposase,transposase,other_transposase_or_IS,1
NZ_CP030774.1,2eeb27f7cb6377cdd491bc66686069e6,B7485_RS24930,IS91 family transposase,IS,other_transposase_or_IS,1
NZ_CP087019.1,2f046ddb8c079384307bdf0b500e9de3,LOE45_RS19995,Tn3 family transposase,Tn3,tn3_family_unit_transposon,1
NZ_CP087019.1,2f046ddb8c079384307bdf0b500e9de3,LOE45_RS20420,ISKra4 family transposase,IS,other_transposase_or_IS,1
NZ_CP010118.1,2f2755b93b1e189ed36411b928cbdd6a,RG25_RS24865,transposase,transposase,other_transposase_or_IS,1
NZ_CP010118.1,2f2755b93b1e189ed36411b928cbdd6a,RG25_RS24880,IS91 family transposase,IS,other_transposase_or_IS,1
NZ_CP087008.1,2f5b1222f371ca3bf81470dd02841569,LOE06_RS23970,Tn3 family transposase,Tn3,tn3_family_unit_transposon,1
NZ_CP070241.1,2f992ad10d158b6c69e1f2fdf4f96b3d,I6J39_RS00015,IS5 family transposase,IS,other_transposase_or_IS,1
NZ_CP101469.1,2f9cf221577fb92549a649108704e9c7,NMQ04_RS22845,insoluble domain protein,ins,unclear_likely_false_positive,2
NZ_CP101469.1,2f9cf221577fb92549a649108704e9c7,NMQ04_RS23095,Tn3 family transposase,Tn3,tn3_family_unit_transposon,2
NZ_CP031960.1,2fee25b392f92b6299beece25ec9e8f2,D1820_RS18800,IS6 family transposase,IS,other_transposase_or_IS,1
NZ_CP031960.1,2fee25b392f92b6299beece25ec9e8f2,D1820_RS18995,transposase,transposase,other_transposase_or_IS,1
NZ_LR214943.1,301153bb89c383aba44eecf385ad8de9,EXC29_RS07255,IS3 family transposase,IS,other_transposase_or_IS,1
NZ_CP083095.1,304914fc2f11070b84f781efec449bd2,K8Z39_RS35165,Tn3 family transposase,Tn3,tn3_family_unit_transposon,1
NZ_CP081915.1,309abbbc12b973d5117ccb1144b7b4d8,K6V30_RS00390,conjugative transposon protein TraN,transposon,other_transposase_or_IS,2
NZ_CP081915.1,309abbbc12b973d5117ccb1144b7b4d8,K6V30_RS00395,conjugative transposon protein TraM,transposon,other_transposase_or_IS,2
NZ_CP028563.1,30c8205e4707319c2657f3f8dcfd4a20,C1A23_RS00095,Tn3 family transposase,Tn3,tn3_family_unit_transposon,1
NZ_CP027536.1,30e16729ad3c9106c2fffe4b382f3540,AM460_RS27040,IS1 family transposase,IS,other_transposase_or_IS,2
NZ_CP027536.1,30e16729ad3c9106c2fffe4b382f3540,AM460_RS27310,Tn3-like element Tn3 family transposase,Tn3,tn3_family_unit_transposon,2
NZ_CP110898.1,30e37de211902edc20c44ac533f9210b,OQW59_RS28845,Tn3-like element Tn5403 family transposase,Tn3,tn3_family_unit_transposon,1
NZ_CP028878.1,30e984ba7c1ff46ad11874faa486b873,DB299_RS05585,RNA-guided endonuclease InsQ/TnpB family protein,Ins,other_transposase_or_IS,1
NZ_CP028878.1,30e984ba7c1ff46ad11874faa486b873,DB299_RS05725,transposase,transposase,other_transposase_or_IS,1
NZ_AP024193.1,3116dc6233684c9ce2c9d701bf9dabc8,K6K05_RS23715,insoluble domain protein,ins,unclear_likely_false_positive,1
NZ_AP024193.1,3116dc6233684c9ce2c9d701bf9dabc8,K6K05_RS24385,Mu transposase C-terminal domain-containing protein,transposase,other_transposase_or_IS,1
NZ_CP086813.1,3131a16a5ba63250d405d0c484027f3b,LOE27_RS23450,Tn3 family transposase,Tn3,tn3_family_unit_transposon,1
NZ_CP014097.2,314529f1091010d39cb10c0e5b0c7d78,AL477_RS00590,IS91 family transposase,IS,other_transposase_or_IS,1
NZ_CP111068.1,314e29de4ff8752c901e2c5c8edba916,OQ292_RS40370,IS5 family transposase,IS,other_transposase_or_IS,1
NZ_CP111068.1,314e29de4ff8752c901e2c5c8edba916,OQ292_RS40405,IS200/IS605 family transposase,IS,other_transposase_or_IS,1
NZ_CP100692.1,328fdb7a118b4932b08d108565336aba,NL690_RS24380,transposase,transposase,other_transposase_or_IS,1
NZ_CP098704.1,32d1eaa7ee31e8646b4bf18b346f654a,ND437_RS17110,Tn3 family transposase,Tn3,tn3_family_unit_transposon,1
NZ_CP039843.1,32ed0d487ca83da91bbc3330a74f27ec,E3175_RS27475,Tn3-like element Tn3 family transposase,Tn3,tn3_family_unit_transposon,1
NZ_CP039843.1,32ed0d487ca83da91bbc3330a74f27ec,E3175_RS27560,defense against restriction DarA-related protein,ins,unclear_likely_false_positive,1
NZ_CP012563.1,330c8255638f4096aa862d79f8cf161f,AM277_RS27635,IS1-like element IS1B family transposase,IS,other_transposase_or_IS,1
NC_015686.1,331adc7088816b3f5a2e13e65bceeed6,SMB_RS20970,Tn3 family transposase,Tn3,tn3_family_unit_transposon,1
NC_015686.1,331adc7088816b3f5a2e13e65bceeed6,SMB_RS19640,Tn3 family transposase,Tn3,tn3_family_unit_transposon,1
NZ_CP072340.1,335506dd6ba3999a230ff8342e18eadf,J4865_RS00005,conjugative transposon protein TraJ,transposon,other_transposase_or_IS,5
NZ_CP072340.1,335506dd6ba3999a230ff8342e18eadf,J4865_RS00010,conjugative transposon protein TraK,transposon,other_transposase_or_IS,5
NZ_CP072340.1,335506dd6ba3999a230ff8342e18eadf,J4865_RS00020,conjugative transposon protein TraM,transposon,other_transposase_or_IS,5
NZ_CP072340.1,335506dd6ba3999a230ff8342e18eadf,J4865_RS00025,conjugative transposon protein TraN,transposon,other_transposase_or_IS,5
NZ_CP072340.1,335506dd6ba3999a230ff8342e18eadf,J4865_RS00755,TraG family conjugative transposon ATPase,transposon,other_transposase_or_IS,5
NZ_CP016031.1,337a4c4df0c5779492a048d9844b14fe,A9P84_RS15730,Tn3 family transposase,Tn3,tn3_family_unit_transposon,1
NZ_CP084411.1,337a7d2a254ac34c736f570ac5da4572,LDB29_RS29090,Tn3 family transposase,Tn3,tn3_family_unit_transposon,1
NZ_CP090374.1,338b844f813a09283ff624d1e7bf1759,Hbl1158_RS17010,transposase,transposase,other_transposase_or_IS,1
NZ_CP077833.1,33f7fe499ea0104d273d148a8419837a,KU224_RS19225,heteromeric transposase endonuclease subunit TnsA,transposase,other_transposase_or_IS,3
NZ_CP077833.1,33f7fe499ea0104d273d148a8419837a,KU224_RS19245,transposase,transposase,other_transposase_or_IS,3
NZ_OW969909.1,346c729e012961d9edda62e7b6868e50,LQ142_RS26465,Tn3-like element Tn5403 family transposase,Tn3,tn3_family_unit_transposon,1
NZ_CP033047.1,34f303e1baca841fd90c8a6d4bc343c5,D9782_RS24020,TnpV protein,Tnp,other_transposase_or_IS,1
NZ_CP066196.1,350a657f6d1b2f6cbc2c08e6f455cc2f,JC776_RS21765,heteromeric transposase endonuclease subunit TnsA,transposase,other_transposase_or_IS,2
NZ_CP066196.1,350a657f6d1b2f6cbc2c08e6f455cc2f,JC776_RS21780,TnsD family transposase,transposase,other_transposase_or_IS,2
NZ_CP066196.1,350a657f6d1b2f6cbc2c08e6f455cc2f,JC776_RS21785,Tn7-like element transposition protein TnsE,Tn7,other_transposase_or_IS,2
NZ_CP110656.1,354eec19d01f93e8a5b4af09f9713220,ONZ57_RS22795,Tn3 family transposase,Tn3,tn3_family_unit_transposon,1
NZ_CP080292.1,35906b32caf6f3aefcceec9ee5e3e236,KZ987_RS18660,IS3 family transposase,IS,other_transposase_or_IS,1
NZ_CP080292.1,35906b32caf6f3aefcceec9ee5e3e236,KZ987_RS18115,YidC/Oxa1 family membrane protein insertase,ins,unclear_likely_false_positive,1
NZ_OY725884.1,36035418e349d0342ea98b3466053956,UHF62_RS00030,ISL3 family transposase,IS,other_transposase_or_IS,1
NZ_CP060126.1,361f117d65e11480a4580d032fb1d72f,H3V42_RS33325,Tn3 family transposase,Tn3,tn3_family_unit_transposon,1
NZ_CP060126.1,361f117d65e11480a4580d032fb1d72f,H3V42_RS33350,Tn3 family transposase,Tn3,tn3_family_unit_transposon,1
NZ_CP137492.1,363ee509f69fb41de9214834187d2339,R5018_RS33440,Tn3 family transposase,Tn3,tn3_family_unit_transposon,1
NZ_CP059741.1,3657685f0483b312fe18ca78ecaa816e,HI848_RS14245,IS3 family transposase,IS,other_transposase_or_IS,1
NZ_CP042362.1,36c4ea65471d3cdaa254a8889706ebc7,FS593_RS21780,Tn3 family transposase,Tn3,tn3_family_unit_transposon,2
NZ_CP042362.1,36c4ea65471d3cdaa254a8889706ebc7,FS593_RS21985,Tn3 family transposase,Tn3,tn3_family_unit_transposon,2
NZ_CP032318.1,36fcb0abedf64047c52f120cbcf3613d,D3Y59_RS17860,Tn3 family transposase,Tn3,tn3_family_unit_transposon,1
NZ_CP087041.1,370d8504c622a7b57f152f4d3d32b325,LOE43_RS24645,Tn3 family transposase,Tn3,tn3_family_unit_transposon,2
NZ_CP074445.1,371f13626f484dbd27a11de4b2c1626d,KHV88_RS27910,Tn3-like element Tn3 family transposase,Tn3,tn3_family_unit_transposon,2
NZ_CP074445.1,371f13626f484dbd27a11de4b2c1626d,KHV88_RS27930,IS6-like element IS26 family transposase,IS,other_transposase_or_IS,2
NZ_CP029116.1,37cba548452e739f5d6a3be6c2b29eee,CSC22_RS25715,IS1-like element IS1B family transposase,IS,other_transposase_or_IS,1
NZ_CP050033.1,37cd9fa40c26c04a4e0238bf98f36d1e,G9P48_RS22720,IS91-like element ISCR2 family transposase,IS,other_transposase_or_IS,1
NZ_CP139966.1,37cef2abc306a8f6dc737b35b0f41226,U0042_RS29855,Tn3 family transposase,Tn3,tn3_family_unit_transposon,1
NZ_CP044201.1,38540db489394c2994b99a37ca9b4923,F4V18_RS23435,transposase,transposase,other_transposase_or_IS,1
NZ_CP097096.1,387538c2683d9a2d99fd48e78fd6dc08,HPY99_RS22615,IS1-like element IS1A family transposase,IS,other_transposase_or_IS,1
NZ_CP102298.1,388bcbfd840f473d9fa5c3b361ea1316,NQ193_RS14835,Rpn family recombination-promoting nuclease/putative transposase,transposase,other_transposase_or_IS,1
NZ_CP079639.1,38a3a069fdc1a7487cc4b0caac1a4c7e,KW557_RS27740,Tn3-like element Tn3 family transposase,Tn3,tn3_family_unit_transposon,1
NZ_CP088924.1,38ab674c4aa39f330c021eec7d742bec,LRK53_RS18590,Tn3 family transposase,Tn3,tn3_family_unit_transposon,3
NZ_CP088924.1,38ab674c4aa39f330c021eec7d742bec,LRK53_RS18640,Tn3 family transposase,Tn3,tn3_family_unit_transposon,3
NZ_CP088924.1,38ab674c4aa39f330c021eec7d742bec,LRK53_RS18650,transposase,transposase,other_transposase_or_IS,3
NZ_CP016801.1,38ba95bd1ef63899c73d320d2588b217,AZI09_RS12855,IS30 family transposase,IS,other_transposase_or_IS,1
NZ_CP051417.1,38bf32d5aa0b6117ac8815f2f7183fea,HFQ44_RS23590,IS91 family transposase,IS,other_transposase_or_IS,1
NZ_CP051417.1,38bf32d5aa0b6117ac8815f2f7183fea,HFQ44_RS23605,transposase,transposase,other_transposase_or_IS,1
NZ_CP049284.1,3933f455e70eacfba983a8501fa3ccc9,G5S55_RS25070,transposase,transposase,other_transposase_or_IS,1
NZ_CP049284.1,3933f455e70eacfba983a8501fa3ccc9,G5S55_RS25085,IS91 family transposase,IS,other_transposase_or_IS,1
NZ_CP018018.1,3983f671a0795d00b3c1fd19a3580709,Y71_RS29780,transposase,transposase,other_transposase_or_IS,1
NZ_CP086800.1,39a285e47d2853f90312c0763d025cbd,LOE37_RS19510,ISKra4 family transposase,IS,other_transposase_or_IS,1
NZ_CP086800.1,39a285e47d2853f90312c0763d025cbd,LOE37_RS19530,Tn3 family transposase,Tn3,tn3_family_unit_transposon,1
NZ_CP045120.1,39b121785a44e4a38b965cd417bf6dc5,GBA63_RS22505,Tn3 family transposase,Tn3,tn3_family_unit_transposon,1
NZ_CP086872.1,39b1c3cceae8fba627322c185939feca,LOE23_RS19765,Tn3 family transposase,Tn3,tn3_family_unit_transposon,1
NZ_CP099470.1,3a6da02b837fa46f5a5443eb9fe5a543,NFX46_RS40385,TnsA-like heteromeric transposase endonuclease subunit,transposase,other_transposase_or_IS,1
NZ_CP090990.1,3a6f7e1c1831e7330f0e6f5c11a6b4a5,KB232_RS11990,IS1182 family transposase,IS,other_transposase_or_IS,1
NZ_CP010621.1,3a7025b10dcb1f77869ff420bfdd2b67,PhaeoP30_RS20130,transposase,transposase,other_transposase_or_IS,1
NZ_CP109959.1,3a78b7d215b843739b0790f562f2d2c3,OKA01_RS16065,Rpn family recombination-promoting nuclease/putative transposase,transposase,other_transposase_or_IS,4
NZ_CP109959.1,3a78b7d215b843739b0790f562f2d2c3,OKA01_RS16105,Rpn family recombination-promoting nuclease/putative transposase,transposase,other_transposase_or_IS,4
NZ_CP109959.1,3a78b7d215b843739b0790f562f2d2c3,OKA01_RS16385,Rpn family recombination-promoting nuclease/putative transposase,transposase,other_transposase_or_IS,4
NZ_CP109959.1,3a78b7d215b843739b0790f562f2d2c3,OKA01_RS16400,Rpn family recombination-promoting nuclease/putative transposase,transposase,other_transposase_or_IS,4
NZ_CP086795.1,3a7d10e6abc711b418987accb68eb439,LOE38_RS21950,Tn3 family transposase,Tn3,tn3_family_unit_transposon,1
NZ_CP045278.1,3a967d4d26807a963d61388dbae2a943,GBF15_RS24015,IS1380-like element ISEcp1 family transposase,IS,other_transposase_or_IS,1
NC_020264.1,3ade53ffb0dce0ba26dd20e08d114889,A284_RS24490,IS6-like element IS257 family transposase,IS,other_transposase_or_IS,1
NZ_CP129846.1,3b2736fae634c5e7a8c59545f45eb69d,QYQ71_RS29295,IS1 family transposase,IS,other_transposase_or_IS,1
NC_013888.1,3b2dbb8aa3d00028d4a3e4bd5dd5d8c0,MFS40622_RS09280,IS607 family transposase,IS,other_transposase_or_IS,1
NC_013888.1,3b2dbb8aa3d00028d4a3e4bd5dd5d8c0,MFS40622_RS09285,IS200/IS605 family accessory protein TnpB-related protein,IS,other_transposase_or_IS,1
NZ_CP053237.1,3b51a1fdc8094c85be2698ef891a3693,HHJ24_RS26750,Tn3 family transposase,Tn3,tn3_family_unit_transposon,1
NZ_CP024895.1,3b615d9116454b9cfab57d90fcfaf60a,CU254_RS41515,transposase,transposase,other_transposase_or_IS,2
NZ_CP024895.1,3b615d9116454b9cfab57d90fcfaf60a,CU254_RS41535,IS110 family transposase,IS,other_transposase_or_IS,2
NZ_CP024895.1,3b615d9116454b9cfab57d90fcfaf60a,CU254_RS41545,TnsA-like heteromeric transposase endonuclease subunit,transposase,other_transposase_or_IS,2
NZ_CP024895.1,3b615d9116454b9cfab57d90fcfaf60a,CU254_RS42165,Tn3 family transposase,Tn3,tn3_family_unit_transposon,2
NZ_CP048385.1,3be4ccc0b73088fe01115830305a5b26,GZS04_RS25670,terminus macrodomain insulation protein YfbV,ins,unclear_likely_false_positive,1
NC_015582.1,3bf55f65c8749294d44e0fb1efb9c166,PP1Y_RS00110,Tn3 family transposase,Tn3,tn3_family_unit_transposon,1
NZ_AP022284.1,3c4161ebd5e2baec253a32ad5c7c4a09,H7R74_RS22120,Tn3 family transposase,Tn3,tn3_family_unit_transposon,1
NZ_CP040909.1,3c8d89aef069583ec06b194abe9b27ab,FH779_RS17450,IS30 family transposase,IS,other_transposase_or_IS,1
NZ_CP016361.1,3c9dc994dffb89d408723951d4984e66,BA201_RS29105,Tn3 family transposase,Tn3,tn3_family_unit_transposon,1
NZ_AP028389.1,3cf2f8fa0c76eb8ad642ddb0b864fd1e,R8902_RS08475,RNA-guided endonuclease InsQ/TnpB family protein,Ins,other_transposase_or_IS,2
NZ_AP028389.1,3cf2f8fa0c76eb8ad642ddb0b864fd1e,R8902_RS08480,IS200/IS605 family transposase,IS,other_transposase_or_IS,2
NZ_CP077975.1,3d0dfc549f9fe08e3a3b1967746f3177,KUU78_RS31925,Tn3-like element TnAs1 family transposase,Tn3,tn3_family_unit_transposon,1
NZ_CP077975.1,3d0dfc549f9fe08e3a3b1967746f3177,KUU78_RS31950,transposase,transposase,other_transposase_or_IS,1
NZ_CP086814.1,3d23b48672497a196a6779dae85f68f4,LOE27_RS23850,Tn3 family transposase,Tn3,tn3_family_unit_transposon,1
NC_009345.1,3d7a85433a713f2435515d638d0a402a,SSON_RS26615,transposase,transposase,other_transposase_or_IS,1
NC_009345.1,3d7a85433a713f2435515d638d0a402a,SSON_RS30410,IS91 family transposase,IS,other_transposase_or_IS,1
NZ_CP087030.1,3dcc46e85d472f5c289f31d663febc71,LOE44_RS22805,ISKra4 family transposase,IS,other_transposase_or_IS,1
NZ_CP087030.1,3dcc46e85d472f5c289f31d663febc71,LOE44_RS22825,Tn3 family transposase,Tn3,tn3_family_unit_transposon,1
NZ_CP020881.1,3e2fcd7f5f580f488e22e1b278b5491e,B4U37_RS21655,YidC/Oxa1 family membrane protein insertase,ins,unclear_likely_false_positive,1
NZ_CP098702.1,3e58326df8f4e3f1aa39b33c1019e2a7,ND440_RS17185,Tn3 family transposase,Tn3,tn3_family_unit_transposon,1
NZ_CP098702.1,3e58326df8f4e3f1aa39b33c1019e2a7,ND440_RS17200,IS6 family transposase,IS,other_transposase_or_IS,1
NZ_CP119009.1,3e9f95c2c857b641957391b65773167c,PY721_RS25345,transposase,transposase,other_transposase_or_IS,1
NZ_CP119009.1,3e9f95c2c857b641957391b65773167c,PY721_RS25360,IS91 family transposase,IS,other_transposase_or_IS,1
NZ_CP086805.1,3eab8e5b042d8f8781e245880126d5e5,LOE37_RS23155,Tn3 family transposase,Tn3,tn3_family_unit_transposon,1
NZ_CP060473.1,3f23b5273fbe51196b814dbf1981f0fa,H8Z72_RS23965,Tn3-like element ISXc4 family transposase,Tn3,tn3_family_unit_transposon,2
NZ_CP060473.1,3f23b5273fbe51196b814dbf1981f0fa,H8Z72_RS25070,IS30 family transposase,IS,other_transposase_or_IS,2
NZ_CP060473.1,3f23b5273fbe51196b814dbf1981f0fa,H8Z72_RS24120,IS3 family transposase,IS,other_transposase_or_IS,2
NZ_CP103211.1,3f57bfd887745e34d7cfcd90f51ec398,NXU82_RS26975,conjugative transposon protein TraK,transposon,other_transposase_or_IS,2
NZ_CP103211.1,3f57bfd887745e34d7cfcd90f51ec398,NXU82_RS26990,conjugative transposon protein TraM,transposon,other_transposase_or_IS,2
NZ_CP103211.1,3f57bfd887745e34d7cfcd90f51ec398,NXU82_RS26995,conjugative transposon protein TraN,transposon,other_transposase_or_IS,2
NZ_CP137380.1,3f6384fd6cf9869affd76c783221776a,R5O52_RS26440,Tn3-like element IS3000 family transposase,Tn3,tn3_family_unit_transposon,1
NZ_CP127315.1,3f86b56e9aea6fb910d5a351df8c96bb,QRM69_RS25375,Tn3-like element Tn3 family transposase,Tn3,tn3_family_unit_transposon,1
NZ_CP090942.1,3fd57677e6cbd6fe43f1b8992d9cb353,LZT96_RS12040,IS6 family transposase,IS,other_transposase_or_IS,1
NZ_CP090942.1,3fd57677e6cbd6fe43f1b8992d9cb353,LZT96_RS12350,IS6 family transposase,IS,other_transposase_or_IS,1
NZ_CP055257.1,4019dedb0dd64ca52fcc3ad715f78abb,HUU84_RS24755,IS1380-like element ISEcp1 family transposase,IS,other_transposase_or_IS,1
NZ_OY725812.1,4039dcb45aaf752cffe3a540486aa3f1,UNS60_RS19430,TraG family conjugative transposon ATPase,transposon,other_transposase_or_IS,5
NZ_OY725812.1,4039dcb45aaf752cffe3a540486aa3f1,UNS60_RS19445,conjugative transposon protein TraJ,transposon,other_transposase_or_IS,5
NZ_OY725812.1,4039dcb45aaf752cffe3a540486aa3f1,UNS60_RS19450,conjugative transposon protein TraK,transposon,other_transposase_or_IS,5
NZ_OY725812.1,4039dcb45aaf752cffe3a540486aa3f1,UNS60_RS19460,conjugative transposon protein TraM,transposon,other_transposase_or_IS,5
NZ_OY725812.1,4039dcb45aaf752cffe3a540486aa3f1,UNS60_RS19465,conjugative transposon protein TraN,transposon,other_transposase_or_IS,5
NZ_CP033813.1,4084553d7fd9293df974b95c99c82526,EGX85_RS00085,IS6-like element IS257 family transposase,IS,other_transposase_or_IS,3
NZ_CP033813.1,4084553d7fd9293df974b95c99c82526,EGX85_RS00115,DDE-type integrase/transposase/recombinase,transposase/recombinase,other_transposase_or_IS,3
NZ_CP033813.1,4084553d7fd9293df974b95c99c82526,EGX85_RS00165,IS6 family transposase,IS,other_transposase_or_IS,3
NZ_CP033813.1,4084553d7fd9293df974b95c99c82526,EGX85_RS00190,IS6 family transposase,IS,other_transposase_or_IS,3
NZ_AP024199.1,409bdef1db23ced19398a3abcfdcb7bd,K6K12_RS24090,insoluble domain protein,ins,unclear_likely_false_positive,1
NZ_AP024199.1,409bdef1db23ced19398a3abcfdcb7bd,K6K12_RS24875,Mu transposase C-terminal domain-containing protein,transposase,other_transposase_or_IS,1
NZ_CP045693.1,40f9e2507706c809c3f03b4f55caf308,GHA50_RS01625,Tn3 family transposase,Tn3,tn3_family_unit_transposon,1
NZ_CP086806.1,4104153f93facad4afe4268f6a804257,LOE37_RS23385,Tn3 family transposase,Tn3,tn3_family_unit_transposon,3
NZ_CP086806.1,4104153f93facad4afe4268f6a804257,LOE37_RS23485,IS110 family RNA-guided transposase,IS,other_transposase_or_IS,3
NZ_CP051210.1,410ee9332279f65e70ede118efb23c46,HGD77_RS16475,IS256 family transposase,IS,other_transposase_or_IS,1
NZ_CP051210.1,410ee9332279f65e70ede118efb23c46,HGD77_RS16500,IS1-like element ISPa14 family transposase,IS,other_transposase_or_IS,1
NZ_CP021543.1,418901f282b8aba9b550465d8a63115e,AM426_RS29715,Tn3-like element Tn3 family transposase,Tn3,tn3_family_unit_transposon,2
NZ_CP021543.1,418901f282b8aba9b550465d8a63115e,AM426_RS29735,IS6-like element IS26 family transposase,IS,other_transposase_or_IS,2
NZ_CP046158.1,41aa4e3194137121a07a7dac9aed4fe0,GFS31_RS20305,Tn3 family transposase,Tn3,tn3_family_unit_transposon,2
NZ_CP046158.1,41aa4e3194137121a07a7dac9aed4fe0,GFS31_RS21170,IS1 family transposase,IS,other_transposase_or_IS,2
NZ_CP046158.1,41aa4e3194137121a07a7dac9aed4fe0,GFS31_RS21175,IS1 family transposase,IS,other_transposase_or_IS,2
NZ_LR882936.1,41c5f90be185b158e1d0ed2c6fa8cb4d,NMK38_RS22180,Rpn family recombination-promoting nuclease/putative transposase,transposase,other_transposase_or_IS,1
NZ_LR882936.1,41c5f90be185b158e1d0ed2c6fa8cb4d,NMK38_RS22215,IS701 family transposase,IS,other_transposase_or_IS,1
NZ_LR882936.1,41c5f90be185b158e1d0ed2c6fa8cb4d,NMK38_RS22220,transposase,transposase,other_transposase_or_IS,1
NZ_LR882936.1,41c5f90be185b158e1d0ed2c6fa8cb4d,NMK38_RS22225,IS701 family transposase,IS,other_transposase_or_IS,1
NZ_CP075194.1,428b0e3b4e41bb26f8aa633f077d29dc,KHO73_RS27225,conjugative transposon protein TraM,transposon,other_transposase_or_IS,2
NZ_CP075194.1,428b0e3b4e41bb26f8aa633f077d29dc,KHO73_RS27230,conjugative transposon protein TraN,transposon,other_transposase_or_IS,2
NZ_CP047900.1,428bdb620957a29a6109f949e295f52b,GU243_RS23970,Tn3 family transposase,Tn3,tn3_family_unit_transposon,2
NZ_CP047900.1,428bdb620957a29a6109f949e295f52b,GU243_RS23990,Tn3 family transposase,Tn3,tn3_family_unit_transposon,2
NZ_CP047900.1,428bdb620957a29a6109f949e295f52b,GU243_RS24135,Tn3 family transposase,Tn3,tn3_family_unit_transposon,2
NZ_CP141087.1,42a7a6113a080b8c622657d977fe6e75,U8P30_RS24330,Tn3-like element Tn3 family transposase,Tn3,tn3_family_unit_transposon,1
NZ_CP031110.1,42c683bcc5f710f1a1d5192845142e5b,DUT84_RS27375,Tn3-like element TnAs3 family transposase,Tn3,tn3_family_unit_transposon,2
NZ_CP031110.1,42c683bcc5f710f1a1d5192845142e5b,DUT84_RS27390,Tn3-like element Tn3 family transposase,Tn3,tn3_family_unit_transposon,2
NZ_LR215005.1,432b4ac2d0140a7b5d4ff521a602153d,EXC63_RS08630,Mbov_0401 family ICE element transposase-like protein,transposase-like,other_transposase_or_IS,1
NZ_LR215005.1,432b4ac2d0140a7b5d4ff521a602153d,EXC63_RS08635,IS30 family transposase,IS,other_transposase_or_IS,1
NZ_LR215005.1,432b4ac2d0140a7b5d4ff521a602153d,EXC63_RS08980,transposase,transposase,other_transposase_or_IS,1
NZ_LR215005.1,432b4ac2d0140a7b5d4ff521a602153d,EXC63_RS10250,IS3 family transposase,IS,other_transposase_or_IS,1
NZ_CP083837.1,433c6aa1850342276224f26d6144bf06,LCD48_RS26460,Tn3 family transposase,Tn3,tn3_family_unit_transposon,2
NZ_CP083837.1,433c6aa1850342276224f26d6144bf06,LCD48_RS26470,IS481-like element ISKpn27 family transposase,IS,other_transposase_or_IS,2
NZ_CP083837.1,433c6aa1850342276224f26d6144bf06,LCD48_RS26485,IS1182-like element ISKpn6 family transposase,IS,other_transposase_or_IS,2
NZ_CP122910.1,43a05fbf6e55796dbeba7e7aab72fba5,QDX08_RS25270,defense against restriction DarA-related protein,ins,unclear_likely_false_positive,1
NZ_CP122910.1,43a05fbf6e55796dbeba7e7aab72fba5,QDX08_RS25340,IS91-like element IS91 family transposase,IS,other_transposase_or_IS,1
NZ_CP091699.1,43a45f03ad673aad5ac6dd93f084b500,L6L55_RS00545,IS1-like element IS1B family transposase,IS,other_transposase_or_IS,1
NC_015181.1,43a897f0e5b6f31f0c2fd0fe0f036727,ACMV_RS19220,Tn3 family transposase,Tn3,tn3_family_unit_transposon,2
NC_015181.1,43a897f0e5b6f31f0c2fd0fe0f036727,ACMV_RS19225,IS1595-like element ISAcr1 family transposase,IS,other_transposase_or_IS,2
NZ_CP018921.1,43de1d3af5653acdee437ac42fed0547,BVG94_RS25495,Tn3 family transposase,Tn3,tn3_family_unit_transposon,1
NZ_CP133664.1,44866cfe3b4bb7afa8f758058a97cf20,RGC89_RS13595,IS6-like element IS257 family transposase,IS,other_transposase_or_IS,2
NZ_CP133664.1,44866cfe3b4bb7afa8f758058a97cf20,RGC89_RS13635,DDE-type integrase/transposase/recombinase,transposase/recombinase,other_transposase_or_IS,2
NZ_CP022750.1,448e68bec3532ae74954b32b52141a3c,CJD35_RS23305,Tn3 family transposase,Tn3,tn3_family_unit_transposon,3
NZ_CP022750.1,448e68bec3532ae74954b32b52141a3c,CJD35_RS23635,Tn3 family transposase,Tn3,tn3_family_unit_transposon,3
NZ_CP022750.1,448e68bec3532ae74954b32b52141a3c,CJD35_RS23640,Tn3 family transposase,Tn3,tn3_family_unit_transposon,3
NZ_CP022750.1,448e68bec3532ae74954b32b52141a3c,CJD35_RS21645,Tn3 family transposase,Tn3,tn3_family_unit_transposon,3
NZ_CP022750.1,448e68bec3532ae74954b32b52141a3c,CJD35_RS21670,IS256 family transposase,IS,other_transposase_or_IS,3
NZ_CP118062.1,44be67864e3f0a012c782aa4f4dd69c7,PUW68_RS12155,IS6 family transposase,IS,other_transposase_or_IS,1
NZ_CP094607.1,44bf0b3607b1ba53277114db8f38fb92,MTX39_RS05955,RNA-guided endonuclease TnpB family protein,Tnp,other_transposase_or_IS,1
NZ_CP086925.1,4518b9b35782173dfa74d47f2f74cf53,LOE17_RS22275,Tn3 family transposase,Tn3,tn3_family_unit_transposon,1
NZ_CP065048.1,45349cd42e2d905190934f44ecfed703,I2456_RS28105,TnsA-like heteromeric transposase endonuclease subunit,transposase,other_transposase_or_IS,2
NZ_CP081914.1,45687f9b1f246b11c0a92ca403f3cc50,K6V30_RS00135,conjugative transposon protein TraK,transposon,other_transposase_or_IS,3
NZ_CP081914.1,45687f9b1f246b11c0a92ca403f3cc50,K6V30_RS00145,conjugative transposon protein TraM,transposon,other_transposase_or_IS,3
NZ_CP081914.1,45687f9b1f246b11c0a92ca403f3cc50,K6V30_RS00150,conjugative transposon protein TraN,transposon,other_transposase_or_IS,3
NZ_CP058723.1,45d3ca5861a6c8cb815e51cf80e41006,HZS86_RS23790,IS5-like element IS903B family transposase,IS,other_transposase_or_IS,1
NZ_CP058723.1,45d3ca5861a6c8cb815e51cf80e41006,HZS86_RS23800,transposase,transposase,other_transposase_or_IS,1
NZ_CP060458.1,46c2ec6332e92467b31af368e8f06a6c,H8Z74_RS23730,Tn3-like element ISXc4 family transposase,Tn3,tn3_family_unit_transposon,1
NZ_AP024190.1,4757c07799e14dc6d93b8c87a328e91d,K6K10_RS23985,insoluble domain protein,ins,unclear_likely_false_positive,1
NZ_AP024190.1,4757c07799e14dc6d93b8c87a328e91d,K6K10_RS24860,Mu transposase C-terminal domain-containing protein,transposase,other_transposase_or_IS,1
NZ_CP024467.1,477423eabc2f7b1437854db913d6f2d4,CPZ97_RS24240,Tn3-like element TnAs3 family transposase,Tn3,tn3_family_unit_transposon,3
NZ_CP024467.1,477423eabc2f7b1437854db913d6f2d4,CPZ97_RS24260,IS1-like element IS1B family transposase,IS,other_transposase_or_IS,3
NZ_CP024467.1,477423eabc2f7b1437854db913d6f2d4,CPZ97_RS24265,Tn3-like element Tn3 family transposase,Tn3,tn3_family_unit_transposon,3
NZ_CP024467.1,477423eabc2f7b1437854db913d6f2d4,CPZ97_RS24280,Tn3 family transposase,Tn3,tn3_family_unit_transposon,3
NZ_CP056240.1,4783534625a2b9d729ff7467a39094b0,HV330_RS26250,Tn3-like element Tn3 family transposase,Tn3,tn3_family_unit_transposon,1
NZ_OW967009.1,47ba6052338459620e1fc55089bcde19,LQ179_RS27250,Tn3-like element Tn3 family transposase,Tn3,tn3_family_unit_transposon,1
NZ_CP047042.1,47d1e024c11e5539b00618089acc2603,GQY06_RS21990,IS5/IS1182 family transposase,IS,other_transposase_or_IS,1
NZ_CP047042.1,47d1e024c11e5539b00618089acc2603,GQY06_RS21995,transposase,transposase,other_transposase_or_IS,1
NZ_CP047042.1,47d1e024c11e5539b00618089acc2603,GQY06_RS22115,transposase,transposase,other_transposase_or_IS,1
NZ_AP019396.1,4805442b70caa68127036cada35ad117,FNL85_RS14055,transposase,transposase,other_transposase_or_IS,1
NZ_CP118387.1,482ae4c504d63c584be2c777159cd97d,PWH45_RS24980,Tn3-like element Tn5403 family transposase,Tn3,tn3_family_unit_transposon,1
NZ_CP062197.1,486082aae61ff4bc5f934cacaeeb135a,IHE26_RS16690,Tn3-like element TnAs1 family transposase,Tn3,tn3_family_unit_transposon,1
NZ_AP019413.1,4873475555aef923c709fb55a422a300,M2494_RS29625,IS30-like element ISPsy38 family transposase,IS,other_transposase_or_IS,2
NZ_AP019413.1,4873475555aef923c709fb55a422a300,M2494_RS29705,Tn3-like element ISPsy39 family transposase,Tn3,tn3_family_unit_transposon,2
NZ_CP103239.1,48932f2e9d504deffbf814320456a3a0,NXV61_RS26940,conjugative transposon protein TraK,transposon,other_transposase_or_IS,3
NZ_CP103239.1,48932f2e9d504deffbf814320456a3a0,NXV61_RS26950,conjugative transposon protein TraM,transposon,other_transposase_or_IS,3
NZ_CP103239.1,48932f2e9d504deffbf814320456a3a0,NXV61_RS26955,conjugative transposon protein TraN,transposon,other_transposase_or_IS,3
NZ_CP123559.1,49432f49371e9ef8acb787a60d8862f4,QE197_RS25985,Rpn family recombination-promoting nuclease/putative transposase,transposase,other_transposase_or_IS,1
NZ_CP137394.1,499de2d3882a080e51103509001a0e63,R5O50_RS29065,Tn3-like element IS3000 family transposase,Tn3,tn3_family_unit_transposon,1
NZ_CP073998.1,49ea0328e093f228ebad972e6ed0a68c,KFU86_RS23350,IS1 family transposase,IS,other_transposase_or_IS,1
NZ_CP086898.1,4a38a1bca2f3b17e7ccc537bbdf407ae,LOE20_RS22170,Tn3 family transposase,Tn3,tn3_family_unit_transposon,1
NZ_CP122324.1,4a63d0777f57632d6b5ade2006765d0b,A7P62_RS23615,Rpn family recombination-promoting nuclease/putative transposase,transposase,other_transposase_or_IS,1
NZ_CP122324.1,4a63d0777f57632d6b5ade2006765d0b,A7P62_RS23710,Rpn family recombination-promoting nuclease/putative transposase,transposase,other_transposase_or_IS,1
NZ_CP118011.1,4a92ed8c54639e5aa15f4d73fb056b1f,PT272_RS15595,Tn3 family transposase,Tn3,tn3_family_unit_transposon,2
NZ_CP118011.1,4a92ed8c54639e5aa15f4d73fb056b1f,PT272_RS15630,Rpn family recombination-promoting nuclease/putative transposase,transposase,other_transposase_or_IS,2
NZ_CP036162.1,4a96f98b962812809d77dfe3c9381a15,DCX48_RS00420,Tn3 family transposase,Tn3,tn3_family_unit_transposon,1
NZ_CP070584.1,4a9d901894c6b7ac92c9200710090014,JW304_RS02270,Tn3-like element Tn5403 family transposase,Tn3,tn3_family_unit_transposon,1
NC_007411.1,4ababb4ac4ce766a80267ba748d47875,AVA_RS27890,IS1/IS1595 family N-terminal zinc-binding domain-containing protein,IS,other_transposase_or_IS,1
NZ_CP124019.1,4aec54145cefcb26c47d74f9e53c6424,QIA30_RS00075,transposase,transposase,other_transposase_or_IS,2
NZ_CP124019.1,4aec54145cefcb26c47d74f9e53c6424,QIA30_RS00090,transposase,transposase,other_transposase_or_IS,2
NZ_CP050368.1,4b04c52ec09001c56452405a3753d1dd,HB636_RS29555,Tn3-like element Tn5403 family transposase,Tn3,tn3_family_unit_transposon,1
NZ_CP069867.1,4b15d70a61081380eb7812819c9421ed,I6K12_RS25025,Rpn family recombination-promoting nuclease/putative transposase,transposase,other_transposase_or_IS,1
NZ_CP053763.1,4b2d6e2c773a6d1f3aa28592cb1c0320,COO90_RS27350,IS91 family transposase,IS,other_transposase_or_IS,1
NZ_CP053763.1,4b2d6e2c773a6d1f3aa28592cb1c0320,COO90_RS27365,transposase,transposase,other_transposase_or_IS,1
NZ_CP039154.1,4b53de255cd392b91cf6d46ebcc32860,E5Y90_RS17320,IS1182 family transposase,IS,other_transposase_or_IS,1
NZ_CP056325.1,4b5ba8b41817f956b6ce5b0e598e164c,HV285_RS28785,IS481 family transposase,IS,other_transposase_or_IS,2
NZ_CP056325.1,4b5ba8b41817f956b6ce5b0e598e164c,HV285_RS28165,Tn3 family transposase,Tn3,tn3_family_unit_transposon,2
NZ_CP056325.1,4b5ba8b41817f956b6ce5b0e598e164c,HV285_RS28210,Tn3-like element TnAs1 family transposase,Tn3,tn3_family_unit_transposon,2
NZ_CP067036.1,4b7cab3204f1476262da1aaed585fae3,EML540_RS26480,IS110-like element IS4321 family transposase,IS,other_transposase_or_IS,3
NZ_CP067036.1,4b7cab3204f1476262da1aaed585fae3,EML540_RS26500,IS110-like element IS4321 family transposase,IS,other_transposase_or_IS,3
NZ_OX460977.1,4bd04a5be3a7dd4ff35927e064e20718,QOS94_RS15785,Tn3 family transposase,Tn3,tn3_family_unit_transposon,2
NZ_OX460977.1,4bd04a5be3a7dd4ff35927e064e20718,QOS94_RS15885,Tn3 family transposase,Tn3,tn3_family_unit_transposon,2
NZ_CP036078.1,4c6a2b8a5509ff1818609c3e4a509c93,EXW59_RS01315,insecticidal delta-endotoxin domain-containing protein,ins,unclear_likely_false_positive,1
NZ_CP083010.1,4cf6dd96f51d6df40fa82de5100d5fa3,K9F29_RS28160,IS6-like element IS26 family transposase,IS,other_transposase_or_IS,2
NZ_CP083010.1,4cf6dd96f51d6df40fa82de5100d5fa3,K9F29_RS28225,Tn3-like element Tn3 family transposase,Tn3,tn3_family_unit_transposon,2
NZ_CP028143.1,4d02b1bdd90b1aa0971eb71e07db1494,C9I78_RS25870,Tn3 family transposase,Tn3,tn3_family_unit_transposon,1
NC_007486.1,4d072440e8805d0c44fce7493c86c2d0,RER_RS01765,Tn3 family transposase,Tn3,tn3_family_unit_transposon,1
NZ_CP122621.1,4d5da629f11a078df36849f60358a703,QDW69_RS26880,IS91-like element IS91 family transposase,IS,other_transposase_or_IS,1
NZ_CP059087.1,4da14f5627ffadc8317f8cc06041b16b,H0Z11_RS00085,Rpn family recombination-promoting nuclease/putative transposase,transposase,other_transposase_or_IS,1
NZ_CP065645.1,4db7151769302b620dfdb12839a1fefe,I6G80_RS00300,Tn3 family transposase,Tn3,tn3_family_unit_transposon,1
NZ_CP053083.1,4de29765910999da27914e3e8a5eb71c,HKW69_RS26675,IS1-like element IS1B family transposase,IS,other_transposase_or_IS,1
NZ_AP017631.1,4de66d898acae2db5985bd2ea9353afd,CPY96_RS14290,Rpn family recombination-promoting nuclease/putative transposase,transposase,other_transposase_or_IS,1
NZ_CP061860.1,4e2d6c59d674557fd71819087de92a35,IC627_RS23235,IS91 family transposase,IS,other_transposase_or_IS,1
NZ_AP024188.1,4e2f4fe70396cd80d6395413f65f2046,K6K08_RS23885,insoluble domain protein,ins,unclear_likely_false_positive,1
NZ_AP024188.1,4e2f4fe70396cd80d6395413f65f2046,K6K08_RS24620,Mu transposase C-terminal domain-containing protein,transposase,other_transposase_or_IS,1
NZ_CP021276.1,4e9940744890f218d92dce36b5253077,CA938_RS16275,Tn3 family transposase,Tn3,tn3_family_unit_transposon,1
NZ_AP024936.1,4ef20177c69f96c24ac7e372513fdccf,LDO80_RS13250,transposase family protein,transposase,other_transposase_or_IS,1
NZ_AP024936.1,4ef20177c69f96c24ac7e372513fdccf,LDO80_RS12905,transposase,transposase,other_transposase_or_IS,1
NZ_CP069963.1,4ef3d4e7162cdb9b397da216703286e4,I6K37_RS25935,IS1380-like element ISEcp1 family transposase,IS,other_transposase_or_IS,1
NZ_CP099992.1,4f070d0e3bea92987a7944e18f3c9870,NHN23_RS13455,IS6-like element IS257 family transposase,IS,other_transposase_or_IS,4
NZ_CP099992.1,4f070d0e3bea92987a7944e18f3c9870,NHN23_RS13460,transposase,transposase,other_transposase_or_IS,4
NZ_CP099992.1,4f070d0e3bea92987a7944e18f3c9870,NHN23_RS13470,IS6 family transposase,IS,other_transposase_or_IS,4
NZ_CP099992.1,4f070d0e3bea92987a7944e18f3c9870,NHN23_RS13475,Tn3 family transposase,Tn3,tn3_family_unit_transposon,4
NZ_CP099992.1,4f070d0e3bea92987a7944e18f3c9870,NHN23_RS13720,IS6-like element IS257 family transposase,IS,other_transposase_or_IS,4
NZ_CP123737.1,4f149350181b500e1e8c0e5ebc039f2d,QEJ78_RS12040,transposase,transposase,other_transposase_or_IS,1
NZ_CP124485.1,4f1e465fd7fb93deb8bf8a9f4b88f635,QJP96_RS25115,IS1380-like element ISEcp1 family transposase,IS,other_transposase_or_IS,1
NZ_CP128942.1,4f42cb87c03c0eecfcc34daafc28b17c,QVM96_RS25220,Tn3-like element Tn3 family transposase,Tn3,tn3_family_unit_transposon,2
NZ_CP128942.1,4f42cb87c03c0eecfcc34daafc28b17c,QVM96_RS25240,Tn3-like element TnAs3 family transposase,Tn3,tn3_family_unit_transposon,2
NZ_CP006924.1,4f630a5334868751e0789f1542789e57,KPNJ1_RS26580,Tn3-like element Tn3 family transposase,Tn3,tn3_family_unit_transposon,1
NZ_CP025885.1,4f695b67190e843f1bbf25caa32a7d29,CXX05_RS26540,IS110-like element ISShdy1 family transposase,IS,other_transposase_or_IS,1
NZ_CP025885.1,4f695b67190e843f1bbf25caa32a7d29,CXX05_RS27440,ISNCY family transposase,IS,other_transposase_or_IS,1
NZ_CP071854.1,4f912bf9af7d8b45541ffa97e323782e,J4N44_RS27505,Tn3 family transposase,Tn3,tn3_family_unit_transposon,1
NZ_CP113802.1,4f9e5fbf64449c6f3be771ce5e01cba8,OQN32_RS29035,insoluble domain protein,ins,unclear_likely_false_positive,1
NZ_CP016601.1,4fa910b20873f874ea8461b224cf2ffb,BCR17_RS08835,IS5 family transposase,IS,other_transposase_or_IS,1
NZ_CP079141.1,4fb655fa060b04aa8603b25865fc830c,KWY70_RS28665,lipoprotein insertase outer membrane protein LolB,ins,unclear_likely_false_positive,1
NZ_CP101828.1,5038a994fd9b039db196761f0fdcf458,NOG13_RS09375,IS1182 family transposase,IS,other_transposase_or_IS,1
NZ_CP089602.1,50a0989a5ef58a9ffed9228614fe0a02,LRS65_RS27140,Rpn family recombination-promoting nuclease/putative transposase,transposase,other_transposase_or_IS,1
NZ_CP134379.1,50ace9b8ad7e7eac4f60890e5c664dd8,RJ644_RS24675,IS3 family transposase,IS,other_transposase_or_IS,1
NZ_CP134379.1,50ace9b8ad7e7eac4f60890e5c664dd8,RJ644_RS25045,defense against restriction DarA-related protein,ins,unclear_likely_false_positive,1
NZ_CP053226.1,50ee526ef0ea7083d346fdadf3412a45,EGM87_RS24470,Tn3 family transposase,Tn3,tn3_family_unit_transposon,1
NZ_CP026603.1,50f4ac57f2bac136af82460aa41bc1f9,C3495_RS14685,Rpn family recombination-promoting nuclease/putative transposase,transposase,other_transposase_or_IS,1
NZ_CP046124.1,5111f3486178ad05c2383ba2f0fed767,GFU50_RS17675,Tn3 family transposase,Tn3,tn3_family_unit_transposon,1
NZ_CP044034.1,515e204dfae6cae03d9c4eb54ba10a1e,FOB39_RS26760,Tn3-like element Tn3 family transposase,Tn3,tn3_family_unit_transposon,1
NZ_CP040365.1,51954895d154d49818267dcde4de6391,FED53_RS00075,Tn3 family transposase,Tn3,tn3_family_unit_transposon,1
NZ_CP053565.1,51c82f87599beed27ec782b1856b8523,HOP40_RS34690,Tn3 family transposase,Tn3,tn3_family_unit_transposon,1
NZ_CP041397.1,521e528c83d19cc21b5afc645b5fe459,DYI28_RS29970,IS4 family transposase,IS,other_transposase_or_IS,4
NZ_CP041397.1,521e528c83d19cc21b5afc645b5fe459,DYI28_RS30165,conjugative transposon protein TraK,transposon,other_transposase_or_IS,4
NZ_CP041397.1,521e528c83d19cc21b5afc645b5fe459,DYI28_RS30175,conjugative transposon protein TraM,transposon,other_transposase_or_IS,4
NZ_CP041397.1,521e528c83d19cc21b5afc645b5fe459,DYI28_RS30180,conjugative transposon protein TraN,transposon,other_transposase_or_IS,4
NZ_OY725922.1,5222b7ddfb38f9fc9a3bf138a82e19d6,UHF62_RS10015,ISL3 family transposase,IS,other_transposase_or_IS,1
NZ_CP032260.1,524371208f907d2a62f1061d3296a39c,AM446_RS01490,Tn3-like element Tn3 family transposase,Tn3,tn3_family_unit_transposon,2
NZ_CP032260.1,524371208f907d2a62f1061d3296a39c,AM446_RS01750,Rpn family recombination-promoting nuclease/putative transposase,transposase,other_transposase_or_IS,2
NZ_CP097036.1,526757618542f3fecf21825215ab8648,M2913_RS14125,IS6 family transposase,IS,other_transposase_or_IS,2
NZ_CP097036.1,526757618542f3fecf21825215ab8648,M2913_RS14155,IS6 family transposase,IS,other_transposase_or_IS,2
NZ_CP040649.1,5274f5859bd27c6cd456bb8671b29843,FGF60_RS24210,IS1-like element IS1A family transposase,IS,other_transposase_or_IS,1
NZ_CP115460.1,5296dbe337f4f2b39ef4cf8c4eccd535,PAE53_RS27505,Tn3 family transposase,Tn3,tn3_family_unit_transposon,1
NZ_CP040729.1,52a445b96703381e02db132009a6dc0f,FGF03_RS29500,Tn3-like element IS3000 family transposase,Tn3,tn3_family_unit_transposon,1
NZ_CP095452.1,52b244aada477a9e89b083a9cfd3fd04,MWN28_RS26615,IS1380-like element ISEcp1 family transposase,IS,other_transposase_or_IS,1
NZ_CP103693.1,5325b1e181e26a0750b113bb834b03c7,M5T43_RS30575,Tn3-like element Tn5403 family transposase,Tn3,tn3_family_unit_transposon,1
NZ_CP103379.1,534ce7e78464bbb67743d87201daa5cd,NXY38_RS24645,conjugative transposon protein TraM,transposon,other_transposase_or_IS,1
NZ_CP036081.1,53a7748075824095be76f7df5d2fb4a1,EXW59_RS03835,Rpn family recombination-promoting nuclease/putative transposase,transposase,other_transposase_or_IS,3
NZ_CP036081.1,53a7748075824095be76f7df5d2fb4a1,EXW59_RS03855,insecticidal delta-endotoxin domain-containing protein,ins,unclear_likely_false_positive,3
NZ_CP036081.1,53a7748075824095be76f7df5d2fb4a1,EXW59_RS33095,Tn3 family transposase,Tn3,tn3_family_unit_transposon,3
NZ_CP036081.1,53a7748075824095be76f7df5d2fb4a1,EXW59_RS04190,IS607 family transposase,IS,other_transposase_or_IS,3
NZ_CP036081.1,53a7748075824095be76f7df5d2fb4a1,EXW59_RS04195,RNA-guided endonuclease InsQ/TnpB family protein,Ins,other_transposase_or_IS,3
NZ_CP091919.1,53a7828df4ceb778d4f602d9e6ee2ef4,L6494_RS29925,Tn3 family transposase,Tn3,tn3_family_unit_transposon,1
NZ_AP023401.1,53d66b3f44b9ae9f5a44265df94d4de7,IFA22_RS24865,Tn3 family transposase,Tn3,tn3_family_unit_transposon,3
NZ_AP023401.1,53d66b3f44b9ae9f5a44265df94d4de7,IFA22_RS25090,Tn3-like element TnAs1 family transposase,Tn3,tn3_family_unit_transposon,3
NZ_CP117816.1,541cfdabe93063b888da403ce7de5e1c,PT256_RS00075,Tn3 family transposase,Tn3,tn3_family_unit_transposon,1
NZ_CP117623.1,5422da4e9b0cfaae93b29e8b5ab236ca,PS039_RS24925,IS1-like element IS1A family transposase,IS,other_transposase_or_IS,1
NZ_CP120421.1,546b1fa8d62f2bbef2b6f44bc61a05a0,P3G65_RS11820,IS6-like element IS1216 family transposase,IS,other_transposase_or_IS,1
NZ_CP086895.1,546c490a169914cc3e0dc9e3c96c8da2,LOE20_RS19340,Tn3 family transposase,Tn3,tn3_family_unit_transposon,1
NZ_CP133894.1,54acc48ebefca6c53251e99f7fee34a0,RHS38_RS25250,Tn3 family transposase,Tn3,tn3_family_unit_transposon,1
NZ_CP028721.1,54ca9a7745d98d701f722f91dcabd2a8,C7I32_RS15415,Tn3 family transposase,Tn3,tn3_family_unit_transposon,1
NZ_CP095070.1,54f32812814b6a754fb06428bbf60cd9,MUN86_RS30520,Tn3 family transposase,Tn3,tn3_family_unit_transposon,2
NZ_CP095070.1,54f32812814b6a754fb06428bbf60cd9,MUN86_RS30840,IS110 family RNA-guided transposase,IS,other_transposase_or_IS,2
NZ_CP041294.1,54f3f1341c40a13b1bbe33d2e882ea15,FK538_RS00045,IS256 family transposase,IS,other_transposase_or_IS,1
NZ_CP017320.1,552f962ba50313deb09233d996ca7eba,BIU85_RS23060,Tn3 family transposase,Tn3,tn3_family_unit_transposon,2
NZ_CP017320.1,552f962ba50313deb09233d996ca7eba,BIU85_RS24955,Tn3 family transposase,Tn3,tn3_family_unit_transposon,2
NZ_CP060457.1,55859efbc882f48bf9d9b710f4bb4008,H8Z74_RS22935,Tn3 family transposase,Tn3,tn3_family_unit_transposon,1
NZ_CP024128.1,55e968888f57a4fc96b5238acd463c01,CR534_RS27245,IS30-like element ISApl1 family transposase,IS,other_transposase_or_IS,1
NZ_CP069403.1,5618a25015d966261f2c4e736400262f,ICR95_RS28085,IS1634 family transposase N-terminal domain-related protein,IS,other_transposase_or_IS,1
NZ_CP069403.1,5618a25015d966261f2c4e736400262f,ICR95_RS28135,Tn3 family transposase,Tn3,tn3_family_unit_transposon,1
NZ_CP014312.1,5622caf914b42956b3f80a1b8348b415,AXG89_RS34395,IS21-like element helper ATPase IstB,IS,other_transposase_or_IS,2
NZ_CP014312.1,5622caf914b42956b3f80a1b8348b415,AXG89_RS34400,IS21 family transposase,IS,other_transposase_or_IS,2
NZ_AP024182.1,5631b0bccf14695046afeee997f82c1e,K6K03_RS24220,insoluble domain protein,ins,unclear_likely_false_positive,1
NZ_AP024182.1,5631b0bccf14695046afeee997f82c1e,K6K03_RS24935,Mu transposase C-terminal domain-containing protein,transposase,other_transposase_or_IS,1
NZ_CP083542.1,5664894b62564b8f5c83e3e44dcaf866,K3554_RS16270,IS6 family transposase,IS,other_transposase_or_IS,1
NZ_CP038387.1,566bb2a4c32674687008b3b7c0be50ea,E3157_RS24955,IS91-like element ISCR2 family transposase,IS,other_transposase_or_IS,1
NZ_OY725751.1,568a7f6652ed1c79692ce4941bfa01e1,UNS60_RS04850,membrane protein insertase YidC,ins,unclear_likely_false_positive,1
NZ_CP070574.1,56a812b6f738f4f5b03e51c101c1ae62,JW302_RS19595,Tn3-like element Tn3 family transposase,Tn3,tn3_family_unit_transposon,1
NZ_CP123368.1,56cd6c7a9dfd5a4b1d802f6ebd4e225f,KOL65_RS21720,ISKra4 family transposase,IS,other_transposase_or_IS,1
NC_022042.1,56ed78ec6e5751ee8329f6a53f2aac6a,JCM7686_RS17885,Tn3 family transposase,Tn3,tn3_family_unit_transposon,1
NZ_CP087088.1,56f435174f2436c53c2e2dcf75e032da,LOE33_RS24170,ISKra4 family transposase,IS,other_transposase_or_IS,2
NZ_CP087088.1,56f435174f2436c53c2e2dcf75e032da,LOE33_RS24190,Tn3 family transposase,Tn3,tn3_family_unit_transposon,2
NZ_CP114589.1,56f59a059cdaf32443771267341c7e98,N8M53_RS14595,penicillin-insensitive murein endopeptidase,ins,unclear_likely_false_positive,1
NZ_CP103132.1,57294f966bc0dd3cc51c1800031bee30,NXX44_RS28075,conjugative transposon protein TraK,transposon,other_transposase_or_IS,3
NZ_CP103132.1,57294f966bc0dd3cc51c1800031bee30,NXX44_RS28085,conjugative transposon protein TraM,transposon,other_transposase_or_IS,3
NZ_CP103132.1,57294f966bc0dd3cc51c1800031bee30,NXX44_RS28090,conjugative transposon protein TraN,transposon,other_transposase_or_IS,3
NZ_CP103132.1,57294f966bc0dd3cc51c1800031bee30,NXX44_RS28230,IS1380-like element ISBf12 family transposase,IS,other_transposase_or_IS,3
NZ_CP126868.1,57a2aadfc688cc63554d62cb7b79a58f,QPR64_RS24395,Tn3 family transposase,Tn3,tn3_family_unit_transposon,1
NZ_CP048881.1,57c5a7d4a56bd0c6df9e2ddbcd2ede0c,G4Y78_RS30350,Tn3 family transposase,Tn3,tn3_family_unit_transposon,1
NZ_CP103248.1,57dccc419824ffed45324bfd308d17d2,NXX51_RS25890,conjugative transposon protein TraM,transposon,other_transposase_or_IS,2
NZ_CP010824.1,580148a82f9fe63c32096033a9ba604f,TO73_RS11635,transposase,transposase,other_transposase_or_IS,1
NZ_CP010824.1,580148a82f9fe63c32096033a9ba604f,TO73_RS14055,transposase,transposase,other_transposase_or_IS,1
NZ_CP102150.1,5891b36a50426a2d959c089cc56a2fff,NQZ89_RS11650,IS110 family RNA-guided transposase,IS,other_transposase_or_IS,1
NZ_CP056534.1,58b179200d623cfc02eea06507c80c5e,HV193_RS27805,Tn3-like element Tn5403 family transposase,Tn3,tn3_family_unit_transposon,1
NZ_CP088189.1,592e3e6faee22d62027899d245700581,LQ049_RS13295,transposase,transposase,other_transposase_or_IS,1
NZ_CP017573.1,59334d3b445964d8cfe336579ef21739,BJG91_RS00140,Rpn family recombination-promoting nuclease/putative transposase,transposase,other_transposase_or_IS,1
NZ_CP048890.1,5945c6880ba6504334e6e7fdd28f1158,BMG_RS31025,oxygen-insensitive NADPH nitroreductase,ins,unclear_likely_false_positive,1
NZ_CP077998.1,5977f7510b0f5f4c58e049f16e363342,KUU75_RS30990,Tn3 family transposase,Tn3,tn3_family_unit_transposon,1
NZ_CP087028.1,59a010b8d0064d10259a269edabce69c,LOE44_RS21480,Tn3 family transposase,Tn3,tn3_family_unit_transposon,1
NZ_CP086885.1,59dc8cbda2aed473742a12d9ec773039,LOE22_RS24080,Tn3 family transposase,Tn3,tn3_family_unit_transposon,1
NZ_CP056536.1,5a094a9a8269ef9b8d96b1e0c2f477d9,HV193_RS27865,Tn3-like element Tn5403 family transposase,Tn3,tn3_family_unit_transposon,1
NZ_CP072795.1,5a20b20d5b440331b23acf30a1bd2559,J9260_RS18075,IS701 family transposase,IS,other_transposase_or_IS,1
NZ_CP007144.1,5a4bf264eb20a1ef08f9f3bf4524bc1f,HSW_RS00225,IS1182 family transposase,IS,other_transposase_or_IS,2
NZ_CP007144.1,5a4bf264eb20a1ef08f9f3bf4524bc1f,HSW_RS25125,IS3 family transposase,IS,other_transposase_or_IS,2
NZ_CP007144.1,5a4bf264eb20a1ef08f9f3bf4524bc1f,HSW_RS23320,Tn3 family transposase,Tn3,tn3_family_unit_transposon,2
NZ_CP065543.1,5ab90200a19dd5ac26d67104b6467529,I6U32_RS12130,ISLre2 family transposase,IS,other_transposase_or_IS,2
NZ_CP065543.1,5ab90200a19dd5ac26d67104b6467529,I6U32_RS12150,membrane protein insertion efficiency factor YidD,insertion,other_transposase_or_IS,2
NZ_CP039931.1,5ac0e20e632e0228429bf5cc0c63c228,EA667_RS19440,IS4-like element ISAba1 family transposase,IS,other_transposase_or_IS,1
NZ_CP060449.1,5ad220c43a8f9e8487644e5da108f82b,H8Z73_RS24725,IS30 family transposase,IS,other_transposase_or_IS,2
NZ_CP060449.1,5ad220c43a8f9e8487644e5da108f82b,H8Z73_RS23575,IS3 family transposase,IS,other_transposase_or_IS,2
NZ_CP060449.1,5ad220c43a8f9e8487644e5da108f82b,H8Z73_RS23670,Tn3-like element ISXc4 family transposase,Tn3,tn3_family_unit_transposon,2
NZ_CP041959.1,5ba57885a3a72e6db1af180b7856ea26,FOZ67_RS24275,Rpn family recombination-promoting nuclease/putative transposase,transposase,other_transposase_or_IS,1
NZ_OY725747.1,5bc328fea5b9425cc1fe100ba157c74a,UNS60_RS01795,conjugative transposon protein TraN,transposon,other_transposase_or_IS,7
NZ_OY725747.1,5bc328fea5b9425cc1fe100ba157c74a,UNS60_RS01800,conjugative transposon protein TraM,transposon,other_transposase_or_IS,7
NZ_OY725747.1,5bc328fea5b9425cc1fe100ba157c74a,UNS60_RS01805,TraL conjugative transposon family protein,transposon,other_transposase_or_IS,7
NZ_OY725747.1,5bc328fea5b9425cc1fe100ba157c74a,UNS60_RS01810,conjugative transposon protein TraK,transposon,other_transposase_or_IS,7
NZ_OY725747.1,5bc328fea5b9425cc1fe100ba157c74a,UNS60_RS01815,conjugative transposon protein TraJ,transposon,other_transposase_or_IS,7
NZ_OY725747.1,5bc328fea5b9425cc1fe100ba157c74a,UNS60_RS01830,TraG family conjugative transposon ATPase,transposon,other_transposase_or_IS,7
NZ_OY725747.1,5bc328fea5b9425cc1fe100ba157c74a,UNS60_RS02220,transposase,transposase,other_transposase_or_IS,7
NZ_CP094547.1,5c1f003bd0c0a831007d1f5b2ec83cdf,MST17_RS16770,transposase,transposase,other_transposase_or_IS,1
NZ_CP065548.1,5c8ca60572af3a72dabec9a3f7536406,I7089_RS14000,IS110 family RNA-guided transposase,IS,other_transposase_or_IS,2
NZ_CP065548.1,5c8ca60572af3a72dabec9a3f7536406,I7089_RS14125,ISL3-like element IS1251 family transposase,IS,other_transposase_or_IS,2
NZ_LR861806.1,5c9a3c634d3c8f233de22e0a0ebe645b,H7A87_RS20685,transposase,transposase,other_transposase_or_IS,1
NZ_CP077743.1,5cbcf6edd1818f600d7123cc0f12fc91,KTE72_RS14525,IS6 family transposase,IS,other_transposase_or_IS,2
NZ_CP077743.1,5cbcf6edd1818f600d7123cc0f12fc91,KTE72_RS14550,IS6 family transposase,IS,other_transposase_or_IS,2
NZ_CP086797.1,5cd666c47a8c9aeb2b15edbd548d1c3e,LOE38_RS24375,Tn3 family transposase,Tn3,tn3_family_unit_transposon,1
NZ_CP124074.1,5d70af7389709da993732ccd73696fc9,QIA17_RS00225,transposase,transposase,other_transposase_or_IS,1
NZ_LR890295.1,5d821508ed573cf99ac15cf977aed790,JMW65_RS27285,IS1380-like element ISEcp1 family transposase,IS,other_transposase_or_IS,1
NZ_CP117625.1,5dd23a258ad07ff981e25ae11afd45e2,PS039_RS25610,Tn3 family transposase,Tn3,tn3_family_unit_transposon,1
NZ_CP117742.1,5e26845433596bdd86a266df6bdc918c,PTC88_RS28375,Tn3-like element IS3000 family transposase,Tn3,tn3_family_unit_transposon,1
NZ_CP079805.1,5e5710adf0c2559c887a64477ace72f6,KU883_RS27955,Tn3 family transposase,Tn3,tn3_family_unit_transposon,1
NZ_CP046960.1,5e65008ec47f46dc3ab9ba0463a17cb1,C6M24_RS28030,IS1 family transposase,IS,other_transposase_or_IS,1
NZ_CP102557.1,5e74f5197e8f30b05860c9bd53c3c82f,NUG48_RS27270,Tn3-like element Tn5403 family transposase,Tn3,tn3_family_unit_transposon,1
NZ_CP091789.1,5e76404b04f0f2ee0f43e12fa056d183,L6465_RS14475,conjugative transposon protein TraN,transposon,other_transposase_or_IS,3
NZ_CP091789.1,5e76404b04f0f2ee0f43e12fa056d183,L6465_RS14480,conjugative transposon protein TraM,transposon,other_transposase_or_IS,3
NZ_CP091789.1,5e76404b04f0f2ee0f43e12fa056d183,L6465_RS14490,conjugative transposon protein TraK,transposon,other_transposase_or_IS,3
NZ_CP134756.1,5eb1f01a708a78fb62bad0d1539dcfc7,RM152_RS22425,Rpn family recombination-promoting nuclease/putative transposase,transposase,other_transposase_or_IS,1
NZ_CP134756.1,5eb1f01a708a78fb62bad0d1539dcfc7,RM152_RS22850,IS110 family transposase,IS,other_transposase_or_IS,1
NZ_CP006928.1,5eb2ccac87599c0ae76a36d41ebb677c,KPNJ1_RS27920,Tn3-like element Tn3 family transposase,Tn3,tn3_family_unit_transposon,1
NZ_CP097656.1,5ef80a556094cc21ab6c56883521e573,M3T50_RS27775,ISKra4-like element ISKpn19 family transposase,IS,other_transposase_or_IS,1
NZ_CP143586.1,5f2aef24bd81e2741058f52ec0463aa7,V2I06_RS15445,Tn3 family transposase,Tn3,tn3_family_unit_transposon,1
NZ_CP104735.1,5f72ba6267a39ba8086ca202c4feb84a,N5P16_RS16790,IS91-like element ISCR2 family transposase,IS,other_transposase_or_IS,1
NZ_CP018732.1,5f96e4d7380fd04626d7b9aff34850c5,BI317_RS24400,Tn3 family transposase,Tn3,tn3_family_unit_transposon,1
NZ_CP006369.1,5fb70175eb13f5f635ecd3a6ee3b60a7,M673_RS23805,DDE-type integrase/transposase/recombinase,transposase/recombinase,other_transposase_or_IS,1
NZ_CP056437.1,5fb7227fcc99eb4ed1d78f46c7d28b7e,HV225_RS29645,DDE-type integrase/transposase/recombinase,transposase/recombinase,other_transposase_or_IS,2
NZ_CP056437.1,5fb7227fcc99eb4ed1d78f46c7d28b7e,HV225_RS29695,IS5-like element IS5 family transposase,IS,other_transposase_or_IS,2
NZ_CP019718.1,5fc2b5792076c5193e114dd738c078ec,ERICV_RS24325,transposase,transposase,other_transposase_or_IS,1
NZ_CP016281.1,5fe6a95ee0a0a07cd27441699210bf75,BA182_RS15145,Tn3 family transposase,Tn3,tn3_family_unit_transposon,1
NZ_CP124821.1,604af89e0b64d2ab27beb8ff9121f069,QLG17_RS27100,Rpn family recombination-promoting nuclease/putative transposase,transposase,other_transposase_or_IS,1
NZ_CP141630.1,604cde5224753358b86280b44ff99a55,Q7W75_RS29755,ISKra4-like element ISKpn19 family transposase,IS,other_transposase_or_IS,1
NZ_LN831038.1,6079d51ad240f76ced28f5e6621c447a,AT694_RS14190,IS6-like element IS257 family transposase,IS,other_transposase_or_IS,1
NZ_LN831038.1,6079d51ad240f76ced28f5e6621c447a,AT694_RS15340,IS6 family transposase,IS,other_transposase_or_IS,1
NZ_CP093485.1,609b6a5388a8fae404a694b077a1e880,MO411_RS28055,IS1-like element IS1B family transposase,IS,other_transposase_or_IS,1
NZ_CP099346.1,60b74e87a9d33dd7cf7fb27a7c884469,NFK54_RS24225,Tn3 family transposase,Tn3,tn3_family_unit_transposon,1
NZ_CP033801.1,60bd55869c04f6655da06043a94edbb1,EGY04_RS25565,transposase,transposase,other_transposase_or_IS,1
NZ_CP083624.1,60c53829164a204b2a7942bf5833470b,LA351_RS21500,conjugative transposon protein TraN,transposon,other_transposase_or_IS,3
NZ_CP083624.1,60c53829164a204b2a7942bf5833470b,LA351_RS21505,conjugative transposon protein TraM,transposon,other_transposase_or_IS,3
NZ_CP083624.1,60c53829164a204b2a7942bf5833470b,LA351_RS21515,conjugative transposon protein TraK,transposon,other_transposase_or_IS,3
NZ_CP124623.1,60f26a45ba3700898d10d8518fb8baa3,P7I85_RS30390,DDE-type integrase/transposase/recombinase,transposase/recombinase,other_transposase_or_IS,1
NZ_CP056213.1,610148fa6bdd13dd6190959c79f7ac73,HV344_RS25780,IS5-like element IS5 family transposase,IS,other_transposase_or_IS,1
NZ_CP088286.1,612805a18ab43d2955ca4261e5df3bec,HAP48_RS49145,IS21 family transposase,IS,other_transposase_or_IS,2
NZ_CP088286.1,612805a18ab43d2955ca4261e5df3bec,HAP48_RS49170,transposase,transposase,other_transposase_or_IS,2
NZ_CP088286.1,612805a18ab43d2955ca4261e5df3bec,HAP48_RS51100,IS110 family transposase,IS,other_transposase_or_IS,2
NZ_CP088286.1,612805a18ab43d2955ca4261e5df3bec,HAP48_RS49180,transposase,transposase,other_transposase_or_IS,2
NZ_CP088286.1,612805a18ab43d2955ca4261e5df3bec,HAP48_RS49210,IS21 family transposase,IS,other_transposase_or_IS,2
NZ_CP088286.1,612805a18ab43d2955ca4261e5df3bec,HAP48_RS49235,transposase,transposase,other_transposase_or_IS,2
NZ_CP088286.1,612805a18ab43d2955ca4261e5df3bec,HAP48_RS51105,IS110 family transposase,IS,other_transposase_or_IS,2
NZ_CP088286.1,612805a18ab43d2955ca4261e5df3bec,HAP48_RS49245,transposase,transposase,other_transposase_or_IS,2
NZ_CP035981.1,617f8829e2eeeaaa596520cd122419cc,EXW37_RS27435,Rpn family recombination-promoting nuclease/putative transposase,transposase,other_transposase_or_IS,1
NZ_CP090966.1,61b0655250d6c99e99fcaeec16ec1e1f,L1P06_RS18700,Tn3 family transposase,Tn3,tn3_family_unit_transposon,1
NZ_CP079825.1,61f1dae9702cf63ed4557d0f17ade169,KW556_RS23715,Tn3 family transposase,Tn3,tn3_family_unit_transposon,1
NZ_CP060735.1,62147246ef07bbfbdd36809e031eb417,H9W86_RS23560,Tn3-like element Tn5403 family transposase,Tn3,tn3_family_unit_transposon,1
NZ_CP015514.1,621de836bb81feb8cada794375ea100d,FORC36_RS25110,membrane protein insertion efficiency factor YidD,insertion,other_transposase_or_IS,1
NZ_CP026190.1,6228d097f290116cba9fabbf7ce44f96,C2U52_RS01740,Tn3-like element Tn5403 family transposase,Tn3,tn3_family_unit_transposon,1
NZ_CP086907.1,623c0607681fc9faa7551300631fb8d6,LOE19_RS24530,Tn3 family transposase,Tn3,tn3_family_unit_transposon,1
NZ_CP086562.1,624d21d16847284769dbaa21ef55566d,LM510_RS14115,IS6-like element IS1216 family transposase,IS,other_transposase_or_IS,1
NZ_CP007728.1,625573afdb4a6bc3cae0aa1a833baa50,KPNIH10_RS27290,Tn3-like element Tn3 family transposase,Tn3,tn3_family_unit_transposon,2
NZ_CP007728.1,625573afdb4a6bc3cae0aa1a833baa50,KPNIH10_RS27310,IS6-like element IS26 family transposase,IS,other_transposase_or_IS,2
NZ_LR882947.1,626ed90d4ee1249d04fa50d8038c9084,NMG87_RS21820,Rpn family recombination-promoting nuclease/putative transposase,transposase,other_transposase_or_IS,1
NZ_CP104634.1,629532aa4655065aaea966e65821896b,N5855_RS26485,molybdenum cofactor insertion chaperone PaoD,insertion,other_transposase_or_IS,1
NZ_CP098428.1,62ad5162927cdeecd4b31081cb218361,NCW68_RS26185,Tn3-like element IS3000 family transposase,Tn3,tn3_family_unit_transposon,1
NZ_CP084412.1,62fa03168b9e3f1fe0ae9edbcd1fcf96,LDB29_RS29240,Tn3 family transposase,Tn3,tn3_family_unit_transposon,1
NZ_CP084412.1,62fa03168b9e3f1fe0ae9edbcd1fcf96,LDB29_RS29255,transposase,transposase,other_transposase_or_IS,1
NZ_CP022179.1,6304e06b38f3ec18dbece38d93569842,CE463_RS01945,Tn3 family transposase,Tn3,tn3_family_unit_transposon,1
NZ_CP079159.1,6349ce056913d869d2f1a96c08790326,KWY73_RS28760,lipoprotein insertase outer membrane protein LolB,ins,unclear_likely_false_positive,1
NZ_CP138654.1,63c231ea17205dab917ee7e648df7786,SHT67_RS14085,Tn3 family transposase,Tn3,tn3_family_unit_transposon,2
NZ_CP138654.1,63c231ea17205dab917ee7e648df7786,SHT67_RS14120,Tn3 family transposase,Tn3,tn3_family_unit_transposon,2
NZ_CP055154.1,63c465f36810ef2ad417822be8017ed2,HUW51_RS24900,TraG family conjugative transposon ATPase,transposon,other_transposase_or_IS,7
NZ_CP055154.1,63c465f36810ef2ad417822be8017ed2,HUW51_RS00025,conjugative transposon protein TraK,transposon,other_transposase_or_IS,7
NZ_CP055154.1,63c465f36810ef2ad417822be8017ed2,HUW51_RS00035,conjugative transposon protein TraM,transposon,other_transposase_or_IS,7
NZ_CP055154.1,63c465f36810ef2ad417822be8017ed2,HUW51_RS00040,conjugative transposon protein TraN,transposon,other_transposase_or_IS,7
NZ_CP055154.1,63c465f36810ef2ad417822be8017ed2,HUW51_RS00080,IS3 family transposase,IS,other_transposase_or_IS,7
NZ_CP055154.1,63c465f36810ef2ad417822be8017ed2,HUW51_RS00190,IS5 family transposase,IS,other_transposase_or_IS,7
NZ_CP055154.1,63c465f36810ef2ad417822be8017ed2,HUW51_RS00215,IS110 family RNA-guided transposase,IS,other_transposase_or_IS,7
NZ_CP101658.1,6406bf9ff2ccc7bf6264dc4cbbfce5eb,NHG98_RS06235,Rpn family recombination-promoting nuclease/putative transposase,transposase,other_transposase_or_IS,1
NC_011668.1,64423995366d43b5c205ce2416f50515,SBAL223_RS22530,IS30-like element ISSba17 family transposase,IS,other_transposase_or_IS,2
NC_011668.1,64423995366d43b5c205ce2416f50515,SBAL223_RS24040,transposase,transposase,other_transposase_or_IS,2
NC_011668.1,64423995366d43b5c205ce2416f50515,SBAL223_RS22695,Tn3 family transposase,Tn3,tn3_family_unit_transposon,2
NZ_CP110940.1,646281a97f22e0c3decd6d75dfe21aa3,NPY06_RS29095,Tn3-like element Tn3 family transposase,Tn3,tn3_family_unit_transposon,2
NZ_CP110940.1,646281a97f22e0c3decd6d75dfe21aa3,NPY06_RS29115,IS6-like element IS26 family transposase,IS,other_transposase_or_IS,2
NZ_CP123841.1,64818f9cca98e3a61dc9ce6b3fe94f0f,A6U93_RS27100,IS66-like element accessory protein TnpA,IS,tn3_family_unit_transposon,1
NZ_CP123841.1,64818f9cca98e3a61dc9ce6b3fe94f0f,A6U93_RS27185,IS5/IS1182 family transposase,IS,other_transposase_or_IS,1
NZ_CP123841.1,64818f9cca98e3a61dc9ce6b3fe94f0f,A6U93_RS27535,transposase domain-containing protein,transposase,other_transposase_or_IS,1
NZ_CP012108.1,64e9cd362830bfff47fb70c7485e4997,AC241_RS32385,insecticidal delta-endotoxin domain-containing protein,ins,unclear_likely_false_positive,1
NZ_OW969908.1,64f1958ccf790848513c70ca130b1f5b,LQ142_RS26440,Tn3-like element Tn5403 family transposase,Tn3,tn3_family_unit_transposon,1
NZ_AP025794.1,654f363f8786ccb4657e22167687a88f,NGK49_RS24920,IS6-like element IS6100 family transposase,IS,other_transposase_or_IS,1
NZ_CP119328.1,6551728113f9f0fb37df53cdd6ea75dc,MT340_RS12480,IS6 family transposase,IS,other_transposase_or_IS,1
NZ_CP119328.1,6551728113f9f0fb37df53cdd6ea75dc,MT340_RS12565,IS6-like element IS257 family transposase,IS,other_transposase_or_IS,1
NZ_CP086968.1,65fa0b4e78d115c9c9f2cc60d7091b6c,LOE11_RS22355,Tn3 family transposase,Tn3,tn3_family_unit_transposon,1
NC_020378.1,664f51c04bbe374afa36243549c0f793,H175_RS27970,Tn3 family transposase,Tn3,tn3_family_unit_transposon,1
NZ_CP133100.1,665074e1937b0a6f4aaf771947c3603c,RBH85_RS37000,Tn3 family transposase,Tn3,tn3_family_unit_transposon,2
NZ_CP133100.1,665074e1937b0a6f4aaf771947c3603c,RBH85_RS37015,IS5 family transposase,IS,other_transposase_or_IS,2
NZ_CP030248.1,6652beea83011bdfab5053305c06c3b0,DQW72_RS12485,IS1182 family transposase,IS,other_transposase_or_IS,1
NC_017212.1,66ccf212e99da9708ac9370088527e1a,CT43_RS31325,Tn3 family transposase,Tn3,tn3_family_unit_transposon,1
NZ_CP093474.1,66d90ac7319ebce503aafcf0d837303e,MO415_RS27450,Tn3-like element Tn5403 family transposase,Tn3,tn3_family_unit_transposon,1
NZ_CP063426.1,66e7bc075e67fd1f3390bed717e82953,IP581_RS23595,Tn3 family transposase,Tn3,tn3_family_unit_transposon,1
NZ_CP063426.1,66e7bc075e67fd1f3390bed717e82953,IP581_RS23655,Tn3 family transposase,Tn3,tn3_family_unit_transposon,1
NZ_CP062259.2,66fce0cdc6dedd8a8d14378a9d576070,IG630_RS23830,Tn3 family transposase,Tn3,tn3_family_unit_transposon,1
NZ_CP062259.2,66fce0cdc6dedd8a8d14378a9d576070,IG630_RS23920,Tn3 family transposase,Tn3,tn3_family_unit_transposon,1
NZ_AP017962.1,67808d197d37b005f669561c9ea7a1e1,NIES970_RS14560,transposase,transposase,other_transposase_or_IS,1
NZ_CP084794.1,67c3241e1aa76efc49b75e5e2f103697,LGM24_RS29560,IS110 family RNA-guided transposase,IS,other_transposase_or_IS,1
NZ_CP048636.1,67caba98fa49c3c351cc869c224b4aa6,G3A56_RS29505,Tn3 family transposase,Tn3,tn3_family_unit_transposon,1
NZ_CP048636.1,67caba98fa49c3c351cc869c224b4aa6,G3A56_RS25570,Tn3 family transposase,Tn3,tn3_family_unit_transposon,1
NZ_CP048636.1,67caba98fa49c3c351cc869c224b4aa6,G3A56_RS25580,Tn3 family transposase,Tn3,tn3_family_unit_transposon,1
NZ_CP062258.2,681804061714b0d75602c607fab859be,IG630_RS23225,Tn3-like element ISXc4 family transposase,Tn3,tn3_family_unit_transposon,1
NZ_CP062258.2,681804061714b0d75602c607fab859be,IG630_RS23240,transposase,transposase,other_transposase_or_IS,1
NZ_CP128553.1,6826dc5a48ae912826f2dcd8c5a5f87d,QUH71_RS26315,Rpn family recombination-promoting nuclease/putative transposase,transposase,other_transposase_or_IS,1
NZ_CP072883.1,687293119fccced06ef127d3f6938a92,J9541_RS12725,IS1595 family transposase,IS,other_transposase_or_IS,1
NZ_CP098024.1,68a5ac122e003e0e1b2c43417d82be0e,M8T91_RS18735,transposase,transposase,other_transposase_or_IS,1
NZ_CP098024.1,68a5ac122e003e0e1b2c43417d82be0e,M8T91_RS18740,transposase,transposase,other_transposase_or_IS,1
NZ_CP064098.1,68b6bfa00a075d33197ffe2e17aa8131,IRA68_RS26800,Rpn family recombination-promoting nuclease/putative transposase,transposase,other_transposase_or_IS,1
NZ_CP034477.1,68c9c0a5fe5adc4ad25637aaead0b2cd,D1629_RS24835,IS30 family transposase,IS,other_transposase_or_IS,1
NZ_CP034477.1,68c9c0a5fe5adc4ad25637aaead0b2cd,D1629_RS23120,Rpn family recombination-promoting nuclease/putative transposase,transposase,other_transposase_or_IS,1
NZ_CP034477.1,68c9c0a5fe5adc4ad25637aaead0b2cd,D1629_RS23500,Tn3 family transposase,Tn3,tn3_family_unit_transposon,1
NZ_CP077402.1,690b6d4566b6fcf26ee3f4d5cc6c188d,I6L40_RS20925,transposase,transposase,other_transposase_or_IS,1
NZ_CP077402.1,690b6d4566b6fcf26ee3f4d5cc6c188d,I6L40_RS20995,Tn3-like element TnAs1 family transposase,Tn3,tn3_family_unit_transposon,1
NZ_CP086940.1,693630a59b98ba7df3f9c5bbf7cf339d,LOE15_RS19500,IS110 family RNA-guided transposase,IS,other_transposase_or_IS,3
NZ_CP086940.1,693630a59b98ba7df3f9c5bbf7cf339d,LOE15_RS19570,Tn3 family transposase,Tn3,tn3_family_unit_transposon,3
NC_015165.1,69816ad1732c77166b3be7f8b10ba8fc,BACSA_RS18445,conjugative transposon protein TraK,transposon,other_transposase_or_IS,3
NC_015165.1,69816ad1732c77166b3be7f8b10ba8fc,BACSA_RS18455,conjugative transposon protein TraM,transposon,other_transposase_or_IS,3
NC_015165.1,69816ad1732c77166b3be7f8b10ba8fc,BACSA_RS18460,conjugative transposon protein TraN,transposon,other_transposase_or_IS,3
NZ_CP081859.1,698d515816e7b3a0017839b69ed1f103,K6B66_RS23510,transposase,transposase,other_transposase_or_IS,1
NZ_CP023779.1,6a0ffceff2d2d20d82b79420aa6fdb56,CRH09_RS39575,transposase,transposase,other_transposase_or_IS,1
NZ_CP065646.1,6a77a2ef81244639e471cac1f90be46d,I6G80_RS00355,Tn3 family transposase,Tn3,tn3_family_unit_transposon,1
NZ_CP047964.1,6a9772cadfac3e0d2f471eb0b77b1198,GWI30_RS23125,Tn3 family transposase,Tn3,tn3_family_unit_transposon,1
NZ_CP109958.1,6ab5c095172d2d4c3dca4aa205c7c76c,OKA01_RS15750,Rpn family recombination-promoting nuclease/putative transposase,transposase,other_transposase_or_IS,1
NZ_CP109958.1,6ab5c095172d2d4c3dca4aa205c7c76c,OKA01_RS16020,Tn3 family transposase,Tn3,tn3_family_unit_transposon,1
NZ_CP109958.1,6ab5c095172d2d4c3dca4aa205c7c76c,OKA01_RS16025,Rpn family recombination-promoting nuclease/putative transposase,transposase,other_transposase_or_IS,1
NZ_CP020850.1,6af495d29f4afd938fb858ba8371eada,B8O08_RS29615,IS1-like element IS1B family transposase,IS,other_transposase_or_IS,1
NZ_AP024197.1,6b298900ed08e749cebab3b0789ae5ba,K6K07_RS24445,insoluble domain protein,ins,unclear_likely_false_positive,1
NZ_AP024197.1,6b298900ed08e749cebab3b0789ae5ba,K6K07_RS25150,Mu transposase C-terminal domain-containing protein,transposase,other_transposase_or_IS,1
NZ_CP081674.1,6b8fbc003855d0e53f14f6c72e3368b1,K6L26_RS30315,transposase,transposase,other_transposase_or_IS,1
NZ_CP081674.1,6b8fbc003855d0e53f14f6c72e3368b1,K6L26_RS30390,IS481 family transposase,IS,other_transposase_or_IS,1
NZ_CP081674.1,6b8fbc003855d0e53f14f6c72e3368b1,K6L26_RS30895,IS3 family transposase,IS,other_transposase_or_IS,1
NZ_CP054436.1,6b9afa7550f5bddf3818252991b1f7af,HSZ47_RS12930,IS6-like element IS257 family transposase,IS,other_transposase_or_IS,1
NZ_CP079659.1,6bc2b218034f1557e7bf0a1c2c936c0c,KW560_RS28930,Tn3-like element Tn3 family transposase,Tn3,tn3_family_unit_transposon,1
NZ_CP094551.1,6bc5800089ca708c886336922b868a98,MST17_RS17040,IS1-like element ISPa14 family transposase,IS,other_transposase_or_IS,1
NZ_LR130551.1,6c0e7174a79bb5e658407b8a2457ae30,EW042_RS28665,IS6-like element IS26 family transposase,IS,other_transposase_or_IS,2
NZ_LR130551.1,6c0e7174a79bb5e658407b8a2457ae30,EW042_RS28735,Tn3-like element Tn3 family transposase,Tn3,tn3_family_unit_transposon,2
NZ_CP017371.1,6c2ac0e162c251502f753e8e9da875d5,BIZ32_RS16520,IS30 family transposase,IS,other_transposase_or_IS,1
NZ_CP088219.1,6c5c8072a3b6d02ef48dc142c24761dc,LPC11_RS12430,IS6 family transposase,IS,other_transposase_or_IS,1
NZ_CP082058.1,6c7b4d4344a788dabe50c532f2c829df,K6138_RS25810,Rpn family recombination-promoting nuclease/putative transposase,transposase,other_transposase_or_IS,1
NZ_OV753640.1,6cae4f706a5421b70884429dfc15af35,OZE11_RS28525,IS1-like element IS1B family transposase,IS,other_transposase_or_IS,1
NZ_CP035961.1,6cf8c6cb89907f16aad5b1a9f39b6ee0,EXW58_RS29420,IS3 family transposase,IS,other_transposase_or_IS,1
NZ_CP054356.1,6d12da47c450576727640d20678ff495,HPE50_RS26430,Tn3 family transposase,Tn3,tn3_family_unit_transposon,2
NZ_CP054356.1,6d12da47c450576727640d20678ff495,HPE50_RS26455,Tn3-like element Tn3 family transposase,Tn3,tn3_family_unit_transposon,2
NC_004703.1,6d31bf5a477f03939c276cabad3ce344,BT_RS24170,conjugative transposon protein TraM,transposon,other_transposase_or_IS,2
NC_004703.1,6d31bf5a477f03939c276cabad3ce344,BT_RS24175,conjugative transposon protein TraN,transposon,other_transposase_or_IS,2
NZ_CP026020.1,6d5666ae3c6e733a2e152fb240fab617,C2D61_RS27310,IS1182-like element ISKpn6 family transposase,IS,other_transposase_or_IS,2
NZ_CP026020.1,6d5666ae3c6e733a2e152fb240fab617,C2D61_RS27540,Tn3 family transposase,Tn3,tn3_family_unit_transposon,2
NZ_CP026020.1,6d5666ae3c6e733a2e152fb240fab617,C2D61_RS27550,IS481-like element ISKpn27 family transposase,IS,other_transposase_or_IS,2
NZ_CP040339.1,6dd3f78a058c1f4da1ea64f3387fbef5,EUC40_RS26830,Tn3 family transposase,Tn3,tn3_family_unit_transposon,1
NZ_OX442409.1,6dd942fb3adea96efd9595026b5dc180,P9C33_RS24450,defense against restriction DarA-related protein,ins,unclear_likely_false_positive,1
NZ_CP133428.1,6e18eb1a7b434480959ba6530dfbcd9b,RC085_RS23255,Tn3-like element Tn3 family transposase,Tn3,tn3_family_unit_transposon,1
NZ_CP066186.1,6e387c05426767bae60068b7312a3bb2,JC773_RS21720,heteromeric transposase endonuclease subunit TnsA,transposase,other_transposase_or_IS,2
NZ_CP066186.1,6e387c05426767bae60068b7312a3bb2,JC773_RS21735,TnsD family transposase,transposase,other_transposase_or_IS,2
NZ_CP066186.1,6e387c05426767bae60068b7312a3bb2,JC773_RS21740,Tn7-like element transposition protein TnsE,Tn7,other_transposase_or_IS,2
NZ_CP084757.1,6e5cb70e06622351952be46a169d6d35,LHK14_RS27940,Tn3 family transposase,Tn3,tn3_family_unit_transposon,3
NZ_CP084757.1,6e5cb70e06622351952be46a169d6d35,LHK14_RS28030,Tn3 family transposase,Tn3,tn3_family_unit_transposon,3
NZ_CP084757.1,6e5cb70e06622351952be46a169d6d35,LHK14_RS28040,Tn3 family transposase,Tn3,tn3_family_unit_transposon,3
NZ_CP084757.1,6e5cb70e06622351952be46a169d6d35,LHK14_RS28060,Tn3 family transposase,Tn3,tn3_family_unit_transposon,3
NZ_CP022498.1,6e6d1d4b75f20992d2c13de1d9805a1c,CHD73_RS24020,transposase,transposase,other_transposase_or_IS,2
NZ_CP022498.1,6e6d1d4b75f20992d2c13de1d9805a1c,CHD73_RS24080,IS91 family transposase,IS,other_transposase_or_IS,2
NZ_CP022498.1,6e6d1d4b75f20992d2c13de1d9805a1c,CHD73_RS24095,transposase,transposase,other_transposase_or_IS,2
NZ_CP022498.1,6e6d1d4b75f20992d2c13de1d9805a1c,CHD73_RS24155,IS91 family transposase,IS,other_transposase_or_IS,2
NC_010480.1,6e9463c4c120f4ec66a7e6386c445dd8,SYNPCC7002_RS14740,ISKra4-like element ISSysp7 family transposase,IS,other_transposase_or_IS,1
NZ_CP010880.1,6eb7d9945f1033bf386cd58d2bee5962,SY51_RS25405,IS1 family transposase,IS,other_transposase_or_IS,1
NZ_CP077726.1,6f2b4a683d1d0cef61f24c3678702ec0,KTC92_RS18555,Tn3 family transposase,Tn3,tn3_family_unit_transposon,3
NZ_CP077726.1,6f2b4a683d1d0cef61f24c3678702ec0,KTC92_RS18565,IS21-like element helper ATPase IstB,IS,other_transposase_or_IS,3
NZ_CP077726.1,6f2b4a683d1d0cef61f24c3678702ec0,KTC92_RS18570,IS21 family transposase,IS,other_transposase_or_IS,3
NZ_CP116036.1,6f2d8867656f2c78b0ecb8e56adff1c1,PGH49_RS25040,Rpn family recombination-promoting nuclease/putative transposase,transposase,other_transposase_or_IS,1
NZ_CP116036.1,6f2d8867656f2c78b0ecb8e56adff1c1,PGH49_RS25320,RNA-guided endonuclease TnpB family protein,Tnp,other_transposase_or_IS,1
NZ_CP027503.1,6fa4280bf12f31d5111f0573d8dc9430,C6Y15_RS16025,IS110 family RNA-guided transposase,IS,other_transposase_or_IS,1
NZ_CP137218.1,6ffbdb02abfea5fe295e8ff3c9e0b3d1,R5O67_RS20210,IS1 family transposase,IS,other_transposase_or_IS,3
NZ_CP137218.1,6ffbdb02abfea5fe295e8ff3c9e0b3d1,R5O67_RS20275,IS110-like element IS5708 family transposase,IS,other_transposase_or_IS,3
NZ_CP137218.1,6ffbdb02abfea5fe295e8ff3c9e0b3d1,R5O67_RS20430,IS5/IS1182 family transposase,IS,other_transposase_or_IS,3
NZ_CP137218.1,6ffbdb02abfea5fe295e8ff3c9e0b3d1,R5O67_RS20440,IS1380-like element ISEcp1 family transposase,IS,other_transposase_or_IS,3
NZ_CP024122.1,70737207eb5ac7bdfaadb3c1aa08f897,CG474_RS22240,Tn7-like element transposition protein TnsE,Tn7,other_transposase_or_IS,2
NZ_CP024122.1,70737207eb5ac7bdfaadb3c1aa08f897,CG474_RS22245,TnsD family transposase,transposase,other_transposase_or_IS,2
NZ_CP024122.1,70737207eb5ac7bdfaadb3c1aa08f897,CG474_RS22260,heteromeric transposase endonuclease subunit TnsA,transposase,other_transposase_or_IS,2
NZ_CP032539.1,70a350d02ff6d92731532c12527e4aaa,D6022_RS23560,Tn3 family transposase,Tn3,tn3_family_unit_transposon,1
NZ_CP029334.1,70d2fe7c661c5f103ce5b2ac2091e631,DFS55_RS25390,IS607 family transposase,IS,other_transposase_or_IS,2
NZ_CP029334.1,70d2fe7c661c5f103ce5b2ac2091e631,DFS55_RS25395,IS607 family element RNA-guided endonuclease TnpB,IS,other_transposase_or_IS,2
NZ_CP109729.1,70e287dd2df1bb365d1a6a42fa35cb36,OI980_RS25075,Tn3-like element Tn5403 family transposase,Tn3,tn3_family_unit_transposon,1
NZ_CP087080.1,71294ffbd94cf2d3467c8514512b06a4,LOE32_RS24495,Tn3 family transposase,Tn3,tn3_family_unit_transposon,1
NZ_CP036071.1,7142f47b08a708a499f6d3e24b7a72f1,EXW41_RS27205,Rpn family recombination-promoting nuclease/putative transposase,transposase,other_transposase_or_IS,1
NZ_CP036071.1,7142f47b08a708a499f6d3e24b7a72f1,EXW41_RS29780,Rpn family recombination-promoting nuclease/putative transposase,transposase,other_transposase_or_IS,1
NZ_CP056964.1,71529d39e01d579ced7889781b6358c3,HV012_RS23900,IS1-like element IS1B family transposase,IS,other_transposase_or_IS,1
NZ_CP047223.1,7160d677d12c9fca45335f6c3358cb28,GS397_RS27755,Tn3 family transposase,Tn3,tn3_family_unit_transposon,1
NZ_CP070570.1,718b9967337746f1f3e15f51c7762a31,JW301_RS19460,Tn3-like element Tn3 family transposase,Tn3,tn3_family_unit_transposon,1
NZ_CP096020.1,718ea544fd7f88273613c2945667c17c,MW046_RS13915,transposase,transposase,other_transposase_or_IS,2
NZ_CP096020.1,718ea544fd7f88273613c2945667c17c,MW046_RS14105,IS5/IS1182 family transposase,IS,other_transposase_or_IS,2
NZ_CP120750.1,71b879ddc19fc368efb13128e4019ed2,P7C84_RS14990,Rpn family recombination-promoting nuclease/putative transposase,transposase,other_transposase_or_IS,1
NZ_CP102558.1,71c82739dbdcf4c920d6531c169e19dd,NUG48_RS27315,Tn3-like element Tn5403 family transposase,Tn3,tn3_family_unit_transposon,1
NZ_CP094939.1,728be30bba7229bcabb9d5a50df9918a,MTR78_RS17710,Tn3 family transposase,Tn3,tn3_family_unit_transposon,1
NZ_LR890412.1,7321868c625654f992fa9f9a6e231e38,JMW04_RS24010,IS200/IS605-like element IS200C family transposase,IS,other_transposase_or_IS,1
NZ_CP065408.1,7335d3d4cf0f9e12240d12a79cfd89f8,I3K84_RS21470,Tn3 family transposase,Tn3,tn3_family_unit_transposon,1
NZ_CP116511.1,7358bfc7c8b2118ded8df7aba655ab7a,PML87_RS13730,membrane protein insertase YidC,ins,unclear_likely_false_positive,1
NZ_CP116511.1,7358bfc7c8b2118ded8df7aba655ab7a,PML87_RS14605,IS110 family transposase,IS,other_transposase_or_IS,1
NZ_LR890609.1,73784d89bfdb9f0cfa85368c81a18917,JMW69_RS24880,Rpn family recombination-promoting nuclease/putative transposase,transposase,other_transposase_or_IS,1
NZ_AP018812.1,738d8f0fac1fdfae1f878e8b66793322,EL389_RS31395,IS91 family transposase,IS,other_transposase_or_IS,1
NZ_CP117170.1,738f5e7dd2e02618f5156f829d51e81c,JET59_RS27275,IS6-like element IS26 family transposase,IS,other_transposase_or_IS,2
NZ_CP117170.1,738f5e7dd2e02618f5156f829d51e81c,JET59_RS27505,Tn3 family transposase,Tn3,tn3_family_unit_transposon,2
NZ_CP117170.1,738f5e7dd2e02618f5156f829d51e81c,JET59_RS27555,Tn3 family transposase,Tn3,tn3_family_unit_transposon,2
NZ_OW970370.1,73a5b316debb83efdec130935afbb4ea,LQV23_RS27685,Tn3-like element Tn5403 family transposase,Tn3,tn3_family_unit_transposon,1
NZ_CP103398.1,73b1bf2c309eeedf07b5cd3e5c95558a,NVV71_RS00140,Tn3 family transposase,Tn3,tn3_family_unit_transposon,1
NZ_CP110048.1,73e7fe76f041b59ca05a696921f896fd,OLL90_RS14740,Tn3 family transposase,Tn3,tn3_family_unit_transposon,1
NZ_CP116726.1,7406c6afae9062c906083b99b489bc7a,PMJ88_RS34035,Tn3 family transposase,Tn3,tn3_family_unit_transposon,2
NZ_CP116726.1,7406c6afae9062c906083b99b489bc7a,PMJ88_RS34040,Tn3 family transposase post-transcriptional regulator TnpC,Tn3,tn3_family_unit_transposon,2
NZ_CP026475.1,7413efd68aa494a4f74a8db180a237a4,YKEC1_RS25665,RNA-guided endonuclease InsQ/TnpB family protein,Ins,other_transposase_or_IS,1
NZ_CP026475.1,7413efd68aa494a4f74a8db180a237a4,YKEC1_RS25785,defense against restriction DarA-related protein,ins,unclear_likely_false_positive,1
NZ_AP025659.1,743943e4468a9fd85280fa97d414605a,MWM17_RS24740,Tn3-like element Tn3 family transposase,Tn3,tn3_family_unit_transposon,1
NZ_CP063800.1,743b24d315fe833353c09e28267d4be7,HGR01_RS41700,IS1182 family transposase,IS,other_transposase_or_IS,1
NZ_CP049212.1,7455fa72693db66a4738764700ce5307,G6M88_RS26005,Tn3 family transposase,Tn3,tn3_family_unit_transposon,1
NZ_CP017056.1,745ce2f157d9f274871e266ef53d1ce5,BGK56_RS21930,Tn3 family transposase,Tn3,tn3_family_unit_transposon,1
NC_008539.1,74a6671fb948c49c1bf518ff5138c59b,ARTH_RS22595,Tn3-like element ISArsp6 family transposase,Tn3,tn3_family_unit_transposon,1
NZ_CP121508.1,74e55fc9c27545f2bbbfa1f254b9ca7e,QA588_RS11930,IS6 family transposase,IS,other_transposase_or_IS,1
NZ_CP101157.1,758462a95515355846b5f4a5f162ddae,NLK60_RS16735,IS5/IS1182 family transposase,IS,other_transposase_or_IS,1
NZ_CP101157.1,758462a95515355846b5f4a5f162ddae,NLK60_RS16780,RNA-guided endonuclease InsQ/TnpB family protein,Ins,other_transposase_or_IS,1
NZ_CP101157.1,758462a95515355846b5f4a5f162ddae,NLK60_RS16785,DUF2080 family transposase-associated protein,transposase-associated,other_transposase_or_IS,1
NZ_CP010861.1,76773891547796e23e0d86540ccf2248,MALG_RS22725,transposase,transposase,other_transposase_or_IS,2
NZ_CP010861.1,76773891547796e23e0d86540ccf2248,MALG_RS22750,IS256 family transposase,IS,other_transposase_or_IS,2
NZ_CP133096.1,76a4ba5d3a59d5620f8df953cca91a5c,RBI07_RS36335,Tn3 family transposase,Tn3,tn3_family_unit_transposon,1
NZ_CP024115.1,76bdfdcb9e983492719460a5f6954aea,CG477_RS24300,TnsD family Tn7-like transposition protein,Tn7,other_transposase_or_IS,4
NZ_CP024115.1,76bdfdcb9e983492719460a5f6954aea,CG477_RS24305,TnsD family Tn7-like transposition protein,Tn7,other_transposase_or_IS,4
NZ_CP024115.1,76bdfdcb9e983492719460a5f6954aea,CG477_RS24310,TnsD family Tn7-like transposition protein,Tn7,other_transposase_or_IS,4
NZ_CP024115.1,76bdfdcb9e983492719460a5f6954aea,CG477_RS22605,heteromeric transposase endonuclease subunit TnsA,transposase,other_transposase_or_IS,4
NZ_CP024115.1,76bdfdcb9e983492719460a5f6954aea,CG477_RS23045,Tn7-like element transposition protein TnsE,Tn7,other_transposase_or_IS,4
NZ_CP029445.1,76de377e6c215f02a8975c4e620ee54b,DKC05_RS00050,Tn3-like element Tn5403 family transposase,Tn3,tn3_family_unit_transposon,1
NZ_CP123915.1,7704adfe2620050bfb69b77ccb1c7af7,QHG52_RS21555,IS30-like element ISAba125 family transposase,IS,other_transposase_or_IS,2
NZ_CP123915.1,7704adfe2620050bfb69b77ccb1c7af7,QHG52_RS21600,IS91-like element ISCR21 family transposase,IS,other_transposase_or_IS,2
NZ_CP135207.1,774134053333dcfb634373d48e7c9597,RRI72_RS24415,IS6-like element IS6100 family transposase,IS,other_transposase_or_IS,1
NZ_CP097428.1,775f4ba766e06ee5df043c8721d2abbd,M8Y67_RS23720,Tn3-like element Tn3 family transposase,Tn3,tn3_family_unit_transposon,1
NZ_CP132355.1,7790a8d973c6e674c1153a18f95adc5e,Q3V30_RS22615,Tn3 family transposase,Tn3,tn3_family_unit_transposon,1
NZ_CP008815.1,7799140b86e87d4ce8452552d4951af3,DR75_RS00275,IS6 family transposase,IS,other_transposase_or_IS,2
NZ_CP008815.1,7799140b86e87d4ce8452552d4951af3,DR75_RS16810,Tn3 family transposase,Tn3,tn3_family_unit_transposon,2
NZ_CP114581.1,77efa39074c4c47705932a1199e3f7ce,O4001_RS21440,Tn3-like element Tn3 family transposase,Tn3,tn3_family_unit_transposon,2
NZ_CP114581.1,77efa39074c4c47705932a1199e3f7ce,O4001_RS21445,IS6-like element IS26 family transposase,IS,other_transposase_or_IS,2
NZ_CP043646.1,783af5799b3596e5f08df19dd40941ee,F1C16_RS20770,conjugative transposon protein TraN,transposon,other_transposase_or_IS,6
NZ_CP043646.1,783af5799b3596e5f08df19dd40941ee,F1C16_RS20920,IS5 family transposase,IS,other_transposase_or_IS,6
NZ_CP043646.1,783af5799b3596e5f08df19dd40941ee,F1C16_RS23430,Tn3 family transposase,Tn3,tn3_family_unit_transposon,6
NZ_CP043646.1,783af5799b3596e5f08df19dd40941ee,F1C16_RS21055,IS3 family transposase,IS,other_transposase_or_IS,6
NZ_CP043646.1,783af5799b3596e5f08df19dd40941ee,F1C16_RS21410,TraG family conjugative transposon ATPase,transposon,other_transposase_or_IS,6
NZ_CP043646.1,783af5799b3596e5f08df19dd40941ee,F1C16_RS21435,conjugative transposon protein TraK,transposon,other_transposase_or_IS,6
NZ_CP043646.1,783af5799b3596e5f08df19dd40941ee,F1C16_RS21440,conjugative transposon protein TraM,transposon,other_transposase_or_IS,6
NZ_CP086987.1,785eefa1be377472ebfff556efaeb779,LOE08_RS19295,Tn3 family transposase,Tn3,tn3_family_unit_transposon,1
NZ_CP026081.1,78ab5712f7c52eeeff7ac37b58542024,RK70_RS13935,IS6-like element IS257 family transposase,IS,other_transposase_or_IS,3
NZ_CP026081.1,78ab5712f7c52eeeff7ac37b58542024,RK70_RS13980,Tn3 family transposase,Tn3,tn3_family_unit_transposon,3
NZ_CP026081.1,78ab5712f7c52eeeff7ac37b58542024,RK70_RS14075,IS6-like element IS257 family transposase,IS,other_transposase_or_IS,3
NZ_CP023387.1,78bfdd48f3427469314eda8b3905f980,CNQ48_RS25235,Rpn family recombination-promoting nuclease/putative transposase,transposase,other_transposase_or_IS,2
NZ_CP023387.1,78bfdd48f3427469314eda8b3905f980,CNQ48_RS25545,Tn3-like element Tn3 family transposase,Tn3,tn3_family_unit_transposon,2
NC_015852.1,7915cdbe63d3c2f5a68057ea33b30fa0,ATC_RS15640,RNA-guided endonuclease TnpB family protein,Tnp,other_transposase_or_IS,2
NC_015852.1,7915cdbe63d3c2f5a68057ea33b30fa0,ATC_RS15645,IS200/IS605 family transposase,IS,other_transposase_or_IS,2
NZ_CP028323.1,791bd5c7d379dcb6b14ac3a61088ba2b,C7X15_RS26250,Tn3-like element Tn3 family transposase,Tn3,tn3_family_unit_transposon,1
NZ_CP033074.1,794f2ca904ed8bafc8e1bcad0543759b,D8682_RS00180,IS1 family transposase,IS,other_transposase_or_IS,1
NZ_CP033074.1,794f2ca904ed8bafc8e1bcad0543759b,D8682_RS00805,IS1 family transposase,IS,other_transposase_or_IS,1
NC_008341.1,7969d537b3da6224845144b0ba6c1082,NEUT_RS12855,Tn3 family transposase,Tn3,tn3_family_unit_transposon,3
NC_008341.1,7969d537b3da6224845144b0ba6c1082,NEUT_RS12900,DDE-type integrase/transposase/recombinase,transposase/recombinase,other_transposase_or_IS,3
NC_008341.1,7969d537b3da6224845144b0ba6c1082,NEUT_RS13005,Tn3 family transposase,Tn3,tn3_family_unit_transposon,3
NZ_CP064892.1,79adbd61ae17ac5e62a17d8244537fe5,HG267_RS41415,IS1182 family transposase,IS,other_transposase_or_IS,1
NZ_AP025835.1,79b2848b97c757f7841f4eedbe9bb0c7,NGK54_RS24115,IS6-like element IS6100 family transposase,IS,other_transposase_or_IS,1
NZ_CP027149.1,79bcb7d17ab0b1a253e2279185850848,CSC00_RS26970,Tn3-like element Tn3 family transposase,Tn3,tn3_family_unit_transposon,1
NZ_CP027149.1,79bcb7d17ab0b1a253e2279185850848,CSC00_RS26990,IS6-like element IS26 family transposase,IS,other_transposase_or_IS,1
NZ_CP024103.1,79d02f3fcdc58a6d0bfe8ea8bebfe0b9,CG482_RS22735,heteromeric transposase endonuclease subunit TnsA,transposase,other_transposase_or_IS,2
NZ_CP024103.1,79d02f3fcdc58a6d0bfe8ea8bebfe0b9,CG482_RS22750,TnsD family transposase,transposase,other_transposase_or_IS,2
NZ_CP024103.1,79d02f3fcdc58a6d0bfe8ea8bebfe0b9,CG482_RS22755,Tn7-like element transposition protein TnsE,Tn7,other_transposase_or_IS,2
NZ_CP028605.1,79e41c2fad0c344d7cbc909181ac0d2b,C9E68_RS28165,IS66-like element ISEc8 family transposase,IS,other_transposase_or_IS,2
NZ_CP028605.1,79e41c2fad0c344d7cbc909181ac0d2b,C9E68_RS29575,IS66 family insertion sequence element accessory protein TnpB,IS,other_transposase_or_IS,2
NZ_CP028605.1,79e41c2fad0c344d7cbc909181ac0d2b,C9E68_RS28175,IS66-like element accessory protein TnpA,IS,tn3_family_unit_transposon,2
NZ_CP081921.1,79e4da0ae7cf7655c1848a98e3bbe3bd,K6V22_RS00110,conjugative transposon protein TraK,transposon,other_transposase_or_IS,3
NZ_CP081921.1,79e4da0ae7cf7655c1848a98e3bbe3bd,K6V22_RS00120,conjugative transposon protein TraM,transposon,other_transposase_or_IS,3
NZ_CP081921.1,79e4da0ae7cf7655c1848a98e3bbe3bd,K6V22_RS00125,conjugative transposon protein TraN,transposon,other_transposase_or_IS,3
NZ_CP098508.1,7a51ea1f198d8f332c13640301e1a756,BES38_RS15240,IS3 family transposase,IS,other_transposase_or_IS,2
NZ_CP098508.1,7a51ea1f198d8f332c13640301e1a756,BES38_RS15105,Tn3 family transposase,Tn3,tn3_family_unit_transposon,2
NZ_CP098508.1,7a51ea1f198d8f332c13640301e1a756,BES38_RS15140,IS3 family transposase,IS,other_transposase_or_IS,2
NZ_CP010764.1,7a808c7c70fb1968e19c6c086b4fd823,PhaeoP80_RS22150,transposase,transposase,other_transposase_or_IS,1
NZ_CP054833.1,7aae4cf13c152f8fa2419cc7acdf8a37,HSZ48_RS13405,IS6-like element IS257 family transposase,IS,other_transposase_or_IS,2
NZ_CP054833.1,7aae4cf13c152f8fa2419cc7acdf8a37,HSZ48_RS13465,IS6 family transposase,IS,other_transposase_or_IS,2
NZ_CP054833.1,7aae4cf13c152f8fa2419cc7acdf8a37,HSZ48_RS13475,IS6-like element IS257 family transposase,IS,other_transposase_or_IS,2
NZ_CP091072.1,7abc0eb907fd49fe9b7c6601be76151a,L0980_RS29395,Tn3-like element TnAs1 family transposase,Tn3,tn3_family_unit_transposon,1
NZ_CP115214.1,7acc4dd49b67808493f9b7bb843c2a9a,PCP85_RS31545,Tn3 family transposase post-transcriptional regulator TnpC,Tn3,tn3_family_unit_transposon,2
NZ_CP115214.1,7acc4dd49b67808493f9b7bb843c2a9a,PCP85_RS31550,Tn3 family transposase,Tn3,tn3_family_unit_transposon,2
NZ_CP091860.1,7acf9e502eb494a6c13fc33c610cc2ff,ITJ47_RS32190,insoluble domain protein,ins,unclear_likely_false_positive,1
NZ_CP012627.1,7ad7f83ea31de33692ca8aa700a03996,AN206_RS26675,IS5-like element IS903B family transposase,IS,other_transposase_or_IS,1
NZ_CP012627.1,7ad7f83ea31de33692ca8aa700a03996,AN206_RS26690,IS1380 family transposase,IS,other_transposase_or_IS,1
NZ_CP012627.1,7ad7f83ea31de33692ca8aa700a03996,AN206_RS27010,Rpn family recombination-promoting nuclease/putative transposase,transposase,other_transposase_or_IS,1
NZ_CP041127.1,7b3222234bec3a429e33d0db202083dd,FG170_RS25875,Tn3 family transposase,Tn3,tn3_family_unit_transposon,2
NZ_CP041127.1,7b3222234bec3a429e33d0db202083dd,FG170_RS25920,Tn3-like element ISPa38 family transposase,Tn3,tn3_family_unit_transposon,2
NZ_CP135266.1,7b4fd7709afbbbba280aaa2c6c181c16,RQP58_RS24925,IS1 family transposase,IS,other_transposase_or_IS,1
NZ_CP135266.1,7b4fd7709afbbbba280aaa2c6c181c16,RQP58_RS24930,IS1 family transposase,IS,other_transposase_or_IS,1
NZ_CP090646.1,7b570c1e38c33151a7a3030cdf55d0a7,LXE91_RS43125,Tn3 family transposase,Tn3,tn3_family_unit_transposon,1
NZ_CP142112.1,7b5a09f7e851abd0772a8a3113b35ca3,VPZ82_RS30570,Tn3 family transposase,Tn3,tn3_family_unit_transposon,1
NZ_CP058166.1,7ba107a8fa98d3e2da7e99ca2a016ddd,HV054_RS23610,Tn3 family transposase,Tn3,tn3_family_unit_transposon,1
NZ_CP010686.1,7bb3eb2e12dc30fbfb302c2c5eb2cd7a,phaeop14_RS19455,Tn3 family transposase,Tn3,tn3_family_unit_transposon,1
NZ_CP060471.1,7bd3fd2bd3fcff1fbb2af997016580d4,H8Z72_RS23195,Tn3 family transposase,Tn3,tn3_family_unit_transposon,1
NZ_CP120552.1,7be6215c317a0bf448abe103f7390640,P5710_RS26265,Tn3-like element Tn3 family transposase,Tn3,tn3_family_unit_transposon,1
NZ_CP040800.1,7bedfb66818b3b12dcee24da631bc5e6,FG899_RS11600,RNA-guided endonuclease InsQ/TnpB family protein,Ins,other_transposase_or_IS,1
NZ_CP143943.1,7bff71b6d48b0d6e5f09b0b25e58144e,V3C11_RS27400,conjugative transposon protein TraN,transposon,other_transposase_or_IS,3
NZ_CP143943.1,7bff71b6d48b0d6e5f09b0b25e58144e,V3C11_RS27405,conjugative transposon protein TraM,transposon,other_transposase_or_IS,3
NZ_CP143943.1,7bff71b6d48b0d6e5f09b0b25e58144e,V3C11_RS27415,conjugative transposon protein TraK,transposon,other_transposase_or_IS,3
NZ_CP123542.1,7c1c421b8a94d946afa2680caffad98c,QE258_RS28165,Rpn family recombination-promoting nuclease/putative transposase,transposase,other_transposase_or_IS,1
NC_006873.1,7c24cfb5556f555607ee7be7128757ec,BF9343_RS21510,conjugative transposon protein TraN,transposon,other_transposase_or_IS,3
NC_006873.1,7c24cfb5556f555607ee7be7128757ec,BF9343_RS21515,conjugative transposon protein TraM,transposon,other_transposase_or_IS,3
NC_006873.1,7c24cfb5556f555607ee7be7128757ec,BF9343_RS21525,conjugative transposon protein TraK,transposon,other_transposase_or_IS,3
NZ_CP122870.1,7c4eaa0070e68dd915c49d9fa8fd75f4,QDX04_RS23340,IS91-like element IS91 family transposase,IS,other_transposase_or_IS,1
NZ_CP109056.1,7c6b6cf786b960ab9895e82f02d92f03,OG430_RS48625,IS5 family transposase,IS,other_transposase_or_IS,1
NZ_CP018726.1,7c8e9758d232d49629e102983c923498,BJD12_RS22995,Tn3 family transposase,Tn3,tn3_family_unit_transposon,1
NZ_CP122944.1,7d8b7b5d16cfe1c11ddfbf23290bacec,LLUL021_RS14165,Tn3 family transposase,Tn3,tn3_family_unit_transposon,1
NZ_CP035158.1,7d99ebf86403ea77d2a24eba3dfb56ad,EQK05_RS15830,IS30 family transposase,IS,other_transposase_or_IS,1
NZ_CP035158.1,7d99ebf86403ea77d2a24eba3dfb56ad,EQK05_RS15120,IS5 family transposase,IS,other_transposase_or_IS,1
NZ_CP035158.1,7d99ebf86403ea77d2a24eba3dfb56ad,EQK05_RS15125,IS30 family transposase,IS,other_transposase_or_IS,1
NZ_CP095771.1,7d9bab8fbfc91955183b78e3449eb8fb,MX654_RS36070,Tn3 family transposase,Tn3,tn3_family_unit_transposon,2
NZ_CP095771.1,7d9bab8fbfc91955183b78e3449eb8fb,MX654_RS36075,Tn3 family transposase post-transcriptional regulator TnpC,Tn3,tn3_family_unit_transposon,2
NZ_CP023413.1,7da679b8ef8f64ea8491af2c83a5c29b,CMR01_RS15535,Rpn family recombination-promoting nuclease/putative transposase,transposase,other_transposase_or_IS,2
NZ_CP023413.1,7da679b8ef8f64ea8491af2c83a5c29b,CMR01_RS15620,Rpn family recombination-promoting nuclease/putative transposase,transposase,other_transposase_or_IS,2
NZ_CP023413.1,7da679b8ef8f64ea8491af2c83a5c29b,CMR01_RS16240,IS4 family transposase,IS,other_transposase_or_IS,2
NZ_CP060451.1,7deae4ed2c5d51b5e0f736f9ba43f493,H8Z73_RS23925,Tn3-like element ISXc4 family transposase,Tn3,tn3_family_unit_transposon,1
NZ_CP040802.1,7df96a1efe3dbcf4126a594741654cec,FHD66_RS13740,IS6-like element IS257 family transposase,IS,other_transposase_or_IS,1
NZ_CP040802.1,7df96a1efe3dbcf4126a594741654cec,FHD66_RS13795,IS6 family transposase,IS,other_transposase_or_IS,1
NZ_CP040802.1,7df96a1efe3dbcf4126a594741654cec,FHD66_RS13845,IS6-like element IS257 family transposase,IS,other_transposase_or_IS,1
NZ_CP085430.1,7e0080c178e3627ca74d363d867ee19d,LIT30_RS28760,Rpn family recombination-promoting nuclease/putative transposase,transposase,other_transposase_or_IS,2
NZ_CP085430.1,7e0080c178e3627ca74d363d867ee19d,LIT30_RS29880,IS6 family transposase,IS,other_transposase_or_IS,2
NZ_CP085430.1,7e0080c178e3627ca74d363d867ee19d,LIT30_RS28990,Rpn family recombination-promoting nuclease/putative transposase,transposase,other_transposase_or_IS,2
NZ_CP043648.1,7e405bfed313d8dd77b1a7397dbc7002,F1C16_RS21925,conjugative transposon protein TraM,transposon,other_transposase_or_IS,1
NZ_CP066411.1,7eb548fe57bfefc3929e63c28b172632,JCP94_RS15165,IS110 family RNA-guided transposase,IS,other_transposase_or_IS,2
NZ_CP066411.1,7eb548fe57bfefc3929e63c28b172632,JCP94_RS15290,ISL3-like element IS1251 family transposase,IS,other_transposase_or_IS,2
NZ_CP017043.1,7eba0147f4cde3b9403641b09ea634da,BCS37_RS12080,TnpV protein,Tnp,other_transposase_or_IS,1
NZ_CP128948.1,7f26e67cebb55bd193ca9c9dfc6aaac5,QVM95_RS24330,transposase,transposase,other_transposase_or_IS,1
NZ_CP137184.1,7f6d92b009cf2b78a73a3e7b835ed1c6,R4T16_RS25025,IS1-like element IS1B family transposase,IS,other_transposase_or_IS,1
NZ_CP095792.1,7fa6518ff9dacb64aaa810a7413707c7,MYB88_RS25160,IS91 family transposase,IS,other_transposase_or_IS,1
NZ_CP011638.1,80503edbbe9bd27c7b2f94e4ce5129f1,AB188_RS00030,Tn3-like element Tn5403 family transposase,Tn3,tn3_family_unit_transposon,1
NZ_AP022192.1,805b35714ae8cb9c2ea912dd2a26bdf3,H7R68_RS25290,IS4-like element ISApu1 family transposase,IS,other_transposase_or_IS,4
NZ_AP022192.1,805b35714ae8cb9c2ea912dd2a26bdf3,H7R68_RS25365,Tn3-like element Tn5403 family transposase,Tn3,tn3_family_unit_transposon,4
NZ_CP092520.1,8084acc8b6860056a2fd9b5c234430a9,MKD34_RS09460,transposase,transposase,other_transposase_or_IS,3
NZ_CP092520.1,8084acc8b6860056a2fd9b5c234430a9,MKD34_RS12280,transposase,transposase,other_transposase_or_IS,3
NZ_CP092520.1,8084acc8b6860056a2fd9b5c234430a9,MKD34_RS12285,IS3 family transposase,IS,other_transposase_or_IS,3
NZ_CP086952.1,8085bdf8f59b33fa1d8cbcdf9b09d6af,LOE14_RS22480,Tn3 family transposase,Tn3,tn3_family_unit_transposon,1
NZ_CP046102.1,809cdcce4893a312a2eefbf98dc6bfaf,GJB56_RS31250,insoluble domain protein,ins,unclear_likely_false_positive,1
NC_017320.1,80d48eca12154b55f42f3b9184ef1c3e,SFXV_RS26575,IS1 family transposase,IS,other_transposase_or_IS,1
NZ_CP062142.1,80d8f18a0d949a57e4e5780e28d2b51c,IG177_RS26895,Tn3-like element Tn5403 family transposase,Tn3,tn3_family_unit_transposon,1
NZ_CP130484.1,80da7bcb4b8ced639a699b44db9410c7,Q3O43_RS29865,IS1380 family transposase,IS,other_transposase_or_IS,1
NZ_CP130484.1,80da7bcb4b8ced639a699b44db9410c7,Q3O43_RS30395,transposase,transposase,other_transposase_or_IS,1
NZ_CP080035.1,80e275fb74c420739196847d71530faf,KWG56_RS18560,Tn3 family transposase,Tn3,tn3_family_unit_transposon,1
NZ_CP084348.1,80ef47acbc241fa6bc947277ae6e2a6d,KB553_RS23510,Tn3 family transposase,Tn3,tn3_family_unit_transposon,2
NZ_CP084348.1,80ef47acbc241fa6bc947277ae6e2a6d,KB553_RS23520,Tn3 family transposase,Tn3,tn3_family_unit_transposon,2
NZ_CP138745.1,80f19f12f771f998aad45e33af32b584,R8538_RS29420,IS1-like element IS1X3 family transposase,IS,other_transposase_or_IS,1
NZ_CP023175.1,811251fdc742280eb89084e863bb7971,CLC99_RS18545,IS66 family insertion sequence element accessory protein TnpA,IS,tn3_family_unit_transposon,2
NZ_CP023175.1,811251fdc742280eb89084e863bb7971,CLC99_RS18730,IS30 family transposase,IS,other_transposase_or_IS,2
NZ_CP023175.1,811251fdc742280eb89084e863bb7971,CLC99_RS17055,transposase,transposase,other_transposase_or_IS,2
NZ_CP023175.1,811251fdc742280eb89084e863bb7971,CLC99_RS17100,IS256 family transposase,IS,other_transposase_or_IS,2
NZ_CP023175.1,811251fdc742280eb89084e863bb7971,CLC99_RS18690,IS3 family transposase,IS,other_transposase_or_IS,2
NZ_CP024108.1,813cf19ab16f681ac3f65f0f73b5a0bd,CG480_RS22195,Tn7-like element transposition protein TnsE,Tn7,other_transposase_or_IS,2
NZ_CP024108.1,813cf19ab16f681ac3f65f0f73b5a0bd,CG480_RS22200,TnsD family transposase,transposase,other_transposase_or_IS,2
NZ_CP024108.1,813cf19ab16f681ac3f65f0f73b5a0bd,CG480_RS22215,heteromeric transposase endonuclease subunit TnsA,transposase,other_transposase_or_IS,2
NZ_CP014101.1,816347314d694ec2493392e2552c80d9,AL477_RS25680,transposase,transposase,other_transposase_or_IS,1
NZ_CP014101.1,816347314d694ec2493392e2552c80d9,AL477_RS25695,IS91 family transposase,IS,other_transposase_or_IS,1
NZ_CP050942.1,81a34eb718caba71d870e4a1118ae014,GW536_RS17955,IS30 family transposase,IS,other_transposase_or_IS,1
NZ_CP081919.1,81ba29dee7a88e0138b3b71be4855f5a,K6V23_RS28515,conjugative transposon protein TraN,transposon,other_transposase_or_IS,3
NZ_CP081919.1,81ba29dee7a88e0138b3b71be4855f5a,K6V23_RS28520,conjugative transposon protein TraM,transposon,other_transposase_or_IS,3
NZ_CP081919.1,81ba29dee7a88e0138b3b71be4855f5a,K6V23_RS28530,conjugative transposon protein TraK,transposon,other_transposase_or_IS,3
NZ_CP088098.1,81e358c01127cb7b134627ce1c7b112a,RlegSU303_RS32240,ISNCY family transposase,IS,other_transposase_or_IS,1
NZ_CP042485.1,8231e141b4ceb09fa54d5f51d8af95fb,FR751_RS28150,IS6-like element IS26 family transposase,IS,other_transposase_or_IS,3
NZ_CP042485.1,8231e141b4ceb09fa54d5f51d8af95fb,FR751_RS28165,Tn3 family transposase,Tn3,tn3_family_unit_transposon,3
NZ_CP077623.1,8249d0a58731a049ccc568a59aea4fb9,KTC98_RS24600,IS91 family transposase,IS,other_transposase_or_IS,1
NZ_LT883140.1,824bc1afa059f8d7d698484b7539e0de,EC1094V2_RS00780,Tn3 family transposase,Tn3,tn3_family_unit_transposon,1
NZ_CP123580.1,826c9c30bff9469876521d92b1cbaa35,QEH68_RS22060,IS110 family RNA-guided transposase,IS,other_transposase_or_IS,2
NZ_CP123580.1,826c9c30bff9469876521d92b1cbaa35,QEH68_RS22430,TnpV protein,Tnp,other_transposase_or_IS,2
NZ_CP082853.1,82beb202a1f3f0544e3e4615871654d6,K8O89_RS18485,Tn3 family transposase,Tn3,tn3_family_unit_transposon,3
NZ_CP082853.1,82beb202a1f3f0544e3e4615871654d6,K8O89_RS20465,IS5/IS1182 family transposase,IS,other_transposase_or_IS,3
NZ_CP082853.1,82beb202a1f3f0544e3e4615871654d6,K8O89_RS18490,IS5 family transposase,IS,other_transposase_or_IS,3
NZ_CP082853.1,82beb202a1f3f0544e3e4615871654d6,K8O89_RS18540,Tn3 family transposase,Tn3,tn3_family_unit_transposon,3
NZ_CP082853.1,82beb202a1f3f0544e3e4615871654d6,K8O89_RS20470,IS5/IS1182 family transposase,IS,other_transposase_or_IS,3
NZ_CP082853.1,82beb202a1f3f0544e3e4615871654d6,K8O89_RS18545,IS5 family transposase,IS,other_transposase_or_IS,3
NZ_CP128889.1,82beb60f54cc05f7606f605d5d1e509c,QVN08_RS23415,Rpn family recombination-promoting nuclease/putative transposase,transposase,other_transposase_or_IS,1
NZ_CP108045.1,82dd3ec44f79deae42e1e4992917a6cc,OHB23_RS22405,transposase,transposase,other_transposase_or_IS,1
NZ_CP100671.1,82f07b41b8e17b9394af7e19153c7afc,NL713_RS23075,IS5-like element ISKpn26 family transposase,IS,other_transposase_or_IS,2
NZ_CP100671.1,82f07b41b8e17b9394af7e19153c7afc,NL713_RS23240,defense against restriction DarA-related protein,ins,unclear_likely_false_positive,2
NZ_CP100671.1,82f07b41b8e17b9394af7e19153c7afc,NL713_RS23600,IS1-like element IS1B family transposase,IS,other_transposase_or_IS,2
NZ_CP050838.1,8301103d347506fea08a3037b7b0382c,HC680_RS29975,Tn3-like element Tn5403 family transposase,Tn3,tn3_family_unit_transposon,1
NZ_CP022173.1,831a3869f7c097ab94cb37e890eb43bb,CE456_RS01870,Tn3 family transposase,Tn3,tn3_family_unit_transposon,1
NZ_CP081904.1,832ef083b3b516cbcc3ae15a4474bbd4,K6V26_RS00155,conjugative transposon protein TraN,transposon,other_transposase_or_IS,2
NZ_CP081904.1,832ef083b3b516cbcc3ae15a4474bbd4,K6V26_RS00160,conjugative transposon protein TraM,transposon,other_transposase_or_IS,2
NZ_CP082344.1,837a0ca391a34dc98361a03166eed0e1,K7X52_RS24310,Rpn family recombination-promoting nuclease/putative transposase,transposase,other_transposase_or_IS,1
NZ_CP068117.1,83aa95d5ca62220174091346d8928b26,I6I82_RS14720,IS200/IS605 family transposase,IS,other_transposase_or_IS,1
NZ_CP068117.1,83aa95d5ca62220174091346d8928b26,I6I82_RS01320,IS982-like element ISEfm1 family transposase,IS,other_transposase_or_IS,1
NZ_CP058558.1,83bcd16f9bbbecd88f6159ec06da9e6e,HYG84_RS17540,IS1 family transposase,IS,other_transposase_or_IS,1
NZ_OW970417.1,83c2ed64dc78db1e0df4e3072bfe0261,LQV26_RS27315,IS1-like element IS1B family transposase,IS,other_transposase_or_IS,1
NZ_AP023209.1,83c78f9a78d76d9cead6b03ef2e95cda,HUV20_RS22670,molybdenum cofactor insertion chaperone PaoD,insertion,other_transposase_or_IS,1
NZ_CP075196.1,83c85f1d3aa995f4b4c7a5c020daddc4,KHO74_RS27330,conjugative transposon protein TraM,transposon,other_transposase_or_IS,2
NZ_CP075196.1,83c85f1d3aa995f4b4c7a5c020daddc4,KHO74_RS27335,conjugative transposon protein TraN,transposon,other_transposase_or_IS,2
NZ_CP069372.1,83d160935b6d91bdd226b4afb114a543,JO391_RS20900,IS110 family RNA-guided transposase,IS,other_transposase_or_IS,2
NZ_CP069372.1,83d160935b6d91bdd226b4afb114a543,JO391_RS21150,IS6 family transposase,IS,other_transposase_or_IS,2
NZ_CP033355.2,83f177dd2f6e7598bba04270ecd32a6d,EB780_RS04030,IS3 family transposase,IS,other_transposase_or_IS,1
NZ_CP079166.1,840061212fdaf7a2e0cce2d3a534e193,KWY74_RS26635,lipoprotein insertase outer membrane protein LolB,ins,unclear_likely_false_positive,1
NZ_CP139034.1,8407c9a700f2077a7a271848e6a6ea38,SH589_RS28280,Tn3-like element TnAs1 family transposase,Tn3,tn3_family_unit_transposon,1
NZ_CP106755.1,841625533941f093c291f3a3622683b0,N7922_RS25145,Tn3-like element TnShfr1 family transposase,Tn3,tn3_family_unit_transposon,1
NZ_CP106755.1,841625533941f093c291f3a3622683b0,N7922_RS25235,IS3 family transposase,IS,other_transposase_or_IS,1
NZ_CP039224.1,8449eb85d1f0e7098e97912d12d75c75,PsalN5692_RS20025,IS30 family transposase,IS,other_transposase_or_IS,1
NZ_CP132287.1,847e2eeb8b3736f3124d7d4b09b978c5,GXN37_RS30030,transposase,transposase,other_transposase_or_IS,1
NZ_CP040097.1,84b2b38202cd0e889d02cc3dca727c48,FCN45_RS22960,Tn3 family transposase,Tn3,tn3_family_unit_transposon,1
NZ_CP077733.1,84c171ec7d244c0659217f29c633be10,KSP41_RS06050,RNA-guided endonuclease TnpB family protein,Tnp,other_transposase_or_IS,1
NZ_CP077733.1,84c171ec7d244c0659217f29c633be10,KSP41_RS06225,RNA-guided endonuclease TnpB family protein,Tnp,other_transposase_or_IS,1
NZ_OY725778.1,84c18618ac8aaf02b9de2b96b6e75fd7,UNS60_RS14740,TraG family conjugative transposon ATPase,transposon,other_transposase_or_IS,2
NZ_OY725778.1,84c18618ac8aaf02b9de2b96b6e75fd7,UNS60_RS14765,conjugative transposon protein TraM,transposon,other_transposase_or_IS,2
NZ_CP075991.1,8514899a19d87d53132b94a40f8b1152,KLF49_RS15670,IS630 transposase-related protein,IS,other_transposase_or_IS,1
NZ_CP036074.1,8532f57600dc0992788f75d26c129a70,EXW59_RS00035,Rpn family recombination-promoting nuclease/putative transposase,transposase,other_transposase_or_IS,1
NZ_CP046611.1,855ab1576f0aae73886b04233de40183,GON15_RS39115,IS256 family transposase,IS,other_transposase_or_IS,1
NZ_CP087050.1,8583ccf399d3144e4f70959e7c75da5f,LOE42_RS24440,Tn3 family transposase,Tn3,tn3_family_unit_transposon,1
NZ_CP109878.1,85add8d4bcc0673cdcdc7a72f0949843,NQ150_RS26990,IS5-like element IS5 family transposase,IS,other_transposase_or_IS,1
NZ_CP059578.1,8682998c59c925d5e6a5e2ddd335fae4,HBNCFIEN_RS17315,Tn3 family transposase,Tn3,tn3_family_unit_transposon,1
NZ_CP134760.1,86a6b7a21ea79484d4a016f4c5a9d245,RM156_RS22535,IS3 family transposase,IS,other_transposase_or_IS,1
NZ_CP134760.1,86a6b7a21ea79484d4a016f4c5a9d245,RM156_RS22565,Rpn family recombination-promoting nuclease/putative transposase,transposase,other_transposase_or_IS,1
NZ_CP134760.1,86a6b7a21ea79484d4a016f4c5a9d245,RM156_RS23340,IS6 family transposase,IS,other_transposase_or_IS,1
NZ_CP054832.1,86ca6ed0bad7889ade5cf9925d6f50e9,HSZ48_RS13005,IS30 family transposase,IS,other_transposase_or_IS,2
NZ_CP054832.1,86ca6ed0bad7889ade5cf9925d6f50e9,HSZ48_RS13015,IS30 family transposase,IS,other_transposase_or_IS,2
NC_017222.1,86e10aa84de0d975f288d4d9689fbb38,BLNIAS_RS11565,transposase,transposase,other_transposase_or_IS,2
NZ_CP076511.1,86f11f8f7932d905350b60379a7e6a52,KPF77_RS09115,RNA-guided endonuclease InsQ/TnpB family protein,Ins,other_transposase_or_IS,2
NZ_CP076511.1,86f11f8f7932d905350b60379a7e6a52,KPF77_RS09120,IS200/IS605 family transposase,IS,other_transposase_or_IS,2
NZ_CP086789.1,8728ab92d137539ab1aa8a013b738d69,LOE39_RS22920,Tn3 family transposase,Tn3,tn3_family_unit_transposon,1
NZ_AP022348.1,873c8854549b1ec866912016f7ec1b69,ICHIJ1_RS12120,Tn3 family transposase,Tn3,tn3_family_unit_transposon,1
NZ_CP028972.1,877765ae7fd444fb857cf062aac81f3c,DCS14_RS31000,Tn3 family transposase,Tn3,tn3_family_unit_transposon,1
NZ_CP090352.1,87af1005e73999b6df8ff3eb06523c05,LXM90_RS31485,IS6 family transposase,IS,other_transposase_or_IS,1
NZ_AP015032.1,87cb690f5a229044b755be5e2641e0ca,KF715C_RS34865,defense against restriction DarA-related protein,ins,unclear_likely_false_positive,1
NZ_AP015032.1,87cb690f5a229044b755be5e2641e0ca,KF715C_RS34920,Tn3 family transposase,Tn3,tn3_family_unit_transposon,1
NZ_CP037916.1,87dfa35acf918ae6d1ccd69af34ff43d,E2E30_RS20485,transposase,transposase,other_transposase_or_IS,1
NZ_CP077630.1,8800ff83e718883441e5341bb50e771e,KTC95_RS23750,IS30 family transposase,IS,other_transposase_or_IS,2
NZ_CP077630.1,8800ff83e718883441e5341bb50e771e,KTC95_RS23855,IS91 family transposase,IS,other_transposase_or_IS,2
NZ_CP077630.1,8800ff83e718883441e5341bb50e771e,KTC95_RS23955,IS3 family transposase,IS,other_transposase_or_IS,2
NZ_CP015787.1,88024b6234e454c230f3c5649ac9e20d,Bmayo_RS05370,transposase,transposase,other_transposase_or_IS,1
NZ_CP120748.1,880ceaeb4720ceffbb510dd2da56f29c,P7C31_RS14160,Tn3 family transposase,Tn3,tn3_family_unit_transposon,1
NZ_CP134726.1,88b2c4c4713366d658456cf05dbbd101,RM158_RS23475,IS3 family transposase,IS,other_transposase_or_IS,1
NZ_CP070617.1,88c0fbbea089d07c6589c9e793dad5ad,JWS13_RS04295,insoluble domain protein,ins,unclear_likely_false_positive,3
NZ_CP070617.1,88c0fbbea089d07c6589c9e793dad5ad,JWS13_RS04415,TnsA-like heteromeric transposase endonuclease subunit,transposase,other_transposase_or_IS,3
NZ_CP034172.1,88dbcbacea187d07a5699da77ad5f51c,EIH08_RS12360,conjugative transposon protein TraM,transposon,other_transposase_or_IS,2
NZ_CP034172.1,88dbcbacea187d07a5699da77ad5f51c,EIH08_RS12385,TraG family conjugative transposon ATPase,transposon,other_transposase_or_IS,2
NZ_CP014109.1,88e30ebd37ad9814e51f144aefadde61,AL502_RS00025,Tn3-like element Tn3 family transposase,Tn3,tn3_family_unit_transposon,1
NZ_CP047456.1,893d8c6c1f439a50cd8f103bc4bd4d5d,GTK48_RS22435,IS1 family transposase,IS,other_transposase_or_IS,1
NZ_CP027514.1,894aa289d437ed791457ca302301140d,C6Y18_RS15865,IS110 family RNA-guided transposase,IS,other_transposase_or_IS,1
NZ_CP107868.1,896aa5ec980d7ab5c222fb36c8867b31,OHA87_RS47855,RNA-guided endonuclease InsQ/TnpB family protein,Ins,other_transposase_or_IS,1
NZ_CP130338.1,89c6c4c2653cff9a9b70628ad285962a,Q2U85_RS30355,Tn3 family transposase,Tn3,tn3_family_unit_transposon,1
NZ_CP086828.1,89fe7c0eba2627ac0093e560c65ed6a0,LOE28_RS22220,Tn3 family transposase,Tn3,tn3_family_unit_transposon,1
NZ_CP121116.1,8a052b4656e6bd11978974dca66148c7,P8S53_RS20070,IS5 family transposase,IS,other_transposase_or_IS,1
NZ_CP027379.1,8a3e63fb9f228d86d08aa37d0446f184,C6P81_RS27375,Rpn family recombination-promoting nuclease/putative transposase,transposase,other_transposase_or_IS,1
NZ_CP021115.1,8a3eebc8095a9da01e82907c61e81707,B9057_RS14665,transposase,transposase,other_transposase_or_IS,1
NZ_CP084010.1,8a6289842028f3bb01a46c2568e11bcf,LCR03_RS11840,IS6 family transposase,IS,other_transposase_or_IS,1
NZ_CP010055.1,8a7cdf001a18e906c5e9f603b100d29b,PK28_RS17215,conjugative transposon protein TraM,transposon,other_transposase_or_IS,1
NZ_CP126993.1,8b6a0f0c8a9ff82248d67ac753614a4b,QQF68_RS27915,Tn3 family transposase,Tn3,tn3_family_unit_transposon,1
NZ_CP086937.1,8c8d44bca741bfdff40265278ee143c7,LOE16_RS22535,IS110 family RNA-guided transposase,IS,other_transposase_or_IS,2
NZ_CP086937.1,8c8d44bca741bfdff40265278ee143c7,LOE16_RS22615,Tn3 family transposase,Tn3,tn3_family_unit_transposon,2
NZ_CP050394.1,8cd476a1fb2923b65041e6328a3b0495,HBM80_RS00515,heteromeric transposase endonuclease subunit TnsA,transposase,other_transposase_or_IS,2
NZ_CP074431.1,8ce3b4ef243df8ab0a7775194780bed1,KFD69_RS23600,IS6-like element IS26 family transposase,IS,other_transposase_or_IS,1
NZ_CP074431.1,8ce3b4ef243df8ab0a7775194780bed1,KFD69_RS23620,IS91 family transposase,IS,other_transposase_or_IS,1
NZ_CP074431.1,8ce3b4ef243df8ab0a7775194780bed1,KFD69_RS23635,Tn3 family transposase,Tn3,tn3_family_unit_transposon,1
NZ_CP061282.1,8d1452b30976008becec5f1f02d4be20,IAG42_RS36350,RNA-guided endonuclease InsQ/TnpB family protein,Ins,other_transposase_or_IS,1
NZ_CP061282.1,8d1452b30976008becec5f1f02d4be20,IAG42_RS37040,transposase,transposase,other_transposase_or_IS,1
NZ_CP023162.1,8d60b125f3fcc43131a99451d8d1ac3c,CIW72_RS23045,Tn3-like element ISXc4 family transposase,Tn3,tn3_family_unit_transposon,1
NC_008042.1,8d676ed8a6712492624846f9418fbdc4,TM1040_RS00160,transposase,transposase,other_transposase_or_IS,1
NC_008042.1,8d676ed8a6712492624846f9418fbdc4,TM1040_RS19825,transposase,transposase,other_transposase_or_IS,1
NC_008042.1,8d676ed8a6712492624846f9418fbdc4,TM1040_RS20115,transposase,transposase,other_transposase_or_IS,1
NC_014756.1,8d6dfd3074cf07c0a8e988d832438540,SULKU_RS14860,Tn3 family transposase,Tn3,tn3_family_unit_transposon,3
NC_014756.1,8d6dfd3074cf07c0a8e988d832438540,SULKU_RS13990,Tn3 family transposase,Tn3,tn3_family_unit_transposon,3
NC_014756.1,8d6dfd3074cf07c0a8e988d832438540,SULKU_RS14010,Tn3 family transposase,Tn3,tn3_family_unit_transposon,3
NZ_CP045715.1,8d76ba1d54220c0beb4796b8ed2efced,GHT02_RS27165,Tn3 family transposase,Tn3,tn3_family_unit_transposon,1
NZ_CP014928.1,8e006ebcbb718ea29b012faddf6c5297,AYR63_RS16000,IS30-like element ISLsa1 family transposase,IS,other_transposase_or_IS,2
NZ_CP014928.1,8e006ebcbb718ea29b012faddf6c5297,AYR63_RS16005,IS256 family transposase,IS,other_transposase_or_IS,2
NZ_CP016846.1,8e4205e6d8f7ab168fe39571dea5b9c3,BFC23_RS16665,Tn3 family transposase,Tn3,tn3_family_unit_transposon,2
NZ_CP016846.1,8e4205e6d8f7ab168fe39571dea5b9c3,BFC23_RS16770,Tn3 family transposase,Tn3,tn3_family_unit_transposon,2
NZ_CP086958.1,8e5893b13bfc92cdccdc927959dea236,LOE13_RS21265,Tn3 family transposase,Tn3,tn3_family_unit_transposon,1
NZ_CP052878.1,8e772deff76fd1975ffb9a863472d417,HJD21_RS22720,IS1380 family transposase,IS,other_transposase_or_IS,2
NZ_CP052878.1,8e772deff76fd1975ffb9a863472d417,HJD21_RS22725,IS91 family transposase,IS,other_transposase_or_IS,2
NZ_CP052878.1,8e772deff76fd1975ffb9a863472d417,HJD21_RS22735,IS1380-like element ISEcp1 family transposase,IS,other_transposase_or_IS,2
NZ_CP063235.1,8e86b4e527fa316ac237657fbb714891,IM699_RS29130,insoluble domain protein,ins,unclear_likely_false_positive,2
NZ_CP063235.1,8e86b4e527fa316ac237657fbb714891,IM699_RS29230,Tn3 family transposase,Tn3,tn3_family_unit_transposon,2
NZ_CP025502.1,8e8d3661c7b2222c4a054c7bbd6d4b1c,CYK96_RS16090,Tn3 family transposase,Tn3,tn3_family_unit_transposon,2
NZ_CP025502.1,8e8d3661c7b2222c4a054c7bbd6d4b1c,CYK96_RS16095,Rpn family recombination-promoting nuclease/putative transposase,transposase,other_transposase_or_IS,2
NZ_CP025502.1,8e8d3661c7b2222c4a054c7bbd6d4b1c,CYK96_RS16215,Rpn family recombination-promoting nuclease/putative transposase,transposase,other_transposase_or_IS,2
NZ_AP025021.1,8e9f0623445faa66ce6cc1110b08b63c,CAL7716_RS54195,ISNCY family transposase,IS,other_transposase_or_IS,1
NZ_AP025021.1,8e9f0623445faa66ce6cc1110b08b63c,CAL7716_RS54385,Tn3 family transposase,Tn3,tn3_family_unit_transposon,1
NZ_AP025021.1,8e9f0623445faa66ce6cc1110b08b63c,CAL7716_RS54410,transposase,transposase,other_transposase_or_IS,1
NZ_CP042168.1,8f1be6397a89eb653992770573428fa0,FPQ37_RS41865,IS256 family transposase,IS,other_transposase_or_IS,1
NZ_CP051420.1,8f22022ec90c2e75a85353cbfd0e5115,HFQ25_RS00180,Rpn family recombination-promoting nuclease/putative transposase,transposase,other_transposase_or_IS,1
NZ_CP014118.1,8f27d22373d7bc96f0303f0e06545fd5,AL514_RS00170,IS6 family transposase,IS,other_transposase_or_IS,1
NZ_CP014118.1,8f27d22373d7bc96f0303f0e06545fd5,AL514_RS00230,DDE-type integrase/transposase/recombinase,transposase/recombinase,other_transposase_or_IS,1
NZ_CP044308.1,8f5c21b4f97d20609204db4b6c562edd,F4W66_RS24370,iron-sulfur cluster insertion protein ErpA,insertion,other_transposase_or_IS,1
NZ_CP104759.1,8f9f74501755bef980f655acaa6b76e2,N5580_RS20095,oxygen-insensitive NAD(P)H nitroreductase,ins,unclear_likely_false_positive,1
NZ_CP047425.1,8fa1321e3ceec868213b6fdefa941809,GTK42_RS23265,Tn3 family transposase,Tn3,tn3_family_unit_transposon,1
NZ_AP022204.1,8fc46ae96124af5f361e0a4cf4355b15,H7R69_RS25495,IS4-like element ISApu1 family transposase,IS,other_transposase_or_IS,4
NZ_AP022204.1,8fc46ae96124af5f361e0a4cf4355b15,H7R69_RS25570,Tn3-like element Tn5403 family transposase,Tn3,tn3_family_unit_transposon,4
NZ_CP083550.1,8fdbc5262987cc66eb17608a91fa878e,K3724_RS22965,transposase,transposase,other_transposase_or_IS,2
NZ_CP083550.1,8fdbc5262987cc66eb17608a91fa878e,K3724_RS23075,IS110 family RNA-guided transposase,IS,other_transposase_or_IS,2
NZ_CP079649.1,8fe79ff54c29f6f5173600928a2ceaf3,KW559_RS27970,Tn3-like element Tn3 family transposase,Tn3,tn3_family_unit_transposon,1
NZ_CP010831.1,8ff4a35ac96491c04255e89fe75c5de2,FORC11_RS26675,Rpn family recombination-promoting nuclease/putative transposase,transposase,other_transposase_or_IS,1
NZ_CP069401.1,9003d222a2c070b27d804384ec3c85de,ICR95_RS27255,Tn3 family transposase,Tn3,tn3_family_unit_transposon,1
NZ_CP068605.1,900fd6919ee9a7c9368f31d77144a164,JMZ77_RS26555,Tn3-like element Tn3 family transposase,Tn3,tn3_family_unit_transposon,2
NZ_CP068605.1,900fd6919ee9a7c9368f31d77144a164,JMZ77_RS26575,IS6-like element IS26 family transposase,IS,other_transposase_or_IS,2
NZ_CP080074.1,9023ce82af20580cb554e91de7c064d2,KZO15_RS22440,Tn3 family transposase,Tn3,tn3_family_unit_transposon,1
NZ_CP091949.1,9042a4a6acfab19ef78562d12163d79f,MAL00_RS19430,Rpn family recombination-promoting nuclease/putative transposase,transposase,other_transposase_or_IS,1
NC_020798.1,90726f41f2190fa9f8eb40a53f66cbf8,XAC29_RS45375,Tn3-like element ISXc4 family transposase,Tn3,tn3_family_unit_transposon,1
NZ_CP093475.1,90d7f6a9133846d3af7af0536343e713,MO415_RS27490,Tn3-like element Tn5403 family transposase,Tn3,tn3_family_unit_transposon,1
NZ_AP021882.1,90e567ebb37e23f989e137954cbb5c6a,SFSGTM_RS16775,Tn3 family transposase,Tn3,tn3_family_unit_transposon,1
NZ_CP087065.1,90f5fcac499fb3ad4963e70a2a12ff7d,LOE35_RS23670,Tn3 family transposase,Tn3,tn3_family_unit_transposon,1
NZ_CP096911.1,91096fc6032004c74530572416e40fb4,M2J77_RS32680,Tn3 family transposase,Tn3,tn3_family_unit_transposon,1
NZ_CP072237.1,9121e279c4d5bae0b27d243138877fdc,INE84_RS20300,conjugative transposon protein TraM,transposon,other_transposase_or_IS,2
NZ_CP072237.1,9121e279c4d5bae0b27d243138877fdc,INE84_RS20305,conjugative transposon protein TraN,transposon,other_transposase_or_IS,2
NZ_CP014878.1,9127c30a4d5edd4e7d8773889abcb87b,AYR53_RS13105,IS701 family transposase,IS,other_transposase_or_IS,1
NZ_CP066190.1,916d161787e14e04904f325da8acb0e0,JC772_RS21800,heteromeric transposase endonuclease subunit TnsA,transposase,other_transposase_or_IS,2
NZ_CP066190.1,916d161787e14e04904f325da8acb0e0,JC772_RS21815,TnsD family transposase,transposase,other_transposase_or_IS,2
NZ_CP066190.1,916d161787e14e04904f325da8acb0e0,JC772_RS21820,Tn7-like element transposition protein TnsE,Tn7,other_transposase_or_IS,2
NZ_CP083489.1,917ca61b36f95df879f90ed93d67f29f,K9U12_RS26670,IS1380-like element ISEcp1 family transposase,IS,other_transposase_or_IS,1
NZ_CP031314.1,920f06b80f224552fac72ba7c743c6ad,DV707_RS17775,transposase,transposase,other_transposase_or_IS,1
NZ_CP094589.1,92adfa824d5e48217d7839dc05a70fa4,MTX43_RS06050,transposase,transposase,other_transposase_or_IS,1
NZ_CP094589.1,92adfa824d5e48217d7839dc05a70fa4,MTX43_RS07310,RNA-guided endonuclease TnpB family protein,Tnp,other_transposase_or_IS,1
NZ_CP133420.1,92cc8f5c55afe527b8be7e93f27c11bf,RC082_RS23265,transposase,transposase,other_transposase_or_IS,1
NZ_CP137489.1,93100de0514b26ef5696cb1aefdf7554,R5025_RS32180,ISCR element clade Ia family transposase,IS,other_transposase_or_IS,1
NZ_CP126882.1,932e5f9a6d6ec97851d8416e8c472a01,M2J86_RS24605,Tn3-like element Tn3 family transposase,Tn3,tn3_family_unit_transposon,4
NZ_CP126882.1,932e5f9a6d6ec97851d8416e8c472a01,M2J86_RS24615,IS481-like element ISKpn27 family transposase,IS,other_transposase_or_IS,4
NZ_CP126882.1,932e5f9a6d6ec97851d8416e8c472a01,M2J86_RS24620,ISKra4-like element ISKpn19 family transposase,IS,other_transposase_or_IS,4
NZ_CP126882.1,932e5f9a6d6ec97851d8416e8c472a01,M2J86_RS24640,Tn3-like element TnAs1 family transposase,Tn3,tn3_family_unit_transposon,4
NZ_CP126882.1,932e5f9a6d6ec97851d8416e8c472a01,M2J86_RS24735,defense against restriction DarA-related protein,ins,unclear_likely_false_positive,4
NZ_CP007545.1,93319544a3d9c050501bc64ef0de893e,D082_RS17185,Rpn family recombination-promoting nuclease/putative transposase,transposase,other_transposase_or_IS,1
NZ_CP031468.1,93452d761a30e3686165258fa6ac7e26,DSC91_RS38740,IS3 family transposase,IS,other_transposase_or_IS,1
NZ_CP031468.1,93452d761a30e3686165258fa6ac7e26,DSC91_RS38445,IS4/Tn5 family transposase DNA-binding protein,IS,other_transposase_or_IS,1
NZ_CP028802.2,93affc68afbcc62180c81929748dcd9d,B7D49_RS00100,IS5-like element ISKpn26 family transposase,IS,other_transposase_or_IS,1
NZ_CP054441.1,94b410fe01030490e6ad4982f2bcbbec,HSZ52_RS12790,IS6-like element IS257 family transposase,IS,other_transposase_or_IS,2
NZ_CP054441.1,94b410fe01030490e6ad4982f2bcbbec,HSZ52_RS12810,IS6-like element IS257 family transposase,IS,other_transposase_or_IS,2
NZ_CP108436.1,94c19ef27efca2c6b80a880a5858361b,OG458_RS42160,transposase family protein,transposase,other_transposase_or_IS,1
NZ_CP009778.1,951cae381cd6ee37053752ad54ec9c8b,KPNIH32_RS29450,Tn3-like element Tn3 family transposase,Tn3,tn3_family_unit_transposon,2
NZ_CP009778.1,951cae381cd6ee37053752ad54ec9c8b,KPNIH32_RS29470,IS6-like element IS26 family transposase,IS,other_transposase_or_IS,2
NZ_AP021992.1,9542396510c5ed9ca52e83af0d1e56cc,H7R89_RS30480,Tn3-like element Tn5403 family transposase,Tn3,tn3_family_unit_transposon,1
NZ_CP013214.1,95ac7bcdbf9fb3eb617b8dbc3d25bd2e,AOC36_RS11700,ISL3 family transposase,IS,other_transposase_or_IS,2
NZ_CP081479.1,966e414f2d29ec5554cf429288c9b210,K5A80_RS35160,Tn3 family transposase,Tn3,tn3_family_unit_transposon,1
NZ_CP111070.1,967865599376cc52f9b0b4cee03cc7fc,OQ292_RS40910,IS110 family RNA-guided transposase,IS,other_transposase_or_IS,1
NZ_CP088926.1,96fb79a99948e691463c15600a168e72,LRK55_RS18635,Tn3 family transposase,Tn3,tn3_family_unit_transposon,3
NZ_CP088926.1,96fb79a99948e691463c15600a168e72,LRK55_RS18955,Tn3 family transposase,Tn3,tn3_family_unit_transposon,3
NZ_CP088926.1,96fb79a99948e691463c15600a168e72,LRK55_RS19130,Tn3 family transposase,Tn3,tn3_family_unit_transposon,3
NZ_CP040069.1,973286b2edf0879da86cfef455e87d5d,FDP43_RS24795,defense against restriction DarA-related protein,ins,unclear_likely_false_positive,1
NZ_CP040069.1,973286b2edf0879da86cfef455e87d5d,FDP43_RS24920,Tn3 family transposase,Tn3,tn3_family_unit_transposon,1
NZ_CP046516.1,97a9b56d851c0b7f335ba9d74a3c1e6a,GOM42_RS14970,Rpn family recombination-promoting nuclease/putative transposase,transposase,other_transposase_or_IS,1
NZ_CP046516.1,97a9b56d851c0b7f335ba9d74a3c1e6a,GOM42_RS15085,Rpn family recombination-promoting nuclease/putative transposase,transposase,other_transposase_or_IS,1
NZ_CP046516.1,97a9b56d851c0b7f335ba9d74a3c1e6a,GOM42_RS15090,Tn3 family transposase,Tn3,tn3_family_unit_transposon,1
NZ_CP034134.1,97b2f56b249c9bf6116dc9052aecb538,BME54_RS30645,Tn3-like element Tn5403 family transposase,Tn3,tn3_family_unit_transposon,1
NZ_CP104211.1,97c6dab9aab0ec5ca0ba4a030c2ce88b,NZD85_RS14570,IS1 family transposase,IS,other_transposase_or_IS,1
NZ_KR071788.1,98133e7e7f563f7e3f34f75cc34db73e,XOCgx_RS23085,Tn3-like element TnXo19 family transposase,Tn3,tn3_family_unit_transposon,1
NZ_CP074011.1,9814e8ad57aaf5e0b5014aa86dff5112,KFU74_RS24270,Tn3-like element TnAs1 family transposase,Tn3,tn3_family_unit_transposon,1
NZ_CP074011.1,9814e8ad57aaf5e0b5014aa86dff5112,KFU74_RS24310,transposase,transposase,other_transposase_or_IS,1
NZ_CP139201.1,9839a39b4bc5e71eb707cc11773bb243,SK065_RS15345,Rpn family recombination-promoting nuclease/putative transposase,transposase,other_transposase_or_IS,1
NZ_CP053186.1,98556bc04b715f099f119eeefb90cf55,HLG72_RS14150,IS6 family transposase,IS,other_transposase_or_IS,1
NZ_CP053186.1,98556bc04b715f099f119eeefb90cf55,HLG72_RS14205,IS6-like element IS257 family transposase,IS,other_transposase_or_IS,1
NZ_AP026807.1,98742cdbde70aae8c3464898790921db,R8897_RS14240,transposase,transposase,other_transposase_or_IS,1
NZ_AP026807.1,98742cdbde70aae8c3464898790921db,R8897_RS14505,IS607 family transposase,IS,other_transposase_or_IS,1
NZ_AP026807.1,98742cdbde70aae8c3464898790921db,R8897_RS14510,RNA-guided endonuclease InsQ/TnpB family protein,Ins,other_transposase_or_IS,1
NZ_CP134764.1,98ff0df5b494d45e8020a40ca89c9393,RM155_RS23120,Rpn family recombination-promoting nuclease/putative transposase,transposase,other_transposase_or_IS,1
NZ_AP022995.1,99b8c5aa738040459081965b5de547a0,L6490_RS29880,Mu transposase C-terminal domain-containing protein,transposase,other_transposase_or_IS,1
NZ_AP022995.1,99b8c5aa738040459081965b5de547a0,L6490_RS29890,Tn3 family transposase,Tn3,tn3_family_unit_transposon,1
NZ_AP022414.1,99f34d3e927782b14da350fb154cb26b,JLF46_RS27340,IS3-like element ISKpn34 family transposase,IS,other_transposase_or_IS,1
NZ_CP109854.1,99f543a36a8da41042e17b628e6d7369,OH655_RS21700,oxygen-insensitive NAD(P)H nitroreductase,ins,unclear_likely_false_positive,1
NZ_CP068679.1,99fe05950d05b1b40f0b87f797153a97,JKV45_RS32715,Tn3 family transposase,Tn3,tn3_family_unit_transposon,1
NZ_CP118639.1,9a079cbbd4ea2e0c6b2839156065a106,PUN20_RS32220,Tn3-like element TnAs3 family transposase,Tn3,tn3_family_unit_transposon,5
NZ_CP118639.1,9a079cbbd4ea2e0c6b2839156065a106,PUN20_RS32375,Tn3 family transposase post-transcriptional regulator TnpC,Tn3,tn3_family_unit_transposon,5
NZ_CP118639.1,9a079cbbd4ea2e0c6b2839156065a106,PUN20_RS32380,Tn3 family transposase,Tn3,tn3_family_unit_transposon,5
NZ_CP118639.1,9a079cbbd4ea2e0c6b2839156065a106,PUN20_RS32490,Tn3 family transposase,Tn3,tn3_family_unit_transposon,5
NZ_CP106990.1,9a1d1401d0ab20c557b9d8548ea9598f,OC371_RS19915,IS30-like element ISAba125 family transposase,IS,other_transposase_or_IS,1
NZ_CP092850.1,9a54ae8992506a3b2f09d2baf1f62e28,MMB17_RS25200,Tn3 family transposase,Tn3,tn3_family_unit_transposon,1
NZ_LR215040.1,9ab02e50031fd19a2dd7613fc9643e62,EXC45_RS03870,IS30 family transposase,IS,other_transposase_or_IS,1
NZ_LR215040.1,9ab02e50031fd19a2dd7613fc9643e62,EXC45_RS03905,transposase,transposase,other_transposase_or_IS,1
NZ_CP017021.1,9ae97b4b1d746b7896ab641e6ed1362e,BGK55_RS21525,Tn3-like element ISXc4 family transposase,Tn3,tn3_family_unit_transposon,1
NZ_CP092448.1,9b043018bbcfb30e9061fde857a21d77,LXM97_RS13350,IS6 family transposase,IS,other_transposase_or_IS,1
NZ_CP092448.1,9b043018bbcfb30e9061fde857a21d77,LXM97_RS13400,IS6-like element IS257 family transposase,IS,other_transposase_or_IS,1
NZ_LT598658.1,9b19a91f9b5adc1b3290511badfd9244,LPM7613_RS14680,Tn3 family transposase,Tn3,tn3_family_unit_transposon,1
NZ_CP036556.1,9b20a5cbb8bde786d7fd0c90ebbf17f4,E0L14_RS23185,conjugative transposon protein TraK,transposon,other_transposase_or_IS,3
NZ_CP036556.1,9b20a5cbb8bde786d7fd0c90ebbf17f4,E0L14_RS23195,conjugative transposon protein TraM,transposon,other_transposase_or_IS,3
NZ_CP036556.1,9b20a5cbb8bde786d7fd0c90ebbf17f4,E0L14_RS23200,conjugative transposon protein TraN,transposon,other_transposase_or_IS,3
NZ_CP094537.1,9b6c76024dc578ac286406c31e5d5bf2,MTP16_RS24890,TraG family conjugative transposon ATPase,transposon,other_transposase_or_IS,4
NZ_CP094537.1,9b6c76024dc578ac286406c31e5d5bf2,MTP16_RS24915,conjugative transposon protein TraK,transposon,other_transposase_or_IS,4
NZ_CP094537.1,9b6c76024dc578ac286406c31e5d5bf2,MTP16_RS24920,conjugative transposon protein TraM,transposon,other_transposase_or_IS,4
NZ_CP094537.1,9b6c76024dc578ac286406c31e5d5bf2,MTP16_RS24925,conjugative transposon protein TraN,transposon,other_transposase_or_IS,4
NZ_CP098764.1,9c02d657fbaf21c1d8107b27abb1b372,NEF64_RS18620,Tn3 family transposase,Tn3,tn3_family_unit_transposon,1
NZ_OX443573.1,9c14d28abacfcdfefb90fc5a9e38726c,P6S16_RS16880,IS30-like element ISLsa1 family transposase,IS,other_transposase_or_IS,1
NZ_CP128138.1,9c2416eca2db3521c2d8a2a78257abea,QRE64_RS27720,Tn3 family transposase,Tn3,tn3_family_unit_transposon,2
NZ_CP128138.1,9c2416eca2db3521c2d8a2a78257abea,QRE64_RS27740,transposase,transposase,other_transposase_or_IS,2
NZ_CP137126.1,9c7ff215d15ff80d43a667b525966dc4,R2X28_RS26590,IS1-like element IS1B family transposase,IS,other_transposase_or_IS,1
NZ_CP072356.1,9caa1ca161316ec718cb1896628a4a3c,J5A68_RS14625,IS3 family transposase,IS,other_transposase_or_IS,2
NZ_CP072356.1,9caa1ca161316ec718cb1896628a4a3c,J5A68_RS14630,transposase,transposase,other_transposase_or_IS,2
NZ_CP071727.1,9d0cad8739a042074bbe78ebe55e6d73,HRE53_RS34220,NF041680 family putative transposase,transposase,other_transposase_or_IS,2
NZ_CP071727.1,9d0cad8739a042074bbe78ebe55e6d73,HRE53_RS34230,IS256 family transposase,IS,other_transposase_or_IS,2
NZ_CP071727.1,9d0cad8739a042074bbe78ebe55e6d73,HRE53_RS34240,IS1 family transposase,IS,other_transposase_or_IS,2
NZ_CP137428.1,9d16ae89bf6f3ff6c821918f5e359ab4,R5O57_RS28580,Tn3-like element IS3000 family transposase,Tn3,tn3_family_unit_transposon,1
NZ_CP060464.1,9d21b5f822edcc1a9346bb2a2654fd4c,H8Z70_RS23360,Tn3-like element ISXc4 family transposase,Tn3,tn3_family_unit_transposon,1
NZ_CP086942.1,9d901d704ddf5ea3b8e3cb8786cdcdfc,LOE15_RS20455,Tn3 family transposase,Tn3,tn3_family_unit_transposon,1
NZ_CP087024.1,9da70c14876bf8168c72066a92f2b735,LOE45_RS23070,Tn3 family transposase,Tn3,tn3_family_unit_transposon,2
NZ_CP010825.1,9df2bc67abeb739f0b67e86b320ee99c,TO73_RS11815,IS607 family element RNA-guided endonuclease TnpB,IS,other_transposase_or_IS,1
NZ_LR890538.1,9e05b903942d66c288e14603c7d60acc,JMX06_RS26335,RNA-guided endonuclease InsQ/TnpB family protein,Ins,other_transposase_or_IS,1
NZ_LR890538.1,9e05b903942d66c288e14603c7d60acc,JMX06_RS26470,defense against restriction DarA-related protein,ins,unclear_likely_false_positive,1
NZ_CP094937.1,9e12fa2564c06ccc6bebf13e4af443fb,MTR78_RS17470,Tn3 family transposase,Tn3,tn3_family_unit_transposon,1
NZ_CP010687.1,9e23e4a9495709e2e224cade2ca3ab70,phaeop14_RS19505,Tn3 family transposase,Tn3,tn3_family_unit_transposon,1
NZ_CP135714.1,9e53f515bce06a8d9c2bbfae225ff1ab,RS158_RS25375,RNA-guided endonuclease InsQ/TnpB family protein,Ins,other_transposase_or_IS,1
NZ_CP135714.1,9e53f515bce06a8d9c2bbfae225ff1ab,RS158_RS25510,defense against restriction DarA-related protein,ins,unclear_likely_false_positive,1
NZ_CP036461.1,9e6ec11ed9a7bd6b52667c902e2451fe,EWM65_RS09905,transposase,transposase,other_transposase_or_IS,1
NZ_CP054778.1,9e80e7c5df98e7b37a0adeb6cf5a53fa,HUR99_RS29290,Tn3-like element TnAs1 family transposase,Tn3,tn3_family_unit_transposon,1
NC_015918.1,9e87922a375e5ce3f02f948e8062c0a9,BBIDN127_RS06530,RNA-guided endonuclease InsQ/TnpB family protein,Ins,other_transposase_or_IS,2
NC_015918.1,9e87922a375e5ce3f02f948e8062c0a9,BBIDN127_RS07385,transposase,transposase,other_transposase_or_IS,2
NZ_CP070892.1,9ee89d3f2ade35be9bf51e50f1f2659f,HZC98_RS28070,Tn3-like element IS3000 family transposase,Tn3,tn3_family_unit_transposon,1
NZ_CP072109.1,9efa760c51346dcd93a45e7d6eab6283,J6K27_RS29640,transposase,transposase,other_transposase_or_IS,1
NZ_CP098356.1,9f379d92bab8355be65d4ddb54ae2418,NB672_RS27040,Tn3-like element Tn3 family transposase,Tn3,tn3_family_unit_transposon,2
NZ_CP098356.1,9f379d92bab8355be65d4ddb54ae2418,NB672_RS27060,IS6-like element IS26 family transposase,IS,other_transposase_or_IS,2
NZ_CP088105.1,9f44b4e4aa638034b215cf1497377b44,RlegTA1_RS25610,IS66 family transposase,IS,other_transposase_or_IS,1
NZ_CP088105.1,9f44b4e4aa638034b215cf1497377b44,RlegTA1_RS37345,IS5/IS1182 family transposase,IS,other_transposase_or_IS,1
NZ_OD940425.1,9f5826bfaf12d9ef6482155e27d6a7a4,KJA80_RS13760,IS1380-like element ISSsu5 family transposase,IS,other_transposase_or_IS,1
NZ_CP095054.1,9f6a773acbf7349024876374ff9274ec,MUN82_RS21700,TraG family conjugative transposon ATPase,transposon,other_transposase_or_IS,6
NZ_CP095054.1,9f6a773acbf7349024876374ff9274ec,MUN82_RS21720,conjugative transposon protein TraJ,transposon,other_transposase_or_IS,6
NZ_CP095054.1,9f6a773acbf7349024876374ff9274ec,MUN82_RS21725,conjugative transposon protein TraK,transposon,other_transposase_or_IS,6
NZ_CP095054.1,9f6a773acbf7349024876374ff9274ec,MUN82_RS21730,conjugative transposon protein TraM,transposon,other_transposase_or_IS,6
NZ_CP095054.1,9f6a773acbf7349024876374ff9274ec,MUN82_RS21735,conjugative transposon protein TraN,transposon,other_transposase_or_IS,6
NZ_CP095054.1,9f6a773acbf7349024876374ff9274ec,MUN82_RS22045,Tn3 family transposase,Tn3,tn3_family_unit_transposon,6
NZ_CP024270.1,9f7ab963787c2575b68eb0367c00d838,CCV27_RS24945,Tn3-like element Tn3 family transposase,Tn3,tn3_family_unit_transposon,1
NZ_CP021116.1,9f803de16cfdb35a5d1cb4c0cd54063b,B9057_RS15930,IS1182 family transposase,IS,other_transposase_or_IS,1
NC_018674.1,9f96abeaeeb26cd58eb52f6e0cbfd9a7,C270_RS08060,IS6 family transposase,IS,other_transposase_or_IS,1
NC_018674.1,9f96abeaeeb26cd58eb52f6e0cbfd9a7,C270_RS08140,IS30 family transposase,IS,other_transposase_or_IS,1
NC_010846.1,9f996578bdbfa728c9c06824b30d02ee,LBF_RS18580,ISNCY-like element ISLbi1 family transposase,IS,other_transposase_or_IS,1
NZ_CP034302.1,9fb5a4b8897f65f57b20160d8820547a,EHC69_RS27980,Tn3 family transposase,Tn3,tn3_family_unit_transposon,1
NZ_CP058881.1,9fb5daa57468ccc4a79977b3940a324b,HZT24_RS24255,defense against restriction DarA-related protein,ins,unclear_likely_false_positive,1
NZ_CP058881.1,9fb5daa57468ccc4a79977b3940a324b,HZT24_RS24650,IS6-like element IS26 family transposase,IS,other_transposase_or_IS,1
NZ_CP047245.1,a03225668dc51d4b24382317df372b6a,GSQ19_RS29435,IS1/IS1595 family N-terminal zinc-binding domain-containing protein,IS,other_transposase_or_IS,1
NZ_CP091894.1,a074f04d66bc7edc9b646c00ff2fcfe8,L5I22_RS15195,Tn3 family transposase,Tn3,tn3_family_unit_transposon,1
NZ_CP025124.1,a0898e0c59206e10c33c301dace77008,CW734_RS00905,Mu transposase C-terminal domain-containing protein,transposase,other_transposase_or_IS,1
NZ_CP129864.1,a1110c411f10b7924d09aeb204482a0e,QYQ61_RS27325,IS6-like element IS26 family transposase,IS,other_transposase_or_IS,1
NZ_CP129864.1,a1110c411f10b7924d09aeb204482a0e,QYQ61_RS27330,Tn3 family transposase,Tn3,tn3_family_unit_transposon,1
NZ_CP064276.1,a1136653133e13337f3fe055fd796cf2,IQ966_RS26645,Rpn family recombination-promoting nuclease/putative transposase,transposase,other_transposase_or_IS,1
NZ_CP045613.1,a12e186d7a8bfe805822e15c787e4dec,GFH35_RS26355,IS1595 family transposase,IS,other_transposase_or_IS,3
NZ_CP045613.1,a12e186d7a8bfe805822e15c787e4dec,GFH35_RS26370,IS1595 family transposase,IS,other_transposase_or_IS,3
NZ_CP045613.1,a12e186d7a8bfe805822e15c787e4dec,GFH35_RS26455,conjugative transposon protein TraK,transposon,other_transposase_or_IS,3
NZ_CP045613.1,a12e186d7a8bfe805822e15c787e4dec,GFH35_RS26540,conjugative transposon protein TraM,transposon,other_transposase_or_IS,3
NZ_CP045613.1,a12e186d7a8bfe805822e15c787e4dec,GFH35_RS26545,conjugative transposon protein TraN,transposon,other_transposase_or_IS,3
NZ_CP063923.1,a158aff14c2a250e9265271cabeb6600,ISA71_RS26185,Rpn family recombination-promoting nuclease/putative transposase,transposase,other_transposase_or_IS,2
NZ_CP063923.1,a158aff14c2a250e9265271cabeb6600,ISA71_RS26205,RNA-guided endonuclease InsQ/TnpB family protein,Ins,other_transposase_or_IS,2
NZ_CP033927.1,a173e518685c13fa4df3ef60b34aabcd,EG359_RS22290,conjugative transposon protein TraM,transposon,other_transposase_or_IS,2
NZ_CP033927.1,a173e518685c13fa4df3ef60b34aabcd,EG359_RS22310,TraG family conjugative transposon ATPase,transposon,other_transposase_or_IS,2
NZ_CP024080.1,a1fae7d30ce1ae20a53c6a8336aea675,COR42_RS23975,Tn3-like element ISXc4 family transposase,Tn3,tn3_family_unit_transposon,1
NZ_OY725959.1,a24202aa262510ac10a09030beaa94fd,UHF62_RS17415,transposon Tn4555 protein TnpC,transposon,other_transposase_or_IS,1
NZ_CP010020.1,a29ff286fa238887a744e749e1bb7c24,CH60_RS00005,IS21-like element helper ATPase IstB,IS,other_transposase_or_IS,1
NZ_CP010020.1,a29ff286fa238887a744e749e1bb7c24,CH60_RS00015,IS21-like element IS100 family transposase,IS,other_transposase_or_IS,1
NC_010844.1,a2ba19192cd89e4ac54d7309ee177314,LEPBI_RS18565,ISNCY-like element ISLbi1 family transposase,IS,other_transposase_or_IS,1
NZ_CP007791.1,a2f04164af8eb917498a62e75837a80c,B840_RS13325,IS6 family transposase,IS,other_transposase_or_IS,1
NZ_CP034331.1,a31685f73b8f9fa774cbf11dedbe9d63,EI545_RS21120,IS1380-like element ISPme1 family transposase,IS,other_transposase_or_IS,1
NZ_CP035053.1,a3791e9dcc426837e8ed67186dccd5ab,EP552_RS19610,IS30-like element ISAba125 family transposase,IS,other_transposase_or_IS,1
NZ_CP036098.1,a37bbd9e157ff38f471dd96cf3b822ac,EXW54_RS29895,YidC/Oxa1 family membrane protein insertase,ins,unclear_likely_false_positive,1
NZ_CP116719.1,a3b156975bee8b55d830b9b47f2f635e,PMJ85_RS32690,transposase,transposase,other_transposase_or_IS,3
NZ_CP116719.1,a3b156975bee8b55d830b9b47f2f635e,PMJ85_RS32740,transposase,transposase,other_transposase_or_IS,3
NZ_CP116719.1,a3b156975bee8b55d830b9b47f2f635e,PMJ85_RS32760,transposase,transposase,other_transposase_or_IS,3
NZ_CP116719.1,a3b156975bee8b55d830b9b47f2f635e,PMJ85_RS32790,transposase,transposase,other_transposase_or_IS,3
NZ_CP116307.1,a428610f94263220e429809294a07c77,PJW04_RS22435,Tn3 family transposase,Tn3,tn3_family_unit_transposon,2
NZ_CP020865.1,a4812568944489df5854c8400d43dd6f,B9D94_RS01230,IS21-like element helper ATPase IstB,IS,other_transposase_or_IS,3
NZ_CP020865.1,a4812568944489df5854c8400d43dd6f,B9D94_RS01235,IS21 family transposase,IS,other_transposase_or_IS,3
NZ_CP020865.1,a4812568944489df5854c8400d43dd6f,B9D94_RS01280,Tn3 family transposase,Tn3,tn3_family_unit_transposon,3
NZ_AP022966.1,a48a83447821e78c7340213541f98c14,L6484_RS29630,Tn3 family transposase,Tn3,tn3_family_unit_transposon,1
NZ_AP022966.1,a48a83447821e78c7340213541f98c14,L6484_RS29685,Tn3 family transposase,Tn3,tn3_family_unit_transposon,1
NZ_CP026738.1,a4c85cc5e44fe74d5d5fb222dc93f403,C2I28_RS26975,Rpn family recombination-promoting nuclease/putative transposase,transposase,other_transposase_or_IS,2
NZ_CP026738.1,a4c85cc5e44fe74d5d5fb222dc93f403,C2I28_RS27005,Rpn family recombination-promoting nuclease/putative transposase,transposase,other_transposase_or_IS,2
NZ_CP086837.1,a4ca51c5856a43e895eaf2575adb74b8,LOE25_RS23420,Tn3 family transposase,Tn3,tn3_family_unit_transposon,1
NZ_CP129336.1,a52729b1fe3ff8a5dfff29508f2a4c63,QWW98_RS28205,transposase,transposase,other_transposase_or_IS,1
NZ_CP129336.1,a52729b1fe3ff8a5dfff29508f2a4c63,QWW98_RS28450,insoluble domain protein,ins,unclear_likely_false_positive,1
NC_019959.1,a552ef14e6f8417cb0b8d6a21417ec4f,MYCSM_RS34440,RNA-guided endonuclease InsQ/TnpB family protein,Ins,other_transposase_or_IS,1
NZ_CP093279.1,a583be586d07c6285a267d3b17240916,MMW58_RS30095,Tn3 family transposase,Tn3,tn3_family_unit_transposon,2
NZ_CP093279.1,a583be586d07c6285a267d3b17240916,MMW58_RS30185,Tn3-like element ISPa38 family transposase,Tn3,tn3_family_unit_transposon,2
NZ_CP085419.1,a58a0006ebb398daa9bd9a1e8ed74f8b,LIT33_RS28955,Rpn family recombination-promoting nuclease/putative transposase,transposase,other_transposase_or_IS,2
NZ_CP085419.1,a58a0006ebb398daa9bd9a1e8ed74f8b,LIT33_RS32080,IS6 family transposase,IS,other_transposase_or_IS,2
NZ_CP085419.1,a58a0006ebb398daa9bd9a1e8ed74f8b,LIT33_RS29185,Rpn family recombination-promoting nuclease/putative transposase,transposase,other_transposase_or_IS,2
NZ_CP007740.1,a5b0c8c2fd1d0a5edd8d6383849a01fb,BMMGA3_RS18615,transposase,transposase,other_transposase_or_IS,1
NZ_CP007740.1,a5b0c8c2fd1d0a5edd8d6383849a01fb,BMMGA3_RS16545,Tn3 family transposase,Tn3,tn3_family_unit_transposon,1
NZ_CP095057.1,a5cac37e8c8d4a4664189be34d49c901,MUN83_RS21125,conjugative transposon protein TraM,transposon,other_transposase_or_IS,1
NZ_CP103144.1,a5d31cf7a621707a2feab5d26a6dcf26,NXY30_RS29505,conjugative transposon protein TraM,transposon,other_transposase_or_IS,2
NZ_CP109742.1,a5ece7aad0f93158f97639f74f1e393f,OI978_RS28365,Tn3-like element Tn5403 family transposase,Tn3,tn3_family_unit_transposon,1
NZ_CP035011.1,a5fa2a58a4fdd4700c678c821a578546,EI553_RS25165,transposase,transposase,other_transposase_or_IS,1
NZ_CP035011.1,a5fa2a58a4fdd4700c678c821a578546,EI553_RS25180,IS91 family transposase,IS,other_transposase_or_IS,1
NZ_CP122977.1,a5fb2c70fa6ae15c43b0fe1104f5c62a,QC535_RS15295,IS30 family transposase,IS,other_transposase_or_IS,1
NZ_CP122977.1,a5fb2c70fa6ae15c43b0fe1104f5c62a,QC535_RS15300,IS5 family transposase,IS,other_transposase_or_IS,1
NZ_CP107165.1,a60287549bacf88c686eb8d57d8ee4ef,OGM38_RS25415,IS1380-like element ISEcp1 family transposase,IS,other_transposase_or_IS,1
NZ_CP028344.1,a61258c3004a2ac2fa032dcd94bf2bc5,C7Y67_RS25880,Tn3 family transposase,Tn3,tn3_family_unit_transposon,1
NZ_CP102779.1,a618974d7bb8a289870da8bf50a6e273,NTU39_RS00370,Tn3 family transposase,Tn3,tn3_family_unit_transposon,1
NC_011782.1,a630dd0349213279b02250fe327a6d25,BBUZS7_RS07405,RNA-guided endonuclease TnpB family protein,Tnp,other_transposase_or_IS,1
NZ_CP050748.1,a6b8e83c1824eb49a4368d455d65442c,HEC88_RS25370,IS1 family transposase,IS,other_transposase_or_IS,1
NZ_CP050748.1,a6b8e83c1824eb49a4368d455d65442c,HEC88_RS25375,IS6-like element IS26 family transposase,IS,other_transposase_or_IS,1
NZ_CP050748.1,a6b8e83c1824eb49a4368d455d65442c,HEC88_RS25380,IS91 family transposase,IS,other_transposase_or_IS,1
NZ_CP076627.1,a6bec14af3504021061e82795d63891f,KP026_RS00015,Tn3-like element ISPsy42 family transposase,Tn3,tn3_family_unit_transposon,2
NZ_CP076627.1,a6bec14af3504021061e82795d63891f,KP026_RS00045,IS3 family transposase,IS,other_transposase_or_IS,2
NZ_CP076627.1,a6bec14af3504021061e82795d63891f,KP026_RS00180,Tn3-like element TnXax1 family transposase,Tn3,tn3_family_unit_transposon,2
NZ_CP077992.1,a6cfffdec1d076816c218999cde9d37a,KUU79_RS31965,transposase,transposase,other_transposase_or_IS,1
NZ_CP077992.1,a6cfffdec1d076816c218999cde9d37a,KUU79_RS32150,Tn3-like element TnAs1 family transposase,Tn3,tn3_family_unit_transposon,1
NZ_CP102312.1,a72fe28f68809b2cb7f14dfaa2faa326,NQ196_RS15205,Rpn family recombination-promoting nuclease/putative transposase,transposase,other_transposase_or_IS,1
NZ_CP063793.1,a7372323465c2cf07e0e64094acdd03c,HGR01_RS40520,Rpn family recombination-promoting nuclease/putative transposase,transposase,other_transposase_or_IS,1
NZ_CP069207.1,a7c08dab2ed6abd20633ed4587258f49,IEE96_RS27400,Tn3-like element Tn5403 family transposase,Tn3,tn3_family_unit_transposon,1
NZ_CP137371.1,a7d392fc8aa8fe3e600e96a656af8a7d,R5O54_RS01360,Tn3-like element IS3000 family transposase,Tn3,tn3_family_unit_transposon,1
NZ_CP078030.1,a7f7e6a8575803750a392269748fbde8,EGK58_RS16655,transposase,transposase,other_transposase_or_IS,3
NZ_CP078030.1,a7f7e6a8575803750a392269748fbde8,EGK58_RS16660,IS66 family insertion sequence element accessory protein TnpB,IS,other_transposase_or_IS,3
NZ_CP078030.1,a7f7e6a8575803750a392269748fbde8,EGK58_RS16665,IS66 family transposase,IS,other_transposase_or_IS,3
NC_015705.1,a7fc99a92ea1f4bcc5bd6adc19e45eb6,RUNSL_RS31665,IS630 family transposase,IS,other_transposase_or_IS,1
NC_015705.1,a7fc99a92ea1f4bcc5bd6adc19e45eb6,RUNSL_RS32050,IS3 family transposase,IS,other_transposase_or_IS,1
NZ_CP087089.1,a7fd21909fe1e4a05aaf1884a460653c,LOE33_RS24765,Tn3 family transposase,Tn3,tn3_family_unit_transposon,1
NZ_CP024118.1,a8618f27bf2b45b1f4a8b9b08e0ec403,CG476_RS22690,heteromeric transposase endonuclease subunit TnsA,transposase,other_transposase_or_IS,2
NZ_CP024118.1,a8618f27bf2b45b1f4a8b9b08e0ec403,CG476_RS22705,TnsD family transposase,transposase,other_transposase_or_IS,2
NZ_CP024118.1,a8618f27bf2b45b1f4a8b9b08e0ec403,CG476_RS22710,Tn7-like element transposition protein TnsE,Tn7,other_transposase_or_IS,2
NZ_CP140266.1,a868924d4544d82a8c504322c62a9eb7,U0M98_RS00175,Rpn family recombination-promoting nuclease/putative transposase,transposase,other_transposase_or_IS,1
NZ_CP140266.1,a868924d4544d82a8c504322c62a9eb7,U0M98_RS29850,IS3 family transposase,IS,other_transposase_or_IS,1
NZ_CP074408.1,a8d979bd67f15f8634e64843faef2b75,KHW16_RS23960,Tn3-like element Tn3 family transposase,Tn3,tn3_family_unit_transposon,1
NZ_CP021700.1,a91af6aa526ff4e757df54fa5a35425e,AM404_RS29410,Tn3-like element Tn5403 family transposase,Tn3,tn3_family_unit_transposon,1
NZ_CP099354.1,a929fa96f6ba36cefd967b4e55655f20,NFJ26_RS22990,transposase,transposase,other_transposase_or_IS,1
NZ_CP099354.1,a929fa96f6ba36cefd967b4e55655f20,NFJ26_RS23005,IS91 family transposase,IS,other_transposase_or_IS,1
NZ_CP086887.1,a93999452cb89b00ed3e5652966dc592,LOE21_RS19475,Tn3 family transposase,Tn3,tn3_family_unit_transposon,2
NZ_CP059402.1,a9658264917fbe73ed99ff6e8f833956,FOLKNPGA_RS18305,IS5 family transposase,IS,other_transposase_or_IS,1
NZ_CP120755.1,a9bef2734aadb4fa7d391d38cc35d4fe,P7C83_RS14920,Rpn family recombination-promoting nuclease/putative transposase,transposase,other_transposase_or_IS,1
NZ_LR898872.1,a9f4a9b4927f676e17b0a8804e20ba32,JMX26_RS23030,IS1 family transposase,IS,other_transposase_or_IS,1
NZ_LR898872.1,a9f4a9b4927f676e17b0a8804e20ba32,JMX26_RS23035,IS1 family transposase,IS,other_transposase_or_IS,1
NZ_CP076500.1,aa1951e7f4f7b32ea261cb90fa79d869,KPU58_RS15780,IS30-like element IS1062 family transposase,IS,other_transposase_or_IS,1
NZ_CP013691.1,aa51bc1ffb426f068d55543f6489b47c,AS202_RS19825,conjugative transposon protein TraM,transposon,other_transposase_or_IS,8
NZ_CP013691.1,aa51bc1ffb426f068d55543f6489b47c,AS202_RS19985,IS1595-like element ISBbi1 family transposase,IS,other_transposase_or_IS,8
NZ_CP013691.1,aa51bc1ffb426f068d55543f6489b47c,AS202_RS20005,IS91 family transposase,IS,other_transposase_or_IS,8
NZ_CP013691.1,aa51bc1ffb426f068d55543f6489b47c,AS202_RS20020,IS91 family transposase,IS,other_transposase_or_IS,8
NZ_CP013691.1,aa51bc1ffb426f068d55543f6489b47c,AS202_RS20035,IS91 family transposase,IS,other_transposase_or_IS,8
NZ_CP013691.1,aa51bc1ffb426f068d55543f6489b47c,AS202_RS20065,IS91 family transposase,IS,other_transposase_or_IS,8
NZ_CP013691.1,aa51bc1ffb426f068d55543f6489b47c,AS202_RS20075,IS1595-like element ISBbi1 family transposase,IS,other_transposase_or_IS,8
NZ_CP013691.1,aa51bc1ffb426f068d55543f6489b47c,AS202_RS20195,conjugative transposon protein TraM,transposon,other_transposase_or_IS,8
NZ_CP019637.1,aa7d17438ba0034776055ab7f9abdfdf,BZZ01_RS32680,DDE-type integrase/transposase/recombinase,transposase/recombinase,other_transposase_or_IS,1
NZ_CP021135.1,aac85ab9567e6df04a569525ce2fe4d8,B6D87_RS23740,Tn3-like element TnAs1 family transposase,Tn3,tn3_family_unit_transposon,1
NZ_CP072249.1,aad71452968c55a93e9139a892d382b6,INE79_RS23580,conjugative transposon protein TraN,transposon,other_transposase_or_IS,3
NZ_CP072249.1,aad71452968c55a93e9139a892d382b6,INE79_RS23585,conjugative transposon protein TraM,transposon,other_transposase_or_IS,3
NZ_CP072249.1,aad71452968c55a93e9139a892d382b6,INE79_RS23595,conjugative transposon protein TraK,transposon,other_transposase_or_IS,3
NZ_CP074156.1,aaee25748f76037faff26359e7d31766,KGP18_RS23090,RNA-guided endonuclease InsQ/TnpB family protein,Ins,other_transposase_or_IS,1
NZ_CP070917.1,ab255fbf53be64e3362211b6e1d9a00f,JR892_RS24235,IS1-like element IS1A family transposase,IS,other_transposase_or_IS,1
NZ_CP070917.1,ab255fbf53be64e3362211b6e1d9a00f,JR892_RS24245,IS1-like element IS1A family transposase,IS,other_transposase_or_IS,1
NZ_CP104622.1,aba1c972de5107f915855f05d7b9ab1f,N5859_RS24495,IS1380-like element ISEcp1 family transposase,IS,other_transposase_or_IS,1
NZ_CP124915.1,abcb80cc103cd14318d1f79c99e293a2,QLQ37_RS13050,Tn3 family transposase,Tn3,tn3_family_unit_transposon,1
NZ_AP021990.1,ac252c3c46392f64dd7461b171ad0a5a,H7R89_RS30390,Tn3-like element Tn5403 family transposase,Tn3,tn3_family_unit_transposon,1
NZ_AP021990.1,ac252c3c46392f64dd7461b171ad0a5a,H7R89_RS30420,IS3 family transposase,IS,other_transposase_or_IS,1
NZ_CP060475.1,ac73d9b28ad778a614b3137534eea37e,H8Z72_RS24405,Tn3-like element ISXc4 family transposase,Tn3,tn3_family_unit_transposon,1
NZ_CP101529.1,ac9b995f3a3ca7fc9556c1374980236e,NNL26_RS12135,IS5 family transposase,IS,other_transposase_or_IS,1
NZ_CP077609.1,aca6748f1e53365fa813ef636b25b8ba,KTC93_RS26255,Rpn family recombination-promoting nuclease/putative transposase,transposase,other_transposase_or_IS,2
NZ_CP077609.1,aca6748f1e53365fa813ef636b25b8ba,KTC93_RS26370,IS91 family transposase,IS,other_transposase_or_IS,2
NZ_CP137358.1,acbeb80a3e5aba2b98fa025272e34eba,R5O58_RS00345,Tn3-like element IS3000 family transposase,Tn3,tn3_family_unit_transposon,1
NZ_CP061611.1,acceb875cdea911cf3382d5aa0c33738,IC784_RS18440,transposase,transposase,other_transposase_or_IS,1
NZ_CP031180.1,acf25cdcdab7b721e359464fa76e36f1,UCCLB556_RS12740,IS256 family transposase,IS,other_transposase_or_IS,1
NZ_CP058540.1,acf89ebcf26aa06ad9fcddf71ef50f94,HLB42_RS22005,Tn3 family transposase,Tn3,tn3_family_unit_transposon,1
NZ_OW970426.1,acf8de311d7ef0d7f4b5dc60344a0bdc,LQV34_RS27300,Tn3-like element Tn5403 family transposase,Tn3,tn3_family_unit_transposon,1
NZ_CP054602.1,ad97c3004729c8a10049ffdc46692bb1,HT745_RS19690,IS630 family transposase,IS,other_transposase_or_IS,1
NZ_CP079100.1,ad9b5893f5571cbf962c115f99efe64f,KVY05_RS21135,transposase zinc-binding domain-containing protein,transposase,other_transposase_or_IS,1
NZ_CP084760.1,adce3c8f74d55db96aed591cdc3c0b47,LHJ69_RS24135,Tn3 family transposase,Tn3,tn3_family_unit_transposon,2
NZ_CP084760.1,adce3c8f74d55db96aed591cdc3c0b47,LHJ69_RS24220,Tn3 family transposase,Tn3,tn3_family_unit_transposon,2
NZ_CP081911.1,ae307c1a9fa161488a09d89980cfad74,K6V28_RS00305,conjugative transposon protein TraK,transposon,other_transposase_or_IS,3
NZ_CP081911.1,ae307c1a9fa161488a09d89980cfad74,K6V28_RS00315,conjugative transposon protein TraM,transposon,other_transposase_or_IS,3
NZ_CP081911.1,ae307c1a9fa161488a09d89980cfad74,K6V28_RS00320,conjugative transposon protein TraN,transposon,other_transposase_or_IS,3
NZ_CP093253.1,ae62d8e0b37e42e576797a1aa97b12a3,MNY64_RS18265,transposase,transposase,other_transposase_or_IS,1
NZ_CP037994.1,ae9465c736c5e0663d94685a6052c98e,DBZ76_RS24290,Rpn family recombination-promoting nuclease/putative transposase,transposase,other_transposase_or_IS,1
NZ_CP021458.1,aedc203e00fa0511282396ebbc39dc1c,CCS05_RS12415,IS6-like element IS1216 family transposase,IS,other_transposase_or_IS,1
NZ_CP053340.1,aeea9850b82273458a38f074b685202e,CK401_RS15090,IS30 family transposase,IS,other_transposase_or_IS,1
NZ_CP053340.1,aeea9850b82273458a38f074b685202e,CK401_RS15105,IS256-like element IS1310 family transposase,IS,other_transposase_or_IS,1
NZ_CP110399.1,af3c674375421d5582e5464d6143e684,OKF40_RS24570,transposase,transposase,other_transposase_or_IS,1
NZ_CP110399.1,af3c674375421d5582e5464d6143e684,OKF40_RS24585,IS91 family transposase,IS,other_transposase_or_IS,1
NZ_CP030081.1,af9c071187f5292e06ba2a01029c8071,DPF84_RS27990,IS6-like element IS6100 family transposase,IS,other_transposase_or_IS,1
NZ_CP086943.1,afbb057317aea27fe43db7559d38c8ae,LOE15_RS21580,Tn3 family transposase,Tn3,tn3_family_unit_transposon,1
NZ_CP068121.1,afee5366d925d6923b166ded93ad498d,I6I81_RS13895,transposase,transposase,other_transposase_or_IS,1
NZ_CP085058.1,b05bbecf11535dfad03806c85a4ead05,LHK10_RS24360,RNA-guided endonuclease InsQ/TnpB family protein,Ins,other_transposase_or_IS,1
NZ_CP085058.1,b05bbecf11535dfad03806c85a4ead05,LHK10_RS24465,defense against restriction DarA-related protein,ins,unclear_likely_false_positive,1
NZ_CP126802.1,b06f5e0a194bb2894cf1d8d07dcecefc,QPR56_RS27020,Tn3-like element Tn5403 family transposase,Tn3,tn3_family_unit_transposon,1
NZ_AP025766.1,b0a0cc5dd423da8c471209e8e3f51beb,NGK23_RS24755,IS6-like element IS6100 family transposase,IS,other_transposase_or_IS,1
NZ_OY725896.1,b0b205479ca5ff3a478269192dab45a7,UHF62_RS00665,ISAon1 family transposase,IS,other_transposase_or_IS,1
NZ_CP074395.1,b0e3486d4604927bd9db156378a4a794,KHC17_RS24210,Tn3 family transposase,Tn3,tn3_family_unit_transposon,2
NZ_CP021280.1,b15a2c67984b2997da5511c077694809,CA927_RS15630,Tn3 family transposase,Tn3,tn3_family_unit_transposon,2
NZ_CP021280.1,b15a2c67984b2997da5511c077694809,CA927_RS15885,Tn3 family transposase,Tn3,tn3_family_unit_transposon,2
NZ_CP021280.1,b15a2c67984b2997da5511c077694809,CA927_RS15900,Tn3 family transposase,Tn3,tn3_family_unit_transposon,2
NZ_CP060450.1,b1ed2b112c23946b97bcef1cf4406316,H8Z73_RS23775,Tn3-like element ISXc4 family transposase,Tn3,tn3_family_unit_transposon,1
NZ_AP025769.1,b21d441a5cee9920222b613ee3870a0f,NGK40_RS24460,IS6-like element IS6100 family transposase,IS,other_transposase_or_IS,1
NZ_CP050138.1,b25f6638da8dd0fdac0dbb84d1bd0bd0,F9288_RS21630,Tn3 family transposase,Tn3,tn3_family_unit_transposon,1
NZ_CP059681.1,b26e14d3f6f0484df35eace511759cca,H3V22_RS14225,Tn3 family transposase,Tn3,tn3_family_unit_transposon,4
NZ_CP059681.1,b26e14d3f6f0484df35eace511759cca,H3V22_RS14340,IS701 family transposase,IS,other_transposase_or_IS,4
NZ_CP060445.1,b2ff881f7435e2acd3d6c53115384feb,H3W50_RS25840,IS1 family transposase,IS,other_transposase_or_IS,1
NZ_CP120746.1,b364045070f3ad01967fbe65cd5046e0,P6978_RS14210,Tn3 family transposase,Tn3,tn3_family_unit_transposon,1
NZ_CP098182.1,b37c1ee088ee05e1dc05434b94d1d0f0,NBY28_RS25145,Tn3-like element Tn5403 family transposase,Tn3,tn3_family_unit_transposon,1
NZ_CP091079.1,b39b621477dec5199e5170e0b2940816,K9U01_RS21985,Tn3-like element TnXax1 family transposase,Tn3,tn3_family_unit_transposon,2
NZ_CP091079.1,b39b621477dec5199e5170e0b2940816,K9U01_RS22060,Tn3-like element ISPsy42 family transposase,Tn3,tn3_family_unit_transposon,2
NZ_CP091079.1,b39b621477dec5199e5170e0b2940816,K9U01_RS22090,IS3 family transposase,IS,other_transposase_or_IS,2
NZ_CP054308.1,b3adec46053ac7ac874ea168315398af,HTZ78_RS17880,Rpn family recombination-promoting nuclease/putative transposase,transposase,other_transposase_or_IS,4
NZ_CP054308.1,b3adec46053ac7ac874ea168315398af,HTZ78_RS17885,Rpn family recombination-promoting nuclease/putative transposase,transposase,other_transposase_or_IS,4
NZ_CP054308.1,b3adec46053ac7ac874ea168315398af,HTZ78_RS17910,Rpn family recombination-promoting nuclease/putative transposase,transposase,other_transposase_or_IS,4
NZ_CP054308.1,b3adec46053ac7ac874ea168315398af,HTZ78_RS17935,Rpn family recombination-promoting nuclease/putative transposase,transposase,other_transposase_or_IS,4
NZ_CP110899.1,b3bb7acd6326a973abc91a58e0e171eb,OQY67_RS00320,IS1 family transposase,IS,other_transposase_or_IS,1
NZ_CP110899.1,b3bb7acd6326a973abc91a58e0e171eb,OQY67_RS00365,transposase zinc-binding domain-containing protein,transposase,other_transposase_or_IS,1
NZ_CP079889.1,b3c4df18dfa1a4aba9fbef28d0718867,KYC43_RS24485,IS5-like element ISKpn26 family transposase,IS,other_transposase_or_IS,1
NZ_AP022415.1,b3cc881f44b4678fa71a7095747db4a7,JLF46_RS27385,IS1380-like element ISEcp1 family transposase,IS,other_transposase_or_IS,1
NZ_CP013041.1,b3d5b0c9d715c004973ef866e4f7710b,JFP55_RS15405,IS3 family transposase,IS,other_transposase_or_IS,5
NZ_CP013041.1,b3d5b0c9d715c004973ef866e4f7710b,JFP55_RS15430,Rpn family recombination-promoting nuclease/putative transposase,transposase,other_transposase_or_IS,5
NZ_CP013041.1,b3d5b0c9d715c004973ef866e4f7710b,JFP55_RS16545,DDE-type integrase/transposase/recombinase,transposase/recombinase,other_transposase_or_IS,5
NZ_CP013041.1,b3d5b0c9d715c004973ef866e4f7710b,JFP55_RS17205,IS3 family transposase,IS,other_transposase_or_IS,5
NZ_CP020884.1,b4661aa8bca7c602348e69980a2cd572,B7L65_RS25145,IS21-like element ISXci1 family helper ATPase IstB,IS,other_transposase_or_IS,3
NZ_CP020884.1,b4661aa8bca7c602348e69980a2cd572,B7L65_RS25150,IS21-like element ISXci1 family transposase,IS,other_transposase_or_IS,3
NZ_CP020884.1,b4661aa8bca7c602348e69980a2cd572,B7L65_RS25225,Tn3-like element ISXc4 family transposase,Tn3,tn3_family_unit_transposon,3
NZ_CP087058.1,b4e3ed0a174e207f8222834c277d562e,LOE36_RS24720,Tn3 family transposase,Tn3,tn3_family_unit_transposon,1
NZ_CP093541.1,b4fc56f26ed9881e77e21675d0d3c5fc,MOV58_RS12215,membrane protein insertase YidC,ins,unclear_likely_false_positive,1
NC_010579.1,b5199fddb77544c876b3b34d23d37af8,XFASM23_RS11475,RNA-guided endonuclease InsQ/TnpB family protein,Ins,other_transposase_or_IS,1
NZ_CP085467.1,b524949fe288cfee4d93ab6ec84526db,LEO77_RS21325,transposase,transposase,other_transposase_or_IS,1
NZ_CP085467.1,b524949fe288cfee4d93ab6ec84526db,LEO77_RS21350,Tn3-like element TnAs1 family transposase,Tn3,tn3_family_unit_transposon,1
NZ_AP028373.1,b55200aa3a7a4994a80166eeac2f338b,R8947_RS08980,RNA-guided endonuclease InsQ/TnpB family protein,Ins,other_transposase_or_IS,2
NZ_AP028373.1,b55200aa3a7a4994a80166eeac2f338b,R8947_RS08985,IS200/IS605 family transposase,IS,other_transposase_or_IS,2
NZ_CP092416.1,b56a6bdcb741a62f3394092c4ce866f0,MJO53_RS16705,Tn3 family transposase,Tn3,tn3_family_unit_transposon,2
NZ_CP092416.1,b56a6bdcb741a62f3394092c4ce866f0,MJO53_RS16795,conjugative transposon protein TraM,transposon,other_transposase_or_IS,2
NZ_CP065065.1,b58ee4a53bc8c817803f2d494bac1649,I0P42_RS25200,transposase,transposase,other_transposase_or_IS,1
NZ_CP143626.1,b6fd7e756e0318132b10f4026b845162,V2I96_RS00025,IS1 family transposase,IS,other_transposase_or_IS,1
NZ_CP091917.1,b71fafe937e9d57bcb1681c48cd2a77d,L6494_RS29590,Tn3 family transposase,Tn3,tn3_family_unit_transposon,1
NZ_CP091917.1,b71fafe937e9d57bcb1681c48cd2a77d,L6494_RS29605,Tn3 family transposase,Tn3,tn3_family_unit_transposon,1
NC_023025.1,b74a877dd583c9dde405790f0cbd278f,P262_RS21055,IS66-like element ISKpn24 family transposase,IS,other_transposase_or_IS,3
NC_023025.1,b74a877dd583c9dde405790f0cbd278f,P262_RS21060,IS66 family insertion sequence element accessory protein TnpB,IS,other_transposase_or_IS,3
NC_023025.1,b74a877dd583c9dde405790f0cbd278f,P262_RS21065,IS66-like element accessory protein TnpA,IS,tn3_family_unit_transposon,3
NZ_CP075059.1,b7adb091037d63ee1288a83786adb78d,H4F95_RS02355,defense against restriction DarA-related protein,ins,unclear_likely_false_positive,1
NZ_CP075059.1,b7adb091037d63ee1288a83786adb78d,H4F95_RS02615,IS1380-like element ISEcp1 family transposase,IS,other_transposase_or_IS,1
NZ_CP030307.1,b7fd872d132c8119d10a6442f7208cb8,DRB04_RS28535,Rpn family recombination-promoting nuclease/putative transposase,transposase,other_transposase_or_IS,1
NZ_AP022039.1,b83a91ce0c153872173cc10053e4631c,H7R62_RS23005,Tn3-like element Tn3 family transposase,Tn3,tn3_family_unit_transposon,2
NZ_AP022039.1,b83a91ce0c153872173cc10053e4631c,H7R62_RS23030,IS1380-like element ISEcp1 family transposase,IS,other_transposase_or_IS,2
NZ_CP094874.1,b8570adee799ee3f2bf047efd1d07aa3,MUG62_RS11910,IS6-like element IS257 family transposase,IS,other_transposase_or_IS,1
NZ_CP094874.1,b8570adee799ee3f2bf047efd1d07aa3,MUG62_RS11950,DDE-type integrase/transposase/recombinase,transposase/recombinase,other_transposase_or_IS,1
NZ_LR134125.1,b90c68397c23d65ad2acf01dbfda280b,EL067_RS18090,oxygen-insensitive NAD(P)H nitroreductase,ins,unclear_likely_false_positive,1
NZ_CP045342.1,b91c9df6c00c740e56561874984f3ff7,FIV04_RS26580,Tn3 family transposase,Tn3,tn3_family_unit_transposon,1
NZ_CP066824.1,b92723895562844e957c40e39b863877,JH395_RS16360,IS3 family transposase,IS,other_transposase_or_IS,1
NZ_CP066824.1,b92723895562844e957c40e39b863877,JH395_RS16375,IS30 family transposase,IS,other_transposase_or_IS,1
NZ_CP066824.1,b92723895562844e957c40e39b863877,JH395_RS16930,IS30 family transposase,IS,other_transposase_or_IS,1
NZ_CP118815.1,b96ed562e64ac85b309be7c485f6dd10,PYH74_RS11700,IS6-like element IS257 family transposase,IS,other_transposase_or_IS,1
NZ_CP118815.1,b96ed562e64ac85b309be7c485f6dd10,PYH74_RS11725,IS6-like element IS257 family transposase,IS,other_transposase_or_IS,1
NZ_CP024110.1,b97c2211404376478e745d2185aeeb8d,CG479_RS21420,heteromeric transposase endonuclease subunit TnsA,transposase,other_transposase_or_IS,2
NZ_CP024110.1,b97c2211404376478e745d2185aeeb8d,CG479_RS21435,TnsD family transposase,transposase,other_transposase_or_IS,2
NZ_CP024110.1,b97c2211404376478e745d2185aeeb8d,CG479_RS21440,Tn7-like element transposition protein TnsE,Tn7,other_transposase_or_IS,2
NZ_CP103537.1,b980f2786346527e5179d63968877516,M5T38_RS24920,IS1-like element IS1A family transposase,IS,other_transposase_or_IS,1
NZ_CP142909.1,b998544cc2389d530990c1fc13afa957,VYI60_RS28865,Tn3-like element Tn5403 family transposase,Tn3,tn3_family_unit_transposon,1
NZ_CP134727.1,b9fd332f11b36129374f55314be23d9c,RM158_RS23670,Rpn family recombination-promoting nuclease/putative transposase,transposase,other_transposase_or_IS,1
NZ_CP117855.1,ba247cd9fe881ecdb6d6dab9fa6ae304,PUO96_RS28995,Tn3-like element TnAs1 family transposase,Tn3,tn3_family_unit_transposon,1
NZ_CP060781.1,ba30b0eca171420bbb1c0df7979f1b05,H9L15_RS16100,IS1 family transposase,IS,other_transposase_or_IS,1
NZ_CP138700.1,ba4d0c196d6c09b234b5c8bc1edf1082,R8539_RS28375,Tn3-like element Tn5403 family transposase,Tn3,tn3_family_unit_transposon,1
NZ_CP070552.1,ba63f4d8bcc743e0a3348b416673e54f,JW297_RS00360,IS1-like element IS1X3 family transposase,IS,other_transposase_or_IS,1
NZ_CP067425.2,ba9280bce9a8f902a0f204fb1c2afc35,IGS68_RS35050,Tn3 family transposase,Tn3,tn3_family_unit_transposon,1
NZ_CP050142.1,bacdd2e6418f35b6f06de8760e554dcf,GWK63_RS16925,IS110 family RNA-guided transposase,IS,other_transposase_or_IS,1
NZ_AP018285.1,bb3c1e10d64badaa0df9e5b84c9d78c8,CDC35_RS21570,IS200/IS605 family accessory protein TnpB-related protein,IS,other_transposase_or_IS,2
NZ_AP018285.1,bb3c1e10d64badaa0df9e5b84c9d78c8,CDC35_RS21670,IS200/IS605 family transposase,IS,other_transposase_or_IS,2
NZ_CP069648.1,bb5fa75c663fc2cda59cf0e834814d5e,JSU15_RS23605,Tn3-like element Tn3 family transposase,Tn3,tn3_family_unit_transposon,1
NZ_CP028971.1,bb7fe39c6544e2b9f0066beb210b77cf,DCS14_RS30595,IS66-like element accessory protein TnpA,IS,tn3_family_unit_transposon,4
NZ_CP028971.1,bb7fe39c6544e2b9f0066beb210b77cf,DCS14_RS30600,IS66 family insertion sequence element accessory protein TnpB,IS,other_transposase_or_IS,4
NZ_CP028971.1,bb7fe39c6544e2b9f0066beb210b77cf,DCS14_RS30605,IS66 family transposase,IS,other_transposase_or_IS,4
NZ_CP028971.1,bb7fe39c6544e2b9f0066beb210b77cf,DCS14_RS30760,DDE-type integrase/transposase/recombinase,transposase/recombinase,other_transposase_or_IS,4
NZ_CP028971.1,bb7fe39c6544e2b9f0066beb210b77cf,DCS14_RS30765,IS110 family RNA-guided transposase,IS,other_transposase_or_IS,4
NZ_CP059054.1,bbc73d3fcb95cbbfcec0e669926e3102,H0H12_RS29565,IS481 family transposase,IS,other_transposase_or_IS,2
NZ_CP059054.1,bbc73d3fcb95cbbfcec0e669926e3102,H0H12_RS29630,Tn3 family transposase,Tn3,tn3_family_unit_transposon,2
NZ_CP044126.1,bbe09dcf38eed044e0e780363a4bd412,F2982_RS26070,insulinase family protein,ins,unclear_likely_false_positive,1
NZ_CP021370.1,bbfc563a9b2cdb49ed0322e7aaaac933,CBP36_RS21620,Tn3-like element IS1071 family transposase,Tn3,tn3_family_unit_transposon,1
NZ_CP059463.1,bc353234b55010cba7941f04a496a3c5,H1W83_RS29550,guided entry of tail-anchored proteins factor 1,ins,unclear_likely_false_positive,1
NZ_CP010580.1,bc4c5a144a4389159d2a8cf3fe2c8314,SD98_RS31030,ISNCY family transposase,IS,other_transposase_or_IS,2
NZ_CP010580.1,bc4c5a144a4389159d2a8cf3fe2c8314,SD98_RS33905,Tn3 family transposase,Tn3,tn3_family_unit_transposon,2
NZ_CP036015.1,bc66bc51a85766318cb4da80e5248efe,EXW33_RS27715,membrane protein insertase YidC,ins,unclear_likely_false_positive,1
NZ_CP137389.1,bce8063c9826a34cbb93c0210de317de,R5O51_RS28590,Tn3-like element IS3000 family transposase,Tn3,tn3_family_unit_transposon,1
NZ_CP087071.1,bd83f609df6dbd0c29a0e532b885f0ac,LOE34_RS22750,Tn3 family transposase,Tn3,tn3_family_unit_transposon,1
NZ_CP141189.1,bd956b2b9e5221451dd36481904a4328,SD425_RS29500,conjugative transposon protein TraN,transposon,other_transposase_or_IS,5
NZ_CP141189.1,bd956b2b9e5221451dd36481904a4328,SD425_RS29505,conjugative transposon protein TraM,transposon,other_transposase_or_IS,5
NZ_CP141189.1,bd956b2b9e5221451dd36481904a4328,SD425_RS29510,conjugative transposon protein TraK,transposon,other_transposase_or_IS,5
NZ_CP141189.1,bd956b2b9e5221451dd36481904a4328,SD425_RS29515,conjugative transposon protein TraJ,transposon,other_transposase_or_IS,5
NZ_CP141189.1,bd956b2b9e5221451dd36481904a4328,SD425_RS29535,TraG family conjugative transposon ATPase,transposon,other_transposase_or_IS,5
NZ_CP079890.1,bdd218e11262bda56b3add302bf89f04,KYC43_RS24510,transposase,transposase,other_transposase_or_IS,1
NZ_CP079890.1,bdd218e11262bda56b3add302bf89f04,KYC43_RS24515,Tn3-like element TnAs1 family transposase,Tn3,tn3_family_unit_transposon,1
NZ_CP067103.1,be0d8f87bb105b856e10bba4422527ea,BAA1790NC_RS19480,IS30-like element ISAba125 family transposase,IS,other_transposase_or_IS,1
NZ_CP067081.1,be0e66ebb34ee447629fbc4873f7e4f5,JEZ67_RS24385,IS6-like element IS26 family transposase,IS,other_transposase_or_IS,1
NZ_CP086838.1,be459be8e9425e02395ad8fa33ea41e8,LOE25_RS23555,Tn3 family transposase,Tn3,tn3_family_unit_transposon,1
NZ_CP086838.1,be459be8e9425e02395ad8fa33ea41e8,LOE25_RS23980,ISKra4 family transposase,IS,other_transposase_or_IS,1
NZ_CP040426.1,be56dd1eaf997615f8ad3e0a740a2653,FE003_RS19665,IS6-like element IS26 family transposase,IS,other_transposase_or_IS,2
NZ_CP040426.1,be56dd1eaf997615f8ad3e0a740a2653,FE003_RS19680,IS6-like element IS26 family transposase,IS,other_transposase_or_IS,2
NZ_CP060454.1,be5c3f989c0a555d0751483f30dcfbce,H8Z74_RS22195,IS3 family transposase,IS,other_transposase_or_IS,2
NZ_CP060454.1,be5c3f989c0a555d0751483f30dcfbce,H8Z74_RS24965,IS30 family transposase,IS,other_transposase_or_IS,2
NZ_CP060454.1,be5c3f989c0a555d0751483f30dcfbce,H8Z74_RS22340,Tn3-like element ISXc4 family transposase,Tn3,tn3_family_unit_transposon,2
NZ_CP007256.1,be5d58d7af107ab529d60421783c1b51,H351_RS28790,transposase,transposase,other_transposase_or_IS,1
NZ_CP043961.1,be767d32e3609ab3412335f187fe881d,F3L20_RS33705,Tn3 family transposase,Tn3,tn3_family_unit_transposon,1
NZ_CP036468.1,be84e325be9605c522e30aa7196cba08,EWS78_RS09660,transposase,transposase,other_transposase_or_IS,1
NZ_CP055591.1,bf045a6492c0816abd26ddfa02ee41f0,HV060_RS26515,transposase,transposase,other_transposase_or_IS,1
NZ_CP086916.1,bf22c929e8df3f45f74c64aaec40954b,LOE18_RS24240,Tn3 family transposase,Tn3,tn3_family_unit_transposon,1
NZ_LR890605.1,bf7b4371d47eec1e4f94809cc328f778,JMW40_RS24020,IS3 family transposase,IS,other_transposase_or_IS,1
NZ_CP117624.1,bf7eca372f82174cc9cb2daff15db2e5,PS039_RS25395,IS3-like element IS2 family transposase,IS,other_transposase_or_IS,2
NZ_CP117624.1,bf7eca372f82174cc9cb2daff15db2e5,PS039_RS25510,Tn3 family transposase,Tn3,tn3_family_unit_transposon,2
NZ_CP092389.1,bf9f8c9cdc5bcfe4085cca682d7e4fdd,MGJ28_RS28040,Rpn family recombination-promoting nuclease/putative transposase,transposase,other_transposase_or_IS,1
NZ_CP086998.1,bff0d015d27b972262ee7de3675563b4,LOE07_RS22280,Tn3 family transposase,Tn3,tn3_family_unit_transposon,1
NZ_CP137364.1,c08b696bc1cc44a6e66ad0a708ae73d7,R5O56_RS02500,Tn3-like element IS3000 family transposase,Tn3,tn3_family_unit_transposon,1
NZ_CP035048.1,c08c42ef8677618b90d132d04cc6e330,EP560_RS20080,IS30-like element ISAba125 family transposase,IS,other_transposase_or_IS,1
NZ_CP126865.1,c09046d5097e35b0d77aa8d11fb5dd42,QPR64_RS22905,IS6-like element IS6100 family transposase,IS,other_transposase_or_IS,1
NZ_CP134763.1,c0981506885bef60656361ca7ed0878e,RM155_RS22920,IS3 family transposase,IS,other_transposase_or_IS,1
NC_015169.1,c0ea81cfdf020ba2a65de95b48a0de20,DEIPR_RS10605,IS1 family transposase,IS,other_transposase_or_IS,5
NC_015169.1,c0ea81cfdf020ba2a65de95b48a0de20,DEIPR_RS10965,IS4 family transposase,IS,other_transposase_or_IS,5
NC_015169.1,c0ea81cfdf020ba2a65de95b48a0de20,DEIPR_RS10970,IS630 family transposase,IS,other_transposase_or_IS,5
NC_015169.1,c0ea81cfdf020ba2a65de95b48a0de20,DEIPR_RS10975,IS4 family transposase,IS,other_transposase_or_IS,5
NC_015169.1,c0ea81cfdf020ba2a65de95b48a0de20,DEIPR_RS10985,IS5 family transposase,IS,other_transposase_or_IS,5
NC_015169.1,c0ea81cfdf020ba2a65de95b48a0de20,DEIPR_RS11035,IS5 family transposase,IS,other_transposase_or_IS,5
NC_015169.1,c0ea81cfdf020ba2a65de95b48a0de20,DEIPR_RS11135,IS1 family transposase,IS,other_transposase_or_IS,5
NZ_CP061383.1,c0f3dbbd5cdbdb3c0d49f1f5ea7c2b4a,HCV86_RS26910,Tn3 family transposase,Tn3,tn3_family_unit_transposon,2
NZ_CP061383.1,c0f3dbbd5cdbdb3c0d49f1f5ea7c2b4a,HCV86_RS26915,transposase,transposase,other_transposase_or_IS,2
NZ_CP069581.1,c0f93bb163123f45e22392b95db02fc7,I6J34_RS13170,DDE-type integrase/transposase/recombinase,transposase/recombinase,other_transposase_or_IS,1
NZ_CP069581.1,c0f93bb163123f45e22392b95db02fc7,I6J34_RS00135,IS6-like element IS257 family transposase,IS,other_transposase_or_IS,1
NZ_CP075935.1,c118960b90b29b715521a2be92885560,KLF52_RS15025,Rpn family recombination-promoting nuclease/putative transposase,transposase,other_transposase_or_IS,1
NZ_CP024100.1,c1300a4599f035d2df937e7a16d7c4fc,CG483_RS22820,Tn7-like element transposition protein TnsE,Tn7,other_transposase_or_IS,2
NZ_CP024100.1,c1300a4599f035d2df937e7a16d7c4fc,CG483_RS22825,TnsD family transposase,transposase,other_transposase_or_IS,2
NZ_CP024100.1,c1300a4599f035d2df937e7a16d7c4fc,CG483_RS22840,heteromeric transposase endonuclease subunit TnsA,transposase,other_transposase_or_IS,2
NZ_CP103661.1,c1407218c56aea735115a5b7e2739047,M5R25_RS26805,Rpn family recombination-promoting nuclease/putative transposase,transposase,other_transposase_or_IS,1
NZ_CP009877.1,c16925f8489ea9731499d0a549a97a9e,KPNIH31_RS25930,Tn3-like element Tn3 family transposase,Tn3,tn3_family_unit_transposon,2
NZ_CP009877.1,c16925f8489ea9731499d0a549a97a9e,KPNIH31_RS25950,IS6-like element IS26 family transposase,IS,other_transposase_or_IS,2
NZ_CP120757.1,c17d42ce2fe113522cf4f8573183cc94,P7D00_RS14085,Tn3 family transposase,Tn3,tn3_family_unit_transposon,1
NZ_CP048581.1,c24d432c0363ed0d93ee68281cb97946,FY131_RS29350,Tn3 family transposase,Tn3,tn3_family_unit_transposon,1
NZ_CP018476.1,c2657dd431ac8790ec6cf31581628408,BJD13_RS23995,Tn3 family transposase,Tn3,tn3_family_unit_transposon,1
NZ_CP091323.1,c2ca9a0e313500a24896c72c8508cb16,L2Y28_RS25425,Tn3-like element TnAs1 family transposase,Tn3,tn3_family_unit_transposon,1
NZ_CP138832.1,c2df9060c2a0919dfa9855461e8b349a,R8558_RS27630,IS5 family transposase,IS,other_transposase_or_IS,1
NZ_CP112879.1,c2f210d2c509985313bb8e0387e29a29,OA858_RS26415,Tn3 family transposase,Tn3,tn3_family_unit_transposon,1
NZ_CP066624.1,c325a81975ead9247a86be7c75204e33,JCP79_RS15065,IS110 family RNA-guided transposase,IS,other_transposase_or_IS,2
NZ_CP066624.1,c325a81975ead9247a86be7c75204e33,JCP79_RS15190,ISL3-like element IS1251 family transposase,IS,other_transposase_or_IS,2
NZ_CP080588.1,c39a3dbe35267b386079daa24334df91,K2I41_RS00235,Tn3-like element TnXo19 family transposase,Tn3,tn3_family_unit_transposon,1
NZ_AP022813.1,c39bf9aaecb3942ed24f19be2f9e5337,JLZ98_RS26910,Rpn family recombination-promoting nuclease/putative transposase,transposase,other_transposase_or_IS,1
NZ_CP093194.1,c3b54ea0ef56c7129913eb417028876c,MNU37_RS11720,IS6-like element IS257 family transposase,IS,other_transposase_or_IS,1
NZ_CP095048.1,c40444a06b839fc824f9fda8b2ce60b2,MUN79_RS29590,conjugative transposon protein TraM,transposon,other_transposase_or_IS,1
NZ_CP075328.1,c41d02e7dfc545d2106f9179131c41fc,KJA71_RS23950,Tn3-like element ISXc4 family transposase,Tn3,tn3_family_unit_transposon,1
NZ_CP075328.1,c41d02e7dfc545d2106f9179131c41fc,KJA71_RS23965,transposase,transposase,other_transposase_or_IS,1
NZ_CP133099.1,c4c9dc05bf027d9cb320e055ae822263,RBH85_RS35945,transposase,transposase,other_transposase_or_IS,1
NZ_CP133099.1,c4c9dc05bf027d9cb320e055ae822263,RBH85_RS36000,IS5/IS1182 family transposase,IS,other_transposase_or_IS,1
NZ_CP133099.1,c4c9dc05bf027d9cb320e055ae822263,RBH85_RS36260,IS110 family transposase,IS,other_transposase_or_IS,1
NZ_CP133099.1,c4c9dc05bf027d9cb320e055ae822263,RBH85_RS36315,transposase family protein,transposase,other_transposase_or_IS,1
NZ_CP133099.1,c4c9dc05bf027d9cb320e055ae822263,RBH85_RS36545,transposase,transposase,other_transposase_or_IS,1
NZ_CP143326.1,c511b340fd5feb6502c9380ff8d6c390,VSU16_RS16570,Tn3 family transposase,Tn3,tn3_family_unit_transposon,1
NZ_CP060881.1,c59b8ae984a96a516dd068c64a231126,H9209_RS23700,Rpn family recombination-promoting nuclease/putative transposase,transposase,other_transposase_or_IS,1
NZ_CP065644.1,c5b2e38df4274919ac8a585e5fbddbb1,I6G80_RS00040,Tn3 family transposase,Tn3,tn3_family_unit_transposon,1
NZ_CP039839.1,c60f1ebeca6f2b1be45f2397be36c591,E3175_RS26555,Tn3 family transposase,Tn3,tn3_family_unit_transposon,1
NZ_CP020558.1,c61e6820dfe4bdeb8927b502e0fe5787,B7C51_RS25305,transposase,transposase,other_transposase_or_IS,1
NZ_CP020558.1,c61e6820dfe4bdeb8927b502e0fe5787,B7C51_RS29805,transposase,transposase,other_transposase_or_IS,1
NZ_CP056971.1,c6ec13bb6ff1f0ae67a43a74ed865e7e,HV010_RS23910,IS1-like element IS1B family transposase,IS,other_transposase_or_IS,1
NZ_CP026519.1,c6f0ed6bde2da6b86bf3e9999a18de50,C3K08_RS17445,Tn3 family transposase,Tn3,tn3_family_unit_transposon,1
NZ_CP076836.1,c7383f21e1a58c3f28821e4208d140e1,N578_RS09085,TnpV protein,Tnp,other_transposase_or_IS,1
NZ_AP025814.1,c782d84ec98c6fea0d47ef5222822027,NGK32_RS24760,IS6-like element IS6100 family transposase,IS,other_transposase_or_IS,1
NZ_CP017645.1,c80a0282a6afd2e1b1f91f6a918c3da8,KAB02_RS19215,heteromeric transposase endonuclease subunit TnsA,transposase,other_transposase_or_IS,2
NZ_CP130329.1,c848fb3eaa895f18ef9eb55a26ba2d8e,Q3F87_RS16185,IS1595-like element ISAcra1 family transposase,IS,other_transposase_or_IS,1
NZ_CP040529.1,c86b6abbd47e25949d286c39d236ccfc,FE838_RS00105,conjugative transposon protein TraM,transposon,other_transposase_or_IS,2
NZ_CP040529.1,c86b6abbd47e25949d286c39d236ccfc,FE838_RS00110,conjugative transposon protein TraN,transposon,other_transposase_or_IS,2
NZ_CP011570.1,c894115cdde9ec6940f1b44769ab4d1d,ABY62_RS00200,Tn3-like element Tn3 family transposase,Tn3,tn3_family_unit_transposon,1
NZ_CP093468.1,c8ad7702024cc07fb4213a2b428f09b8,MO412_RS27265,IS6-like element IS26 family transposase,IS,other_transposase_or_IS,1
NZ_CP093468.1,c8ad7702024cc07fb4213a2b428f09b8,MO412_RS27270,IS6-like element IS26 family transposase,IS,other_transposase_or_IS,1
NZ_CP095722.1,ca2d7c9d08286d82dd137ab568234544,QMZ19_RS00265,Tn3 family transposase,Tn3,tn3_family_unit_transposon,1
NZ_CP093209.1,ca58a6e15ed94012f18dfac6af9cd6b7,MNU33_RS12020,IS6-like element IS257 family transposase,IS,other_transposase_or_IS,2
NZ_CP093209.1,ca58a6e15ed94012f18dfac6af9cd6b7,MNU33_RS12035,IS6-like element IS257 family transposase,IS,other_transposase_or_IS,2
NZ_CP089213.1,ca765ea5cc67a43b72291434ea3c8835,LTT85_RS32845,IS3 family transposase,IS,other_transposase_or_IS,1
NZ_CP103119.1,ca9357075a6d923507ef7a15c5b49535,NXW82_RS26360,conjugative transposon protein TraM,transposon,other_transposase_or_IS,2
NZ_CP103119.1,ca9357075a6d923507ef7a15c5b49535,NXW82_RS26365,conjugative transposon protein TraN,transposon,other_transposase_or_IS,2
NZ_CP076850.1,cabcbe1781f970948b43e5c476b3cd79,KP800_RS26870,IS66 family insertion sequence element accessory protein TnpB,IS,other_transposase_or_IS,1
NZ_CP076850.1,cabcbe1781f970948b43e5c476b3cd79,KP800_RS26680,IS481 family transposase,IS,other_transposase_or_IS,1
NZ_CP099348.1,cad695a0b1d86d1e80a2d3725c8c1604,NFK54_RS24775,Tn3 family transposase,Tn3,tn3_family_unit_transposon,1
NZ_CP107288.1,cb4016c62d1cec65e8f71c9dbbcb04e6,OF379_RS25255,Rpn family recombination-promoting nuclease/putative transposase,transposase,other_transposase_or_IS,1
NZ_CP036124.1,cb7efd3898feb4d6f6d3867d8a9ea944,EXW55_RS28780,Rpn family recombination-promoting nuclease/putative transposase,transposase,other_transposase_or_IS,2
NZ_CP036124.1,cb7efd3898feb4d6f6d3867d8a9ea944,EXW55_RS29135,transposase,transposase,other_transposase_or_IS,2
NZ_CP090516.1,cb9a1e5f386cc6c34a2a4d32d7f3634e,LZ753_RS11830,RNA-guided endonuclease InsQ/TnpB family protein,Ins,other_transposase_or_IS,1
NZ_CP029059.1,cbceae0115ce2c21fd37a676fcf82cdf,FORC81_RS24885,IS1-like element IS1A family transposase,IS,other_transposase_or_IS,1
NZ_CP046287.1,cbd2e13291ed8d3a7a4ca847e353650a,FOC23_RS25480,transposase,transposase,other_transposase_or_IS,1
NZ_CP015384.1,cbfb54c1b8ba9ca3a7f4bc7d43c953d1,A6U99_RS28245,Tn3-like element Tn3 family transposase,Tn3,tn3_family_unit_transposon,2
NZ_CP015384.1,cbfb54c1b8ba9ca3a7f4bc7d43c953d1,A6U99_RS28265,IS6-like element IS26 family transposase,IS,other_transposase_or_IS,2
NZ_CP095059.1,cc1acf60cfeb6a5822f28faedd190e3c,MUN84_RS22465,Tn3 family transposase,Tn3,tn3_family_unit_transposon,2
NZ_CP095059.1,cc1acf60cfeb6a5822f28faedd190e3c,MUN84_RS22495,Tn3 family transposase,Tn3,tn3_family_unit_transposon,2
NZ_CP103120.1,cc3ab1a8b4e86e0f16f7087b0474d433,NXW82_RS26605,TraG family conjugative transposon ATPase,transposon,other_transposase_or_IS,2
NZ_CP103120.1,cc3ab1a8b4e86e0f16f7087b0474d433,NXW82_RS26630,conjugative transposon protein TraM,transposon,other_transposase_or_IS,2
NZ_CP124536.1,cce14974592d103c1cc236e97c4de1f3,QF092_RS18770,IS110 family RNA-guided transposase,IS,other_transposase_or_IS,1
NZ_CP068578.1,ccef6f82a683b54cacce7f8f6efe9fc5,JL104_RS14530,IS6 family transposase,IS,other_transposase_or_IS,1
NZ_CP047468.1,ccf2407d6ef1d46a4f2bb6c70214b6b9,GTH52_RS15170,Tn3 family transposase,Tn3,tn3_family_unit_transposon,1
NZ_CP060128.1,cd2339035ec8c1d53076dafedf631950,H3V42_RS33805,Tn3 family transposase,Tn3,tn3_family_unit_transposon,2
NZ_CP060128.1,cd2339035ec8c1d53076dafedf631950,H3V42_RS33855,Tn3 family transposase,Tn3,tn3_family_unit_transposon,2
NZ_CP140793.1,ce081fccd16d38d58168f2af475547f4,U3H55_RS24230,IS6-like element IS6100 family transposase,IS,other_transposase_or_IS,2
NZ_CP037868.1,ce0e2e41dd548f8a9fe9a2fe8f6cf639,HPF_RS23400,Tn3 family transposase,Tn3,tn3_family_unit_transposon,1
NZ_CP060786.1,ce14260dddd1c84738dfd32373757f19,H9L05_RS21870,conjugative transposon protein TraN,transposon,other_transposase_or_IS,4
NZ_CP060786.1,ce14260dddd1c84738dfd32373757f19,H9L05_RS21875,conjugative transposon protein TraM,transposon,other_transposase_or_IS,4
NZ_CP060786.1,ce14260dddd1c84738dfd32373757f19,H9L05_RS21880,conjugative transposon protein TraK,transposon,other_transposase_or_IS,4
NZ_CP060786.1,ce14260dddd1c84738dfd32373757f19,H9L05_RS21885,conjugative transposon protein TraJ,transposon,other_transposase_or_IS,4
NZ_CP060786.1,ce14260dddd1c84738dfd32373757f19,H9L05_RS21905,TraG family conjugative transposon ATPase,transposon,other_transposase_or_IS,4
NZ_CP065192.1,ce52628d16cf79dfefd01529b1b6ba73,I5Q57_RS00030,UPF0236 family transposase-like protein,transposase-like,other_transposase_or_IS,2
NZ_CP065192.1,ce52628d16cf79dfefd01529b1b6ba73,I5Q57_RS00095,UPF0236 family transposase-like protein,transposase-like,other_transposase_or_IS,2
NZ_CP072792.1,ce63262499704d24ba5c701d8c3c72cf,J9260_RS00055,IS91 family transposase,IS,other_transposase_or_IS,1
NZ_CP127302.1,ce99c8373ab6968d0573e0cbe6f72266,QRM68_RS01065,Tn3 family transposase,Tn3,tn3_family_unit_transposon,1
NZ_CP066727.1,cf7120da2a307bb52dc76a435db03c21,JGY90_RS13960,IS6-like element IS257 family transposase,IS,other_transposase_or_IS,2
NZ_CP066727.1,cf7120da2a307bb52dc76a435db03c21,JGY90_RS14145,IS6-like element IS257 family transposase,IS,other_transposase_or_IS,2
NZ_CP021717.1,cf7e8507ac0053a4e38a07abaf79c5c2,AM376_RS02415,Tn3-like element Tn3 family transposase,Tn3,tn3_family_unit_transposon,2
NZ_CP021717.1,cf7e8507ac0053a4e38a07abaf79c5c2,AM376_RS02435,IS6-like element IS26 family transposase,IS,other_transposase_or_IS,2
NZ_CP087064.1,cfaa644679feae6654e9a66662efc67a,LOE35_RS23035,ISKra4 family transposase,IS,other_transposase_or_IS,1
NZ_CP087064.1,cfaa644679feae6654e9a66662efc67a,LOE35_RS23055,Tn3 family transposase,Tn3,tn3_family_unit_transposon,1
NZ_CP077771.1,cfee62c170b32913a7327de235dc5737,KQP93_RS19885,insulinase family protein,ins,unclear_likely_false_positive,2
NZ_CP077771.1,cfee62c170b32913a7327de235dc5737,KQP93_RS21010,transposase,transposase,other_transposase_or_IS,2
NZ_CP087068.1,d009ccb6f66822acf3a3922bd182a8aa,LOE34_RS19845,ISKra4 family transposase,IS,other_transposase_or_IS,1
NZ_CP087068.1,d009ccb6f66822acf3a3922bd182a8aa,LOE34_RS19865,Tn3 family transposase,Tn3,tn3_family_unit_transposon,1
NZ_AP022346.1,d04c7291563920132346385450361117,ICHIAU1_RS11930,Tn3 family transposase,Tn3,tn3_family_unit_transposon,1
NZ_CP020749.1,d0614112a853475d4d96da9183809a49,B7492_RS33730,IS1182 family transposase,IS,other_transposase_or_IS,2
NZ_CP020749.1,d0614112a853475d4d96da9183809a49,B7492_RS36700,IS4 family transposase,IS,other_transposase_or_IS,2
NZ_CP020749.1,d0614112a853475d4d96da9183809a49,B7492_RS33940,insecticidal delta-endotoxin domain-containing protein,ins,unclear_likely_false_positive,2
NZ_CP020749.1,d0614112a853475d4d96da9183809a49,B7492_RS33950,Tn3 family transposase,Tn3,tn3_family_unit_transposon,2
NZ_CP042508.1,d070c79f599679de6451555a721be0f0,FR773_RS25990,defense against restriction DarA-related protein,ins,unclear_likely_false_positive,1
NZ_CP042508.1,d070c79f599679de6451555a721be0f0,FR773_RS26140,Tn3-like element Tn5403 family transposase,Tn3,tn3_family_unit_transposon,1
NZ_CP086929.1,d09a6c790322547916691418ab62347c,LOE17_RS24850,Tn3 family transposase,Tn3,tn3_family_unit_transposon,2
NZ_CP086929.1,d09a6c790322547916691418ab62347c,LOE17_RS24955,IS110 family RNA-guided transposase,IS,other_transposase_or_IS,2
NZ_CP068766.1,d11a3e3ff89fd213a89fbd8279b93710,JMO19_RS00315,IS30 family transposase,IS,other_transposase_or_IS,1
NZ_CP068766.1,d11a3e3ff89fd213a89fbd8279b93710,JMO19_RS00345,IS1182 family transposase,IS,other_transposase_or_IS,1
NZ_CP099322.1,d149f9d46dee91f3b1d96beef3d23cd7,NFL35_RS23945,IS1 family transposase,IS,other_transposase_or_IS,1
NZ_CP084210.1,d19eeb4d7215e4ac23f08957c4e171e3,LDB16_RS22530,Tn3-like element TnAs1 family transposase,Tn3,tn3_family_unit_transposon,1
NZ_CP044486.1,d1ac612cd4b3157a33da06795e8ea3f3,FSC11_RS15795,IS6-like element IS1008 family transposase,IS,other_transposase_or_IS,1
NZ_CP083579.1,d20460039efbef96fe1406951d873e54,K9838_RS22755,Tn3-like element ISXc4 family transposase,Tn3,tn3_family_unit_transposon,1
NZ_CP028562.2,d26af458567ffbe83820eeb920926eb2,C1A23_RS00005,Tn3 family transposase,Tn3,tn3_family_unit_transposon,1
NZ_CP140090.1,d26f95bb1b9191063bddf142f4beaeb0,SPI00_RS00395,IS30-like element ISLpl1 family transposase,IS,other_transposase_or_IS,2
NZ_CP140090.1,d26f95bb1b9191063bddf142f4beaeb0,SPI00_RS00415,IS30-like element ISLsa1 family transposase,IS,other_transposase_or_IS,2
NZ_CP085433.1,d29b095625b0308b75c92c444e60a75e,LIT34_RS28190,Rpn family recombination-promoting nuclease/putative transposase,transposase,other_transposase_or_IS,3
NZ_CP085433.1,d29b095625b0308b75c92c444e60a75e,LIT34_RS32470,IS6 family transposase,IS,other_transposase_or_IS,3
NZ_CP085433.1,d29b095625b0308b75c92c444e60a75e,LIT34_RS28420,Rpn family recombination-promoting nuclease/putative transposase,transposase,other_transposase_or_IS,3
NZ_CP085433.1,d29b095625b0308b75c92c444e60a75e,LIT34_RS28745,oxygen-insensitive NADPH nitroreductase,ins,unclear_likely_false_positive,3
NZ_CP085433.1,d29b095625b0308b75c92c444e60a75e,LIT34_RS28895,IS3 family transposase,IS,other_transposase_or_IS,3
NZ_CP021643.1,d2dd91f0f3592229280cdf36578bbb4f,CCS77_RS10260,RNA-guided endonuclease InsQ/TnpB family protein,Ins,other_transposase_or_IS,1
NC_015603.1,d31335fdb45e9b3ec20051a1f6f7ddbe,WANG_RS12380,transposase,transposase,other_transposase_or_IS,1
NZ_AP023195.1,d34da076da673ff7facc544395153a5c,HUV24_RS26105,IS1 family transposase,IS,other_transposase_or_IS,2
NZ_AP023195.1,d34da076da673ff7facc544395153a5c,HUV24_RS26110,IS3 family transposase,IS,other_transposase_or_IS,2
NZ_AP023195.1,d34da076da673ff7facc544395153a5c,HUV24_RS26120,IS1 family transposase,IS,other_transposase_or_IS,2
NZ_CP018764.1,d3821bfce6139ffe46e18873533a1a67,BTW26_RS10355,IS30-like element ISLpl1 family transposase,IS,other_transposase_or_IS,1
NZ_AP024752.1,d51eb35ba7c68ffc03be27194574565e,K6J82_RS26710,Tn3-like element Tn3 family transposase,Tn3,tn3_family_unit_transposon,2
NZ_AP024752.1,d51eb35ba7c68ffc03be27194574565e,K6J82_RS26730,IS6-like element IS26 family transposase,IS,other_transposase_or_IS,2
NZ_CP075667.1,d571a4f682efdb8b51f518bd8018c936,JFY30_RS28085,IS1-like element IS1A family transposase,IS,other_transposase_or_IS,1
NZ_CP075667.1,d571a4f682efdb8b51f518bd8018c936,JFY30_RS28130,Tn3 family transposase,Tn3,tn3_family_unit_transposon,1
NZ_CP048888.1,d57d6a4cbd5dde5fef4e33119eddeb26,BMG_RS30080,transposase,transposase,other_transposase_or_IS,1
NZ_AP025228.1,d5c0178003c4d25582e31c73503895e0,OQH79_RS15770,Rpn family recombination-promoting nuclease/putative transposase,transposase,other_transposase_or_IS,1
NZ_CP036128.1,d5c35bc7ff57cc627fb518573b13eb4b,EXW55_RS30765,Rpn family recombination-promoting nuclease/putative transposase,transposase,other_transposase_or_IS,1
NZ_CP036465.1,d60a23e28b4b6bce08f31364ccb513c0,EWS79_RS09900,transposase,transposase,other_transposase_or_IS,1
NZ_CP008832.1,d649162eba580d20fccdfe68aad1f294,KPR0928_RS26820,Tn3-like element Tn3 family transposase,Tn3,tn3_family_unit_transposon,2
NZ_CP008832.1,d649162eba580d20fccdfe68aad1f294,KPR0928_RS26840,IS6-like element IS26 family transposase,IS,other_transposase_or_IS,2
NZ_CP133080.1,d65293c676fe65e55b066d3f8ec3897d,RBH93_RS21540,transposase,transposase,other_transposase_or_IS,1
NZ_CP133080.1,d65293c676fe65e55b066d3f8ec3897d,RBH93_RS21590,Tn3-like element TnAs1 family transposase,Tn3,tn3_family_unit_transposon,1
NZ_CP094352.1,d664b0275773e968300ecc57a1620036,MRY17_RS26340,IS66 family transposase,IS,other_transposase_or_IS,3
NZ_CP094352.1,d664b0275773e968300ecc57a1620036,MRY17_RS26345,IS66 family insertion sequence element accessory protein TnpB,IS,other_transposase_or_IS,3
NZ_CP094352.1,d664b0275773e968300ecc57a1620036,MRY17_RS26350,IS66-like element accessory protein TnpA,IS,tn3_family_unit_transposon,3
NZ_CP097513.1,d741f9587c97f09791d2de82c963539d,M8Z31_RS12515,IS6 family transposase,IS,other_transposase_or_IS,2
NZ_CP097513.1,d741f9587c97f09791d2de82c963539d,M8Z31_RS12540,DDE-type integrase/transposase/recombinase,transposase/recombinase,other_transposase_or_IS,2
NZ_CP097513.1,d741f9587c97f09791d2de82c963539d,M8Z31_RS12575,IS6-like element IS257 family transposase,IS,other_transposase_or_IS,2
NZ_CP053547.1,d7423bbb23a7f09740abc35d75c38726,HMI59_RS25150,TnpV protein,Tnp,other_transposase_or_IS,2
NZ_CP040085.1,d7fc56eb43fa090f9b50c5cd9dff9eb1,FDN00_RS19145,IS6-like element IS26 family transposase,IS,other_transposase_or_IS,1
NZ_CP060795.1,d802713bf32629e80e04ffcf45368342,H9Q14_RS12080,IS6-like element IS257 family transposase,IS,other_transposase_or_IS,1
NZ_CP060795.1,d802713bf32629e80e04ffcf45368342,H9Q14_RS12215,IS256 family transposase,IS,other_transposase_or_IS,1
NZ_CP060795.1,d802713bf32629e80e04ffcf45368342,H9Q14_RS12230,IS256 family transposase,IS,other_transposase_or_IS,1
NZ_CP087015.1,d8cbc8938d0f3eb7463879c7c3f04b06,LOE46_RS23545,Tn3 family transposase,Tn3,tn3_family_unit_transposon,2
NZ_CP115238.1,d8f7454f8fae702bf111042a5cb6d182,PCP70_RS31725,Tn3 family transposase,Tn3,tn3_family_unit_transposon,2
NZ_CP115238.1,d8f7454f8fae702bf111042a5cb6d182,PCP70_RS31730,Tn3 family transposase post-transcriptional regulator TnpC,Tn3,tn3_family_unit_transposon,2
NZ_CP046039.1,d9d1dcf827d533269e836286c5ad0678,GJ664_RS09975,IS30-like element ISLpl1 family transposase,IS,other_transposase_or_IS,2
NZ_CP046039.1,d9d1dcf827d533269e836286c5ad0678,GJ664_RS09980,DDE-type integrase/transposase/recombinase,transposase/recombinase,other_transposase_or_IS,2
NZ_CP046039.1,d9d1dcf827d533269e836286c5ad0678,GJ664_RS10065,IS30 family transposase,IS,other_transposase_or_IS,2
NZ_CP137413.1,da0776003ff7a1d1b721d20b41d55577,R5O46_RS00110,Tn3-like element IS3000 family transposase,Tn3,tn3_family_unit_transposon,1
NZ_CP021940.1,dab86f645894125c8fb61a60ab4e15ae,AM392_RS26760,Tn3-like element IS3000 family transposase,Tn3,tn3_family_unit_transposon,1
NZ_CP056590.1,dac7dd5b4e7d30aa5faee5b5dbf95e67,HV173_RS27235,transposase,transposase,other_transposase_or_IS,1
NZ_CP137502.1,dae389f9494f4fa8a765dea7204e23b7,R5020_RS33530,Tn3 family transposase,Tn3,tn3_family_unit_transposon,1
NZ_CP095251.1,daee302233ad10938afaa5cdb1e3c73d,MU311_RS28800,IS5-like element ISKpn26 family transposase,IS,other_transposase_or_IS,1
NZ_CP092758.1,daff2108e37e3ec5914ba34493c09fc5,MKZ44_RS29075,Tn3-like element Tn3 family transposase,Tn3,tn3_family_unit_transposon,2
NZ_CP092758.1,daff2108e37e3ec5914ba34493c09fc5,MKZ44_RS29095,IS6-like element IS26 family transposase,IS,other_transposase_or_IS,2
NZ_CP061388.1,db48f7deb2d50c08e61bd90bf02608f6,HCV85_RS28690,Tn3-like element Tn3 family transposase,Tn3,tn3_family_unit_transposon,2
NZ_CP061388.1,db48f7deb2d50c08e61bd90bf02608f6,HCV85_RS28710,IS6-like element IS26 family transposase,IS,other_transposase_or_IS,2
NZ_CP079136.1,db5ab46587a1c3cd907d3d755a1df02d,KWY69_RS28720,IS1380-like element ISEcp1 family transposase,IS,other_transposase_or_IS,1
NZ_CP047580.1,db9529eac7c901b0b0b18b1f1ff91be6,GUJ28_RS25195,IS1 family transposase,IS,other_transposase_or_IS,2
NZ_CP047580.1,db9529eac7c901b0b0b18b1f1ff91be6,GUJ28_RS25215,Tn3 family transposase,Tn3,tn3_family_unit_transposon,2
NZ_CP047580.1,db9529eac7c901b0b0b18b1f1ff91be6,GUJ28_RS25235,IS6-like element IS26 family transposase,IS,other_transposase_or_IS,2
NC_016634.1,db9630e3e0946febed76b50865958e2d,TCCBUS3UF1_RS11415,transposase,transposase,other_transposase_or_IS,1
NZ_CP060469.1,dbbd77bf937c22fc0c845f74de4aa1f9,H8Z71_RS23230,Tn3-like element ISXc4 family transposase,Tn3,tn3_family_unit_transposon,1
NZ_CP120684.1,dbf3b9ed4cee0d08e7fd6cbf911dffc0,P0M28_RS30485,conjugative transposon protein TraM,transposon,other_transposase_or_IS,4
NZ_CP120684.1,dbf3b9ed4cee0d08e7fd6cbf911dffc0,P0M28_RS30645,Tn3 family transposase,Tn3,tn3_family_unit_transposon,4
NZ_CP120684.1,dbf3b9ed4cee0d08e7fd6cbf911dffc0,P0M28_RS30735,Tn3 family transposase,Tn3,tn3_family_unit_transposon,4
NZ_CP120684.1,dbf3b9ed4cee0d08e7fd6cbf911dffc0,P0M28_RS30740,Tn3 family transposase,Tn3,tn3_family_unit_transposon,4
NZ_CP132071.1,dc6a60a6d892212f1efcfcf320ce34c8,Q7W68_RS31855,Tn3 family transposase,Tn3,tn3_family_unit_transposon,2
NZ_CP132071.1,dc6a60a6d892212f1efcfcf320ce34c8,Q7W68_RS31865,IS630 family transposase,IS,other_transposase_or_IS,2
NZ_CP132071.1,dc6a60a6d892212f1efcfcf320ce34c8,Q7W68_RS31895,Tn3 family transposase,Tn3,tn3_family_unit_transposon,2
NZ_CP013043.1,dcae245b25ac2ed4052e12cf9965754d,JFP55_RS15755,Rpn family recombination-promoting nuclease/putative transposase,transposase,other_transposase_or_IS,1
NZ_CP066437.1,dcdb3db9c874b98a457556c4edcf9110,JCP89_RS15280,ISL3-like element IS1251 family transposase,IS,other_transposase_or_IS,3
NZ_CP066437.1,dcdb3db9c874b98a457556c4edcf9110,JCP89_RS15370,ISL3-like element IS1251 family transposase,IS,other_transposase_or_IS,3
NZ_CP066437.1,dcdb3db9c874b98a457556c4edcf9110,JCP89_RS15465,IS110 family RNA-guided transposase,IS,other_transposase_or_IS,3
NZ_CP080144.1,dcfbe345f4b920f631f97e3fc2c9d04c,KZY05_RS29170,Tn3 family transposase,Tn3,tn3_family_unit_transposon,1
NZ_CP119005.1,dd279cb6026fcb58820c5821ee0faf3e,PY719_RS25365,defense against restriction DarA-related protein,ins,unclear_likely_false_positive,2
NZ_CP119005.1,dd279cb6026fcb58820c5821ee0faf3e,PY719_RS25660,IS91 family transposase,IS,other_transposase_or_IS,2
NZ_CP119005.1,dd279cb6026fcb58820c5821ee0faf3e,PY719_RS25670,IS91 family transposase,IS,other_transposase_or_IS,2
NZ_CP040301.1,ddb96a7bf149f1afffa0b754578d37a5,FD725_RS31360,Tn3 family transposase,Tn3,tn3_family_unit_transposon,1
NZ_CP015358.1,ddde83a5f2360ad2cd4bc1814c8dc309,BT246_RS34510,Tn3 family transposase,Tn3,tn3_family_unit_transposon,1
NZ_CP063999.1,de06c8c657604fbeb536347c3b241e1f,ISN36_RS19940,transposase,transposase,other_transposase_or_IS,1
NZ_CP065811.1,de5ab686a345dae4be0097775a9bc4fa,IZU96_RS16295,IS3 family transposase,IS,other_transposase_or_IS,1
NZ_CP138822.1,de72fbb8ec38d802183b690946cbdd67,R8560_RS27655,Tn3 family transposase,Tn3,tn3_family_unit_transposon,1
NZ_CP036332.1,deb7d3be98022bf8bb698011a25f213b,C3E96_RS28840,Tn3 family transposase,Tn3,tn3_family_unit_transposon,1
NZ_CP036332.1,deb7d3be98022bf8bb698011a25f213b,C3E96_RS28895,Tn3-like element Tn3 family transposase,Tn3,tn3_family_unit_transposon,1
NZ_CP058174.1,df2680d0f156e3a2efb526e4d6c58d78,HV047_RS25205,transposase,transposase,other_transposase_or_IS,1
NZ_CP014799.1,df39b1bdfd85ec212899d82571ecfb05,Ga0080559_RS23780,Tn3 family transposase,Tn3,tn3_family_unit_transposon,1
NZ_LN681226.1,df42f23667612ac91f0984c696515f65,LHA_RS15215,Tn3 family transposase,Tn3,tn3_family_unit_transposon,1
NZ_CP021875.1,df72ab10e45e6b2bdc02cdfb0f719553,CC204_RS19320,Tn3 family transposase,Tn3,tn3_family_unit_transposon,1
NZ_CP117474.1,dfb92485debfe3da53b8a498087f6694,PO876_RS26970,Tn3 family transposase,Tn3,tn3_family_unit_transposon,1
NZ_CP095139.1,e035717ac69b6dd2a78f2c062d4d4d1d,MU414_RS25790,IS1380-like element ISEcp1 family transposase,IS,other_transposase_or_IS,1
NC_011367.1,e040790c05f6007802a9354201485812,GDIA_RS17955,IS5-like element ISGdi1 family transposase,IS,other_transposase_or_IS,1
NZ_CP064271.1,e0682306ae05b32f4ea5535d1d388109,IQ863_RS27040,Rpn family recombination-promoting nuclease/putative transposase,transposase,other_transposase_or_IS,1
NZ_CP108570.1,e07a6f2c7005937b44c01675b598d968,OG452_RS34950,Tn3 family transposase,Tn3,tn3_family_unit_transposon,2
NZ_CP108570.1,e07a6f2c7005937b44c01675b598d968,OG452_RS35060,Tn3 family transposase,Tn3,tn3_family_unit_transposon,2
NZ_CP069804.1,e0a4adc7fa2324826a7ace5609ab9718,JQN59_RS26780,IS5-like element IS903B family transposase,IS,other_transposase_or_IS,1
NZ_CP124473.1,e139dc43754498139359a6c25a9108f4,QJP95_RS25145,IS6-like element IS26 family transposase,IS,other_transposase_or_IS,2
NZ_CP124473.1,e139dc43754498139359a6c25a9108f4,QJP95_RS25175,defense against restriction DarA-related protein,ins,unclear_likely_false_positive,2
NZ_CP124473.1,e139dc43754498139359a6c25a9108f4,QJP95_RS25350,IS1-like element IS1B family transposase,IS,other_transposase_or_IS,2
NZ_CP082907.1,e184423250789cf6336d4906d74f85b1,K6958_RS21285,IS1 family transposase,IS,other_transposase_or_IS,1
NZ_CP047188.1,e185ce3c846b83f69223eb12f2d44ff0,CBOVI_RS10615,transposase,transposase,other_transposase_or_IS,1
NZ_AP025771.1,e19886e10490fe17fb7ab4aa5b7695ff,NGJ61_RS22885,IS6-like element IS6100 family transposase,IS,other_transposase_or_IS,1
NZ_CP091514.1,e214314849766896ff7984be1bd7382a,LVJ81_RS13075,Tn3 family transposase,Tn3,tn3_family_unit_transposon,1
NZ_CP117765.1,e22ddd855fcf9cea8203375b1dc278a5,PTC86_RS18410,IS30-like element ISAba125 family transposase,IS,other_transposase_or_IS,1
NZ_CP029977.1,e2654ba788e33835dd8f09db4a0c7be6,DNQ41_RS26580,IS3-like element IS150 family transposase,IS,other_transposase_or_IS,1
NZ_CP030228.1,e2903d26374fdba5d4cc06305113be59,CHD05_RS24225,IS1 family transposase,IS,other_transposase_or_IS,1
NZ_CP101227.1,e295c15e577862cafb0ee177fbc314c0,NML25_RS27045,IS1380-like element ISEcp1 family transposase,IS,other_transposase_or_IS,1
NZ_CP090798.1,e2b53d31a3984b984fba9f27c3a4c6e2,L0Y15_RS22395,Tn3-like element Tn3 family transposase,Tn3,tn3_family_unit_transposon,2
NZ_CP090798.1,e2b53d31a3984b984fba9f27c3a4c6e2,L0Y15_RS22420,IS1380-like element ISEcp1 family transposase,IS,other_transposase_or_IS,2
NZ_CP056258.1,e2b7827655c2bb4bb478f147968332ce,HV319_RS25985,Tn3-like element Tn3 family transposase,Tn3,tn3_family_unit_transposon,1
NZ_CP083887.1,e3088425be5e7de8d9a95da8e59a9ea8,LCE23_RS23865,IS1-like element IS1A family transposase,IS,other_transposase_or_IS,1
NZ_CP127097.1,e335fb25c839a66d4b8b7002aa5633ff,QQO14_RS12065,IS6-like element IS257 family transposase,IS,other_transposase_or_IS,3
NZ_CP127097.1,e335fb25c839a66d4b8b7002aa5633ff,QQO14_RS12095,IS6-like element IS257 family transposase,IS,other_transposase_or_IS,3
NZ_CP127097.1,e335fb25c839a66d4b8b7002aa5633ff,QQO14_RS12105,IS6-like element IS257 family transposase,IS,other_transposase_or_IS,3
NZ_CP016848.1,e3666b0776a538d76da0175d76288ce9,BFC23_RS17305,Tn3 family transposase,Tn3,tn3_family_unit_transposon,1
NZ_OW970318.1,e39646f33a826c94ba3dd258ef759fa2,OOS96_RS24705,IS3 family transposase,IS,other_transposase_or_IS,1
NZ_CP120690.1,e3a3b830da5c14b48122c96ae67a73a8,P6X90_RS14230,Tn3 family transposase,Tn3,tn3_family_unit_transposon,1
NZ_CP095064.1,e3c1c3fb4107c57e26d9bb824f32188e,MUN86_RS25675,IS1182 family transposase,IS,other_transposase_or_IS,1
NZ_CP084220.1,e3d45e6c8bffd1219c3b26fd289d94cb,LDB27_RS23795,IS1 family transposase,IS,other_transposase_or_IS,1
NC_010721.1,e405519ed90f935bd13fb111593216df,MPOP_RS27000,Tn3-like element ISMpo10 family transposase,Tn3,tn3_family_unit_transposon,1
NZ_CP016486.1,e4381e13a2c3fb9f8f519b76b343a768,AWQ24_RS16090,IS5 family transposase,IS,other_transposase_or_IS,1
NC_010942.1,e444308237d34578a608cd90808c8e99,APP7_RS11180,IS30-like element ISApl1 family transposase,IS,other_transposase_or_IS,1
NZ_CP079721.1,e46bad92a4eebea4b5bdbd3de43d9f72,KXF32_RS27575,Tn3 family transposase,Tn3,tn3_family_unit_transposon,1
NZ_CP021440.1,e49cf5fdbacf1dfb88e69146a4b25241,BtSCAC15_RS31650,insecticidal delta-endotoxin domain-containing protein,ins,unclear_likely_false_positive,1
NZ_CP133881.1,e54233bcdc1dadb185e06cb4b6a2ceb2,RD361_RS30500,Tn3-like element Tn3 family transposase,Tn3,tn3_family_unit_transposon,1
NZ_CP035050.1,e5b09feb45e167f14f8ff916f2905b1d,EQH48_RS18725,IS30-like element ISAba125 family transposase,IS,other_transposase_or_IS,1
NZ_CP086990.1,e5ffb148b71f12b64e6be21a8d20215f,LOE08_RS21740,Tn3 family transposase,Tn3,tn3_family_unit_transposon,1
NZ_CP026424.1,e667e614debe7790fad90ac0d960cc2d,C3F22_RS16430,transposase,transposase,other_transposase_or_IS,3
NZ_CP026424.1,e667e614debe7790fad90ac0d960cc2d,C3F22_RS16435,IS66 family insertion sequence element accessory protein TnpB,IS,other_transposase_or_IS,3
NZ_CP026424.1,e667e614debe7790fad90ac0d960cc2d,C3F22_RS16440,IS66-like element ISAba25 family transposase,IS,other_transposase_or_IS,3
NZ_CP083270.1,e67433f1910427320455a8e14c8241b7,K8Z47_RS26425,Rpn family recombination-promoting nuclease/putative transposase,transposase,other_transposase_or_IS,2
NZ_CP083270.1,e67433f1910427320455a8e14c8241b7,K8Z47_RS26455,Rpn family recombination-promoting nuclease/putative transposase,transposase,other_transposase_or_IS,2
NZ_CP074189.1,e6aab668cca31d6543a55d06f8e2d619,KGP19_RS29835,Tn3-like element Tn5403 family transposase,Tn3,tn3_family_unit_transposon,1
NZ_CP021139.1,e6b037b35c62c3eed5c53307d5de8706,CAP31_RS14545,Mu transposase C-terminal domain-containing protein,transposase,other_transposase_or_IS,1
NZ_CP021139.1,e6b037b35c62c3eed5c53307d5de8706,CAP31_RS14590,Tn3 family transposase,Tn3,tn3_family_unit_transposon,1
NZ_CP021139.1,e6b037b35c62c3eed5c53307d5de8706,CAP31_RS14595,transposase family protein,transposase,other_transposase_or_IS,1
NZ_CP086946.1,e6b2857315176f7e9ca1bafcf5cd6f6e,LOE15_RS23505,ISKra4 family transposase,IS,other_transposase_or_IS,1
NZ_CP086946.1,e6b2857315176f7e9ca1bafcf5cd6f6e,LOE15_RS23525,Tn3 family transposase,Tn3,tn3_family_unit_transposon,1
NZ_CP023681.1,e6cc70dead57695e3abf0c7a4e398235,ZMO2_RS10350,IS5 family transposase,IS,other_transposase_or_IS,1
NZ_CP110951.1,e6d09cd43e41c4f060a5cb0a0270abc9,NPY20_RS28530,Tn3-like element Tn3 family transposase,Tn3,tn3_family_unit_transposon,2
NZ_CP110951.1,e6d09cd43e41c4f060a5cb0a0270abc9,NPY20_RS28550,IS6-like element IS26 family transposase,IS,other_transposase_or_IS,2
NZ_CP063842.1,e6d16c57b8ebe2fe1ceecc69a7301f75,ICN83_RS21185,Tn3 family transposase,Tn3,tn3_family_unit_transposon,1
NC_014801.1,e723ea5ac6219f2f500ae31873a70128,ICDCCJ07001_RS08740,TnpV protein,Tnp,other_transposase_or_IS,1
NZ_CP015141.1,e7497b000d9e9c8409175bc17f3a8b79,A4X18_RS27315,Rpn family recombination-promoting nuclease/putative transposase,transposase,other_transposase_or_IS,1
NZ_CP094860.1,e765c96101f1652a32a64ab555b5f820,MUB20_RS11870,IS6-like element IS257 family transposase,IS,other_transposase_or_IS,1
NZ_CP094860.1,e765c96101f1652a32a64ab555b5f820,MUB20_RS11910,DDE-type integrase/transposase/recombinase,transposase/recombinase,other_transposase_or_IS,1
NZ_CP055586.1,e7842f1278cf7d5ebf97e566d93422e1,HV074_RS26755,transposase,transposase,other_transposase_or_IS,1
NZ_CP116563.1,e788a42ef2b437e32d8a1afb09d07888,PML97_RS14510,IS30 family transposase,IS,other_transposase_or_IS,1
NZ_AP024566.1,e79b201f9c496f9ef7262092d28e32b2,LC603172_RS27495,transposase,transposase,other_transposase_or_IS,1
NZ_CP084957.1,e7e1c1ce2016a1390ed412d20c06720b,DSM14862_RS21415,IS30 family transposase,IS,other_transposase_or_IS,1
NZ_AP024179.1,e806061f608c6c0d17c270845b4b815b,JGR95_RS28705,IS5-like element ISKpn26 family transposase,IS,other_transposase_or_IS,1
NZ_CP051390.1,e86e41c92046af3247b0ea340d14727d,HFR50_RS22890,transposase,transposase,other_transposase_or_IS,1
NZ_CP051390.1,e86e41c92046af3247b0ea340d14727d,HFR50_RS22905,IS91 family transposase,IS,other_transposase_or_IS,1
NZ_CP075994.1,e878032e9c230739a62ab7d234be1b83,KLF26_RS16330,Rpn family recombination-promoting nuclease/putative transposase,transposase,other_transposase_or_IS,1
NZ_CP086117.1,e8ddcf859cbf767cfeac72d77f6ba88d,JL101_RS36430,Tn3 family transposase,Tn3,tn3_family_unit_transposon,1
NZ_CP047382.1,e8e9b9b37aa9cabcd64f9f6b802869b9,GTP13_RS30935,Tn3 family transposase,Tn3,tn3_family_unit_transposon,1
NZ_CP032196.1,e8ff0be92017521285e043e66160f991,AM476_RS01130,IS1 family transposase,IS,other_transposase_or_IS,1
NZ_CP041518.1,e9250294fec7e82e4208fa8f807a8837,FNB21_RS01240,Rpn family recombination-promoting nuclease/putative transposase,transposase,other_transposase_or_IS,1
NZ_CP041518.1,e9250294fec7e82e4208fa8f807a8837,FNB21_RS29670,IS6 family transposase,IS,other_transposase_or_IS,1
NZ_CP081288.1,e92e4f8601f8aa6e01a517e4c1d48847,K3T18_RS31210,ISL3 family transposase,IS,other_transposase_or_IS,1
NZ_CP117747.1,e9a39ed4a4dd44bd94942244b62f004d,PTC85_RS28605,Tn3-like element IS3000 family transposase,Tn3,tn3_family_unit_transposon,1
NZ_CP071403.1,e9a9edcba76d06791d534ffbebb5ff20,J0664_RS33620,ISNCY family transposase,IS,other_transposase_or_IS,1
NZ_CP014930.1,e9c39cf52c98a446d36e81bcc9da9a68,AYR63_RS16305,IS30 family transposase,IS,other_transposase_or_IS,1
NZ_CP014930.1,e9c39cf52c98a446d36e81bcc9da9a68,AYR63_RS17705,IS5/IS1182 family transposase,IS,other_transposase_or_IS,1
NZ_CP072217.1,e9debb70b325c76ca7ca845bac340a0d,INE92_RS26130,conjugative transposon protein TraN,transposon,other_transposase_or_IS,2
NZ_CP072217.1,e9debb70b325c76ca7ca845bac340a0d,INE92_RS26135,conjugative transposon protein TraM,transposon,other_transposase_or_IS,2
NZ_CP086927.1,ea238fcd6328dbb95bd5a56b58eea087,LOE17_RS23370,Tn3 family transposase,Tn3,tn3_family_unit_transposon,1
NZ_CP045343.1,eabf27363e461ba484c9db75ed149069,FIV04_RS26870,Tn3 family transposase,Tn3,tn3_family_unit_transposon,1
NZ_CP087097.1,eb04093de859e4b4301dd58df24d81cb,LOE12_RS24505,Tn3 family transposase,Tn3,tn3_family_unit_transposon,2
NZ_CP048282.1,eb06349e75fac98a3b89d61b0dc5cabd,GYN07_RS35630,transposase,transposase,other_transposase_or_IS,1
NZ_CP048282.1,eb06349e75fac98a3b89d61b0dc5cabd,GYN07_RS29300,IS1380 family transposase,IS,other_transposase_or_IS,1
NZ_CP048282.1,eb06349e75fac98a3b89d61b0dc5cabd,GYN07_RS35165,IS6 family transposase,IS,other_transposase_or_IS,1
NZ_CP027175.1,eb06a7d59ce4ab826783b51fd9114957,CSB85_RS33550,Tn3-like element TnAs1 family transposase,Tn3,tn3_family_unit_transposon,3
NZ_CP027175.1,eb06a7d59ce4ab826783b51fd9114957,CSB85_RS33585,IS30-like element ISPpu17 family transposase,IS,other_transposase_or_IS,3
NZ_CP027175.1,eb06a7d59ce4ab826783b51fd9114957,CSB85_RS33605,Tn3 family transposase,Tn3,tn3_family_unit_transposon,3
NZ_CP027175.1,eb06a7d59ce4ab826783b51fd9114957,CSB85_RS33660,Tn3 family transposase,Tn3,tn3_family_unit_transposon,3
NZ_CP041064.1,eb64c53b71ca56076da1a714179820a9,FJM50_RS00165,Rpn family recombination-promoting nuclease/putative transposase,transposase,other_transposase_or_IS,1
NZ_CP041064.1,eb64c53b71ca56076da1a714179820a9,FJM50_RS30720,IS6 family transposase,IS,other_transposase_or_IS,1
NZ_CP137397.1,eb78bcf8e0c34d2c74f0ed35283e0b42,R5O49_RS26540,IS1 family transposase,IS,other_transposase_or_IS,1
NZ_CP016765.1,eb8f441340e851e8ee16fb9ee3612045,CfB38_RS26970,Tn3-like element Tn3 family transposase,Tn3,tn3_family_unit_transposon,1
NZ_CP015313.1,ebb48b25576d0713177b062e2fcf07cb,BTT_RS31185,Tn3 family transposase,Tn3,tn3_family_unit_transposon,2
NZ_CP015313.1,ebb48b25576d0713177b062e2fcf07cb,BTT_RS31555,ISNCY family transposase,IS,other_transposase_or_IS,2
NZ_CP097559.1,ebe456d4efb1fb258abbf03ec8a41fac,PAC13_RS35245,Tn3 family transposase,Tn3,tn3_family_unit_transposon,1
NZ_CP043459.1,ec2901252ecbef10f00a2823964b8f33,FZ921_RS18705,IS4-like element ISAba1 family transposase,IS,other_transposase_or_IS,1
NZ_CP137194.1,ec69a043947557564148fae5c1c5cb2c,R4T18_RS00070,transposase,transposase,other_transposase_or_IS,1
NZ_CP096820.1,ec6cf71220060008aea9e39c697c08a4,M1R67_RS19465,IS30-like element ISAba125 family transposase,IS,other_transposase_or_IS,1
NZ_CP103662.1,ec6d986e5f5a389da44a571563f2569c,M5R25_RS27190,IS1380-like element ISEcp1 family transposase,IS,other_transposase_or_IS,1
NZ_CP028580.2,ec97be89df3e0e33873fc5a951a4def8,CEA75_RS00170,IS1 family transposase,IS,other_transposase_or_IS,1
NZ_CP127020.1,ec9fceb83240d3f3ee065c3a4d4429a0,QQO11_RS15745,IS6-like element ISSau6 family transposase,IS,other_transposase_or_IS,3
NZ_CP127020.1,ec9fceb83240d3f3ee065c3a4d4429a0,QQO11_RS15755,IS6 family transposase,IS,other_transposase_or_IS,3
NZ_CP127020.1,ec9fceb83240d3f3ee065c3a4d4429a0,QQO11_RS15845,IS6-like element IS257 family transposase,IS,other_transposase_or_IS,3
NZ_CP127020.1,ec9fceb83240d3f3ee065c3a4d4429a0,QQO11_RS15890,IS6-like element IS257 family transposase,IS,other_transposase_or_IS,3
NZ_CP023647.1,ecb389fec4afeaf52ddad54e2573d660,AT852_RS27875,transposase,transposase,other_transposase_or_IS,1
NZ_CP023647.1,ecb389fec4afeaf52ddad54e2573d660,AT852_RS27890,IS91 family transposase,IS,other_transposase_or_IS,1
NZ_CP109762.1,ed204499fd094f8973be0cc8c40d2c8a,OHU75_RS26285,Rpn family recombination-promoting nuclease/putative transposase,transposase,other_transposase_or_IS,1
NZ_CP129388.1,eda14195ee73265093fe408ea262ee38,ETE97_RS24340,IS1-like element IS1A family transposase,IS,other_transposase_or_IS,1
NZ_CP041589.1,edae1f5c0d742ad3739ced633f6da335,FK728_RS18095,IS30-like element ISAba125 family transposase,IS,other_transposase_or_IS,1
NZ_CP064331.1,ede1c587f303121dde28c2670626e4f7,IUD22_RS11415,RNA-guided endonuclease InsQ/TnpB family protein,Ins,other_transposase_or_IS,1
NC_017296.1,ede29016d70637f1c12a750ec6c04d8b,CEA_RS20815,Tn3 family transposase,Tn3,tn3_family_unit_transposon,1
NC_017296.1,ede29016d70637f1c12a750ec6c04d8b,CEA_RS19635,Tn3 family transposase,Tn3,tn3_family_unit_transposon,1
NZ_CP021877.1,ee367667d363ba3fefb4a1ca6041cd22,CC204_RS20555,Tn3 family transposase,Tn3,tn3_family_unit_transposon,1
NZ_CP068702.1,ee5d5ebacfaf89ed1bd48f6c7195e606,LLUC073_RS13755,IS6-like element IS1216 family transposase,IS,other_transposase_or_IS,1
NZ_CP028144.1,eeb7068422a9678d7b71440fb92fb385,C9I78_RS26055,Tn3 family transposase,Tn3,tn3_family_unit_transposon,1
NZ_CP010057.1,eeba460c22f302b7b40bec4bbef5f76c,PK28_RS18365,TraG family conjugative transposon ATPase,transposon,other_transposase_or_IS,4
NZ_CP010057.1,eeba460c22f302b7b40bec4bbef5f76c,PK28_RS18395,conjugative transposon protein TraK,transposon,other_transposase_or_IS,4
NZ_CP010057.1,eeba460c22f302b7b40bec4bbef5f76c,PK28_RS19430,conjugative transposon protein TraM,transposon,other_transposase_or_IS,4
NZ_CP010057.1,eeba460c22f302b7b40bec4bbef5f76c,PK28_RS18405,conjugative transposon protein TraN,transposon,other_transposase_or_IS,4
NZ_CP086892.1,efa689726dae4595ab0b147fd39b0555,LOE21_RS22300,ISKra4 family transposase,IS,other_transposase_or_IS,1
NZ_CP086892.1,efa689726dae4595ab0b147fd39b0555,LOE21_RS22320,Tn3 family transposase,Tn3,tn3_family_unit_transposon,1
NZ_CP018468.1,f00802f75bd60acb087d43905d5ae5af,BI313_RS00895,Tn3 family transposase,Tn3,tn3_family_unit_transposon,1
NZ_CP086861.1,f02d351e4e082d51a419d89f37dcea9b,LOE30_RS24600,Tn3 family transposase,Tn3,tn3_family_unit_transposon,1
NZ_CP102417.1,f04dfaa0836603f19b5ad9de4b386adf,M2J02_RS15085,Rpn family recombination-promoting nuclease/putative transposase,transposase,other_transposase_or_IS,1
NZ_CP026388.1,f054ef4082480dd0e745fe82af11090a,C3F35_RS23180,Tn3-like element Tn5403 family transposase,Tn3,tn3_family_unit_transposon,1
NZ_AP023421.1,f082963d1b0ec50be39b33b49e18c820,KJS55_RS16025,TnpV protein,Tnp,other_transposase_or_IS,3
NZ_AP023421.1,f082963d1b0ec50be39b33b49e18c820,KJS55_RS17090,TnpV protein,Tnp,other_transposase_or_IS,3
NZ_AP023421.1,f082963d1b0ec50be39b33b49e18c820,KJS55_RS17120,transposon-encoded TnpW family protein,transposon-encoded,other_transposase_or_IS,3
NZ_CP047087.1,f0a317a02caf3439b1ef0cc6c8947c3d,GQZ26_RS28245,Rpn family recombination-promoting nuclease/putative transposase,transposase,other_transposase_or_IS,1
NZ_CP113488.1,f10c65d850c8aa5e0116724fdaf6c057,FG550_RS26260,IS1380-like element ISEcp1 family transposase,IS,other_transposase_or_IS,1
NC_009779.1,f12d58f33864065fa17202ceb9f25e84,ESA_RS20535,Tn3-like element ISPa38 family transposase,Tn3,tn3_family_unit_transposon,1
NZ_CP119161.1,f1782d204c77a8cc81fb4dd14be4bafe,P0D81_RS16665,Tn3 family transposase,Tn3,tn3_family_unit_transposon,1
NZ_CP135972.1,f18c976fd31783237fd21e28c3a42de2,RRX38_RS24605,REP-associated tyrosine transposase,transposase,other_transposase_or_IS,1
NZ_CP133194.1,f1976051238d82b80ea8727e0d76c7ed,QIE55_RS30785,transposase,transposase,other_transposase_or_IS,1
NZ_CP141098.1,f1c981fc4509d25a99dd5c15128063b3,U8P19_RS14655,Tn3 family transposase,Tn3,tn3_family_unit_transposon,1
NZ_CP065049.1,f213e3aef0629a8ac42ad4e0e08b88a8,I2456_RS28175,TnsA-like heteromeric transposase endonuclease subunit,transposase,other_transposase_or_IS,2
NZ_CP091080.1,f23be67cddfe9ee5fd7ce5010e4372c7,K9U01_RS22155,Tn3-like element ISPsy42 family transposase,Tn3,tn3_family_unit_transposon,1
NZ_CP091080.1,f23be67cddfe9ee5fd7ce5010e4372c7,K9U01_RS22185,IS3 family transposase,IS,other_transposase_or_IS,1
NZ_CP027230.1,f2b76e8a6e1ec2793a0abb2b375a6a5b,C4H12_RS13600,TraG family conjugative transposon ATPase,transposon,other_transposase_or_IS,2
NZ_CP027230.1,f2b76e8a6e1ec2793a0abb2b375a6a5b,C4H12_RS13620,conjugative transposon protein TraM,transposon,other_transposase_or_IS,2
NZ_CP102413.1,f2b92cf052b31015e5b2147bc05bc434,NOR97_RS20890,Tn3 family transposase,Tn3,tn3_family_unit_transposon,1
NZ_CP056430.1,f2cf7ff82e4e8dcab65b53c0802be4ca,HV227_RS29235,DDE transposase family protein,transposase,other_transposase_or_IS,1
NZ_CP114358.1,f3063289d47313e3a333a96fb12c2dd3,OPU51_RS29335,oxygen-insensitive NAD(P)H nitroreductase,ins,unclear_likely_false_positive,1
NZ_CP073756.1,f32f44725274b16112bf818e3ae95215,KD909_RS15160,RNA-guided endonuclease InsQ/TnpB family protein,Ins,other_transposase_or_IS,1
NZ_CP009558.1,f35becc2a79fd01e2be1f51f0f853e57,FORC3_RS15065,Rpn family recombination-promoting nuclease/putative transposase,transposase,other_transposase_or_IS,1
NZ_CP042805.1,f3799da246fb5000907173d09e4fd4c7,PSYTB_RS29145,DDE-type integrase/transposase/recombinase,transposase/recombinase,other_transposase_or_IS,1
NZ_CP024097.1,f389848757a999fe359366d2c835e590,CG475_RS22460,Tn7-like element transposition protein TnsE,Tn7,other_transposase_or_IS,2
NZ_CP024097.1,f389848757a999fe359366d2c835e590,CG475_RS22465,TnsD family transposase,transposase,other_transposase_or_IS,2
NZ_CP024097.1,f389848757a999fe359366d2c835e590,CG475_RS22480,heteromeric transposase endonuclease subunit TnsA,transposase,other_transposase_or_IS,2
NZ_CP079665.1,f39dd9c66e331ba156c3fcc51b430de2,KW560_RS29140,Tn3-like element Tn5403 family transposase,Tn3,tn3_family_unit_transposon,1
NZ_CP098205.1,f3a13ed08288a62d9faa63e4c92e8579,NBY19_RS24915,IS1380-like element ISEcp1 family transposase,IS,other_transposase_or_IS,1
NZ_CP027700.1,f3c1e3d28048ccfbd81157acebab348c,AXK17_RS29980,IS6-like element IS26 family transposase,IS,other_transposase_or_IS,1
NZ_CP027700.1,f3c1e3d28048ccfbd81157acebab348c,AXK17_RS30020,IS1182-like element ISKpn6 family transposase,IS,other_transposase_or_IS,1
NZ_CP041231.1,f3dc0cdc12ad61701e34f113d6fd4256,FKZ68_RS26640,conjugative transposon protein TraK,transposon,other_transposase_or_IS,3
NZ_CP041231.1,f3dc0cdc12ad61701e34f113d6fd4256,FKZ68_RS26650,conjugative transposon protein TraM,transposon,other_transposase_or_IS,3
NZ_CP041231.1,f3dc0cdc12ad61701e34f113d6fd4256,FKZ68_RS26655,conjugative transposon protein TraN,transposon,other_transposase_or_IS,3
NZ_CP099347.1,f3f5d48e6a87489ab6198e05e00fbcca,NFK54_RS24735,Tn3 family transposase,Tn3,tn3_family_unit_transposon,1
NZ_CP018777.1,f4006156a51628feb15a7f68d05c47f1,BTZ13_RS12890,IS6-like element IS257 family transposase,IS,other_transposase_or_IS,1
NZ_AP019836.1,f414976c7cbf0861dd645c7aabe727f9,FVE76_RS11415,IS91 family transposase,IS,other_transposase_or_IS,1
NZ_AP019836.1,f414976c7cbf0861dd645c7aabe727f9,FVE76_RS12350,IS3 family transposase,IS,other_transposase_or_IS,1
NZ_CP104320.1,f452ca4281e6cea5f781fc753afddc0b,NW605_RS34865,IS5 family transposase,IS,other_transposase_or_IS,1
NZ_CP016375.1,f462040fb7905aca6e8fb558637129d8,BBD32_RS19520,conjugative transposon protein TraM,transposon,other_transposase_or_IS,1
NC_012810.1,f48def167d7b0c51e00061ea9eb8cca0,MEXAM1_RS31975,Tn3-like element ISMex22 family transposase,Tn3,tn3_family_unit_transposon,1
NZ_CP024036.1,f4905a7b6d28aefaaf95047fbbf687cc,CR091_RS26115,guided entry of tail-anchored proteins factor 1,ins,unclear_likely_false_positive,1
NZ_CP024036.1,f4905a7b6d28aefaaf95047fbbf687cc,CR091_RS26575,Rpn family recombination-promoting nuclease/putative transposase,transposase,other_transposase_or_IS,1
NZ_CP115940.1,f4aa09aed3322dc7681568ae22e32b2b,PET44_RS35965,transposase,transposase,other_transposase_or_IS,2
NZ_CP115940.1,f4aa09aed3322dc7681568ae22e32b2b,PET44_RS36305,Tn3 family transposase,Tn3,tn3_family_unit_transposon,2
NZ_AP025829.1,f4db120e4df036ddb52be95d17fe87af,NGK41_RS24595,IS6-like element IS6100 family transposase,IS,other_transposase_or_IS,1
NZ_CP014100.1,f50bbacb82d382c1548922758906f50a,AL477_RS25625,transposase,transposase,other_transposase_or_IS,1
NZ_CP009052.1,f52431b5a68ab367f3e20810d0e98dd1,A610_RS29010,Rpn family recombination-promoting nuclease/putative transposase,transposase,other_transposase_or_IS,1
NZ_AP021993.1,f52db7535d10239e8bc3b1038eaa127b,H7R89_RS30500,Tn3-like element Tn5403 family transposase,Tn3,tn3_family_unit_transposon,1
NZ_CP116568.1,f542fad69cb0638555d0c1d493a0ffdd,PML79_RS14135,IS30 family transposase,IS,other_transposase_or_IS,1
NZ_AP025762.1,f590a89f54b176dbca766b2b35928de7,PT3_RS17735,iron-sulfur cluster insertion protein ErpA,insertion,other_transposase_or_IS,1
NZ_CP081967.1,f59dbdcb785b2a4894ab264216d8c2bd,K5H97_RS29260,Tn3 family transposase,Tn3,tn3_family_unit_transposon,3
NZ_CP081967.1,f59dbdcb785b2a4894ab264216d8c2bd,K5H97_RS29320,Tn3 family transposase,Tn3,tn3_family_unit_transposon,3
NZ_CP021460.1,f5f215cb89d9e3fb5a60502aadea30ab,CCS05_RS13230,IS30 family transposase,IS,other_transposase_or_IS,1
NZ_CP021460.1,f5f215cb89d9e3fb5a60502aadea30ab,CCS05_RS12795,IS30-like element ISLsa1 family transposase,IS,other_transposase_or_IS,1
NZ_CP021460.1,f5f215cb89d9e3fb5a60502aadea30ab,CCS05_RS12845,Tn3 family transposase,Tn3,tn3_family_unit_transposon,1
NZ_CP113175.1,f617e59a21810bb0af133df6c25c52e4,OT486_RS27305,IS4-like element ISVsa5 family transposase,IS,other_transposase_or_IS,3
NZ_CP113175.1,f617e59a21810bb0af133df6c25c52e4,OT486_RS27400,Tn3 family transposase,Tn3,tn3_family_unit_transposon,3
NZ_CP113175.1,f617e59a21810bb0af133df6c25c52e4,OT486_RS27410,IS4-like element ISVsa5 family transposase,IS,other_transposase_or_IS,3
NZ_CP060983.1,f62a2922517b7210fb53313e5ffbf514,H9191_RS24775,IS6-like element IS26 family transposase,IS,other_transposase_or_IS,1
NZ_CP060983.1,f62a2922517b7210fb53313e5ffbf514,H9191_RS24780,Tn3 family transposase,Tn3,tn3_family_unit_transposon,1
NZ_CP070612.1,f632a8113d58a08970d4985891906da9,JWS14_RS49185,Mu transposase C-terminal domain-containing protein,transposase,other_transposase_or_IS,2
NZ_CP070612.1,f632a8113d58a08970d4985891906da9,JWS14_RS49190,TnsA-like heteromeric transposase endonuclease subunit,transposase,other_transposase_or_IS,2
NZ_CP134752.1,f634eff64635d29c3a2643bb5c748fa3,RM151_RS22460,Rpn family recombination-promoting nuclease/putative transposase,transposase,other_transposase_or_IS,1
NZ_CP041921.1,f66735b0c8b1ddff224a0a4ede913fec,FPV29_RS24060,IS1380-like element ISEcp1 family transposase,IS,other_transposase_or_IS,1
NZ_CP014688.1,f68d29373d052bbc6f53e9ba9eba02f6,A0U91_RS18645,IS21 family transposase,IS,other_transposase_or_IS,1
NZ_CP014688.1,f68d29373d052bbc6f53e9ba9eba02f6,A0U91_RS15815,transposase,transposase,other_transposase_or_IS,1
NZ_CP014688.1,f68d29373d052bbc6f53e9ba9eba02f6,A0U91_RS16850,RNA-guided endonuclease InsQ/TnpB family protein,Ins,other_transposase_or_IS,1
NZ_CP040937.1,f776dd431a71d8ffca11ec0e4765e201,FGZ14_RS21320,conjugative transposon protein TraM,transposon,other_transposase_or_IS,1
NZ_CP010135.1,f790a914d417b94db73b60d98a93cbaf,RG34_RS26860,lipoprotein insertase outer membrane protein LolB,ins,unclear_likely_false_positive,1
NZ_AP023203.1,f7b80c87c67015353039b2012dc1f52f,HUV22_RS26495,IS1 family transposase,IS,other_transposase_or_IS,2
NZ_AP023203.1,f7b80c87c67015353039b2012dc1f52f,HUV22_RS27180,IS3 family transposase,IS,other_transposase_or_IS,2
NZ_AP023203.1,f7b80c87c67015353039b2012dc1f52f,HUV22_RS26505,IS1 family transposase,IS,other_transposase_or_IS,2
NZ_CP062905.1,f7d84ec60dd862b118722e4845d9b47a,IMP23_RS00300,IS1 family transposase,IS,other_transposase_or_IS,3
NZ_CP062905.1,f7d84ec60dd862b118722e4845d9b47a,IMP23_RS00385,defense against restriction DarA-related protein,ins,unclear_likely_false_positive,3
NZ_CP062905.1,f7d84ec60dd862b118722e4845d9b47a,IMP23_RS00415,IS1-like element IS1A family transposase,IS,other_transposase_or_IS,3
NZ_CP062905.1,f7d84ec60dd862b118722e4845d9b47a,IMP23_RS00425,IS1-like element IS1B family transposase,IS,other_transposase_or_IS,3
NZ_CP046517.1,f85f5e20451b8bf95247e9adc0aa518f,GOM42_RS15440,Rpn family recombination-promoting nuclease/putative transposase,transposase,other_transposase_or_IS,4
NZ_CP046517.1,f85f5e20451b8bf95247e9adc0aa518f,GOM42_RS15455,Rpn family recombination-promoting nuclease/putative transposase,transposase,other_transposase_or_IS,4
NZ_CP046517.1,f85f5e20451b8bf95247e9adc0aa518f,GOM42_RS15495,Rpn family recombination-promoting nuclease/putative transposase,transposase,other_transposase_or_IS,4
NZ_CP046517.1,f85f5e20451b8bf95247e9adc0aa518f,GOM42_RS15535,Rpn family recombination-promoting nuclease/putative transposase,transposase,other_transposase_or_IS,4
NZ_CP065214.1,f8e622fccdbd5b11597d37d3ccd2dbfa,I3X02_RS26270,Rpn family recombination-promoting nuclease/putative transposase,transposase,other_transposase_or_IS,1
NZ_CP097432.1,f9085ae8037af0e5da0116c4029b8b12,M8Y68_RS23670,Tn3-like element Tn3 family transposase,Tn3,tn3_family_unit_transposon,1
NZ_CP039739.1,f918d2eae8ea0ef7601fd430a3aced03,FAZ25_RS09735,transposase,transposase,other_transposase_or_IS,1
NZ_CP014889.1,f9b2c356417d6c38cf95ea69cc380cb4,AYR54_RS12930,IS30 family transposase,IS,other_transposase_or_IS,1
NZ_CP035423.1,fa462f0da548a71d6a9e56b640f85372,ETW24_RS23680,Tn3 family transposase,Tn3,tn3_family_unit_transposon,1
NZ_CP047767.1,faa6413aa73070cae964ee38a3ef7a9e,GVI62_RS23260,Tn3 family transposase,Tn3,tn3_family_unit_transposon,1
NZ_LR898871.1,fae241d6c78bc9338d6dbe7d7dc86b21,JMX26_RS23010,IS1 family transposase,IS,other_transposase_or_IS,1
NZ_LR898871.1,fae241d6c78bc9338d6dbe7d7dc86b21,JMX26_RS23020,IS1-like element IS1A family transposase,IS,other_transposase_or_IS,1
NZ_CP064887.1,faeadc0dd72bdb902b1f705e0f9a0365,HG267_RS40580,Rpn family recombination-promoting nuclease/putative transposase,transposase,other_transposase_or_IS,1
NC_017352.1,fb42f88073adde4040fa7fe7abc01ca5,SATW20_RS15705,IS6-like element IS257 family transposase,IS,other_transposase_or_IS,4
NC_017352.1,fb42f88073adde4040fa7fe7abc01ca5,SATW20_RS15715,IS6-like element ISSau6 family transposase,IS,other_transposase_or_IS,4
NC_017352.1,fb42f88073adde4040fa7fe7abc01ca5,SATW20_RS16885,IS6 family transposase,IS,other_transposase_or_IS,4
NC_017352.1,fb42f88073adde4040fa7fe7abc01ca5,SATW20_RS15815,IS6-like element IS257 family transposase,IS,other_transposase_or_IS,4
NZ_CP050181.1,fb465567155dffef0b0b2e9c69a6036d,HBA53_RS25380,Tn3 family transposase,Tn3,tn3_family_unit_transposon,2
NZ_CP050181.1,fb465567155dffef0b0b2e9c69a6036d,HBA53_RS25600,insoluble domain protein,ins,unclear_likely_false_positive,2
NZ_CP055513.1,fb5f3a525f7a1c58bea26eab062a3ccf,HV207_RS29960,Tn3-like element Tn5403 family transposase,Tn3,tn3_family_unit_transposon,1
NZ_CP060455.1,fc209c841a3ca9b4ce0c1c7a5343cda2,H8Z74_RS22440,Tn3-like element ISXc4 family transposase,Tn3,tn3_family_unit_transposon,1
NZ_CP098786.1,fc58ea72874fd77dd596de3b015667ed,M0D19_RS11325,transposase,transposase,other_transposase_or_IS,1
NZ_CP090631.1,fca36d50bbedb084994313d673b7a8c5,L0105_RS27680,IS6-like element IS26 family transposase,IS,other_transposase_or_IS,2
NZ_CP090631.1,fca36d50bbedb084994313d673b7a8c5,L0105_RS27745,Tn3-like element Tn3 family transposase,Tn3,tn3_family_unit_transposon,2
NZ_CP084840.1,fcb219252c3847b91ba9955b15380f9e,LGM16_RS29105,Tn3-like element Tn5403 family transposase,Tn3,tn3_family_unit_transposon,1
NZ_CP075723.1,fcc4916185fb31a38eb98127cda10bab,KKZ10_RS22535,IS1380-like element ISEcp1 family transposase,IS,other_transposase_or_IS,1
NZ_CP024450.1,fd2b64701b98391385218057f9f7ce1d,NP7_RS13940,IS5 family transposase,IS,other_transposase_or_IS,1
NZ_CP065286.1,fd768409aab9203e2197b8c456998e82,I3U33_RS26825,IS607 family transposase,IS,other_transposase_or_IS,1
NZ_CP065286.1,fd768409aab9203e2197b8c456998e82,I3U33_RS27165,IS607 family transposase,IS,other_transposase_or_IS,1
NZ_CP088140.1,fe02dfa602bc795bc8276c171b37fb35,LRM92_RS24665,Tn3-like element Tn3 family transposase,Tn3,tn3_family_unit_transposon,1
NZ_CP036369.1,fe19e94abc4bda84e9cbe18f6d562b7c,DVJ72_RS28830,IS1 family transposase,IS,other_transposase_or_IS,1
NZ_CP086189.1,fe1ea02f4a948435dc6cddf6b8ade3ac,LL930_RS23585,transposase,transposase,other_transposase_or_IS,1
NZ_CP135166.1,fe383f1765b5021e286edc96954f75e1,RND80_RS25670,IS1380-like element ISEcp1 family transposase,IS,other_transposase_or_IS,1
NZ_CP048501.1,fee47b1d75d106513de80826fcf9b608,FY148_RS27670,Tn3 family transposase,Tn3,tn3_family_unit_transposon,1
NZ_CP023360.1,ff2665ad1961ee57fb0772be34aa8652,CNQ54_RS24460,Tn3-like element TnAs1 family transposase,Tn3,tn3_family_unit_transposon,2
NZ_CP023360.1,ff2665ad1961ee57fb0772be34aa8652,CNQ54_RS24495,Tn3-like element Tn3 family transposase,Tn3,tn3_family_unit_transposon,2
NZ_CP102421.1,ffaa36fc77d933cd75b7ade744244ad2,NQ197_RS15055,Rpn family recombination-promoting nuclease/putative transposase,transposase,other_transposase_or_IS,1
NZ_AP022437.1,ffe885015c996e43c0adf2e6494b95a5,JLF35_RS25015,Tn3-like element Tn5403 family transposase,Tn3,tn3_family_unit_transposon,1
