Protein id	Element symbol	Element name	Scope	Type	Subtype	Class	Subclass	Method	Target length	Reference sequence length	% Coverage of reference	% Identity to reference	Alignment length	Closest reference accession	Closest reference name	HMM accession	HMM description
00a058584b55a9fbbd7c5492e95ece14	tet(M)	tetracycline resistance ribosomal protection protein Tet(M)	core	AMR	AMR	TETRACYCLINE	TETRACYCLINE	BLASTP	639	639	100.00	99.84	639	WP_001574275.1	tetracycline resistance ribosomal protection protein Tet(M)	NF012155.1	tetracycline resistance ribosomal protection protein Tet(M)
0113026fbb1eb803c5e0676a2068c5d5	blaCARB-16	RTG family carbenicillin-hydrolyzing class A beta-lactamase CARB-16	core	AMR	AMR	BETA-LACTAM	BETA-LACTAM	ALLELEP	298	298	100.00	100.00	298	WP_015589625.1	RTG family carbenicillin-hydrolyzing class A beta-lactamase CARB-16	NF000284.1	RTG family carbenicillin-hydrolyzing class A beta-lactamase
011cc34109e1f63fbb80c09e550f4cb5	aac(3)-IVa	aminoglycoside N-acetyltransferase AAC(3)-IVa	core	AMR	AMR	AMINOGLYCOSIDE	APRAMYCIN/GENTAMICIN/TOBRAMYCIN	BLASTP	258	258	100.00	99.61	258	WP_001199192.1	aminoglycoside N-acetyltransferase AAC(3)-IVa	NF033081.0	AAC(3)-IV family aminoglycoside N-acetyltransferase
011e7d9a7f9d5f838a2a20fcd38a5acf	tet(63)	tetracycline efflux MFS transporter Tet(63)	core	AMR	AMR	TETRACYCLINE	TETRACYCLINE	EXACTP	459	459	100.00	100.00	459	WP_050437591.1	tetracycline efflux MFS transporter Tet(63)	NF012175.1	Tet(L)/Tet(K)/Tet(45) family tetracycline efflux MFS transporter
01255aef54f7caa14488791f2115785f	sul1	sulfonamide-resistant dihydropteroate synthase Sul1	core	AMR	AMR	SULFONAMIDE	SULFONAMIDE	BLASTP	279	279	100.00	99.64	279	WP_000259031.1	sulfonamide-resistant dihydropteroate synthase Sul1	NF000294.1	sulfonamide-resistant dihydropteroate synthase Sul1
01313db7916cf42bd70173acb6811c0f	dfrS1	trimethoprim-resistant dihydrofolate reductase DfrS1	core	AMR	AMR	TRIMETHOPRIM	TRIMETHOPRIM	ALLELEP	161	161	100.00	100.00	161	WP_000175735.1	trimethoprim-resistant dihydrofolate reductase DfrS1	NA	NA
015933c4caa15bbc8256cecfdcf58260	qnrB52	quinolone resistance pentapeptide repeat protein QnrB52	core	AMR	AMR	QUINOLONE	QUINOLONE	ALLELEP	214	214	100.00	100.00	214	WP_063866158.1	quinolone resistance pentapeptide repeat protein QnrB52	NF000420.1	QnrB family quinolone resistance pentapeptide repeat protein
016034724bcca83b99191e7df8c605a1	tet(K)	tetracycline efflux MFS transporter Tet(K)	core	AMR	AMR	TETRACYCLINE	TETRACYCLINE	EXACTP	459	459	100.00	100.00	459	WP_000492283.1	tetracycline efflux MFS transporter Tet(K)	NF012183.0	tetracycline efflux MFS transporter Tet(K)
020c5bbe3c8be5983315e2b40de3aaf2	mrx(A)	phosphorylated macrolide efflux MFS transporter Mrx(A)	core	AMR	AMR	MACROLIDE	AZITHROMYCIN/ERYTHROMYCIN/SPIRAMYCIN/TELITHROMYCIN	BLASTP	413	412	100.00	99.76	413	WP_000004159.1	phosphorylated macrolide efflux MFS transporter Mrx(A)	NA	NA
02553c3b28c433b3bf71675570ee3e68	aadA16	ANT(3'')-Ia family aminoglycoside nucleotidyltransferase AadA16	core	AMR	AMR	AMINOGLYCOSIDE	STREPTOMYCIN	EXACTP	281	281	100.00	100.00	281	WP_001749984.1	ANT(3'')-Ia family aminoglycoside nucleotidyltransferase AadA16	NF012157.0	ANT(3'')-I family aminoglycoside nucleotidyltransferase
02745304384240135dbb3ef44e6cbb80	tet(M)	tetracycline resistance ribosomal protection protein Tet(M)	core	AMR	AMR	TETRACYCLINE	TETRACYCLINE	EXACTP	639	639	100.00	100.00	639	WP_000691727.1	tetracycline resistance ribosomal protection protein Tet(M)	NF012155.1	tetracycline resistance ribosomal protection protein Tet(M)
02cdade1da7a8d5feeed3ff1a72717c3	estT	macrolide hydrolase EstT	core	AMR	AMR	MACROLIDE	TYLOSIN	HMM	281	282	100.00	89.01	282	WP_185148407.1	macrolide hydrolase EstT	NF041759.1	macrolide hydrolase EstT
02e3d0f3bf0acc96bcc49ce55b91f262	aph(3')-Ia	aminoglycoside O-phosphotransferase APH(3')-Ia	core	AMR	AMR	AMINOGLYCOSIDE	KANAMYCIN	BLASTP	271	271	100.00	99.63	271	WP_000018321.1	aminoglycoside O-phosphotransferase APH(3')-Ia	NF051474.1	aminoglycoside O-phosphotransferase APH(3')-Ia
031a248a523a5391da18b9af18921572	mph(F)	Mph(F) family macrolide 2'-phosphotransferase	core	AMR	AMR	MACROLIDE	ERYTHROMYCIN	EXACTP	299	299	100.00	100.00	299	WP_021263608.1	Mph(F) family macrolide 2'-phosphotransferase	NF000255.1	Mph(F) family macrolide 2'-phosphotransferase
0357e156ff2a13d56815747d014ce248	cmlA5	chloramphenicol efflux MFS transporter CmlA5	core	AMR	AMR	PHENICOL	CHLORAMPHENICOL	EXACTP	419	419	100.00	100.00	419	WP_012300772.1	chloramphenicol efflux MFS transporter CmlA5	NF000509.1	CmlA family chloramphenicol efflux MFS transporter
03646e21e9544ef9803c67a53366a4c3	sul2	sulfonamide-resistant dihydropteroate synthase Sul2	core	AMR	AMR	SULFONAMIDE	SULFONAMIDE	BLASTP	271	271	100.00	99.63	271	WP_001043265.1	sulfonamide-resistant dihydropteroate synthase Sul2	NF000295.1	sulfonamide-resistant dihydropteroate synthase Sul2
03a9f284ba33f900644b25c905874a17	tet(Y)	tetracycline efflux MFS transporter Tet(Y)	core	AMR	AMR	TETRACYCLINE	TETRACYCLINE	EXACTP	391	391	100.00	100.00	391	WP_011931119.1	tetracycline efflux MFS transporter Tet(Y)	NF012188.1	tetracycline efflux MFS transporter Tet(Y)
03b15da18f31f88b96c4ff14032d9e24	bcrB	quaternary ammonium compound efflux SMR transporter BcrB	core	STRESS	BIOCIDE	BACITRACIN	BACITRACIN	EXACTP	105	105	100.00	100.00	105	WP_003725293.1	quaternary ammonium compound efflux SMR transporter BcrB	NF033469.1	quaternary ammonium compound efflux SMR transporter BcrB
03cec1b3cbed49053d9ec9dafecd2d16	ant(3'')-Ia	ANT(3'')-Ia family aminoglycoside nucleotidyltransferase AadA	core	AMR	AMR	AMINOGLYCOSIDE	SPECTINOMYCIN/STREPTOMYCIN	BLASTP	263	263	100.00	96.96	263	WP_071846263.1	ANT(3'')-Ia family aminoglycoside nucleotidyltransferase AadA	NF012157.0	ANT(3'')-I family aminoglycoside nucleotidyltransferase
03fdd598aa22e14c20213a97271a8683	blaOXA	OXA-9 family oxacillin-hydrolyzing class D beta-lactamase	core	AMR	AMR	BETA-LACTAM	BETA-LACTAM	BLASTP	274	274	100.00	99.64	274	WP_000722315.1	oxacillin-hydrolyzing class D beta-lactamase OXA-9	NF040532.1	OXA-9 family oxacillin-hydrolyzing class D beta-lactamase
0466df30a5fa5faee111d541604e16c0	blaR1	beta-lactam sensor/signal transducer BlaR1	core	AMR	AMR	BETA-LACTAM	BETA-LACTAM	BLASTP	585	585	100.00	99.83	585	WP_001096386.1	beta-lactam sensor/signal transducer BlaR1	NF033108.1	beta-lactam sensor/signal transducer BlaR1
0481779767c28c53d8e2fd2b69add478	erm(X)	23S rRNA (adenine(2058)-N(6))-methyltransferase Erm(X)	core	AMR	AMR	LINCOSAMIDE/MACROLIDE/STREPTOGRAMIN	AZITHROMYCIN/CLINDAMYCIN/ERYTHROMYCIN/LINCOMYCIN/STREPTOGRAMIN B/TYLOSIN	EXACTP	284	284	100.00	100.00	284	WP_011117480.1	23S rRNA (adenine(2058)-N(6))-methyltransferase Erm(X)	NF000499.2	23S ribosomal RNA methyltransferase Erm
04bbda7a366b39690aa4e892f2217c02	tet(A)	tetracycline efflux MFS transporter Tet(A)	core	AMR	AMR	TETRACYCLINE	TETRACYCLINE	EXACTP	399	399	100.00	100.00	399	WP_000804063.1	tetracycline efflux MFS transporter Tet(A)	NF012193.0	tetracycline efflux MFS transporter Tet(A)
04fb8a9bc28946ff7fc0fccf238b9361	erm	23S ribosomal RNA methyltransferase Erm	core	AMR	AMR	MACROLIDE	MACROLIDE	HMM	289	301	94.68	48.42	285	WP_052259183.1	23S ribosomal RNA methyltransferase Erm	NF000499.2	23S ribosomal RNA methyltransferase Erm
05389f29e3a25048256efde8c2757bd8	qacEdelta1	quaternary ammonium compound efflux SMR transporter QacE delta 1	core	STRESS	BIOCIDE	QUATERNARY AMMONIUM	QUATERNARY AMMONIUM	ALLELEP	115	115	100.00	100.00	115	WP_000679427.1	quaternary ammonium compound efflux SMR transporter QacE delta 1	NF000276.2	quaternary ammonium compound efflux SMR transporter QacE
059089ff4f1ad1c7ec6efa9c068f19e4	cmlA8	chloramphenicol efflux MFS transporter CmlA8	core	AMR	AMR	PHENICOL	CHLORAMPHENICOL	ALLELEP	419	419	100.00	100.00	419	WP_032492104.1	chloramphenicol efflux MFS transporter CmlA8	NF000509.1	CmlA family chloramphenicol efflux MFS transporter
05b73973dca484cfbed9f6b4da094afe	aac(6')-Ib	AAC(6')-Ib family aminoglycoside 6'-N-acetyltransferase	core	AMR	AMR	AMINOGLYCOSIDE	AMIKACIN/KANAMYCIN/TOBRAMYCIN	EXACTP	184	184	100.00	100.00	184	WP_063978482.1	AAC(6')-Ib family aminoglycoside 6'-N-acetyltransferase	NF033074.0	AAC(6')-Ib family aminoglycoside 6'-N-acetyltransferase
05bbfee52553209aa0d7aae9a674f4d7	qacC	quaternary ammonium compound efflux SMR transporter QacC	core	STRESS	BIOCIDE	QUATERNARY AMMONIUM	QUATERNARY AMMONIUM	EXACTP	107	107	100.00	100.00	107	WP_001146389.1	quaternary ammonium compound efflux SMR transporter QacC	NF000023.1	quaternary ammonium compound efflux SMR transporter QacC
05cd42239bae5ba3c8debeb5444d9d72	blaR1	beta-lactam sensor/signal transducer BlaR1	core	AMR	AMR	BETA-LACTAM	BETA-LACTAM	BLASTP	585	585	100.00	95.73	585	WP_001096386.1	beta-lactam sensor/signal transducer BlaR1	NF033108.1	beta-lactam sensor/signal transducer BlaR1
05f94b5869a98b2dcef56fc97843472c	tet(L)	tetracycline efflux MFS transporter Tet(L)	core	AMR	AMR	TETRACYCLINE	TETRACYCLINE	EXACTP	460	460	100.00	100.00	460	WP_012477450.1	tetracycline efflux MFS transporter Tet(L)	NF012185.0	tetracycline efflux MFS transporter Tet(L)
05fb01298fbf4e07312221bc395995f7	tet(L)	tetracycline efflux MFS transporter Tet(L)	core	AMR	AMR	TETRACYCLINE	TETRACYCLINE	BLASTP	458	458	100.00	98.91	458	WP_002294500.1	tetracycline efflux MFS transporter Tet(L)	NF012185.0	tetracycline efflux MFS transporter Tet(L)
0622178da2b73a69d82d0d3099b81104	qacF	quaternary ammonium compound efflux SMR transporter QacF	core	STRESS	BIOCIDE	QUATERNARY AMMONIUM	QUATERNARY AMMONIUM	EXACTP	110	110	100.00	100.00	110	WP_032492097.1	quaternary ammonium compound efflux SMR transporter QacF	NF000067.2	QacF/QacL family quaternary ammonium compound efflux SMR transporter
0677543426f133e6b838b8645e904bf7	blaOXA-10	oxacillin-hydrolyzing class D beta-lactamase OXA-10	core	AMR	AMR	BETA-LACTAM	CEPHALOSPORIN	ALLELEP	266	266	100.00	100.00	266	WP_000846390.1	oxacillin-hydrolyzing class D beta-lactamase OXA-10	NF000386.2	OXA-10 family class D beta-lactamase
069f41dc9f580d45c5dc9c6d7f781488	aac(6')-Ib	AAC(6')-Ib family aminoglycoside 6'-N-acetyltransferase	core	AMR	AMR	AMINOGLYCOSIDE	AMIKACIN/KANAMYCIN/TOBRAMYCIN	EXACTP	184	184	100.00	100.00	184	WP_063612062.1	AAC(6')-Ib family aminoglycoside 6'-N-acetyltransferase	NF033074.0	AAC(6')-Ib family aminoglycoside 6'-N-acetyltransferase
07e26b392c0d6755220a22c73ff649ab	dfrA19	trimethoprim-resistant dihydrofolate reductase DfrA19	core	AMR	AMR	TRIMETHOPRIM	TRIMETHOPRIM	EXACTP	189	189	100.00	100.00	189	WP_000019304.1	trimethoprim-resistant dihydrofolate reductase DfrA19	NF000041.1	trimethoprim-resistant dihydrofolate reductase DfrA19
07f9e084ef0e48fbd25fcbd9685d288d	aadA5	ANT(3'')-Ia family aminoglycoside nucleotidyltransferase AadA5	core	AMR	AMR	AMINOGLYCOSIDE	STREPTOMYCIN	PARTIALP	246	262	77.86	95.59	204	WP_071846196.1	ANT(3'')-Ia family aminoglycoside nucleotidyltransferase AadA5	NA	NA
07fe10e2faa15619c2e1bef8adbb18f3	blaR1	beta-lactam sensor/signal transducer BlaR1	core	AMR	AMR	BETA-LACTAM	BETA-LACTAM	BLASTP	585	585	100.00	99.83	585	WP_001096376.1	beta-lactam sensor/signal transducer BlaR1	NF033108.1	beta-lactam sensor/signal transducer BlaR1
08ab93d53b381b3b34d9264d5f5004a1	sul1	sulfonamide-resistant dihydropteroate synthase Sul1	core	AMR	AMR	SULFONAMIDE	SULFONAMIDE	BLASTP	279	279	100.00	99.64	279	WP_032491228.1	sulfonamide-resistant dihydropteroate synthase Sul1	NF000294.1	sulfonamide-resistant dihydropteroate synthase Sul1
08b0efda86db57f2134f71d62b0ca7f8	cmlA1	chloramphenicol efflux MFS transporter CmlA1	core	AMR	AMR	PHENICOL	CHLORAMPHENICOL	BLASTP	419	419	100.00	99.76	419	WP_000095725.1	chloramphenicol efflux MFS transporter CmlA1	NF000509.1	CmlA family chloramphenicol efflux MFS transporter
08b7f9daaff50960370b4fc23ec3fe7f	lnu(F)	lincosamide nucleotidyltransferase Lnu(F)	core	AMR	AMR	LINCOSAMIDE	LINCOSAMIDE	BLASTP	270	273	94.14	98.83	257	WP_000939727.1	lincosamide nucleotidyltransferase Lnu(F)	NF000119.1	lincosamide nucleotidyltransferase Lnu(F)
08c2e2c93e69569f04df159d68696075	vanY-A	D-Ala-D-Ala carboxypeptidase VanY-A	core	AMR	AMR	GLYCOPEPTIDE	VANCOMYCIN	BLASTP	296	303	97.69	99.32	296	WP_001812592.1	D-Ala-D-Ala carboxypeptidase VanY-A	NF000472.1	VanY-A/VanY-F/VanY-M family D-Ala-D-Ala carboxypeptidase
08d5505a7335f62f3e65bfb369f65249	dfrA14	trimethoprim-resistant dihydrofolate reductase DfrA14	core	AMR	AMR	TRIMETHOPRIM	TRIMETHOPRIM	EXACTP	157	157	100.00	100.00	157	WP_004201280.1	trimethoprim-resistant dihydrofolate reductase DfrA14	NF000330.1	trimethoprim-resistant dihydrofolate reductase DfrA
0930437772e20fbb0028bae1fc50e336	ant(3'')	ANT(3'')-I family aminoglycoside nucleotidyltransferase	core	AMR	AMR	AMINOGLYCOSIDE	SPECTINOMYCIN/STREPTOMYCIN	HMM	254	263	100.00	96.58	263	WP_001206316.1	ANT(3'')-I family aminoglycoside nucleotidyltransferase	NF012157.0	ANT(3'')-I family aminoglycoside nucleotidyltransferase
096425d25cde5ba9a34e0be7f073d88b	mrx(A)	phosphorylated macrolide efflux MFS transporter Mrx(A)	core	AMR	AMR	MACROLIDE	AZITHROMYCIN/ERYTHROMYCIN/SPIRAMYCIN/TELITHROMYCIN	BLASTP	412	412	100.00	99.76	412	WP_000004159.1	phosphorylated macrolide efflux MFS transporter Mrx(A)	NA	NA
0a87e0032afa7fad5b8db6abedd99ddb	sul2	sulfonamide-resistant dihydropteroate synthase Sul2	core	AMR	AMR	SULFONAMIDE	SULFONAMIDE	BLASTP	271	271	100.00	99.63	271	WP_001043260.1	sulfonamide-resistant dihydropteroate synthase Sul2	NF000295.1	sulfonamide-resistant dihydropteroate synthase Sul2
0a8cfadda28c7d2c4a87fde9e73bb947	aph(3')-VIa	aminoglycoside O-phosphotransferase APH(3')-VIa	core	AMR	AMR	AMINOGLYCOSIDE	AMIKACIN/KANAMYCIN	BLASTP	257	259	97.30	100.00	252	WP_000422636.1	aminoglycoside O-phosphotransferase APH(3')-VIa	NF033062.0	APH(3')-VI family aminoglycoside O-phosphotransferase
0ab657ca37bb529a6b2202813ea89e7d	mph(B)	Mph(B) family macrolide 2'-phosphotransferase	core	AMR	AMR	MACROLIDE	ERYTHROMYCIN/SPIRAMYCIN/TELITHROMYCIN	EXACTP	302	302	100.00	100.00	302	WP_000031017.1	Mph(B) family macrolide 2'-phosphotransferase	NF000242.2	Mph(B) family macrolide 2'-phosphotransferase
0ad4c226c9f8ab0976c218d54f7719a4	qacJ	quaternary ammonium compound efflux SMR transporter QacJ	core	STRESS	BIOCIDE	QUATERNARY AMMONIUM	QUATERNARY AMMONIUM	BLASTP	107	107	100.00	99.07	107	WP_011100750.1	quaternary ammonium compound efflux SMR transporter QacJ	NF012170.0	quaternary ammonium compound efflux SMR transporter QacJ
0b085ce11b20ff0b96a9871e30808d3f	oqxA	multidrug efflux RND transporter periplasmic adaptor subunit OqxA	core	AMR	AMR	PHENICOL/QUINOLONE	PHENICOL/QUINOLONE	BLASTP	391	391	100.00	99.74	391	WP_063865358.1	multidrug efflux RND transporter periplasmic adaptor subunit OqxA2	NF000272.1	multidrug efflux RND transporter periplasmic adaptor subunit OqxA
0b335c8773bb509e699398a9f1077a43	blaTEM-37	inhibitor-resistant broad-spectrum class A beta-lactamase TEM-37	core	AMR	AMR	BETA-LACTAM	BETA-LACTAM	ALLELEP	286	286	100.00	100.00	286	WP_159373457.1	inhibitor-resistant broad-spectrum class A beta-lactamase TEM-37	NF000531.2	TEM family class A beta-lactamase
0b4f1f081a84a817af3b148463d7a14b	aac(6')-Ie/aph(2'')-Ia	bifunctional aminoglycoside N-acetyltransferase AAC(6')-Ie/aminoglycoside O-phosphotransferase APH(2'')-Ia	core	AMR	AMR	AMINOGLYCOSIDE	AMIKACIN/GENTAMICIN/KANAMYCIN/TOBRAMYCIN	BLASTP	479	479	100.00	99.79	479	WP_001028144.1	bifunctional aminoglycoside N-acetyltransferase AAC(6')-Ie/aminoglycoside O-phosphotransferase APH(2'')-Ia	NF000508.1	aminoglycoside O-phosphotransferase APH(2'')-Ia
0b615010e1e6b81d7de9e8fe7da33737	dfrA8	trimethoprim-resistant dihydrofolate reductase DfrA8	core	AMR	AMR	TRIMETHOPRIM	TRIMETHOPRIM	EXACTP	169	169	100.00	100.00	169	WP_000571065.1	trimethoprim-resistant dihydrofolate reductase DfrA8	NF000126.2	trimethoprim-resistant dihydrofolate reductase DfrA8
0b6c23d828374cc38eb139d1b53fd35d	catB8	type B-3 chloramphenicol O-acetyltransferase CatB8	core	AMR	AMR	PHENICOL	CHLORAMPHENICOL	EXACTP	210	210	100.00	100.00	210	WP_002075262.1	type B-3 chloramphenicol O-acetyltransferase CatB8	NF000490.1	type B chloramphenicol O-acetyltransferase
0b6e7a8d03339c4c1bbb90af9238a6e0	estX	macrolide esterase EstX	core	AMR	AMR	MACROLIDE	TYLOSIN	EXACTP	280	280	100.00	100.00	280	WP_047660123.1	macrolide esterase EstX	NF033124.1	macrolide esterase EstX
0bc7eedfd2b09e87a8aaaf4fdc8754eb	msr(E)	ABC-F type ribosomal protection protein Msr(E)	core	AMR	AMR	MACROLIDE/STREPTOGRAMIN	AZITHROMYCIN/ERYTHROMYCIN/STREPTOGRAMIN	BLASTP	491	491	100.00	99.80	491	WP_000052512.1	ABC-F type ribosomal protection protein Msr(E)	NF000168.2	Msr family ABC-F type ribosomal protection protein
0bd6182010a9c3dfa8fd99e5633828f4	sul1	sulfonamide-resistant dihydropteroate synthase Sul1	core	AMR	AMR	SULFONAMIDE	SULFONAMIDE	BLASTP	279	279	100.00	99.28	279	WP_000259031.1	sulfonamide-resistant dihydropteroate synthase Sul1	NF000294.1	sulfonamide-resistant dihydropteroate synthase Sul1
0bde9f6fb2d8791a57ffb6c414bb1c78	erm(B)	23S rRNA (adenine(2058)-N(6))-methyltransferase Erm(B)	core	AMR	AMR	LINCOSAMIDE/MACROLIDE/STREPTOGRAMIN	CLINDAMYCIN/ERYTHROMYCIN/STREPTOGRAMIN B	BLASTP	245	245	100.00	99.59	245	WP_001038790.1	23S rRNA (adenine(2058)-N(6))-methyltransferase Erm(B)	NF012220.1	23S rRNA (adenine(2058)-N(6))-methyltransferase Erm(B)
0bed6f59f5c2a60300021ed7b9be5d9e	dfrA23	trimethoprim-resistant dihydrofolate reductase DfrA23	core	AMR	AMR	TRIMETHOPRIM	TRIMETHOPRIM	EXACTP	186	186	100.00	100.00	186	WP_001143450.1	trimethoprim-resistant dihydrofolate reductase DfrA23	NF000134.2	trimethoprim-resistant dihydrofolate reductase DfrA23
0c3c6b49126478e745061d94d8eea1c4	mrx(A)	phosphorylated macrolide efflux MFS transporter Mrx(A)	core	AMR	AMR	MACROLIDE	AZITHROMYCIN/ERYTHROMYCIN/SPIRAMYCIN/TELITHROMYCIN	BLASTP	412	412	100.00	99.76	412	WP_000004159.1	phosphorylated macrolide efflux MFS transporter Mrx(A)	NA	NA
0c557453954a038e54b8ea4493fb40ed	aadA1	ANT(3'')-Ia family aminoglycoside nucleotidyltransferase AadA1	core	AMR	AMR	AMINOGLYCOSIDE	STREPTOMYCIN	BLASTP	259	263	98.48	100.00	259	WP_046622360.1	ANT(3'')-Ia family aminoglycoside nucleotidyltransferase AadA1	NF033126.1	ANT(3'')-Ia family aminoglycoside nucleotidyltransferase AadA1
0c8326879ad8a1a1d355a46481e000ec	cfr(D)	23S rRNA (adenine(2503)-C(8))-methyltransferase Cfr(D)	core	AMR	AMR	LINCOSAMIDE/OXAZOLIDINONE/PHENICOL/PLEUROMUTILIN/STREPTOGRAMIN	CHLORAMPHENICOL/CLINDAMYCIN/LINEZOLID/STREPTOGRAMIN B/TEDIZOLID/TIAMULIN	EXACTP	357	357	100.00	100.00	357	WP_105459893.1	23S rRNA (adenine(2503)-C(8))-methyltransferase Cfr(D)	NF000424.4	Cfr family 23S rRNA (adenine(2503)-C(8))-methyltransferase
0c9983f3b17115b82dbae3f3582d9759	bla	class A beta-lactamase	core	AMR	AMR	BETA-LACTAM	BETA-LACTAM	HMM	277	291	100.00	95.19	291	WP_257102135.1	class A beta-lactamase	NF033103.1	class A beta-lactamase
0cc33ba7d2c2921c435796b09cc55e1d	aph(6)-Id	aminoglycoside O-phosphotransferase APH(6)-Id	core	AMR	AMR	AMINOGLYCOSIDE	STREPTOMYCIN	BLASTP	278	278	100.00	99.28	278	WP_000480972.1	aminoglycoside O-phosphotransferase APH(6)-Id	NF012171.0	APH(6)-I family aminoglycoside O-phosphotransferase
0d2327e172ecdf5db8bf8074ea0f1c83	vanS-A	vancomycin resistance histidine kinase VanS-A	core	AMR	AMR	GLYCOPEPTIDE	VANCOMYCIN	BLASTP	355	384	92.45	100.00	355	WP_002305818.1	vancomycin resistance histidine kinase VanS-A	NF033091.0	vancomycin resistance histidine kinase VanS
0d2f8d8b5244b5b9dbb9162d219c008d	floR	chloramphenicol/florfenicol efflux MFS transporter FloR	core	AMR	AMR	PHENICOL	CHLORAMPHENICOL/FLORFENICOL	BLASTP	404	404	100.00	99.26	404	WP_000214119.1	chloramphenicol/florfenicol efflux MFS transporter FloR	NF000219.1	chloramphenicol/florfenicol efflux MFS transporter FloR
0d61eaffec76eaf18e5e6ecf6dcc6bb8	tet(M)	tetracycline resistance ribosomal protection protein Tet(M)	core	AMR	AMR	TETRACYCLINE	TETRACYCLINE	BLASTP	639	639	100.00	98.90	639	WP_063856394.1	tetracycline resistance ribosomal protection protein Tet(M)	NF012155.1	tetracycline resistance ribosomal protection protein Tet(M)
0d8feed310fe4b85e5aa2df5bf62b2cf	smr	multidrug efflux SMR transporter Smr	core	STRESS	BIOCIDE	QUATERNARY AMMONIUM	QUATERNARY AMMONIUM	BLASTP	105	105	100.00	99.05	105	WP_063854743.1	multidrug efflux SMR transporter Smr	NF000280.1	multidrug efflux SMR transporter Smr
0dbcd47ec61bbdebd0371ea6093ff579	estT	macrolide hydrolase EstT	core	AMR	AMR	MACROLIDE	TYLOSIN	HMM	286	282	98.94	83.87	279	WP_185148407.1	macrolide hydrolase EstT	NF041759.1	macrolide hydrolase EstT
0dcfb2cd71b6d4b77af3237af5c5fff4	erm(B)	23S rRNA (adenine(2058)-N(6))-methyltransferase Erm(B)	core	AMR	AMR	LINCOSAMIDE/MACROLIDE/STREPTOGRAMIN	CLINDAMYCIN/ERYTHROMYCIN/STREPTOGRAMIN B	BLASTP	245	245	100.00	99.59	245	WP_002292226.1	23S rRNA (adenine(2058)-N(6))-methyltransferase Erm(B)	NF012220.1	23S rRNA (adenine(2058)-N(6))-methyltransferase Erm(B)
0de0a5d7197d064b26f4e8faae4f3380	fosA	FosA3/FosA4 family fosfomycin resistance glutathione transferase	core	AMR	AMR	FOSFOMYCIN	FOSFOMYCIN	BLASTP	138	138	100.00	99.28	138	WP_014839980.1	fosfomycin resistance glutathione transferase FosA3	NF000075.1	FosA3/FosA4 family fosfomycin resistance glutathione transferase
0de8e25133107b97f8bd050b1e13172d	aac(6')-Iq	aminoglycoside 6'-N-acetyltransferase AAC(6')-Iq	core	AMR	AMR	AMINOGLYCOSIDE	AMIKACIN/KANAMYCIN/TOBRAMYCIN	EXACTP	183	183	100.00	100.00	183	WP_032489188.1	aminoglycoside 6'-N-acetyltransferase AAC(6')-Iq	NF033078.2	AAC(6')-Ia family aminoglycoside 6'-N-acetyltransferase
0e06879a438509326e8a2760292ca045	tet(M)	tetracycline resistance ribosomal protection protein Tet(M)	core	AMR	AMR	TETRACYCLINE	TETRACYCLINE	BLASTP	639	639	100.00	99.84	639	WP_001574275.1	tetracycline resistance ribosomal protection protein Tet(M)	NF012155.1	tetracycline resistance ribosomal protection protein Tet(M)
0e11b15ce89d19224d68127e5ae63ff4	aph(6)-Id	aminoglycoside O-phosphotransferase APH(6)-Id	core	AMR	AMR	AMINOGLYCOSIDE	STREPTOMYCIN	BLASTP	278	278	100.00	99.64	278	WP_000480968.1	aminoglycoside O-phosphotransferase APH(6)-Id	NF012171.0	APH(6)-I family aminoglycoside O-phosphotransferase
0e3411dcbd9fc6345e8879bf46a15931	tmexD1	multidrug efflux RND transporter permease subunit TMexD1	core	AMR	AMR	TETRACYCLINE	TIGECYCLINE	ALLELEP	1044	1044	100.00	100.00	1044	WP_118842627.1	multidrug efflux RND transporter permease subunit TMexD1	NA	NA
0e53c2bdd08d9e723f757750ffb9e985	mph(A)	Mph(A) family macrolide 2'-phosphotransferase	core	AMR	AMR	MACROLIDE	AZITHROMYCIN/ERYTHROMYCIN/SPIRAMYCIN/TELITHROMYCIN	BLASTP	304	301	100.00	99.67	301	WP_000219391.1	Mph(A) family macrolide 2'-phosphotransferase	NF000254.1	Mph(A) family macrolide 2'-phosphotransferase
0e6f7161bfc1a518ff6b5222ee20066f	oqxA	multidrug efflux RND transporter periplasmic adaptor subunit OqxA	core	AMR	AMR	PHENICOL/QUINOLONE	PHENICOL/QUINOLONE	BLASTP	391	391	100.00	99.74	391	WP_002914189.1	multidrug efflux RND transporter periplasmic adaptor subunit OqxA	NF000272.1	multidrug efflux RND transporter periplasmic adaptor subunit OqxA
0ee8de40a492c7d3734c665b0e109029	tet(L)	tetracycline efflux MFS transporter Tet(L)	core	AMR	AMR	TETRACYCLINE	TETRACYCLINE	BLASTP	458	458	100.00	95.41	458	WP_001574277.1	tetracycline efflux MFS transporter Tet(L)	NF012185.0	tetracycline efflux MFS transporter Tet(L)
0f2c9bfcd5aff4409d2b3348d7577646	aph(3')-VIa	aminoglycoside O-phosphotransferase APH(3')-VIa	core	AMR	AMR	AMINOGLYCOSIDE	AMIKACIN/KANAMYCIN	BLASTP	259	259	100.00	99.23	259	WP_000422636.1	aminoglycoside O-phosphotransferase APH(3')-VIa	NF033062.0	APH(3')-VI family aminoglycoside O-phosphotransferase
0f5607a31b19fea42313251c2c5c14a9	aac(6')-Ib	AAC(6')-Ib family aminoglycoside 6'-N-acetyltransferase	core	AMR	AMR	AMINOGLYCOSIDE	AMIKACIN/KANAMYCIN/TOBRAMYCIN	BLASTP	195	184	100.00	100.00	184	WP_063840280.1	AAC(6')-Ib family aminoglycoside 6'-N-acetyltransferase	NF033074.0	AAC(6')-Ib family aminoglycoside 6'-N-acetyltransferase
0f74a2d950b3d1f0ac795535f0ca78c1	vanH-M	D-lactate dehydrogenase VanH-M	core	AMR	AMR	GLYCOPEPTIDE	VANCOMYCIN	BLASTP	322	326	98.77	100.00	322	WP_063856706.1	D-lactate dehydrogenase VanH-M	NF000492.1	D-lactate dehydrogenase VanH
0f847272a80a78e27d48917d17a8f480	qnrS13	quinolone resistance pentapeptide repeat protein QnrS13	core	AMR	AMR	QUINOLONE	QUINOLONE	ALLELEP	218	218	100.00	100.00	218	WP_064186845.1	quinolone resistance pentapeptide repeat protein QnrS13	NF000056.3	QnrS family quinolone resistance pentapeptide repeat protein
0fa4981265ca31871dcf80355800cd02	fosA10	fosfomycin resistance glutathione transferase FosA10	core	AMR	AMR	FOSFOMYCIN	FOSFOMYCIN	ALLELEP	139	139	100.00	100.00	139	WP_004214174.1	fosfomycin resistance glutathione transferase FosA10	NF040540.1	FosA5 family fosfomycin resistance glutathione transferase
0fda9bd6b76b9636a86e603328058070	str	streptomycin adenylyltransferase Str	core	AMR	AMR	AMINOGLYCOSIDE	STREPTOMYCIN	EXACTP	282	282	100.00	100.00	282	WP_001258486.1	streptomycin adenylyltransferase Str	NF000062.1	streptomycin adenylyltransferase Str
1016b83e5f03da9ffdbd8b79a8b17707	aph(6)-Id	aminoglycoside O-phosphotransferase APH(6)-Id	core	AMR	AMR	AMINOGLYCOSIDE	STREPTOMYCIN	BLASTP	278	278	100.00	99.64	278	WP_000480968.1	aminoglycoside O-phosphotransferase APH(6)-Id	NF012171.0	APH(6)-I family aminoglycoside O-phosphotransferase
101c7461379e5211c40eeb3264d9ac8c	vanA	D-alanine--(R)-lactate ligase VanA	core	AMR	AMR	GLYCOPEPTIDE	VANCOMYCIN	BLASTP	343	343	100.00	99.42	343	WP_001079845.1	D-alanine--(R)-lactate ligase VanA	NF012217.1	D-alanine--(R)-lactate ligase VanA
103e1b694fe60f632abd0b4a4bd6f8be	blaOXA-1041	carbapenem-hydrolyzing class D beta-lactamase OXA-1041	core	AMR	AMR	BETA-LACTAM	CARBAPENEM	ALLELEP	264	264	100.00	100.00	264	WP_231869649.1	carbapenem-hydrolyzing class D beta-lactamase OXA-1041	NF000270.1	class D beta-lactamase
10cde955d63130b861b415c6919aeaae	optrA	ABC-F type ribosomal protection protein OptrA	core	AMR	AMR	OXAZOLIDINONE/PHENICOL	FLORFENICOL/OXAZOLIDINONE	BLASTP	655	655	100.00	99.54	655	WP_063854496.1	ABC-F type ribosomal protection protein OptrA	NF000514.1	ABC-F type ribosomal protection protein OptrA
10e92022075ea76781634a5d6bde01a0	lnu(H)	lincosamide nucleotidyltransferase Lnu(H)	core	AMR	AMR	LINCOSAMIDE	LINCOSAMIDE	BLASTP	256	260	98.46	93.36	256	WP_051021433.1	lincosamide nucleotidyltransferase Lnu(H)	NF040958.1	lincosamide nucleotidyltransferase Lnu(H)
10f3ca5670a594241d9dbb2b3311fe9a	mupA	mupirocin-resistant isoleucine--tRNA ligase MupA	core	AMR	AMR	MUPIROCIN	MUPIROCIN	BLASTP	1024	1024	100.00	99.90	1024	WP_000163435.1	mupirocin-resistant isoleucine--tRNA ligase MupA	NF000257.1	mupirocin-resistant isoleucine--tRNA ligase MupA
111631b77f249627f44d1426236b343c	vanY	VanY-A/VanY-F/VanY-M family D-Ala-D-Ala carboxypeptidase	core	AMR	AMR	GLYCOPEPTIDE	VANCOMYCIN	HMM	286	293	98.98	59.79	291	WP_006285584.1	VanY-A/VanY-F/VanY-M family D-Ala-D-Ala carboxypeptidase	NF000472.1	VanY-A/VanY-F/VanY-M family D-Ala-D-Ala carboxypeptidase
111fc6d5a1f3efc54d1aa5c17109ccb9	vga(A)	ABC-F type ribosomal protection protein Vga(A)	core	AMR	AMR	LINCOSAMIDE	LINCOSAMIDE	BLASTP	522	522	100.00	97.89	522	WP_002440627.1	ABC-F type ribosomal protection protein Vga(A)	NF000170.2	Vga family ABC-F type ribosomal protection protein
114a0553e607f393af0f05adf27c6fa3	aac(6')-IIa	aminoglycoside N-acetyltransferase AAC(6')-IIa	core	AMR	AMR	AMINOGLYCOSIDE	GENTAMICIN/KANAMYCIN/TOBRAMYCIN	EXACTP	184	184	100.00	100.00	184	WP_023622803.1	aminoglycoside N-acetyltransferase AAC(6')-IIa	NF012165.0	aminoglycoside 6'-N-acetyltransferase
115dfb14a223c17448a323a7104290ef	estX	macrolide esterase EstX	core	AMR	AMR	MACROLIDE	TYLOSIN	BLASTP	284	280	100.00	96.83	284	WP_001456218.1	macrolide esterase EstX-3	NF033124.1	macrolide esterase EstX
1181659bfe9128d0796927415db58915	cmlA1	chloramphenicol efflux MFS transporter CmlA1	core	AMR	AMR	PHENICOL	CHLORAMPHENICOL	BLASTP	419	419	100.00	99.76	419	WP_000095725.1	chloramphenicol efflux MFS transporter CmlA1	NF000509.1	CmlA family chloramphenicol efflux MFS transporter
11a14165b9f48e49cb97408b9e6b17f1	sul2	sulfonamide-resistant dihydropteroate synthase Sul2	core	AMR	AMR	SULFONAMIDE	SULFONAMIDE	EXACTP	271	271	100.00	100.00	271	WP_001043260.1	sulfonamide-resistant dihydropteroate synthase Sul2	NF000295.1	sulfonamide-resistant dihydropteroate synthase Sul2
11d972af8b53242c038cbcc9023a73bb	blaCTX-M	CTX-M family extended-spectrum class A beta-lactamase	core	AMR	AMR	BETA-LACTAM	CEPHALOSPORIN	BLASTP	291	291	100.00	99.31	291	WP_015387340.1	extended-spectrum class A beta-lactamase CTX-M-55	NF033089.1	CTX-M family extended-spectrum class A beta-lactamase
120b907638d7b337aa51c208ff454bd1	fosB	FosB/FosD family fosfomycin resistance bacillithiol transferase	core	AMR	AMR	FOSFOMYCIN	FOSFOMYCIN	BLASTP	139	139	100.00	98.56	139	WP_000938987.1	fosfomycin resistance bacillithiol transferase FosB2	NF000493.1	FosB/FosD family fosfomycin resistance bacillithiol transferase
127609620f06c73c4a78a33208c904ab	vanY-A	D-Ala-D-Ala carboxypeptidase VanY-A	core	AMR	AMR	GLYCOPEPTIDE	VANCOMYCIN	BLASTP	303	303	100.00	99.67	303	WP_001812592.1	D-Ala-D-Ala carboxypeptidase VanY-A	NF000472.1	VanY-A/VanY-F/VanY-M family D-Ala-D-Ala carboxypeptidase
12e359709058de96bfe0c822ac0bdde7	aph(6)-Id	aminoglycoside O-phosphotransferase APH(6)-Id	core	AMR	AMR	AMINOGLYCOSIDE	STREPTOMYCIN	BLASTP	260	278	93.53	99.62	260	WP_000480968.1	aminoglycoside O-phosphotransferase APH(6)-Id	NF012171.0	APH(6)-I family aminoglycoside O-phosphotransferase
12f7f5607cfdf7e5f11c9533eab194a7	qacE	quaternary ammonium compound efflux SMR transporter QacE	core	STRESS	BIOCIDE	QUATERNARY AMMONIUM	QUATERNARY AMMONIUM	BLASTP	115	115	100.00	99.13	115	WP_000679427.1	quaternary ammonium compound efflux SMR transporter QacE delta 1	NF000276.2	quaternary ammonium compound efflux SMR transporter QacE
13174f9bf90e894b6487b948a47a17aa	erm(B)	23S rRNA (adenine(2058)-N(6))-methyltransferase Erm(B)	core	AMR	AMR	LINCOSAMIDE/MACROLIDE/STREPTOGRAMIN	CLINDAMYCIN/ERYTHROMYCIN/STREPTOGRAMIN B	PARTIALP	218	245	88.98	100.00	218	WP_001038790.1	23S rRNA (adenine(2058)-N(6))-methyltransferase Erm(B)	NF000499.2	23S ribosomal RNA methyltransferase Erm
13a6d38be82a7223815dd56dc6b91182	blaOXA-484	OXA-48 family carbapenem-hydrolyzing class D beta-lactamase OXA-484	core	AMR	AMR	BETA-LACTAM	CARBAPENEM	ALLELEP	265	265	100.00	100.00	265	WP_063864110.1	OXA-48 family carbapenem-hydrolyzing class D beta-lactamase OXA-484	NF000387.2	OXA-48 family class D beta-lactamase
145a10596c2a419edfa861958b0f8aa2	blaR1	BlaR1 family beta-lactam sensor/signal transducer	core	AMR	AMR	BETA-LACTAM	BETA-LACTAM	HMM	585	585	98.80	30.08	595	WP_000952923.1	BlaR1 family beta-lactam sensor/signal transducer	NF000326.1	BlaR1 family beta-lactam sensor/signal transducer
14d196ca51b8cc0af959728ba87670e4	ant(3'')	ANT(3'')-I family aminoglycoside nucleotidyltransferase	core	AMR	AMR	AMINOGLYCOSIDE	SPECTINOMYCIN/STREPTOMYCIN	HMM	281	281	100.00	87.19	281	WP_001749984.1	ANT(3'')-I family aminoglycoside nucleotidyltransferase	NF012157.0	ANT(3'')-I family aminoglycoside nucleotidyltransferase
14d7184841e79e6a3af12d39ef819fb6	qnrB	QnrB family quinolone resistance pentapeptide repeat protein	core	AMR	AMR	QUINOLONE	QUINOLONE	BLASTP	214	214	100.00	99.53	214	WP_017900990.1	quinolone resistance pentapeptide repeat protein QnrB4	NF000420.1	QnrB family quinolone resistance pentapeptide repeat protein
1522579625124ede4b399eac8c5b7681	vanR-A	vancomycin resistance response regulator transcription factor VanR-A	core	AMR	AMR	GLYCOPEPTIDE	VANCOMYCIN	BLASTP	608	231	99.57	97.83	230	WP_001280781.1	vancomycin resistance response regulator transcription factor VanR-A	NF000401.1	vancomycin resistance response regulator transcription factor VanR-A
1522579625124ede4b399eac8c5b7681	vanS-A	vancomycin resistance histidine kinase VanS-A	core	AMR	AMR	GLYCOPEPTIDE	VANCOMYCIN	BLASTP	608	384	100.00	100.00	384	WP_002305818.1	vancomycin resistance histidine kinase VanS-A	NA	NA
15297f1283c7e8bfae35eb95e04835b7	aph(6)-Id	aminoglycoside O-phosphotransferase APH(6)-Id	core	AMR	AMR	AMINOGLYCOSIDE	STREPTOMYCIN	BLASTP	278	278	100.00	99.64	278	WP_000480968.1	aminoglycoside O-phosphotransferase APH(6)-Id	NF012171.0	APH(6)-I family aminoglycoside O-phosphotransferase
15ff5677b0211fdf4914f5ba2280f416	mrx(A)	phosphorylated macrolide efflux MFS transporter Mrx(A)	core	AMR	AMR	MACROLIDE	AZITHROMYCIN/ERYTHROMYCIN/SPIRAMYCIN/TELITHROMYCIN	PARTIALP	295	412	71.60	100.00	295	WP_000004159.1	phosphorylated macrolide efflux MFS transporter Mrx(A)	NA	NA
1656b523fe411776aa29c02373dd3030	blaTEM	TEM family class A beta-lactamase	core	AMR	AMR	BETA-LACTAM	BETA-LACTAM	BLASTP	286	286	100.00	99.65	286	WP_032072208.1	class A beta-lactamase TEM-210	NF000531.2	TEM family class A beta-lactamase
1675d4e44c6ba62c5470e9d1bcf5990a	mph(A)	Mph(A) family macrolide 2'-phosphotransferase	core	AMR	AMR	MACROLIDE	AZITHROMYCIN/ERYTHROMYCIN/SPIRAMYCIN/TELITHROMYCIN	BLASTP	301	301	100.00	99.34	301	WP_000219391.1	Mph(A) family macrolide 2'-phosphotransferase	NF000254.1	Mph(A) family macrolide 2'-phosphotransferase
16a45caf7dbe33cfdb47908b03832098	tet(X3)	tetracycline-inactivating monooxygenase Tet(X3)	core	AMR	AMR	TETRACYCLINE	TIGECYCLINE	EXACTP	388	388	100.00	100.00	388	WP_024160783.1	tetracycline-inactivating monooxygenase Tet(X3)	NF033111.2	tetracycline-inactivating monooxygenase Tet(X)
16c1349d516ae57592cb62134dcdcdeb	vanS	vancomycin resistance histidine kinase VanS	core	AMR	AMR	GLYCOPEPTIDE	VANCOMYCIN	HMM	384	386	99.48	89.84	384	WP_063856741.1	vancomycin resistance histidine kinase VanS	NF033091.0	vancomycin resistance histidine kinase VanS
16cd31eda542e10cc8bdc2a9dd4a9009	floR	chloramphenicol/florfenicol efflux MFS transporter FloR	core	AMR	AMR	PHENICOL	CHLORAMPHENICOL/FLORFENICOL	BLASTP	404	404	100.00	99.50	404	WP_000214119.1	chloramphenicol/florfenicol efflux MFS transporter FloR	NF000219.1	chloramphenicol/florfenicol efflux MFS transporter FloR
174afb4fcfc9171296f8d6003095ecb8	aac(3)-IId	aminoglycoside N-acetyltransferase AAC(3)-IId	core	AMR	AMR	AMINOGLYCOSIDE	GENTAMICIN	EXACTP	286	286	100.00	100.00	286	WP_000557454.1	aminoglycoside N-acetyltransferase AAC(3)-IId	NF033080.0	AAC(3)-II family aminoglycoside N-acetyltransferase
176b55bac3dcad1b053232e6ee2ae67c	ant(3'')	ANT(3'')-I family aminoglycoside nucleotidyltransferase	core	AMR	AMR	AMINOGLYCOSIDE	SPECTINOMYCIN/STREPTOMYCIN	HMM	263	262	98.09	88.72	257	WP_070342369.1	ANT(3'')-I family aminoglycoside nucleotidyltransferase	NF012157.0	ANT(3'')-I family aminoglycoside nucleotidyltransferase
17971792ea585f186cdccbd96d686905	oqxA	multidrug efflux RND transporter periplasmic adaptor subunit OqxA	core	AMR	AMR	PHENICOL/QUINOLONE	PHENICOL/QUINOLONE	BLASTP	374	391	95.65	100.00	374	WP_063865358.1	multidrug efflux RND transporter periplasmic adaptor subunit OqxA2	NF000272.1	multidrug efflux RND transporter periplasmic adaptor subunit OqxA
179c7889eb24ec9d031de34b35db5381	qacG2	quaternary ammonium compound efflux SMR transporter QacG2	core	STRESS	BIOCIDE	QUATERNARY AMMONIUM	QUATERNARY AMMONIUM	EXACTP	110	110	100.00	100.00	110	WP_015063357.1	quaternary ammonium compound efflux SMR transporter QacG2	NF000278.1	quaternary ammonium compound efflux SMR transporter QacG2
17f1444f6712c31073c1af098a8ac30d	arr	NAD(+)--rifampin ADP-ribosyltransferase	core	AMR	AMR	RIFAMYCIN	RIFAMYCIN	HMM	249	143	87.41	62.40	125	WP_063842202.1	NAD(+)--rifampin ADP-ribosyltransferase	NF033144.1	NAD(+)--rifampin ADP-ribosyltransferase
180b45c59321812d4237d27d2195d4ca	aac(3)-IId	aminoglycoside N-acetyltransferase AAC(3)-IId	core	AMR	AMR	AMINOGLYCOSIDE	GENTAMICIN	BLASTP	286	286	100.00	99.65	286	WP_000557454.1	aminoglycoside N-acetyltransferase AAC(3)-IId	NF033080.0	AAC(3)-II family aminoglycoside N-acetyltransferase
1812716863f4f483716d9624d0226a3f	ant(6)-Ia	aminoglycoside nucleotidyltransferase ANT(6)-Ia	core	AMR	AMR	AMINOGLYCOSIDE	STREPTOMYCIN	EXACTP	287	287	100.00	100.00	287	WP_002294505.1	aminoglycoside nucleotidyltransferase ANT(6)-Ia	NF033084.2	aminoglycoside 6-nucleotidyltransferase
184eabf8873ca414e1c7c23e95377069	aph(3')-Ia	aminoglycoside O-phosphotransferase APH(3')-Ia	core	AMR	AMR	AMINOGLYCOSIDE	KANAMYCIN	EXACTP	271	271	100.00	100.00	271	WP_012695470.1	aminoglycoside O-phosphotransferase APH(3')-Ia	NF051474.1	aminoglycoside O-phosphotransferase APH(3')-Ia
18aa530784b6a727a0c527c776d06eef	qacA	quaternary ammonium compound efflux MFS transporter QacA	core	STRESS	BIOCIDE	QUATERNARY AMMONIUM	QUATERNARY AMMONIUM	BLASTP	514	514	100.00	99.81	514	WP_000622776.1	quaternary ammonium compound efflux MFS transporter QacA	NF000089.1	QacA/B family quaternary ammonium compound efflux MFS transporter
18fc5d842a768a0963f009ddd44c9210	floR	chloramphenicol/florfenicol efflux MFS transporter FloR	core	AMR	AMR	PHENICOL	CHLORAMPHENICOL/FLORFENICOL	BLASTP	404	404	100.00	99.01	404	WP_021038045.1	chloramphenicol/florfenicol efflux MFS transporter FloR	NF000219.1	chloramphenicol/florfenicol efflux MFS transporter FloR
190a4c48ddd47d4bec9652ca6511e9ac	blaSFO-1	extended-spectrum class A beta-lactamase SFO-1	core	AMR	AMR	BETA-LACTAM	CEPHALOSPORIN	ALLELEP	295	295	100.00	100.00	295	WP_032489477.1	extended-spectrum class A beta-lactamase SFO-1	NF000323.2	FONA family class A beta-lactamase
192e7deb4c9e9ce9ec71328ac6387a64	fosI	fosfomycin resistance hydrolase FosI	core	AMR	AMR	FOSFOMYCIN	FOSFOMYCIN	EXACTP	134	134	100.00	100.00	134	WP_014714131.1	fosfomycin resistance hydrolase FosI	NF000222.1	FosX/FosE/FosI family fosfomycin resistance hydrolase
193abf70a5648abe2c8d93c30c433494	aac(6')-Ib	AAC(6')-Ib family aminoglycoside 6'-N-acetyltransferase	core	AMR	AMR	AMINOGLYCOSIDE	GENTAMICIN	EXACTP	184	184	100.00	100.00	184	WP_012695458.1	AAC(6')-Ib family aminoglycoside 6'-N-acetyltransferase	NF033074.0	AAC(6')-Ib family aminoglycoside 6'-N-acetyltransferase
1954415535ea194c701fc71dc776adcc	fexA	chloramphenicol/florfenicol efflux MFS transporter FexA	core	AMR	AMR	PHENICOL	CHLORAMPHENICOL/FLORFENICOL	BLASTP	475	475	100.00	99.16	475	WP_015585966.1	chloramphenicol/florfenicol efflux MFS transporter FexA	NF000218.1	chloramphenicol/florfenicol efflux MFS transporter FexA
19be472088817b924a14779a5a5188a7	bleO	bleomycin binding protein	core	AMR	AMR	BLEOMYCIN	BLEOMYCIN	BLASTP	128	134	95.52	99.22	128	WP_001242578.1	bleomycin binding protein	NF000027.1	bleomycin binding protein
19c716b545792fc589ef7c1a8f36e893	mphM	macrolide 2'-phosphotransferase MphM	core	AMR	AMR	MACROLIDE	MACROLIDE	BLASTP	299	299	100.00	96.66	299	WP_016078774.1	macrolide 2'-phosphotransferase MphM	NF038056.1	macrolide 2'-phosphotransferase MphM
19ea886e3ca7055cba44fd76781b8f33	mupA	mupirocin-resistant isoleucine--tRNA ligase MupA	core	AMR	AMR	MUPIROCIN	MUPIROCIN	EXACTP	1024	1024	100.00	100.00	1024	WP_000163435.1	mupirocin-resistant isoleucine--tRNA ligase MupA	NF000257.1	mupirocin-resistant isoleucine--tRNA ligase MupA
19f278cd7588edb7dcc6e53323b8d566	tet(W)	tetracycline resistance ribosomal protection protein Tet(W)	core	AMR	AMR	TETRACYCLINE	TETRACYCLINE	BLASTP	642	639	99.84	99.84	638	WP_000691721.1	tetracycline resistance ribosomal protection protein Tet(W)	NF033148.1	TetM/TetW/TetO/TetS family tetracycline resistance ribosomal protection protein
19fd8d092bee35dd17d0fdff34897dad	sul1	sulfonamide-resistant dihydropteroate synthase Sul1	core	AMR	AMR	SULFONAMIDE	SULFONAMIDE	BLASTP	279	279	100.00	99.64	279	WP_000259031.1	sulfonamide-resistant dihydropteroate synthase Sul1	NF000294.1	sulfonamide-resistant dihydropteroate synthase Sul1
1a5680d870fd843df59e85c59fc91d14	catA1	type A-1 chloramphenicol O-acetyltransferase	core	AMR	AMR	PHENICOL	CHLORAMPHENICOL	BLASTP	219	219	100.00	99.54	219	WP_000412211.1	type A-1 chloramphenicol O-acetyltransferase	NF000491.1	type A chloramphenicol O-acetyltransferase
1a79d907ec14bae880e98ca9aedb57fc	spw	ANT(9) family aminoglycoside nucleotidyltransferase Spw	core	AMR	AMR	AMINOGLYCOSIDE	AMINOGLYCOSIDE	EXACTP	269	269	100.00	100.00	269	WP_002294509.1	ANT(9) family aminoglycoside nucleotidyltransferase Spw	NF012212.1	ANT(9) family aminoglycoside nucleotidyltransferase
1a925f942393bebdf17f863234660e58	aadA16	ANT(3'')-Ia family aminoglycoside nucleotidyltransferase AadA16	core	AMR	AMR	AMINOGLYCOSIDE	STREPTOMYCIN	BLASTP	281	281	100.00	99.64	281	WP_001749984.1	ANT(3'')-Ia family aminoglycoside nucleotidyltransferase AadA16	NF012157.0	ANT(3'')-I family aminoglycoside nucleotidyltransferase
1add2f0505a22faf90653f405740bcd2	oqxB2	multidrug efflux RND transporter permease subunit OqxB2	core	AMR	AMR	PHENICOL/QUINOLONE	PHENICOL/QUINOLONE	ALLELEP	1050	1050	100.00	100.00	1050	WP_032495443.1	multidrug efflux RND transporter permease subunit OqxB2	NF000037.1	multidrug efflux RND transporter permease subunit OqxB
1afe3f647ad5f18755fd67087430d098	floR	chloramphenicol/florfenicol efflux MFS transporter FloR	core	AMR	AMR	PHENICOL	CHLORAMPHENICOL/FLORFENICOL	BLASTP	404	404	100.00	99.50	404	WP_000214119.1	chloramphenicol/florfenicol efflux MFS transporter FloR	NF000219.1	chloramphenicol/florfenicol efflux MFS transporter FloR
1b0e2dc40cb9fd19ee21e0634adf84f6	dfrA1	trimethoprim-resistant dihydrofolate reductase DfrA1	core	AMR	AMR	TRIMETHOPRIM	TRIMETHOPRIM	BLASTP	157	157	100.00	99.36	157	WP_000777555.1	trimethoprim-resistant dihydrofolate reductase DfrA1	NF000330.1	trimethoprim-resistant dihydrofolate reductase DfrA
1b3af3691bc1c8ff7991efa6613970e6	estX	macrolide esterase EstX	core	AMR	AMR	MACROLIDE	TYLOSIN	BLASTP	280	280	100.00	99.64	280	WP_001456218.1	macrolide esterase EstX-3	NF033124.1	macrolide esterase EstX
1b9dd4cb8fb355decc30273294a2aaa7	tet(A)	tetracycline efflux MFS transporter Tet(A)	core	AMR	AMR	TETRACYCLINE	TETRACYCLINE	BLASTP	399	399	100.00	99.75	399	WP_000804064.1	tetracycline efflux MFS transporter Tet(A)	NF012193.0	tetracycline efflux MFS transporter Tet(A)
1bc217288d1b81a38c23ec67fe07d19f	tet(L)	tetracycline efflux MFS transporter Tet(L)	core	AMR	AMR	TETRACYCLINE	TETRACYCLINE	EXACTP	458	458	100.00	100.00	458	WP_002294500.1	tetracycline efflux MFS transporter Tet(L)	NF012185.0	tetracycline efflux MFS transporter Tet(L)
1bf0728ed538553deb7715e2d5e481fd	blaZ	penicillin-hydrolyzing class A beta-lactamase BlaZ	core	AMR	AMR	BETA-LACTAM	BETA-LACTAM	BLASTP	281	281	100.00	99.64	281	WP_000733287.1	penicillin-hydrolyzing class A beta-lactamase BlaZ	NF033139.1	penicillin-hydrolyzing class A beta-lactamase BlaZ
1c479101bbcc1e818203bf7d92d557bb	aph(7'')-Ia	aminoglycoside O-phosphotransferase APH(7'')-Ia	core	AMR	AMR	AMINOGLYCOSIDE	HYGROMYCIN	BLASTP	332	332	100.00	98.80	332	WP_063842185.1	aminoglycoside O-phosphotransferase APH(7'')-Ia	NF000137.2	aminoglycoside O-phosphotransferase APH(7'')-Ia
1cb3183a89776e27eac5e15e5a4f74a2	aph(3'')-Ib	aminoglycoside O-phosphotransferase APH(3'')-Ib	core	AMR	AMR	AMINOGLYCOSIDE	STREPTOMYCIN	BLASTP	267	267	100.00	99.63	267	WP_001082319.1	aminoglycoside O-phosphotransferase APH(3'')-Ib	NF032895.1	aminoglycoside O-phosphotransferase APH(3'')-Ib
1cb4242d1a7564aa85b090adf8e10aca	aac(6')-Ib	AAC(6')-Ib family aminoglycoside 6'-N-acetyltransferase	core	AMR	AMR	AMINOGLYCOSIDE	AMIKACIN/KANAMYCIN/TOBRAMYCIN	EXACTP	184	184	100.00	100.00	184	WP_071846241.1	AAC(6')-Ib family aminoglycoside 6'-N-acetyltransferase	NF033074.0	AAC(6')-Ib family aminoglycoside 6'-N-acetyltransferase
1cbbbe4e716a63bba2a221bfaef8d2f6	aadA21	ANT(3'')-Ia family aminoglycoside nucleotidyltransferase AadA21	core	AMR	AMR	AMINOGLYCOSIDE	STREPTOMYCIN	BLASTP	263	263	100.00	99.24	263	WP_063840436.1	ANT(3'')-Ia family aminoglycoside nucleotidyltransferase AadA21	NF012157.0	ANT(3'')-I family aminoglycoside nucleotidyltransferase
1cd46b4306b98d2e4a35c6918008a5fb	blaR1	beta-lactam sensor/signal transducer BlaR1	core	AMR	AMR	BETA-LACTAM	BETA-LACTAM	BLASTP	585	585	100.00	95.90	585	WP_001096386.1	beta-lactam sensor/signal transducer BlaR1	NF033108.1	beta-lactam sensor/signal transducer BlaR1
1ce9f6daa6b419586f884b425e462174	blaOXA	OXA-1 family class D beta-lactamase	core	AMR	AMR	BETA-LACTAM	BETA-LACTAM	BLASTP	276	276	100.00	99.64	276	WP_001334766.1	oxacillin-hydrolyzing class D beta-lactamase OXA-1	NF000388.2	OXA-1 family class D beta-lactamase
1cfb77dbd785789a1194e23ec8f44b3d	aac(6')-Ib'	aminoglycoside N-acetyltransferase AAC(6')-Ib'	core	AMR	AMR	AMINOGLYCOSIDE	GENTAMICIN	EXACTP	184	184	100.00	100.00	184	WP_014454105.1	aminoglycoside N-acetyltransferase AAC(6')-Ib'	NF033074.0	AAC(6')-Ib family aminoglycoside 6'-N-acetyltransferase
1d1837bc3b19534b5c9be3a06e7b624b	floR	chloramphenicol/florfenicol efflux MFS transporter FloR	core	AMR	AMR	PHENICOL	CHLORAMPHENICOL/FLORFENICOL	BLASTP	404	404	100.00	99.50	404	WP_000214122.1	chloramphenicol/florfenicol efflux MFS transporter FloR	NF000219.1	chloramphenicol/florfenicol efflux MFS transporter FloR
1d292c864f8e257a60c68520e98c4be0	ble	bleomycin binding protein Ble-MBL	core	AMR	AMR	BLEOMYCIN	BLEOMYCIN	EXACTP	121	121	100.00	100.00	121	WP_004201167.1	bleomycin binding protein Ble-MBL	NF012202.0	bleomycin binding protein Ble-MBL
1d407c8bcda3cbd997b7a6cd9aa3f0c0	blaIMP-11	subclass B1 metallo-beta-lactamase IMP-11	core	AMR	AMR	BETA-LACTAM	CARBAPENEM	ALLELEP	245	245	100.00	100.00	245	WP_063860573.1	subclass B1 metallo-beta-lactamase IMP-11	NF012147.1	IMP family subclass B1 metallo-beta-lactamase
1d73e36b738826cc35abc3fb4dcaa9b2	mrx(A)	phosphorylated macrolide efflux MFS transporter Mrx(A)	core	AMR	AMR	MACROLIDE	AZITHROMYCIN/ERYTHROMYCIN/SPIRAMYCIN/TELITHROMYCIN	BLASTP	412	412	100.00	99.76	412	WP_000004159.1	phosphorylated macrolide efflux MFS transporter Mrx(A)	NA	NA
1d90542feece9c678865ffde3da26aca	tet(G)	tetracycline efflux MFS transporter Tet(G)	core	AMR	AMR	TETRACYCLINE	TETRACYCLINE	BLASTP	391	391	100.00	96.68	391	WP_001257840.1	tetracycline efflux MFS transporter Tet(G)	NF012192.0	tetracycline efflux MFS transporter Tet(G)
1da4b400f672ee3357bfbecfbef924d4	qnrA3	quinolone resistance pentapeptide repeat protein QnrA3	core	AMR	AMR	QUINOLONE	QUINOLONE	ALLELEP	218	218	100.00	100.00	218	WP_024266192.1	quinolone resistance pentapeptide repeat protein QnrA3	NF000071.4	QnrA family quinolone resistance pentapeptide repeat protein
1da736a7f4529260baaff79400bf376e	qacA	quaternary ammonium compound efflux MFS transporter QacA	core	STRESS	BIOCIDE	QUATERNARY AMMONIUM	QUATERNARY AMMONIUM	BLASTP	514	514	100.00	99.03	514	WP_000622776.1	quaternary ammonium compound efflux MFS transporter QacA	NF000089.1	QacA/B family quaternary ammonium compound efflux MFS transporter
1dc07abe663e44cae431d5fd97834c60	mph(C)	Mph(C) family macrolide 2'-phosphotransferase	core	AMR	AMR	MACROLIDE	ERYTHROMYCIN/SPIRAMYCIN/TELITHROMYCIN	BLASTP	299	299	100.00	99.67	299	WP_000196697.1	Mph(C) family macrolide 2'-phosphotransferase	NF000240.1	Mph(C) family macrolide 2'-phosphotransferase
1dc899ecff2c5b8ee53991e7c973cd49	aac(6')-IIc	aminoglycoside N-acetyltransferase AAC(6')-IIc	core	AMR	AMR	AMINOGLYCOSIDE	GENTAMICIN/KANAMYCIN/TOBRAMYCIN	EXACTP	193	193	100.00	100.00	193	WP_012695484.1	aminoglycoside N-acetyltransferase AAC(6')-IIc	NF000135.2	aminoglycoside N-acetyltransferase AAC(6')-IIc
1f257f23114a2d0a177e3fda955df973	tet(L)	tetracycline efflux MFS transporter Tet(L)	core	AMR	AMR	TETRACYCLINE	TETRACYCLINE	BLASTP	458	458	100.00	98.69	458	WP_002294500.1	tetracycline efflux MFS transporter Tet(L)	NF012185.0	tetracycline efflux MFS transporter Tet(L)
1f7584b66edffa9ac05c84ae33970e63	tet(C)	tetracycline efflux MFS transporter Tet(C)	core	AMR	AMR	TETRACYCLINE	TETRACYCLINE	EXACTP	396	396	100.00	100.00	396	WP_000841446.1	tetracycline efflux MFS transporter Tet(C)	NF012191.0	tetracycline efflux MFS transporter Tet(C)
1fd5136ee6f7e06a3727e6f3f8a7ecc4	lsa(B)	ABC-F type ribosomal protection protein Lsa(B)	core	AMR	AMR	LINCOSAMIDE/STREPTOGRAMIN	LINCOSAMIDE/STREPTOGRAMIN	BLASTP	492	492	100.00	99.59	492	WP_011133547.1	ABC-F type ribosomal protection protein Lsa(B)	NF000167.2	Lsa family ABC-F type ribosomal protection protein
1fdde14489812114d9bbd7b74740b5ce	blaSHV-31	extended-spectrum class A beta-lactamase SHV-31	core	AMR	AMR	BETA-LACTAM	CEPHALOSPORIN	ALLELEP	286	286	100.00	100.00	286	WP_063864674.1	extended-spectrum class A beta-lactamase SHV-31	NF000285.3	SHV family class A beta-lactamase
200a3f25998d0929ed71a84ee653a50a	dfrB1	trimethoprim-resistant dihydrofolate reductase DfrB1	core	AMR	AMR	TRIMETHOPRIM	TRIMETHOPRIM	EXACTP	78	78	100.00	100.00	78	WP_000442373.1	trimethoprim-resistant dihydrofolate reductase DfrB1	NF000331.2	trimethoprim-resistant dihydrofolate reductase DfrB
204ca34c83e8df876e0419a667951e65	erm(C)	23S rRNA (adenine(2058)-N(6))-methyltransferase Erm(C)	core	AMR	AMR	LINCOSAMIDE/MACROLIDE/STREPTOGRAMIN	CLINDAMYCIN/ERYTHROMYCIN/STREPTOGRAMIN B/TYLOSIN	BLASTP	244	244	100.00	99.18	244	WP_011382144.1	23S rRNA (adenine(2058)-N(6))-methyltransferase Erm(C)	NF012219.1	23S rRNA (adenine(2058)-N(6))-methyltransferase Erm(C)
2071084cb83e9dd6453183456244caa1	blaCMY-146	class C beta-lactamase CMY-146	core	AMR	AMR	BETA-LACTAM	CEPHALOSPORIN	ALLELEP	381	381	100.00	100.00	381	WP_075985683.1	class C beta-lactamase CMY-146	NF000191.1	CMY-2 family class C beta-lactamase
2079dc75b60d9c7e7c33cd9b05690208	cfr(D)	23S rRNA (adenine(2503)-C(8))-methyltransferase Cfr(D)	core	AMR	AMR	LINCOSAMIDE/OXAZOLIDINONE/PHENICOL/PLEUROMUTILIN/STREPTOGRAMIN	CHLORAMPHENICOL/CLINDAMYCIN/LINEZOLID/STREPTOGRAMIN B/TEDIZOLID/TIAMULIN	BLASTP	357	357	100.00	99.72	357	WP_105459893.1	23S rRNA (adenine(2503)-C(8))-methyltransferase Cfr(D)	NF000424.4	Cfr family 23S rRNA (adenine(2503)-C(8))-methyltransferase
20aec99d705ebbfdf9afcb2ce4ba720e	tet(M)	tetracycline resistance ribosomal protection protein Tet(M)	core	AMR	AMR	TETRACYCLINE	TETRACYCLINE	EXACTP	639	639	100.00	100.00	639	WP_000691749.1	tetracycline resistance ribosomal protection protein Tet(M)	NF012155.1	tetracycline resistance ribosomal protection protein Tet(M)
20e5b2b26c7ec0d09cf45ec14e217d00	blaSHV	SHV family class A beta-lactamase	core	AMR	AMR	BETA-LACTAM	BETA-LACTAM	BLASTP	286	286	100.00	99.65	286	WP_011117369.1	extended-spectrum class A beta-lactamase SHV-5	NF000285.3	SHV family class A beta-lactamase
20ef5f349d80eeac71d7cf25609af65a	aadA5	ANT(3'')-Ia family aminoglycoside nucleotidyltransferase AadA5	core	AMR	AMR	AMINOGLYCOSIDE	STREPTOMYCIN	EXACTP	262	262	100.00	100.00	262	WP_060512885.1	ANT(3'')-Ia family aminoglycoside nucleotidyltransferase AadA5	NF012157.0	ANT(3'')-I family aminoglycoside nucleotidyltransferase
210a59435e8f7349e0f92fa49e766c31	tet(B)	tetracycline efflux MFS transporter Tet(B)	core	AMR	AMR	TETRACYCLINE	TETRACYCLINE	EXACTP	401	401	100.00	100.00	401	WP_001089064.1	tetracycline efflux MFS transporter Tet(B)	NF012190.1	tetracycline efflux MFS transporter Tet(B)
212da9e8a768256d6a5b87711f2c6dd6	tet(M)	tetracycline resistance ribosomal protection protein Tet(M)	core	AMR	AMR	TETRACYCLINE	TETRACYCLINE	BLASTP	639	639	100.00	99.84	639	WP_001574275.1	tetracycline resistance ribosomal protection protein Tet(M)	NF012155.1	tetracycline resistance ribosomal protection protein Tet(M)
21885a2d14494a4335824e8329c2d94b	cmlA1	chloramphenicol efflux MFS transporter CmlA1	core	AMR	AMR	PHENICOL	CHLORAMPHENICOL	BLASTP	419	419	100.00	99.52	419	WP_001256776.1	chloramphenicol efflux MFS transporter CmlA1	NF000509.1	CmlA family chloramphenicol efflux MFS transporter
21b65c21be85f56f277988453a75dd2b	sul1	sulfonamide-resistant dihydropteroate synthase Sul1	core	AMR	AMR	SULFONAMIDE	SULFONAMIDE	EXACTP	279	279	100.00	100.00	279	WP_000259032.1	sulfonamide-resistant dihydropteroate synthase Sul1	NF000294.1	sulfonamide-resistant dihydropteroate synthase Sul1
21e84af00ebe755d7541f11ce747e3f5	bcrC	quaternary ammonium compound efflux SMR transporter BcrC	core	STRESS	BIOCIDE	BACITRACIN	BACITRACIN	BLASTP	114	114	100.00	99.12	114	WP_003725292.1	quaternary ammonium compound efflux SMR transporter BcrC	NF033470.1	quaternary ammonium compound efflux SMR transporter BcrC
21fbf8de425b8baa2c00b8d58f70747f	blaR1	beta-lactam sensor/signal transducer BlaR1	core	AMR	AMR	BETA-LACTAM	BETA-LACTAM	BLASTP	585	585	100.00	95.21	585	WP_001096386.1	beta-lactam sensor/signal transducer BlaR1	NF033108.1	beta-lactam sensor/signal transducer BlaR1
224822c711aa5c6493093d494fc65a5e	blaOXA	OXA-1 family class D beta-lactamase	core	AMR	AMR	BETA-LACTAM	BETA-LACTAM	BLASTP	276	276	100.00	99.64	276	WP_001334766.1	oxacillin-hydrolyzing class D beta-lactamase OXA-1	NF000388.2	OXA-1 family class D beta-lactamase
22524b6267288640e1c2c6176ccc7dad	aph(6)-Ic	aminoglycoside O-phosphotransferase APH(6)-Ic	core	AMR	AMR	AMINOGLYCOSIDE	STREPTOMYCIN	BLASTP	264	280	95.00	99.25	266	WP_000116906.1	aminoglycoside O-phosphotransferase APH(6)-Ic	NF000011.2	aminoglycoside O-phosphotransferase APH(6)-Ic
2276478c40b34c7a6e7727d1f377ee7a	aph(3')-Ia	aminoglycoside O-phosphotransferase APH(3')-Ia	core	AMR	AMR	AMINOGLYCOSIDE	KANAMYCIN	EXACTP	271	271	100.00	100.00	271	WP_000018330.1	aminoglycoside O-phosphotransferase APH(3')-Ia	NF051474.1	aminoglycoside O-phosphotransferase APH(3')-Ia
22781279612cb1eedc1d6e7f6da41aa8	erm	23S ribosomal RNA methyltransferase Erm	core	AMR	AMR	MACROLIDE	MACROLIDE	HMM	289	301	94.68	48.42	285	WP_052259183.1	23S ribosomal RNA methyltransferase Erm	NF000499.2	23S ribosomal RNA methyltransferase Erm
22fb207efe3998395c9263d075da1857	aac(6')-Ie/aph(2'')-Ia	bifunctional aminoglycoside N-acetyltransferase AAC(6')-Ie/aminoglycoside O-phosphotransferase APH(2'')-Ia	core	AMR	AMR	AMINOGLYCOSIDE	AMIKACIN/GENTAMICIN/KANAMYCIN/TOBRAMYCIN	EXACTP	491	491	100.00	100.00	491	WP_012655884.1	bifunctional aminoglycoside N-acetyltransferase AAC(6')-Ie/aminoglycoside O-phosphotransferase APH(2'')-Ia	NF000508.1	aminoglycoside O-phosphotransferase APH(2'')-Ia
231ee483e3a7e7fc89e502fe4a7f782c	mcr-3.21	phosphoethanolamine--lipid A transferase MCR-3.21	core	AMR	AMR	COLISTIN	COLISTIN	ALLELEP	541	541	100.00	100.00	541	WP_094312656.1	phosphoethanolamine--lipid A transferase MCR-3.21	NF033408.5	MCR-3 family phosphoethanolamine--lipid A transferase
234333a42399edf5a26b52df020d8699	mcr-3.2	phosphoethanolamine--lipid A transferase MCR-3.2	core	AMR	AMR	COLISTIN	COLISTIN	ALLELEP	541	541	100.00	100.00	541	WP_094315354.1	phosphoethanolamine--lipid A transferase MCR-3.2	NF033408.5	MCR-3 family phosphoethanolamine--lipid A transferase
23794c6582bac82e3b7ebdb106eef007	tet(B)	tetracycline efflux MFS transporter Tet(B)	core	AMR	AMR	TETRACYCLINE	TETRACYCLINE	EXACTP	401	401	100.00	100.00	401	WP_010446567.1	tetracycline efflux MFS transporter Tet(B)	NF012190.1	tetracycline efflux MFS transporter Tet(B)
23824f46399a018326c4774237e60983	estT	macrolide hydrolase EstT	core	AMR	AMR	MACROLIDE	TYLOSIN	HMM	286	282	98.94	84.23	279	WP_185148407.1	macrolide hydrolase EstT	NF041759.1	macrolide hydrolase EstT
23a46283fec25661944ccead2bc49b32	aac(6')-Ib	AAC(6')-Ib family aminoglycoside 6'-N-acetyltransferase	core	AMR	AMR	AMINOGLYCOSIDE	AMIKACIN/KANAMYCIN/TOBRAMYCIN	BLASTP	192	184	100.00	100.00	184	WP_032488579.1	aminoglycoside N-acetyltransferase AAC(6')-Ib3	NF033074.0	AAC(6')-Ib family aminoglycoside 6'-N-acetyltransferase
23c7d20723687b12cd24b1238d9701d2	aph(3')-VI	APH(3')-VI family aminoglycoside O-phosphotransferase	core	AMR	AMR	AMINOGLYCOSIDE	AMIKACIN/KANAMYCIN	BLASTP	259	259	100.00	99.61	259	WP_014386410.1	APH(3')-VI family aminoglycoside O-phosphotransferase	NF033062.0	APH(3')-VI family aminoglycoside O-phosphotransferase
23d4df44a173032a3f35e5820aae1efa	blaOXA	class D beta-lactamase	core	AMR	AMR	BETA-LACTAM	BETA-LACTAM	HMM	260	265	97.74	46.74	261	WP_446913748.1	class D beta-lactamase	NF012161.0	class D beta-lactamase
23e22973944da4db626f7057c58c41bf	qacE	quaternary ammonium compound efflux SMR transporter QacE	core	STRESS	BIOCIDE	QUATERNARY AMMONIUM	QUATERNARY AMMONIUM	PARTIALP	105	115	87.83	92.08	101	WP_000679427.1	quaternary ammonium compound efflux SMR transporter QacE delta 1	NA	NA
23f083381cab293758d89a1dc787c69d	blaADC-176	extended-spectrum class C beta-lactamase ADC-176	core	AMR	AMR	BETA-LACTAM	CEPHALOSPORIN	ALLELEP	388	388	100.00	100.00	388	WP_001159761.1	extended-spectrum class C beta-lactamase ADC-176	NF000425.2	ADC family extended-spectrum class C beta-lactamase
243838585ffbcc5b5d75ac87efdc5db8	tet(A)	tetracycline efflux MFS transporter Tet(A)	core	AMR	AMR	TETRACYCLINE	TETRACYCLINE	BLASTP	399	399	100.00	99.75	399	WP_000804064.1	tetracycline efflux MFS transporter Tet(A)	NF012193.0	tetracycline efflux MFS transporter Tet(A)
247c17894b54670a57ab21776384d82c	lnu(F)	lincosamide nucleotidyltransferase Lnu(F)	core	AMR	AMR	LINCOSAMIDE	LINCOSAMIDE	BLASTP	273	273	100.00	99.63	273	WP_000939727.1	lincosamide nucleotidyltransferase Lnu(F)	NF000119.1	lincosamide nucleotidyltransferase Lnu(F)
25344d46ca325398a57931dc2506ef8e	aadA6	ANT(3'')-Ia family aminoglycoside nucleotidyltransferase AadA6	core	AMR	AMR	AMINOGLYCOSIDE	STREPTOMYCIN	EXACTP	281	281	100.00	100.00	281	WP_022675713.1	ANT(3'')-Ia family aminoglycoside nucleotidyltransferase AadA6	NF012157.0	ANT(3'')-I family aminoglycoside nucleotidyltransferase
2546ba5ca0a7301d6047f607e0b29d35	mrx(A)	phosphorylated macrolide efflux MFS transporter Mrx(A)	core	AMR	AMR	MACROLIDE	AZITHROMYCIN/ERYTHROMYCIN/SPIRAMYCIN/TELITHROMYCIN	BLASTP	412	412	100.00	99.76	412	WP_000004159.1	phosphorylated macrolide efflux MFS transporter Mrx(A)	NA	NA
26200084f9ab0492e9d68c0e849bd615	blaSHV-30	extended-spectrum class A beta-lactamase SHV-30	core	AMR	AMR	BETA-LACTAM	CEPHALOSPORIN	ALLELEP	286	286	100.00	100.00	286	WP_032491180.1	extended-spectrum class A beta-lactamase SHV-30	NF000285.3	SHV family class A beta-lactamase
264f78c889e3bf632b8af99e7c090193	oqxB	multidrug efflux RND transporter permease subunit OqxB	core	AMR	AMR	PHENICOL/QUINOLONE	PHENICOL/QUINOLONE	BLASTP	1050	1050	99.90	99.81	1049	WP_004149399.1	multidrug efflux RND transporter permease subunit OqxB19	NF000037.1	multidrug efflux RND transporter permease subunit OqxB
26547598d1f0c18caa9f94a6c698a646	bleO	bleomycin binding protein	core	AMR	AMR	BLEOMYCIN	BLEOMYCIN	BLASTP	128	134	95.52	98.44	128	WP_001242578.1	bleomycin binding protein	NF000027.1	bleomycin binding protein
2664dcb03e58cc99b7703e203998d1db	tet(A)	tetracycline efflux MFS transporter Tet(A)	core	AMR	AMR	TETRACYCLINE	TETRACYCLINE	BLASTP	399	399	100.00	99.75	399	WP_000804063.1	tetracycline efflux MFS transporter Tet(A)	NF012193.0	tetracycline efflux MFS transporter Tet(A)
26b7d75d059987bb65025443850331fd	tmexC	multidrug efflux RND transporter periplasmic adaptor subunit TMexC	core	AMR	AMR	TETRACYCLINE	TIGECYCLINE	BLASTP	387	387	100.00	99.74	387	WP_118842626.1	multidrug efflux RND transporter periplasmic adaptor subunit TMexC1	NA	NA
26e9a87cfee7b62da0e33afdc908e560	vanA	D-alanine--(R)-lactate ligase VanA	core	AMR	AMR	GLYCOPEPTIDE	VANCOMYCIN	EXACTP	343	343	100.00	100.00	343	WP_001079845.1	D-alanine--(R)-lactate ligase VanA	NF012217.1	D-alanine--(R)-lactate ligase VanA
26ec2ee8d53084e103e6c3592dd0227d	sul3	sulfonamide-resistant dihydropteroate synthase Sul3	core	AMR	AMR	SULFONAMIDE	SULFONAMIDE	BLASTP	263	263	100.00	99.62	263	WP_000034420.1	sulfonamide-resistant dihydropteroate synthase Sul3	NF000296.1	sulfonamide-resistant dihydropteroate synthase Sul3
26f0bc3ea541e8498b3730180b218c43	erm(A)	23S rRNA (adenine(2058)-N(6))-methyltransferase Erm(A)	core	AMR	AMR	LINCOSAMIDE/MACROLIDE	AZITHROMYCIN/CLARITHROMYCIN/CLINDAMYCIN/ERYTHROMYCIN/TELITHROMYCIN	HMM	243	243	99.59	85.54	242	WP_001072201.1	23S rRNA (adenine(2058)-N(6))-methyltransferase Erm(A)	NF012222.1	23S rRNA (adenine(2058)-N(6))-methyltransferase Erm(A)
26f85eaaf86d5223c62f444de29b31fd	blaLAP	LAP family class A beta-lactamase	core	AMR	AMR	BETA-LACTAM	BETA-LACTAM	BLASTP	285	285	100.00	99.65	285	WP_012477595.1	class A beta-lactamase LAP-2	NF000383.2	LAP family class A beta-lactamase
2727254c5427137dfde264cc2cf55f3b	erm(C)	23S rRNA (adenine(2058)-N(6))-methyltransferase Erm(C)	core	AMR	AMR	LINCOSAMIDE/MACROLIDE/STREPTOGRAMIN	CLINDAMYCIN/ERYTHROMYCIN/STREPTOGRAMIN B/TYLOSIN	EXACTP	244	244	100.00	100.00	244	WP_001003263.1	23S rRNA (adenine(2058)-N(6))-methyltransferase Erm(C)	NF012219.1	23S rRNA (adenine(2058)-N(6))-methyltransferase Erm(C)
27441bb1f9a38e9362fbfe300bcbe578	erm(C)	23S rRNA (adenine(2058)-N(6))-methyltransferase Erm(C)	core	AMR	AMR	LINCOSAMIDE/MACROLIDE/STREPTOGRAMIN	CLINDAMYCIN/ERYTHROMYCIN/STREPTOGRAMIN B/TYLOSIN	BLASTP	244	244	100.00	98.77	244	WP_001003264.1	23S rRNA (adenine(2058)-N(6))-methyltransferase Erm(C)	NF012219.1	23S rRNA (adenine(2058)-N(6))-methyltransferase Erm(C)
2809ae2994de23521ef01bbfc43687a8	aph(3')-Ia	aminoglycoside O-phosphotransferase APH(3')-Ia	core	AMR	AMR	AMINOGLYCOSIDE	KANAMYCIN	BLASTP	271	271	100.00	99.26	271	WP_000018321.1	aminoglycoside O-phosphotransferase APH(3')-Ia	NF051474.1	aminoglycoside O-phosphotransferase APH(3')-Ia
285ed34de1e34401121b61c709f5992d	blaNDM-1	subclass B1 metallo-beta-lactamase NDM-1	core	AMR	AMR	BETA-LACTAM	CARBAPENEM	ALLELEP	270	270	100.00	100.00	270	WP_004201164.1	subclass B1 metallo-beta-lactamase NDM-1	NF000259.2	NDM family subclass B1 metallo-beta-lactamase
2886c319e4dece5b1aff2515506ef1ba	aph(3'')-Ib	aminoglycoside O-phosphotransferase APH(3'')-Ib	core	AMR	AMR	AMINOGLYCOSIDE	STREPTOMYCIN	BLASTP	267	267	100.00	99.63	267	WP_001082319.1	aminoglycoside O-phosphotransferase APH(3'')-Ib	NF032895.1	aminoglycoside O-phosphotransferase APH(3'')-Ib
28b3bb8ff46603d6b0a091caf1284f1b	tet(A)	tetracycline efflux MFS transporter Tet(A)	core	AMR	AMR	TETRACYCLINE	TETRACYCLINE	BLASTP	399	399	100.00	99.75	399	WP_000804064.1	tetracycline efflux MFS transporter Tet(A)	NF012193.0	tetracycline efflux MFS transporter Tet(A)
28cc90b23561612fffad25d0029c42b8	blaOXA	OXA-1 family class D beta-lactamase	core	AMR	AMR	BETA-LACTAM	BETA-LACTAM	BLASTP	276	276	100.00	99.64	276	WP_001334766.1	oxacillin-hydrolyzing class D beta-lactamase OXA-1	NF000388.2	OXA-1 family class D beta-lactamase
28d15b803bd114cbbd3e8a7b06324fb6	blaNDM	NDM family subclass B1 metallo-beta-lactamase	core	AMR	AMR	BETA-LACTAM	CARBAPENEM	BLASTP	270	270	100.00	99.63	270	WP_004201164.1	subclass B1 metallo-beta-lactamase NDM-1	NF000259.2	NDM family subclass B1 metallo-beta-lactamase
28f38505c4293d320607b41945b93cba	blaOXA	OXA-1 family class D beta-lactamase	core	AMR	AMR	BETA-LACTAM	BETA-LACTAM	BLASTP	277	276	100.00	99.64	277	WP_001334766.1	oxacillin-hydrolyzing class D beta-lactamase OXA-1	NF000388.2	OXA-1 family class D beta-lactamase
2939589c24dbe4f510505ce8ecac19a5	oqxA	multidrug efflux RND transporter periplasmic adaptor subunit OqxA	core	AMR	AMR	PHENICOL/QUINOLONE	PHENICOL/QUINOLONE	BLASTP	391	391	100.00	99.74	391	WP_063865358.1	multidrug efflux RND transporter periplasmic adaptor subunit OqxA2	NF000272.1	multidrug efflux RND transporter periplasmic adaptor subunit OqxA
294f56ba7efa9fef5e2fa5892e7559f8	aac(6')-31	aminoglycoside N-acetyltransferase AAC(6')-31	core	AMR	AMR	AMINOGLYCOSIDE	AMINOGLYCOSIDE	BLASTP	185	184	100.00	99.46	185	WP_044424439.1	aminoglycoside N-acetyltransferase AAC(6')-31	NF000118.3	aminoglycoside N-acetyltransferase AAC(6')-31
2958d207060ef585ff6098843587d4fd	qacE	quaternary ammonium compound efflux SMR transporter QacE	core	STRESS	BIOCIDE	QUATERNARY AMMONIUM	QUATERNARY AMMONIUM	BLASTP	115	115	100.00	99.13	115	WP_000679427.1	quaternary ammonium compound efflux SMR transporter QacE delta 1	NF000276.2	quaternary ammonium compound efflux SMR transporter QacE
29ce0585c1d3375401f46317988d4855	dfrA5	trimethoprim-resistant dihydrofolate reductase DfrA5	core	AMR	AMR	TRIMETHOPRIM	TRIMETHOPRIM	EXACTP	157	157	100.00	100.00	157	WP_001317507.1	trimethoprim-resistant dihydrofolate reductase DfrA5	NF000330.1	trimethoprim-resistant dihydrofolate reductase DfrA
29cf22b92ecd61045cde5eb7eead7aa5	fosA	FosA3/FosA4 family fosfomycin resistance glutathione transferase	core	AMR	AMR	FOSFOMYCIN	FOSFOMYCIN	BLASTP	137	138	100.00	99.28	138	WP_014839980.1	fosfomycin resistance glutathione transferase FosA3	NF000075.1	FosA3/FosA4 family fosfomycin resistance glutathione transferase
29ff826e5c50701e46314f670b004953	bcrB	quaternary ammonium compound efflux SMR transporter BcrB	core	STRESS	BIOCIDE	BACITRACIN	BACITRACIN	BLASTP	105	105	100.00	99.05	105	WP_003725293.1	quaternary ammonium compound efflux SMR transporter BcrB	NF033469.1	quaternary ammonium compound efflux SMR transporter BcrB
2a126e0a201d25f8b68f561ae82b0a22	blaOXA-4	OXA-1 family oxacillin-hydrolyzing class D beta-lactamase OXA-4	core	AMR	AMR	BETA-LACTAM	BETA-LACTAM	ALLELEP	276	276	100.00	100.00	276	WP_032491311.1	OXA-1 family oxacillin-hydrolyzing class D beta-lactamase OXA-4	NF000388.2	OXA-1 family class D beta-lactamase
2a20bf1ff35da2883c499b6827d7e7dd	aph(3')-VIa	aminoglycoside O-phosphotransferase APH(3')-VIa	core	AMR	AMR	AMINOGLYCOSIDE	AMIKACIN/KANAMYCIN	BLASTP	259	259	100.00	98.84	259	WP_000422636.1	aminoglycoside O-phosphotransferase APH(3')-VIa	NF033062.0	APH(3')-VI family aminoglycoside O-phosphotransferase
2a72426532d87b8a1f7a1b604f5f93bc	dfrA44	trimethoprim-resistant dihydrofolate reductase DfrA44	core	AMR	AMR	TRIMETHOPRIM	TRIMETHOPRIM	EXACTP	170	170	100.00	100.00	170	WP_031380727.1	trimethoprim-resistant dihydrofolate reductase DfrA44	NA	NA
2ab44c8ca876c3e7714b770405a72d78	sul1	sulfonamide-resistant dihydropteroate synthase Sul1	core	AMR	AMR	SULFONAMIDE	SULFONAMIDE	PARTIALP	250	279	89.61	100.00	250	WP_000259031.1	sulfonamide-resistant dihydropteroate synthase Sul1	NA	NA
2ac32a734e4f52132bd3fc13012a8c0c	vanY-A	D-Ala-D-Ala carboxypeptidase VanY-A	core	AMR	AMR	GLYCOPEPTIDE	VANCOMYCIN	BLASTP	303	303	100.00	99.67	303	WP_001812592.1	D-Ala-D-Ala carboxypeptidase VanY-A	NF000472.1	VanY-A/VanY-F/VanY-M family D-Ala-D-Ala carboxypeptidase
2add83d3c97964b4841fef2dad492375	blaCTX-M-1	extended-spectrum class A beta-lactamase CTX-M-1	core	AMR	AMR	BETA-LACTAM	CEPHALOSPORIN	ALLELEP	291	291	100.00	100.00	291	WP_013188473.1	extended-spectrum class A beta-lactamase CTX-M-1	NF033089.1	CTX-M family extended-spectrum class A beta-lactamase
2af0cb05807137ec0673e1d84454eed6	qnrVC6	quinolone resistance pentapeptide repeat protein QnrVC6	core	AMR	AMR	QUINOLONE	QUINOLONE	ALLELEP	218	218	100.00	100.00	218	WP_032495607.1	quinolone resistance pentapeptide repeat protein QnrVC6	NF000421.1	QnrVC family quinolone resistance pentapeptide repeat protein
2b112db79b3b3b7f5dc3d90fd0926645	blaIMP-23	subclass B1 metallo-beta-lactamase IMP-23	core	AMR	AMR	BETA-LACTAM	CARBAPENEM	ALLELEP	246	246	100.00	100.00	246	WP_063860582.1	subclass B1 metallo-beta-lactamase IMP-23	NF012147.1	IMP family subclass B1 metallo-beta-lactamase
2bb819643e952ed4a7940d38cc7a13d2	dfrA49	trimethoprim-resistant dihydrofolate reductase DfrA49	core	AMR	AMR	TRIMETHOPRIM	TRIMETHOPRIM	BLASTP	317	167	100.00	99.40	167	WP_038694170.1	trimethoprim-resistant dihydrofolate reductase DfrA49	NA	NA
2bc54a05652bf65700158ceed9e22292	tet(X5)	tetracycline-inactivating monooxygenase Tet(X5)	core	AMR	AMR	TETRACYCLINE	TIGECYCLINE	BLASTP	385	388	98.20	97.38	381	WP_150378267.1	tetracycline-inactivating monooxygenase Tet(X5)	NF033111.2	tetracycline-inactivating monooxygenase Tet(X)
2bdbbecca9e0cbf2b37de31cbc3e3172	tmexD	multidrug efflux RND transporter permease subunit TMexD	core	AMR	AMR	TETRACYCLINE	TIGECYCLINE	BLASTP	1044	1044	100.00	99.90	1044	WP_034065037.1	multidrug efflux RND transporter permease subunit TMexD3	NA	NA
2c0c4d176ead3add028dd2791f963714	catA	type A-8 chloramphenicol O-acetyltransferase	core	AMR	AMR	PHENICOL	CHLORAMPHENICOL	BLASTP	215	215	100.00	99.07	215	WP_002403315.1	type A-8 chloramphenicol O-acetyltransferase	NF000491.1	type A chloramphenicol O-acetyltransferase
2c80f7564d96bc5ddccc7f17ee4aa25c	fexB	chloramphenicol/florfenicol efflux MFS transporter FexB	core	AMR	AMR	PHENICOL	CHLORAMPHENICOL/FLORFENICOL	EXACTP	469	469	100.00	100.00	469	WP_002415211.1	chloramphenicol/florfenicol efflux MFS transporter FexB	NF040856.1	chloramphenicol/florfenicol efflux MFS transporter FexB
2cb177088443e1da1d2cae9dd8c58172	qacA	quaternary ammonium compound efflux MFS transporter QacA	core	STRESS	BIOCIDE	QUATERNARY AMMONIUM	QUATERNARY AMMONIUM	PARTIALP	332	514	64.59	100.00	332	WP_000622776.1	quaternary ammonium compound efflux MFS transporter QacA	NA	NA
2cc479f3ede7cca0a32a1864a0dcc7ef	qacE	quaternary ammonium compound efflux SMR transporter QacE	core	STRESS	BIOCIDE	QUATERNARY AMMONIUM	QUATERNARY AMMONIUM	BLASTP	115	115	100.00	98.26	115	WP_000679427.1	quaternary ammonium compound efflux SMR transporter QacE delta 1	NF000276.2	quaternary ammonium compound efflux SMR transporter QacE
2ceaa107abfc33039741b172f75fedf8	tet(M)	tetracycline resistance ribosomal protection protein Tet(M)	core	AMR	AMR	TETRACYCLINE	TETRACYCLINE	EXACTP	639	639	100.00	100.00	639	WP_000691736.1	tetracycline resistance ribosomal protection protein Tet(M)	NF012155.1	tetracycline resistance ribosomal protection protein Tet(M)
2cf872502c27d9e72ef7ef085c7dcd39	aph(6)-Id	aminoglycoside O-phosphotransferase APH(6)-Id	core	AMR	AMR	AMINOGLYCOSIDE	STREPTOMYCIN	BLASTP	278	278	100.00	99.64	278	WP_000480968.1	aminoglycoside O-phosphotransferase APH(6)-Id	NF012171.0	APH(6)-I family aminoglycoside O-phosphotransferase
2d1922ec507a1e85d88fc9bc3bbaec11	aph(6)-Id	aminoglycoside O-phosphotransferase APH(6)-Id	core	AMR	AMR	AMINOGLYCOSIDE	STREPTOMYCIN	PARTIALP	260	278	88.85	100.00	247	WP_000480968.1	aminoglycoside O-phosphotransferase APH(6)-Id	NF012171.0	APH(6)-I family aminoglycoside O-phosphotransferase
2d848cbd1e36afa262d9578e3493918f	blaR1	BlaR1 family beta-lactam sensor/signal transducer	core	AMR	AMR	BETA-LACTAM	BETA-LACTAM	HMM	585	593	98.65	29.26	598	WP_012705551.1	BlaR1 family beta-lactam sensor/signal transducer	NF000326.1	BlaR1 family beta-lactam sensor/signal transducer
2da280bf6f7a5cec73cb101950b51609	blaTEM-2	broad-spectrum class A beta-lactamase TEM-2	core	AMR	AMR	BETA-LACTAM	BETA-LACTAM	ALLELEP	286	286	100.00	100.00	286	WP_011645017.1	broad-spectrum class A beta-lactamase TEM-2	NF000531.2	TEM family class A beta-lactamase
2db241ae6b961d348b43228f4c337211	vanR-A	vancomycin resistance response regulator transcription factor VanR-A	core	AMR	AMR	GLYCOPEPTIDE	VANCOMYCIN	BLASTP	231	231	100.00	91.77	231	WP_063856721.1	vancomycin resistance response regulator transcription factor VanR-A	NF000401.1	vancomycin resistance response regulator transcription factor VanR-A
2dc104ac448b66261bcfcb336fd41b19	qnrVC4	quinolone resistance pentapeptide repeat protein QnrVC4	core	AMR	AMR	QUINOLONE	QUINOLONE	ALLELEP	218	218	100.00	100.00	218	WP_000361704.1	quinolone resistance pentapeptide repeat protein QnrVC4	NF000421.1	QnrVC family quinolone resistance pentapeptide repeat protein
2dc9be36922b00276714a666754b79e9	aac(6')-Ian	aminoglycoside N-acetyltransferase AAC(6')-Ian	core	AMR	AMR	AMINOGLYCOSIDE	AMIKACIN/KANAMYCIN/TOBRAMYCIN	EXACTP	190	190	100.00	100.00	190	WP_000960976.1	aminoglycoside N-acetyltransferase AAC(6')-Ian	NF000431.1	aminoglycoside N-acetyltransferase AAC(6')-Ian
2dfb8a520e6687bdd6b18ae42351531e	blaTEM	TEM family class A beta-lactamase	core	AMR	AMR	BETA-LACTAM	BETA-LACTAM	PARTIALP	200	286	66.43	99.47	190	WP_110924831.1	class A beta-lactamase TEM-256	NF033103.1	class A beta-lactamase
2e5c7a784f2b8d445bd99ce7efab5d63	vanX-A	D-Ala-D-Ala dipeptidase VanX-A	core	AMR	AMR	GLYCOPEPTIDE	VANCOMYCIN	BLASTP	202	202	100.00	99.50	202	WP_000402347.1	D-Ala-D-Ala dipeptidase VanX-A	NF033115.1	D-Ala-D-Ala dipeptidase VanX
2e729e5510427b9fa9abff179277710d	blaOXA-181	OXA-48 family carbapenem-hydrolyzing class D beta-lactamase OXA-181	core	AMR	AMR	BETA-LACTAM	CARBAPENEM	ALLELEP	265	265	100.00	100.00	265	WP_015060052.1	OXA-48 family carbapenem-hydrolyzing class D beta-lactamase OXA-181	NF000387.2	OXA-48 family class D beta-lactamase
2e74e35bbf6ada1e88daa6a423caa4f3	rmtG	RmtG family 16S rRNA (guanine(1405)-N(7))-methyltransferase	core	AMR	AMR	AMINOGLYCOSIDE	AMINOGLYCOSIDE	EXACTP	264	264	100.00	100.00	264	WP_025368648.1	RmtG family 16S rRNA (guanine(1405)-N(7))-methyltransferase	NF000114.1	RmtG family 16S rRNA (guanine(1405)-N(7))-methyltransferase
2e8094e1de83ee1d0e1b5fc9a8454438	blaPER-7	inhibitor-resistant extended-spectrum class A beta-lactamase PER-7	core	AMR	AMR	BETA-LACTAM	CEPHALOSPORIN	ALLELEP	308	308	100.00	100.00	308	WP_032495440.1	inhibitor-resistant extended-spectrum class A beta-lactamase PER-7	NF000389.2	PER family extended-spectrum class A beta-lactamase
2e969ce88e616e4bfe3de95018531545	catB2	type B-2 chloramphenicol O-acetyltransferase CatB2	core	AMR	AMR	PHENICOL	CHLORAMPHENICOL	EXACTP	210	210	100.00	100.00	210	WP_012477387.1	type B-2 chloramphenicol O-acetyltransferase CatB2	NF000490.1	type B chloramphenicol O-acetyltransferase
2eafc1b7eaf564c1b28be30dec0fe38c	aadA2	ANT(3'')-Ia family aminoglycoside nucleotidyltransferase AadA2	core	AMR	AMR	AMINOGLYCOSIDE	STREPTOMYCIN	EXACTP	263	263	100.00	100.00	263	WP_071593219.1	ANT(3'')-Ia family aminoglycoside nucleotidyltransferase AadA2	NF012157.0	ANT(3'')-I family aminoglycoside nucleotidyltransferase
2eda620f6f33186d5c5a072115282619	floR	chloramphenicol/florfenicol efflux MFS transporter FloR	core	AMR	AMR	PHENICOL	CHLORAMPHENICOL/FLORFENICOL	BLASTP	404	404	100.00	99.26	404	WP_000214122.1	chloramphenicol/florfenicol efflux MFS transporter FloR	NF000219.1	chloramphenicol/florfenicol efflux MFS transporter FloR
2f4874cf12e973f4b978f0d45c43a4ef	fosL	fosfomycin resistance glutathione transferase FosL	core	AMR	AMR	FOSFOMYCIN	FOSFOMYCIN	BLASTP	136	136	100.00	98.53	136	WP_161667239.1	fosfomycin resistance glutathione transferase FosL1	NF000496.1	fosfomycin resistance glutathione transferase
2f66ecbf1d11e69719c4df2c22f97a5a	blaPER-1	inhibitor-resistant extended-spectrum class A beta-lactamase PER-1	core	AMR	AMR	BETA-LACTAM	CEPHALOSPORIN	ALLELEP	308	308	100.00	100.00	308	WP_001100753.1	inhibitor-resistant extended-spectrum class A beta-lactamase PER-1	NF000389.2	PER family extended-spectrum class A beta-lactamase
2f6bc171e00a46f8fb37dc283c06482a	qacE	quaternary ammonium compound efflux SMR transporter QacE	core	STRESS	BIOCIDE	QUATERNARY AMMONIUM	QUATERNARY AMMONIUM	BLASTP	119	115	94.78	97.25	109	WP_000679427.1	quaternary ammonium compound efflux SMR transporter QacE delta 1	NF000276.2	quaternary ammonium compound efflux SMR transporter QacE
2f75e6770ce842cb497d81199ca5297b	mef(B)	macrolide efflux MFS transporter Mef(B)	core	AMR	AMR	MACROLIDE	AZITHROMYCIN/ERYTHROMYCIN	BLASTP	396	409	96.82	99.75	396	WP_032492336.1	macrolide efflux MFS transporter Mef(B)	NF000051.1	macrolide efflux MFS transporter Mef(B)
2f7ab48cab60ae6fb48eb102b30977d3	sul1	sulfonamide-resistant dihydropteroate synthase Sul1	core	AMR	AMR	SULFONAMIDE	SULFONAMIDE	BLASTP	283	283	100.00	99.65	283	WP_000946487.1	sulfonamide-resistant dihydropteroate synthase Sul1	NF000294.1	sulfonamide-resistant dihydropteroate synthase Sul1
2f874eecd332ccb33a1e136ceba979f2	blaOXA-48	OXA-48 family carbapenem-hydrolyzing class D beta-lactamase OXA-48	core	AMR	AMR	BETA-LACTAM	CARBAPENEM	ALLELEP	265	265	100.00	100.00	265	WP_015059991.1	OXA-48 family carbapenem-hydrolyzing class D beta-lactamase OXA-48	NF000387.2	OXA-48 family class D beta-lactamase
2f8d15ed06ff1f83f0caedabf1551db3	blaOXA-23	OXA-23 family carbapenem-hydrolyzing class D beta-lactamase OXA-23	core	AMR	AMR	BETA-LACTAM	CARBAPENEM	ALLELEP	273	273	100.00	100.00	273	WP_001046004.1	OXA-23 family carbapenem-hydrolyzing class D beta-lactamase OXA-23	NF000266.2	OXA-23 family carbapenem-hydrolyzing class D beta-lactamase
2fc95a6126479b0ca33f174e98a0130e	catB3	type B-3 chloramphenicol O-acetyltransferase CatB3	core	AMR	AMR	PHENICOL	CHLORAMPHENICOL	EXACTP	210	210	100.00	100.00	210	WP_000186237.1	type B-3 chloramphenicol O-acetyltransferase CatB3	NF000490.1	type B chloramphenicol O-acetyltransferase
2fd5b6d4a95a390254d6b43930d23dc2	cmlA1	chloramphenicol efflux MFS transporter CmlA1	core	AMR	AMR	PHENICOL	CHLORAMPHENICOL	EXACTP	419	419	100.00	100.00	419	WP_000095725.1	chloramphenicol efflux MFS transporter CmlA1	NF000509.1	CmlA family chloramphenicol efflux MFS transporter
2fe4afa74eb32f7873137b733b13f771	mph(E)	Mph(E) family macrolide 2'-phosphotransferase	core	AMR	AMR	MACROLIDE	ERYTHROMYCIN	BLASTP	294	294	100.00	99.66	294	WP_000155092.1	Mph(E) family macrolide 2'-phosphotransferase	NF012158.1	Mph(E) family macrolide 2'-phosphotransferase
305301021b166f24896da288b86ea6fa	optrA	ABC-F type ribosomal protection protein OptrA	core	AMR	AMR	OXAZOLIDINONE/PHENICOL	FLORFENICOL/OXAZOLIDINONE	BLASTP	637	655	97.25	99.53	637	WP_063854496.1	ABC-F type ribosomal protection protein OptrA	NF000514.1	ABC-F type ribosomal protection protein OptrA
30bc74c884d55f5393baa0511c869bd1	blaOXA-204	OXA-48 family carbapenem-hydrolyzing class D beta-lactamase OXA-204	core	AMR	AMR	BETA-LACTAM	CARBAPENEM	ALLELEP	265	265	100.00	100.00	265	WP_032495449.1	OXA-48 family carbapenem-hydrolyzing class D beta-lactamase OXA-204	NF000387.2	OXA-48 family class D beta-lactamase
3150d7d4d325278f872ebc08c02a0a45	tet(A)	tetracycline efflux MFS transporter Tet(A)	core	AMR	AMR	TETRACYCLINE	TETRACYCLINE	EXACTP	399	399	100.00	100.00	399	WP_000804064.1	tetracycline efflux MFS transporter Tet(A)	NF012193.0	tetracycline efflux MFS transporter Tet(A)
315a3de417fe81e4ab64f60416b05e7b	aac(6')-Im	aminoglycoside N-acetyltransferase AAC(6')-Im	core	AMR	AMR	AMINOGLYCOSIDE	AMIKACIN/KANAMYCIN/TOBRAMYCIN	EXACTP	178	178	100.00	100.00	178	WP_010708502.1	aminoglycoside N-acetyltransferase AAC(6')-Im	NF000016.1	aminoglycoside N-acetyltransferase AAC(6')-Im
323b6abaa06d647be6cb0df5a7e913c3	aph(6)-Id	aminoglycoside O-phosphotransferase APH(6)-Id	core	AMR	AMR	AMINOGLYCOSIDE	STREPTOMYCIN	EXACTP	278	278	100.00	100.00	278	WP_000480968.1	aminoglycoside O-phosphotransferase APH(6)-Id	NF012171.0	APH(6)-I family aminoglycoside O-phosphotransferase
325dd1ba4949fd8ff6c948dd4f9ec498	catA2	type A-2 chloramphenicol O-acetyltransferase CatII	core	AMR	AMR	PHENICOL	CHLORAMPHENICOL	BLASTP	215	213	100.00	100.00	213	WP_001011939.1	type A-2 chloramphenicol O-acetyltransferase CatII	NF000491.1	type A chloramphenicol O-acetyltransferase
326573e881b953f0506f3ad6960e6481	tet(S)	tetracycline resistance ribosomal protection protein Tet(S)	core	AMR	AMR	TETRACYCLINE	TETRACYCLINE	BLASTP	646	641	100.00	100.00	641	WP_000691722.1	tetracycline resistance ribosomal protection protein Tet(S)	NF033148.1	TetM/TetW/TetO/TetS family tetracycline resistance ribosomal protection protein
327b4443c3be7a22c2e29f7cb2efac25	aac(6')-Ib-cr5	fluoroquinolone-acetylating aminoglycoside 6'-N-acetyltransferase AAC(6')-Ib-cr5	core	AMR	AMR	AMINOGLYCOSIDE/QUINOLONE	AMIKACIN/KANAMYCIN/QUINOLONE/TOBRAMYCIN	ALLELEP	184	184	100.00	100.00	184	WP_063840321.1	fluoroquinolone-acetylating aminoglycoside 6'-N-acetyltransferase AAC(6')-Ib-cr5	NF033074.0	AAC(6')-Ib family aminoglycoside 6'-N-acetyltransferase
32966572e92bf5bc57d97dbc723ce4f4	blaR1	beta-lactam sensor/signal transducer BlaR1	core	AMR	AMR	BETA-LACTAM	BETA-LACTAM	BLASTP	585	585	100.00	96.58	585	WP_001096392.1	beta-lactam sensor/signal transducer BlaR1	NF033108.1	beta-lactam sensor/signal transducer BlaR1
3297d2504ad02a22f818fdacf77e2fbc	vanS-A	vancomycin resistance histidine kinase VanS-A	core	AMR	AMR	GLYCOPEPTIDE	VANCOMYCIN	BLASTP	384	384	100.00	99.74	384	WP_002305818.1	vancomycin resistance histidine kinase VanS-A	NF033091.0	vancomycin resistance histidine kinase VanS
32f20b2f45bcca6a166fa4fb443b7276	spw	ANT(9) family aminoglycoside nucleotidyltransferase Spw	core	AMR	AMR	AMINOGLYCOSIDE	AMINOGLYCOSIDE	BLASTP	269	269	100.00	99.63	269	WP_002294509.1	ANT(9) family aminoglycoside nucleotidyltransferase Spw	NF012212.1	ANT(9) family aminoglycoside nucleotidyltransferase
32f99a6252980e7491955f4eee8c7b31	qacE	quaternary ammonium compound efflux SMR transporter QacE	core	STRESS	BIOCIDE	QUATERNARY AMMONIUM	QUATERNARY AMMONIUM	BLASTP	117	115	99.13	99.12	114	WP_000679427.1	quaternary ammonium compound efflux SMR transporter QacE delta 1	NF000276.2	quaternary ammonium compound efflux SMR transporter QacE
331baadb7d8457dee338aa67f3d79795	blaKPC	KPC family carbapenem-hydrolyzing class A beta-lactamase	core	AMR	AMR	BETA-LACTAM	CARBAPENEM	BLASTP	293	293	100.00	99.66	293	WP_004199234.1	carbapenem-hydrolyzing class A beta-lactamase KPC-2	NF012141.1	KPC family carbapenem-hydrolyzing class A beta-lactamase
3333c5345022e5ae88b7b0abc1b11d76	bcrB	quaternary ammonium compound efflux SMR transporter BcrB	core	STRESS	BIOCIDE	BACITRACIN	BACITRACIN	BLASTP	105	105	100.00	98.10	105	WP_003725293.1	quaternary ammonium compound efflux SMR transporter BcrB	NF033469.1	quaternary ammonium compound efflux SMR transporter BcrB
3341d890e2ee115dd3b1873df69efcb0	erm(F)	23S rRNA (adenine(2058)-N(6))-methyltransferase Erm(F)	core	AMR	AMR	LINCOSAMIDE/MACROLIDE/STREPTOGRAMIN	CLINDAMYCIN/MACROLIDE/STREPTOGRAMIN	BLASTP	266	266	100.00	98.87	266	WP_002682030.1	23S rRNA (adenine(2058)-N(6))-methyltransferase Erm(F)	NF012223.0	23S rRNA (adenine(2058)-N(6))-methyltransferase Erm(F)
341bfbda982a62817fd2ed3d5e141502	sul1	sulfonamide-resistant dihydropteroate synthase Sul1	core	AMR	AMR	SULFONAMIDE	SULFONAMIDE	BLASTP	279	279	100.00	99.64	279	WP_000259031.1	sulfonamide-resistant dihydropteroate synthase Sul1	NF000294.1	sulfonamide-resistant dihydropteroate synthase Sul1
34201010130f15bc34fe1727848cbb98	mrx(A)	phosphorylated macrolide efflux MFS transporter Mrx(A)	core	AMR	AMR	MACROLIDE	AZITHROMYCIN/ERYTHROMYCIN/SPIRAMYCIN/TELITHROMYCIN	BLASTP	412	412	100.00	99.76	412	WP_000004159.1	phosphorylated macrolide efflux MFS transporter Mrx(A)	NA	NA
3449ad0d7b664eee1dd3a66af2106917	dfrA4	trimethoprim-resistant dihydrofolate reductase DfrA4	core	AMR	AMR	TRIMETHOPRIM	TRIMETHOPRIM	EXACTP	263	263	100.00	100.00	263	WP_011977799.1	trimethoprim-resistant dihydrofolate reductase DfrA4	NA	NA
3491e584cfed5509deed538887b7aca7	aph(3'')	APH(3'') family aminoglycoside O-phosphotransferase	core	AMR	AMR	AMINOGLYCOSIDE	STREPTOMYCIN	HMM	262	267	95.51	86.27	255	WP_001082319.1	APH(3'') family aminoglycoside O-phosphotransferase	NF032896.1	APH(3'') family aminoglycoside O-phosphotransferase
34a9ecc093ad1f00c4b7e5b6d27fb8d0	aac(6')-Ib-cr7	fluoroquinolone-acetylating aminoglycoside 6'-N-acetyltransferase AAC(6')-Ib-cr7	core	AMR	AMR	AMINOGLYCOSIDE/QUINOLONE	AMIKACIN/KANAMYCIN/QUINOLONE/TOBRAMYCIN	ALLELEP	184	184	100.00	100.00	184	WP_071766399.1	fluoroquinolone-acetylating aminoglycoside 6'-N-acetyltransferase AAC(6')-Ib-cr7	NF033074.0	AAC(6')-Ib family aminoglycoside 6'-N-acetyltransferase
34c7ee7df1dff51f15614b783fabdedb	blaSHV	SHV family class A beta-lactamase	core	AMR	AMR	BETA-LACTAM	BETA-LACTAM	BLASTP	286	286	100.00	99.65	286	WP_004176269.1	broad-spectrum class A beta-lactamase SHV-11	NF000285.3	SHV family class A beta-lactamase
3535f51c459f3621f353466d056ed6f4	tet(M)	tetracycline resistance ribosomal protection protein Tet(M)	core	AMR	AMR	TETRACYCLINE	TETRACYCLINE	BLASTP	639	639	100.00	99.84	639	WP_014386813.1	tetracycline resistance ribosomal protection protein Tet(M)	NF012155.1	tetracycline resistance ribosomal protection protein Tet(M)
3594fe902d4f6e0fd6cfe2911cdff458	aadA3	ANT(3'')-Ia family aminoglycoside nucleotidyltransferase AadA3	core	AMR	AMR	AMINOGLYCOSIDE	STREPTOMYCIN	EXACTP	263	263	100.00	100.00	263	WP_071846364.1	ANT(3'')-Ia family aminoglycoside nucleotidyltransferase AadA3	NF033127.1	ANT(3'')-Ia family aminoglycoside nucleotidyltransferase AadA3
366715836c9f8910cfc29a51a58e1c61	fexB	chloramphenicol/florfenicol efflux MFS transporter FexB	core	AMR	AMR	PHENICOL	CHLORAMPHENICOL/FLORFENICOL	BLASTP	469	469	100.00	99.57	469	WP_002415211.1	chloramphenicol/florfenicol efflux MFS transporter FexB	NF040856.1	chloramphenicol/florfenicol efflux MFS transporter FexB
3687f75ffa2b2cf04c9d080371cf458f	fexB	chloramphenicol/florfenicol efflux MFS transporter FexB	core	AMR	AMR	PHENICOL	CHLORAMPHENICOL/FLORFENICOL	BLASTP	469	469	100.00	99.36	469	WP_002415211.1	chloramphenicol/florfenicol efflux MFS transporter FexB	NF040856.1	chloramphenicol/florfenicol efflux MFS transporter FexB
373e381dc4ab97f16226a5713b889b8a	tet(A)	tetracycline efflux MFS transporter Tet(A)	core	AMR	AMR	TETRACYCLINE	TETRACYCLINE	BLASTP	399	399	100.00	99.50	399	WP_000804063.1	tetracycline efflux MFS transporter Tet(A)	NF012193.0	tetracycline efflux MFS transporter Tet(A)
377762f1360ed5e77e0a199b2b9f2416	dfrA12	trimethoprim-resistant dihydrofolate reductase DfrA12	core	AMR	AMR	TRIMETHOPRIM	TRIMETHOPRIM	BLASTP	165	165	100.00	99.39	165	WP_001083725.1	trimethoprim-resistant dihydrofolate reductase DfrA12	NF000053.2	trimethoprim-resistant dihydrofolate reductase DfrA12
37ac03707b2437e9eecdd7825d500c1c	qacE	quaternary ammonium compound efflux SMR transporter QacE	core	STRESS	BIOCIDE	QUATERNARY AMMONIUM	QUATERNARY AMMONIUM	BLASTP	107	115	93.04	99.07	107	WP_000679427.1	quaternary ammonium compound efflux SMR transporter QacE delta 1	NF000276.2	quaternary ammonium compound efflux SMR transporter QacE
37afc3af9046bbae3e5c9023a896fe08	tet(G)	tetracycline efflux MFS transporter Tet(G)	core	AMR	AMR	TETRACYCLINE	TETRACYCLINE	BLASTP	391	391	100.00	99.74	391	WP_001257840.1	tetracycline efflux MFS transporter Tet(G)	NF012192.0	tetracycline efflux MFS transporter Tet(G)
37f5e0fad9c913493c9a43f548aa5326	lnu(A)	lincosamide nucleotidyltransferase Lnu(A)	core	AMR	AMR	LINCOSAMIDE	LINCOSAMIDE	EXACTP	161	161	100.00	100.00	161	WP_000700648.1	lincosamide nucleotidyltransferase Lnu(A)	NF000236.1	lincosamide nucleotidyltransferase Lnu(A)
3889cc5b0fc3829ca571dc8cdf07acde	mcr-8.1	phosphoethanolamine--lipid A transferase MCR-8.1	core	AMR	AMR	COLISTIN	COLISTIN	ALLELEP	565	565	100.00	100.00	565	WP_114699275.1	phosphoethanolamine--lipid A transferase MCR-8.1	NF033669.1	MCR-8 family phosphoethanolamine--lipid A transferase
389e325e7469d50f9bbd2dd00541d04c	blaTEM-206	broad-spectrum class A beta-lactamase TEM-206	core	AMR	AMR	BETA-LACTAM	BETA-LACTAM	ALLELEP	286	286	100.00	100.00	286	WP_040197984.1	broad-spectrum class A beta-lactamase TEM-206	NF000531.2	TEM family class A beta-lactamase
38e723a90b3751f30b20823c068ecce5	sul2	sulfonamide-resistant dihydropteroate synthase Sul2	core	AMR	AMR	SULFONAMIDE	SULFONAMIDE	EXACTP	271	271	100.00	100.00	271	WP_001043265.1	sulfonamide-resistant dihydropteroate synthase Sul2	NF000295.1	sulfonamide-resistant dihydropteroate synthase Sul2
3909a9d98c90e3420ba33254b6cd437c	floR	chloramphenicol/florfenicol efflux MFS transporter FloR	core	AMR	AMR	PHENICOL	CHLORAMPHENICOL/FLORFENICOL	BLASTP	404	404	100.00	99.50	404	WP_000214121.1	chloramphenicol/florfenicol efflux MFS transporter FloR	NF000219.1	chloramphenicol/florfenicol efflux MFS transporter FloR
395cb1f9f198d6166f0d38bac05e52b0	cmlA5	chloramphenicol efflux MFS transporter CmlA5	core	AMR	AMR	PHENICOL	CHLORAMPHENICOL	BLASTP	404	419	96.42	99.75	404	WP_012300772.1	chloramphenicol efflux MFS transporter CmlA5	NF000509.1	CmlA family chloramphenicol efflux MFS transporter
397e507523ded0650ee6bd297de2e052	catA	type A chloramphenicol O-acetyltransferase	core	AMR	AMR	PHENICOL	CHLORAMPHENICOL	HMM	225	217	94.01	65.85	205	WP_063843208.1	type A chloramphenicol O-acetyltransferase	NF000491.1	type A chloramphenicol O-acetyltransferase
397ebfd8cb8af4993486232ad554b4d8	aph(3')-Ia	aminoglycoside O-phosphotransferase APH(3')-Ia	core	AMR	AMR	AMINOGLYCOSIDE	KANAMYCIN	BLASTP	271	271	100.00	99.63	271	WP_000018329.1	aminoglycoside O-phosphotransferase APH(3')-Ia	NF051474.1	aminoglycoside O-phosphotransferase APH(3')-Ia
39a4143421a057ff7d14de7120fb394f	blaTEM-256	class A beta-lactamase TEM-256	core	AMR	AMR	BETA-LACTAM	BETA-LACTAM	ALLELEP	286	286	100.00	100.00	286	WP_110924831.1	class A beta-lactamase TEM-256	NF000531.2	TEM family class A beta-lactamase
39a72edec6dcf65ac40292ca1dc4afe4	blaCTX-M	CTX-M family extended-spectrum class A beta-lactamase	core	AMR	AMR	BETA-LACTAM	CEPHALOSPORIN	BLASTP	291	291	100.00	99.31	291	WP_000239590.1	extended-spectrum class A beta-lactamase CTX-M-15	NF033089.1	CTX-M family extended-spectrum class A beta-lactamase
39eaeffbd96610299061b58b69ccd5fb	fosD	fosfomycin resistance bacillithiol transferase FosD	core	AMR	AMR	FOSFOMYCIN	FOSFOMYCIN	EXACTP	139	139	100.00	100.00	139	WP_000616116.1	fosfomycin resistance bacillithiol transferase FosD	NF000493.1	FosB/FosD family fosfomycin resistance bacillithiol transferase
3a005c5d9c3ea91391713fea7aede43a	ant(9)-Ia	aminoglycoside nucleotidyltransferase ANT(9)-Ia	core	AMR	AMR	AMINOGLYCOSIDE	SPECTINOMYCIN	EXACTP	260	260	100.00	100.00	260	WP_000067268.1	aminoglycoside nucleotidyltransferase ANT(9)-Ia	NF012212.1	ANT(9) family aminoglycoside nucleotidyltransferase
3a6ab1ef77b348233326beed056a1708	dfrA21	trimethoprim-resistant dihydrofolate reductase DfrA21	core	AMR	AMR	TRIMETHOPRIM	TRIMETHOPRIM	EXACTP	165	165	100.00	100.00	165	WP_004187529.1	trimethoprim-resistant dihydrofolate reductase DfrA21	NF000055.3	DfrA12/DfrA21 family trimethoprim-resistant dihydrofolate reductase
3a8085e2c5006937ac4617d5a6e98564	blaNDM-16b	subclass B1 metallo-beta-lactamase NDM-16b	core	AMR	AMR	BETA-LACTAM	CARBAPENEM	ALLELEP	270	270	100.00	100.00	270	WP_133963898.1	subclass B1 metallo-beta-lactamase NDM-16b	NF000259.2	NDM family subclass B1 metallo-beta-lactamase
3aca273e734ab5e099dc55b0bbfb568c	tet(A)	tetracycline efflux MFS transporter Tet(A)	core	AMR	AMR	TETRACYCLINE	TETRACYCLINE	BLASTP	399	399	100.00	99.50	399	WP_000804063.1	tetracycline efflux MFS transporter Tet(A)	NF012193.0	tetracycline efflux MFS transporter Tet(A)
3b69e5d026abe30c180371aa9080be7b	optrA	ABC-F type ribosomal protection protein OptrA	core	AMR	AMR	OXAZOLIDINONE/PHENICOL	FLORFENICOL/OXAZOLIDINONE	BLASTP	637	655	97.25	99.53	637	WP_063854496.1	ABC-F type ribosomal protection protein OptrA	NF000514.1	ABC-F type ribosomal protection protein OptrA
3b8844c5691e80ef8b51dce23f149744	estX	macrolide esterase EstX	core	AMR	AMR	MACROLIDE	TYLOSIN	PARTIALP	159	280	56.79	98.74	159	WP_001456218.1	macrolide esterase EstX-3	NA	NA
3bbf3eac1f22ddf1be4ea6c1416ad935	aadA6	ANT(3'')-Ia family aminoglycoside nucleotidyltransferase AadA6	core	AMR	AMR	AMINOGLYCOSIDE	STREPTOMYCIN	BLASTP	275	281	95.73	100.00	269	WP_022675713.1	ANT(3'')-Ia family aminoglycoside nucleotidyltransferase AadA6	NF012157.0	ANT(3'')-I family aminoglycoside nucleotidyltransferase
3c0b5c2e38d04ea6297036d77382ccbe	qacB	quaternary ammonium compound efflux MFS transporter QacB	core	STRESS	BIOCIDE	QUATERNARY AMMONIUM	QUATERNARY AMMONIUM	EXACTP	514	514	100.00	100.00	514	WP_000622778.1	quaternary ammonium compound efflux MFS transporter QacB	NF000089.1	QacA/B family quaternary ammonium compound efflux MFS transporter
3c20e8352ba14d002c447d93b33eb8aa	blaOXA-1391	OXA-1 family class D beta-lactamase OXA-1391	core	AMR	AMR	BETA-LACTAM	BETA-LACTAM	ALLELEP	276	276	100.00	100.00	276	WP_100117392.1	OXA-1 family class D beta-lactamase OXA-1391	NF000388.2	OXA-1 family class D beta-lactamase
3c2efae0e233bd6dacb5dd941dbf644a	qacH	quaternary ammonium compound efflux SMR transporter QacH	core	STRESS	BIOCIDE	QUATERNARY AMMONIUM	QUATERNARY AMMONIUM	BLASTP	107	107	100.00	99.07	107	WP_032489340.1	quaternary ammonium compound efflux SMR transporter QacH	NF000279.1	quaternary ammonium compound efflux SMR transporter QacH
3c7b1ca3ab92db408df0d8663aeab49c	mphM	macrolide 2'-phosphotransferase MphM	core	AMR	AMR	MACROLIDE	MACROLIDE	BLASTP	301	299	100.00	99.00	299	WP_016078774.1	macrolide 2'-phosphotransferase MphM	NF038056.1	macrolide 2'-phosphotransferase MphM
3d11be170eb7c293a99e044c2cbf2aa2	qnrB7	quinolone resistance pentapeptide repeat protein QnrB7	core	AMR	AMR	QUINOLONE	QUINOLONE	ALLELEP	214	214	100.00	100.00	214	WP_063866276.1	quinolone resistance pentapeptide repeat protein QnrB7	NF000420.1	QnrB family quinolone resistance pentapeptide repeat protein
3d164a2eff8364252701e390b6ac17da	dfrA19	trimethoprim-resistant dihydrofolate reductase DfrA19	core	AMR	AMR	TRIMETHOPRIM	TRIMETHOPRIM	BLASTP	188	189	100.00	98.94	189	WP_000019304.1	trimethoprim-resistant dihydrofolate reductase DfrA19	NF000041.1	trimethoprim-resistant dihydrofolate reductase DfrA19
3d3299aa20ea3c3ae8f398ca55c317ff	mrx(A)	phosphorylated macrolide efflux MFS transporter Mrx(A)	core	AMR	AMR	MACROLIDE	AZITHROMYCIN/ERYTHROMYCIN/SPIRAMYCIN/TELITHROMYCIN	BLASTP	412	412	100.00	99.76	412	WP_000004159.1	phosphorylated macrolide efflux MFS transporter Mrx(A)	NA	NA
3da5e7828101f360fc285f9b5daaa378	blaOXA	OXA-48 family class D beta-lactamase	core	AMR	AMR	BETA-LACTAM	BETA-LACTAM	BLASTP	264	265	100.00	99.62	265	WP_015059991.1	OXA-48 family carbapenem-hydrolyzing class D beta-lactamase OXA-48	NF000387.2	OXA-48 family class D beta-lactamase
3e0e651edc896b464c8ede7f49195890	mph(A)	Mph(A) family macrolide 2'-phosphotransferase	core	AMR	AMR	MACROLIDE	AZITHROMYCIN/ERYTHROMYCIN/SPIRAMYCIN/TELITHROMYCIN	BLASTP	301	301	100.00	99.67	301	WP_000219391.1	Mph(A) family macrolide 2'-phosphotransferase	NF000254.1	Mph(A) family macrolide 2'-phosphotransferase
3e1393138e939e433d8b0c40319f4a43	mecB	PBP2a family beta-lactam-resistant peptidoglycan transpeptidase MecB	core	AMR	AMR	BETA-LACTAM	METHICILLIN	BLASTP	674	674	100.00	99.85	674	WP_012655867.1	PBP2a family beta-lactam-resistant peptidoglycan transpeptidase MecB	NF000406.1	PBP2a family beta-lactam-resistant peptidoglycan transpeptidase MecB
3e5e6add9941991f3d9fff1a53d37dd3	sul1	sulfonamide-resistant dihydropteroate synthase Sul1	core	AMR	AMR	SULFONAMIDE	SULFONAMIDE	EXACTP	283	283	100.00	100.00	283	WP_000946487.1	sulfonamide-resistant dihydropteroate synthase Sul1	NF000294.1	sulfonamide-resistant dihydropteroate synthase Sul1
3e756efab9443d10b59612cbc09423ef	catB	type B chloramphenicol O-acetyltransferase	core	AMR	AMR	PHENICOL	CHLORAMPHENICOL	HMM	209	210	97.62	73.17	205	WP_032492194.1	type B chloramphenicol O-acetyltransferase	NF000490.1	type B chloramphenicol O-acetyltransferase
3ec32e7afa0cc269f5a4119606c0c93c	blaCTX-M-136	extended-spectrum class A beta-lactamase CTX-M-136	core	AMR	AMR	BETA-LACTAM	CEPHALOSPORIN	ALLELEP	291	291	100.00	100.00	291	WP_063859953.1	extended-spectrum class A beta-lactamase CTX-M-136	NF033089.1	CTX-M family extended-spectrum class A beta-lactamase
3f3a16b6e74e40e26f4632642650e210	aac(3)-Id	aminoglycoside N-acetyltransferase AAC(3)-Id	core	AMR	AMR	AMINOGLYCOSIDE	GENTAMICIN	EXACTP	158	158	100.00	100.00	158	WP_038404949.1	aminoglycoside N-acetyltransferase AAC(3)-Id	NF033083.0	AAC(3)-I family aminoglycoside 3-N-acetyltransferase
3f5eeaed20102f7510aab43142aaf9a4	dfrA12	trimethoprim-resistant dihydrofolate reductase DfrA12	core	AMR	AMR	TRIMETHOPRIM	TRIMETHOPRIM	BLASTP	165	165	100.00	99.39	165	WP_001083725.1	trimethoprim-resistant dihydrofolate reductase DfrA12	NF000053.2	trimethoprim-resistant dihydrofolate reductase DfrA12
3ff4e44315237dd26b5f8ac013aacd11	oqxB	multidrug efflux RND transporter permease subunit OqxB	core	AMR	AMR	PHENICOL/QUINOLONE	PHENICOL/QUINOLONE	BLASTP	1050	1050	100.00	99.81	1050	WP_000347934.1	multidrug efflux RND transporter permease subunit OqxB	NF000037.1	multidrug efflux RND transporter permease subunit OqxB
400a1c34a07b7e0d4c63e9b2030673a2	dfrA16	trimethoprim-resistant dihydrofolate reductase DfrA16	core	AMR	AMR	TRIMETHOPRIM	TRIMETHOPRIM	EXACTP	157	157	100.00	100.00	157	WP_032490158.1	trimethoprim-resistant dihydrofolate reductase DfrA16	NF000330.1	trimethoprim-resistant dihydrofolate reductase DfrA
400d9afb469db16897a959788359a7c8	tmexD	multidrug efflux RND transporter permease subunit TMexD	core	AMR	AMR	TETRACYCLINE	TIGECYCLINE	BLASTP	1044	1044	100.00	99.90	1044	WP_118842627.1	multidrug efflux RND transporter permease subunit TMexD1	NA	NA
404ab25b8e1a54ea55339630120838eb	aac(6')	aminoglycoside 6'-N-acetyltransferase	core	AMR	AMR	AMINOGLYCOSIDE	AMINOGLYCOSIDE	HMM	182	184	100.00	92.39	184	WP_071766621.1	aminoglycoside 6'-N-acetyltransferase	NF012165.0	aminoglycoside 6'-N-acetyltransferase
404c1509b8405ca1e650c3f981ddb15f	aadA2	ANT(3'')-Ia family aminoglycoside nucleotidyltransferase AadA2	core	AMR	AMR	AMINOGLYCOSIDE	STREPTOMYCIN	BLASTP	263	263	100.00	99.62	263	WP_001261740.1	ANT(3'')-Ia family aminoglycoside nucleotidyltransferase AadA2	NF012157.0	ANT(3'')-I family aminoglycoside nucleotidyltransferase
4109a970a4c7d981cbac8568540351ec	qnrB	QnrB family quinolone resistance pentapeptide repeat protein	core	AMR	AMR	QUINOLONE	QUINOLONE	BLASTP	214	214	100.00	99.07	214	WP_017900990.1	quinolone resistance pentapeptide repeat protein QnrB4	NF000420.1	QnrB family quinolone resistance pentapeptide repeat protein
412825f5e5bcb52c648ea557e12d5c5b	mcr-8	MCR-8 family phosphoethanolamine--lipid A transferase	core	AMR	AMR	COLISTIN	COLISTIN	BLASTP	565	565	100.00	99.82	565	WP_072310976.1	phosphoethanolamine--lipid A transferase MCR-8.2	NF033669.1	MCR-8 family phosphoethanolamine--lipid A transferase
41ea894f695dd4430ef21990e2c39036	aph(3')-VIa	aminoglycoside O-phosphotransferase APH(3')-VIa	core	AMR	AMR	AMINOGLYCOSIDE	AMIKACIN/KANAMYCIN	EXACTP	259	259	100.00	100.00	259	WP_000422636.1	aminoglycoside O-phosphotransferase APH(3')-VIa	NF033062.0	APH(3')-VI family aminoglycoside O-phosphotransferase
41ee4b3db4f2a58f07f4bf2683b161ac	tet(M)	tetracycline resistance ribosomal protection protein Tet(M)	core	AMR	AMR	TETRACYCLINE	TETRACYCLINE	BLASTP	639	639	100.00	98.12	639	WP_063856397.1	tetracycline resistance ribosomal protection protein Tet(M)	NF012155.1	tetracycline resistance ribosomal protection protein Tet(M)
41f6983af9f0f8a7ebaa1d9d25379a3d	blaZ	penicillin-hydrolyzing class A beta-lactamase BlaZ	core	AMR	AMR	BETA-LACTAM	BETA-LACTAM	BLASTP	281	281	100.00	99.64	281	WP_000733289.1	penicillin-hydrolyzing class A beta-lactamase BlaZ	NF033139.1	penicillin-hydrolyzing class A beta-lactamase BlaZ
426c3c4a6b6bd569d2b4aa372136463a	lsa(E)	ABC-F type ribosomal protection protein Lsa(E)	core	AMR	AMR	LINCOSAMIDE/STREPTOGRAMIN	LINCOSAMIDE/STREPTOGRAMIN	BLASTP	494	494	100.00	99.80	494	WP_002294513.1	ABC-F type ribosomal protection protein Lsa(E)	NF000167.2	Lsa family ABC-F type ribosomal protection protein
4298a63c9e42fed25fb9bc0b173af4de	blaSHV	SHV family class A beta-lactamase	core	AMR	AMR	BETA-LACTAM	BETA-LACTAM	BLASTP	286	286	100.00	99.65	286	WP_002904004.1	extended-spectrum class A beta-lactamase SHV-12	NF000285.3	SHV family class A beta-lactamase
42b76290ea320748b928a73ee270b36b	msr(A)	ABC-F type ribosomal protection protein Msr(A)	core	AMR	AMR	MACROLIDE/STREPTOGRAMIN	ERYTHROMYCIN/STREPTOGRAMIN B	BLASTP	488	488	100.00	99.80	488	WP_002447408.1	ABC-F type ribosomal protection protein Msr(A)	NF000256.1	ABC-F type ribosomal protection protein Msr(A)
42c8f14ce0bd31d77426ff2063960760	tet(B)	tetracycline efflux MFS transporter Tet(B)	core	AMR	AMR	TETRACYCLINE	TETRACYCLINE	EXACTP	401	401	100.00	100.00	401	WP_001089068.1	tetracycline efflux MFS transporter Tet(B)	NF012190.1	tetracycline efflux MFS transporter Tet(B)
42f5e3a6b26751293d5dbf9b413bae6f	blaOXA	OXA-23 family carbapenem-hydrolyzing class D beta-lactamase	core	AMR	AMR	BETA-LACTAM	CARBAPENEM	BLASTP	267	273	97.44	97.74	266	WP_001046004.1	OXA-23 family carbapenem-hydrolyzing class D beta-lactamase OXA-23	NF000266.2	OXA-23 family carbapenem-hydrolyzing class D beta-lactamase
4301e10f76f76529bafb904ed10b38e0	aac(6')-Ie/aph(2'')-Ia	bifunctional aminoglycoside N-acetyltransferase AAC(6')-Ie/aminoglycoside O-phosphotransferase APH(2'')-Ia	core	AMR	AMR	AMINOGLYCOSIDE	AMIKACIN/GENTAMICIN/KANAMYCIN/TOBRAMYCIN	BLASTP	479	479	100.00	99.79	479	WP_001028144.1	bifunctional aminoglycoside N-acetyltransferase AAC(6')-Ie/aminoglycoside O-phosphotransferase APH(2'')-Ia	NF000508.1	aminoglycoside O-phosphotransferase APH(2'')-Ia
430e619e0a372894f77b2ec4d143ecf2	aph(6)-Id	aminoglycoside O-phosphotransferase APH(6)-Id	core	AMR	AMR	AMINOGLYCOSIDE	STREPTOMYCIN	BLASTP	278	278	100.00	99.64	278	WP_000480972.1	aminoglycoside O-phosphotransferase APH(6)-Id	NF012171.0	APH(6)-I family aminoglycoside O-phosphotransferase
4345c4bc361a82a4d3caf4da73cbadd6	tet(K)	tetracycline efflux MFS transporter Tet(K)	core	AMR	AMR	TETRACYCLINE	TETRACYCLINE	BLASTP	459	459	100.00	99.35	459	WP_000492283.1	tetracycline efflux MFS transporter Tet(K)	NF012183.0	tetracycline efflux MFS transporter Tet(K)
43654fafb7239cd869a49f8d431f3115	sul2	sulfonamide-resistant dihydropteroate synthase Sul2	core	AMR	AMR	SULFONAMIDE	SULFONAMIDE	BLASTP	271	271	100.00	99.63	271	WP_001043260.1	sulfonamide-resistant dihydropteroate synthase Sul2	NF000295.1	sulfonamide-resistant dihydropteroate synthase Sul2
43b82377904625f6abf8b28b950e79c5	blaOXA	OXA-1 family class D beta-lactamase	core	AMR	AMR	BETA-LACTAM	BETA-LACTAM	BLASTP	276	276	100.00	99.64	276	WP_001334766.1	oxacillin-hydrolyzing class D beta-lactamase OXA-1	NF000388.2	OXA-1 family class D beta-lactamase
43ca7acd8b34838329a365f261f09677	aph(6)-Id	aminoglycoside O-phosphotransferase APH(6)-Id	core	AMR	AMR	AMINOGLYCOSIDE	STREPTOMYCIN	PARTIALP	255	278	88.85	100.00	247	WP_000480968.1	aminoglycoside O-phosphotransferase APH(6)-Id	NF012171.0	APH(6)-I family aminoglycoside O-phosphotransferase
43f42014f4a0811e125490800e41172d	mph	Mph(E)/Mph(G) family macrolide 2'-phosphotransferase	core	AMR	AMR	MACROLIDE	MACROLIDE	HMM	274	294	93.20	97.81	274	WP_014325835.1	Mph(E)/Mph(G) family macrolide 2'-phosphotransferase	NF000241.1	Mph(E)/Mph(G) family macrolide 2'-phosphotransferase
43fc60014eb1f90b620e4cf4aa4a5e32	tet(A)	tetracycline efflux MFS transporter Tet(A)	core	AMR	AMR	TETRACYCLINE	TETRACYCLINE	BLASTP	396	399	98.50	99.49	393	WP_000804064.1	tetracycline efflux MFS transporter Tet(A)	NF012193.0	tetracycline efflux MFS transporter Tet(A)
441e896f8ebc6be487b350b669c82873	tet(A)	tetracycline efflux MFS transporter Tet(A)	core	AMR	AMR	TETRACYCLINE	TETRACYCLINE	BLASTP	399	399	100.00	99.75	399	WP_000804064.1	tetracycline efflux MFS transporter Tet(A)	NF012193.0	tetracycline efflux MFS transporter Tet(A)
4437d4650625099d6dda8a4e0446ab2b	floR	chloramphenicol/florfenicol efflux MFS transporter FloR	core	AMR	AMR	PHENICOL	CHLORAMPHENICOL/FLORFENICOL	BLASTP	404	404	100.00	99.50	404	WP_000214122.1	chloramphenicol/florfenicol efflux MFS transporter FloR	NF000219.1	chloramphenicol/florfenicol efflux MFS transporter FloR
4439d407e441ff311d53c40324e6fc58	qnrS	QnrS family quinolone resistance pentapeptide repeat protein	core	AMR	AMR	QUINOLONE	QUINOLONE	BLASTP	218	218	100.00	99.54	218	WP_001516695.1	quinolone resistance pentapeptide repeat protein QnrS1	NF000056.3	QnrS family quinolone resistance pentapeptide repeat protein
44b10502f0915446f9e3e2273f0f5d2f	rmtB	RmtB family 16S rRNA (guanine(1405)-N(7))-methyltransferase	core	AMR	AMR	AMINOGLYCOSIDE	AMINOGLYCOSIDE	BLASTP	251	251	100.00	99.60	251	WP_012372818.1	16S rRNA (guanine(1405)-N(7))-methyltransferase RmtB1	NF033209.1	RmtB family 16S rRNA (guanine(1405)-N(7))-methyltransferase
44c71931d96797ffba8fcc60ecef5851	blaCTX-M-55	extended-spectrum class A beta-lactamase CTX-M-55	core	AMR	AMR	BETA-LACTAM	CEPHALOSPORIN	ALLELEP	291	291	100.00	100.00	291	WP_015387340.1	extended-spectrum class A beta-lactamase CTX-M-55	NF033089.1	CTX-M family extended-spectrum class A beta-lactamase
455290ecd6ef4bca974a774d78355d8d	qacE	quaternary ammonium compound efflux SMR transporter QacE	core	STRESS	BIOCIDE	QUATERNARY AMMONIUM	QUATERNARY AMMONIUM	BLASTP	110	110	100.00	98.18	110	WP_010890145.1	quaternary ammonium compound efflux SMR transporter QacE	NF000276.2	quaternary ammonium compound efflux SMR transporter QacE
4554826452f29f252b71d64e23dfe708	msr(A)	ABC-F type ribosomal protection protein Msr(A)	core	AMR	AMR	MACROLIDE/STREPTOGRAMIN	ERYTHROMYCIN/STREPTOGRAMIN B	BLASTP	488	488	100.00	99.80	488	WP_002447408.1	ABC-F type ribosomal protection protein Msr(A)	NF000256.1	ABC-F type ribosomal protection protein Msr(A)
456e3d91bea853b40bdf0728d51211e9	blaGES-4	inhibitor-resistant carbapenem-hydrolyzing class A beta-lactamase GES-4	core	AMR	AMR	BETA-LACTAM	CARBAPENEM	ALLELEP	287	287	100.00	100.00	287	WP_063860518.1	inhibitor-resistant carbapenem-hydrolyzing class A beta-lactamase GES-4	NF012103.0	GES family class A beta-lactamase
456f4f5ab0bff1bc8f85267f94515fb2	vanS-A	vancomycin resistance histidine kinase VanS-A	core	AMR	AMR	GLYCOPEPTIDE	VANCOMYCIN	BLASTP	384	384	100.00	99.74	384	WP_002305818.1	vancomycin resistance histidine kinase VanS-A	NF033091.0	vancomycin resistance histidine kinase VanS
45b2a313b8e85c4c32d4f4ba81fc8da3	blaNDM-27	subclass B1 metallo-beta-lactamase NDM-27	core	AMR	AMR	BETA-LACTAM	CARBAPENEM	ALLELEP	270	270	100.00	100.00	270	WP_123002102.1	subclass B1 metallo-beta-lactamase NDM-27	NF000259.2	NDM family subclass B1 metallo-beta-lactamase
45f2b4ecfacddb73218e9edff7c7f16c	mph(A)	Mph(A) family macrolide 2'-phosphotransferase	core	AMR	AMR	MACROLIDE	AZITHROMYCIN/ERYTHROMYCIN/SPIRAMYCIN/TELITHROMYCIN	BLASTP	301	301	100.00	99.67	301	WP_000219391.1	Mph(A) family macrolide 2'-phosphotransferase	NF000254.1	Mph(A) family macrolide 2'-phosphotransferase
46a600336b6679c9629194cec1151338	qnrB4	quinolone resistance pentapeptide repeat protein QnrB4	core	AMR	AMR	QUINOLONE	QUINOLONE	ALLELEP	214	214	100.00	100.00	214	WP_017900990.1	quinolone resistance pentapeptide repeat protein QnrB4	NF000420.1	QnrB family quinolone resistance pentapeptide repeat protein
46c7e2c62fffb22792212454ed9bf8f5	mph(A)	Mph(A) family macrolide 2'-phosphotransferase	core	AMR	AMR	MACROLIDE	AZITHROMYCIN/ERYTHROMYCIN/SPIRAMYCIN/TELITHROMYCIN	BLASTP	301	301	100.00	99.67	301	WP_000219391.1	Mph(A) family macrolide 2'-phosphotransferase	NF000254.1	Mph(A) family macrolide 2'-phosphotransferase
46d9e08551621e5f63d14719685a259c	mleBCB	BCB family alpha/beta fold macrolide esterase	core	AMR	AMR	MACROLIDE	TYLOSIN	BLASTP	284	287	97.91	92.53	281	WP_459076516.1	BCB family alpha/beta fold macrolide esterase	NF052610.1	alpha/beta fold macrolide esterase
46fa48ceabb7f8db3fbc1f8ada8eb3b1	floR	chloramphenicol/florfenicol efflux MFS transporter FloR	core	AMR	AMR	PHENICOL	CHLORAMPHENICOL/FLORFENICOL	BLASTP	404	404	100.00	99.50	404	WP_000214123.1	chloramphenicol/florfenicol efflux MFS transporter FloR	NF000219.1	chloramphenicol/florfenicol efflux MFS transporter FloR
471f61c78912bb3f12d3c257301cd2a4	vanZ-A	glycopeptide resistance protein VanZ-A	core	AMR	AMR	GLYCOPEPTIDE	VANCOMYCIN	BLASTP	149	161	92.55	100.00	149	WP_000516404.1	glycopeptide resistance protein VanZ-A	NF033125.2	glycopeptide resistance protein VanZ-A
4727e06b6dedc26b491fd6004fbfc4e6	aadA15	ANT(3'')-Ia family aminoglycoside nucleotidyltransferase AadA15	core	AMR	AMR	AMINOGLYCOSIDE	STREPTOMYCIN	BLASTP	263	263	100.00	99.24	263	WP_070342366.1	ANT(3'')-Ia family aminoglycoside nucleotidyltransferase AadA15	NF012157.0	ANT(3'')-I family aminoglycoside nucleotidyltransferase
472c67ee1772722e2ec5e5b6b7334be6	aph(2'')-IIa	aminoglycoside O-phosphotransferase APH(2'')-IIa	core	AMR	AMR	AMINOGLYCOSIDE	AMIKACIN/GENTAMICIN/KANAMYCIN/TOBRAMYCIN	BLASTP	299	299	100.00	99.67	299	WP_063840674.1	aminoglycoside O-phosphotransferase APH(2'')-IIa	NF000015.3	aminoglycoside O-phosphotransferase APH(2'')-IIa
474cabff0eaab6fb6f2a21fdd32134fb	dfrB4	trimethoprim-resistant dihydrofolate reductase DfrB4	core	AMR	AMR	TRIMETHOPRIM	TRIMETHOPRIM	EXACTP	78	78	100.00	100.00	78	WP_024167031.1	trimethoprim-resistant dihydrofolate reductase DfrB4	NF000331.2	trimethoprim-resistant dihydrofolate reductase DfrB
47951d1a7e02cefb38a46bb55fb5fb7c	msr(E)	ABC-F type ribosomal protection protein Msr(E)	core	AMR	AMR	MACROLIDE/STREPTOGRAMIN	AZITHROMYCIN/ERYTHROMYCIN/STREPTOGRAMIN	BLASTP	491	491	100.00	99.80	491	WP_000052512.1	ABC-F type ribosomal protection protein Msr(E)	NF000168.2	Msr family ABC-F type ribosomal protection protein
47d8d8ad84e7cb523a87f5e8ddccf4f0	mcr-3.1	phosphoethanolamine--lipid A transferase MCR-3.1	core	AMR	AMR	COLISTIN	COLISTIN	ALLELEP	541	541	100.00	100.00	541	WP_039026394.1	phosphoethanolamine--lipid A transferase MCR-3.1	NF033408.5	MCR-3 family phosphoethanolamine--lipid A transferase
47e5cd0560479d15d4ed86d81ce8e79d	blaKPC-74	inhibitor-resistant extended-spectrum class A beta-lactamase KPC-74	core	AMR	AMR	BETA-LACTAM	CEPHALOSPORIN	ALLELEP	291	291	100.00	100.00	291	WP_188331874.1	inhibitor-resistant extended-spectrum class A beta-lactamase KPC-74	NF012141.1	KPC family carbapenem-hydrolyzing class A beta-lactamase
47e91d42bf516b8b46f2770ff9aeb06a	fexA	chloramphenicol/florfenicol efflux MFS transporter FexA	core	AMR	AMR	PHENICOL	CHLORAMPHENICOL/FLORFENICOL	BLASTP	475	475	100.00	98.95	475	WP_015585966.1	chloramphenicol/florfenicol efflux MFS transporter FexA	NF000218.1	chloramphenicol/florfenicol efflux MFS transporter FexA
48624ff90b0abac7c7a1567fe2973eb7	mcr-3	MCR-3-related phosphoethanolamine--lipid A transferase	core	AMR	AMR	COLISTIN	COLISTIN	BLASTP	541	541	100.00	91.50	541	WP_042649073.1	MCR-3-related phosphoethanolamine--lipid A transferase	NF033409.0	MCR-3-related phosphoethanolamine--lipid A transferase
48c31b12945292f24156ab05df85e0ad	blaCTX-M-14	extended-spectrum class A beta-lactamase CTX-M-14	core	AMR	AMR	BETA-LACTAM	CEPHALOSPORIN	ALLELEP	291	291	100.00	100.00	291	WP_001617865.1	extended-spectrum class A beta-lactamase CTX-M-14	NF033089.1	CTX-M family extended-spectrum class A beta-lactamase
492b1335f93b5528d9d64edd61a3c259	qacA	quaternary ammonium compound efflux MFS transporter QacA	core	STRESS	BIOCIDE	QUATERNARY AMMONIUM	QUATERNARY AMMONIUM	BLASTP	514	514	100.00	99.81	514	WP_000622776.1	quaternary ammonium compound efflux MFS transporter QacA	NF000089.1	QacA/B family quaternary ammonium compound efflux MFS transporter
49341f9a7794d46041eb173604156899	sul2	sulfonamide-resistant dihydropteroate synthase Sul2	core	AMR	AMR	SULFONAMIDE	SULFONAMIDE	BLASTP	271	271	100.00	99.63	271	WP_001043260.1	sulfonamide-resistant dihydropteroate synthase Sul2	NF000295.1	sulfonamide-resistant dihydropteroate synthase Sul2
49494db96d15e3bbb550b150afb53401	tet(A)	tetracycline efflux MFS transporter Tet(A)	core	AMR	AMR	TETRACYCLINE	TETRACYCLINE	BLASTP	399	399	100.00	99.75	399	WP_000804064.1	tetracycline efflux MFS transporter Tet(A)	NF012193.0	tetracycline efflux MFS transporter Tet(A)
49538dd2103c0be33c3afab3596d9a8b	mcr-10.1	phosphoethanolamine--lipid A transferase MCR-10.1	core	AMR	AMR	COLISTIN	COLISTIN	ALLELEP	539	539	100.00	100.00	539	WP_023332837.1	phosphoethanolamine--lipid A transferase MCR-10.1	NF033862.2	MCR-10 family phosphoethanolamine--lipid A transferase
49889584f4bfcd6c50c1a7b46784a455	mrx(A)	phosphorylated macrolide efflux MFS transporter Mrx(A)	core	AMR	AMR	MACROLIDE	AZITHROMYCIN/ERYTHROMYCIN/SPIRAMYCIN/TELITHROMYCIN	BLASTP	394	412	100.00	95.63	412	WP_000004159.1	phosphorylated macrolide efflux MFS transporter Mrx(A)	NA	NA
49c1863cb2e6fdd90c24a176967fc8fd	aph(3')-Ia	aminoglycoside O-phosphotransferase APH(3')-Ia	core	AMR	AMR	AMINOGLYCOSIDE	KANAMYCIN	EXACTP	271	271	100.00	100.00	271	WP_000018326.1	aminoglycoside O-phosphotransferase APH(3')-Ia	NF051474.1	aminoglycoside O-phosphotransferase APH(3')-Ia
49c85ee7b659ecfe49deb6d05ebb8c8f	catA	type A-7 chloramphenicol O-acetyltransferase	core	AMR	AMR	PHENICOL	CHLORAMPHENICOL	EXACTP	215	215	100.00	100.00	215	WP_002331392.1	type A-7 chloramphenicol O-acetyltransferase	NF000491.1	type A chloramphenicol O-acetyltransferase
49cd30de11dc1883cda250bb411754cb	optrA	ABC-F type ribosomal protection protein OptrA	core	AMR	AMR	OXAZOLIDINONE/PHENICOL	FLORFENICOL/OXAZOLIDINONE	BLASTP	637	655	97.25	99.69	637	WP_063854496.1	ABC-F type ribosomal protection protein OptrA	NF000514.1	ABC-F type ribosomal protection protein OptrA
4a2d4698c7e67a851167034a26dc1f5e	cfr	23S rRNA (adenine(2503)-C(8))-methyltransferase Cfr	core	AMR	AMR	LINCOSAMIDE/OXAZOLIDINONE/PHENICOL/PLEUROMUTILIN/STREPTOGRAMIN	CHLORAMPHENICOL/CLINDAMYCIN/FLORFENICOL/LINEZOLID/STREPTOGRAMIN B/TIAMULIN/VIRGINIAMYCIN	BLASTP	349	349	100.00	99.43	349	WP_001010505.1	23S rRNA (adenine(2503)-C(8))-methyltransferase Cfr	NF000424.4	Cfr family 23S rRNA (adenine(2503)-C(8))-methyltransferase
4a8728298e1f8aef029b571ab169323c	blaPER-3	extended-spectrum class A beta-lactamase PER-3	core	AMR	AMR	BETA-LACTAM	CEPHALOSPORIN	ALLELEP	308	308	100.00	100.00	308	WP_049637349.1	extended-spectrum class A beta-lactamase PER-3	NF000389.2	PER family extended-spectrum class A beta-lactamase
4ac9160bdd567f1e9945ee246fa922f5	blaTEM-135	broad-spectrum class A beta-lactamase TEM-135	core	AMR	AMR	BETA-LACTAM	BETA-LACTAM	ALLELEP	286	286	100.00	100.00	286	WP_015058868.1	broad-spectrum class A beta-lactamase TEM-135	NF000531.2	TEM family class A beta-lactamase
4b1d483e4d899311735d49a3a6e28362	vanS-Pt	vancomycin resistance histidine kinase VanS-Pt	core	AMR	AMR	GLYCOPEPTIDE	VANCOMYCIN	BLASTP	384	386	99.48	90.36	384	WP_063856741.1	vancomycin resistance histidine kinase VanS-Pt	NF033091.0	vancomycin resistance histidine kinase VanS
4b31f16b41f3fb0a3d3ba86951b7f0f6	fosA5	fosfomycin resistance glutathione transferase FosA5	core	AMR	AMR	FOSFOMYCIN	FOSFOMYCIN	ALLELEP	139	139	100.00	100.00	139	WP_012579083.1	fosfomycin resistance glutathione transferase FosA5	NF040540.1	FosA5 family fosfomycin resistance glutathione transferase
4b3e0c022348d9307c018cc1bb9e8dd8	toprJ1	multidrug efflux transporter outer membrane subunit TOprJ1	core	AMR	AMR	TETRACYCLINE	TIGECYCLINE	ALLELEP	477	477	100.00	100.00	477	WP_003152694.1	multidrug efflux transporter outer membrane subunit TOprJ1	NA	NA
4b4005e1f5f45f11661f2f79949fb437	sul1	sulfonamide-resistant dihydropteroate synthase Sul1	core	AMR	AMR	SULFONAMIDE	SULFONAMIDE	EXACTP	279	279	100.00	100.00	279	WP_000259031.1	sulfonamide-resistant dihydropteroate synthase Sul1	NF000294.1	sulfonamide-resistant dihydropteroate synthase Sul1
4b61ccb19d652afbb358ab38b09fa431	blaIII	class A beta-lactamase BlaIII	core	AMR	AMR	BETA-LACTAM	BETA-LACTAM	HMM	316	316	100.00	89.56	316	WP_000497840.1	class A beta-lactamase BlaIII	NF041270.1	class A beta-lactamase BlaIII
4b6d9401f3b033ab03be623df761f5f2	blaOXA-101	OXA-10 family class D beta-lactamase OXA-101	core	AMR	AMR	BETA-LACTAM	CEPHALOSPORIN	ALLELEP	266	266	100.00	100.00	266	WP_063860937.1	OXA-10 family class D beta-lactamase OXA-101	NF000386.2	OXA-10 family class D beta-lactamase
4beadf1b16db8b76313b695b70e4b417	aph(3')-Ia	aminoglycoside O-phosphotransferase APH(3')-Ia	core	AMR	AMR	AMINOGLYCOSIDE	KANAMYCIN	BLASTP	271	271	100.00	98.89	271	WP_000018329.1	aminoglycoside O-phosphotransferase APH(3')-Ia	NF051474.1	aminoglycoside O-phosphotransferase APH(3')-Ia
4bf7f195885544a3f91645e7bcd02727	tet(A)	tetracycline efflux MFS transporter Tet(A)	core	AMR	AMR	TETRACYCLINE	TETRACYCLINE	BLASTP	410	399	98.50	99.75	393	WP_000804064.1	tetracycline efflux MFS transporter Tet(A)	NF012193.0	tetracycline efflux MFS transporter Tet(A)
4c74b3237595bf8f9fab6816045f779d	ant(3'')	ANT(3'')-I family aminoglycoside nucleotidyltransferase	core	AMR	AMR	AMINOGLYCOSIDE	SPECTINOMYCIN/STREPTOMYCIN	HMM	252	263	96.96	92.55	255	WP_071846364.1	ANT(3'')-I family aminoglycoside nucleotidyltransferase	NF012157.0	ANT(3'')-I family aminoglycoside nucleotidyltransferase
4cd8ee5e0c22ff409c525e1d3c85cdfd	optrA	ABC-F type ribosomal protection protein OptrA	core	AMR	AMR	OXAZOLIDINONE/PHENICOL	FLORFENICOL/OXAZOLIDINONE	BLASTP	655	655	100.00	99.54	655	WP_063854496.1	ABC-F type ribosomal protection protein OptrA	NF000514.1	ABC-F type ribosomal protection protein OptrA
4ce5d9d59f4c194afb98138212ebf3ce	blaAFM-1	subclass B1 metallo-beta-lactamase AFM-1	core	AMR	AMR	BETA-LACTAM	CARBAPENEM	ALLELEP	267	267	100.00	100.00	267	WP_069953510.1	subclass B1 metallo-beta-lactamase AFM-1	NF033736.2	AFM family subclass B1 metallo-beta-lactamase
4d04e430dec118f56b7a4723a711d943	msr(A)	ABC-F type ribosomal protection protein Msr(A)	core	AMR	AMR	MACROLIDE/STREPTOGRAMIN	ERYTHROMYCIN/STREPTOGRAMIN B	BLASTP	488	488	100.00	99.80	488	WP_000438874.1	ABC-F type ribosomal protection protein Msr(A)	NF000256.1	ABC-F type ribosomal protection protein Msr(A)
4d98dae02d65dbb4f67ae39e3b357c20	floR	chloramphenicol/florfenicol efflux MFS transporter FloR	core	AMR	AMR	PHENICOL	CHLORAMPHENICOL/FLORFENICOL	BLASTP	404	404	100.00	99.75	404	WP_000214119.1	chloramphenicol/florfenicol efflux MFS transporter FloR	NF000219.1	chloramphenicol/florfenicol efflux MFS transporter FloR
4db1e370b06ee766ed95341a60d42522	tet(A)	tetracycline efflux MFS transporter Tet(A)	core	AMR	AMR	TETRACYCLINE	TETRACYCLINE	BLASTP	399	399	100.00	99.50	399	WP_000804063.1	tetracycline efflux MFS transporter Tet(A)	NF012193.0	tetracycline efflux MFS transporter Tet(A)
4dff91e8e9ce39b7a40873e96665bd8f	tet(X5)	tetracycline-inactivating monooxygenase Tet(X5)	core	AMR	AMR	TETRACYCLINE	TIGECYCLINE	EXACTP	388	388	100.00	100.00	388	WP_150378267.1	tetracycline-inactivating monooxygenase Tet(X5)	NF033111.2	tetracycline-inactivating monooxygenase Tet(X)
4e0f79b18a5a7023348ac5e31994a80b	qacB	quaternary ammonium compound efflux MFS transporter QacB	core	STRESS	BIOCIDE	QUATERNARY AMMONIUM	QUATERNARY AMMONIUM	BLASTP	514	514	100.00	99.42	514	WP_000622778.1	quaternary ammonium compound efflux MFS transporter QacB	NF000089.1	QacA/B family quaternary ammonium compound efflux MFS transporter
4e248ef2c1a92250e2b2d0d37b2b66e1	aac(3)-IVa	aminoglycoside N-acetyltransferase AAC(3)-IVa	core	AMR	AMR	AMINOGLYCOSIDE	APRAMYCIN/GENTAMICIN/TOBRAMYCIN	BLASTP	258	258	100.00	99.61	258	WP_001199192.1	aminoglycoside N-acetyltransferase AAC(3)-IVa	NF033081.0	AAC(3)-IV family aminoglycoside N-acetyltransferase
4e48bcb47b82985737e85e24abb3d7c2	blaOXA-58	carbapenem-hydrolyzing class D beta-lactamase OXA-58	core	AMR	AMR	BETA-LACTAM	CARBAPENEM	ALLELEP	280	280	100.00	100.00	280	WP_002002480.1	carbapenem-hydrolyzing class D beta-lactamase OXA-58	NF000500.2	OXA-58 family carbapenem-hydrolyzing class D beta-lactamase
4ea38e5a1e3e3d1dd7200010207979ff	qacA	quaternary ammonium compound efflux MFS transporter QacA	core	STRESS	BIOCIDE	QUATERNARY AMMONIUM	QUATERNARY AMMONIUM	BLASTP	514	514	100.00	99.61	514	WP_000622776.1	quaternary ammonium compound efflux MFS transporter QacA	NF000089.1	QacA/B family quaternary ammonium compound efflux MFS transporter
4eaa932c18f82edb6e37877cf0a281ed	dfrA14	trimethoprim-resistant dihydrofolate reductase DfrA14	core	AMR	AMR	TRIMETHOPRIM	TRIMETHOPRIM	BLASTP	157	157	100.00	98.73	157	WP_004201280.1	trimethoprim-resistant dihydrofolate reductase DfrA14	NF000330.1	trimethoprim-resistant dihydrofolate reductase DfrA
4eefbdc9abdfdbe2a4e7187d0199029f	mph(A)	Mph(A) family macrolide 2'-phosphotransferase	core	AMR	AMR	MACROLIDE	AZITHROMYCIN/ERYTHROMYCIN/SPIRAMYCIN/TELITHROMYCIN	BLASTP	301	301	100.00	99.67	301	WP_000219391.1	Mph(A) family macrolide 2'-phosphotransferase	NF000254.1	Mph(A) family macrolide 2'-phosphotransferase
4f3384a01dc2de0f8cfca98a00c4b8ec	dfrA15	trimethoprim-resistant dihydrofolate reductase DfrA15	core	AMR	AMR	TRIMETHOPRIM	TRIMETHOPRIM	EXACTP	157	157	100.00	100.00	157	WP_001830196.1	trimethoprim-resistant dihydrofolate reductase DfrA15	NF000330.1	trimethoprim-resistant dihydrofolate reductase DfrA
4f38b8351f0e082510f82fbd2371eeee	blaIMP-26	subclass B1 metallo-beta-lactamase IMP-26	core	AMR	AMR	BETA-LACTAM	CARBAPENEM	ALLELEP	246	246	100.00	100.00	246	WP_060614779.1	subclass B1 metallo-beta-lactamase IMP-26	NF012147.1	IMP family subclass B1 metallo-beta-lactamase
4f648ddf3d81a5fb4ff23b6c0a856eb5	blaZ	penicillin-hydrolyzing class A beta-lactamase BlaZ	core	AMR	AMR	BETA-LACTAM	BETA-LACTAM	BLASTP	281	281	100.00	98.58	281	WP_000733274.1	penicillin-hydrolyzing class A beta-lactamase BlaZ	NF033139.1	penicillin-hydrolyzing class A beta-lactamase BlaZ
4fd0bb45be479ea0f5d265a12fc02f0b	floR	chloramphenicol/florfenicol efflux MFS transporter FloR	core	AMR	AMR	PHENICOL	CHLORAMPHENICOL/FLORFENICOL	BLASTP	404	404	100.00	99.75	404	WP_000214123.1	chloramphenicol/florfenicol efflux MFS transporter FloR	NF000219.1	chloramphenicol/florfenicol efflux MFS transporter FloR
4fd16a8316a134a6af658de231bddf6e	tmexC1	multidrug efflux RND transporter periplasmic adaptor subunit TMexC1	core	AMR	AMR	TETRACYCLINE	TIGECYCLINE	ALLELEP	387	387	100.00	100.00	387	WP_118842626.1	multidrug efflux RND transporter periplasmic adaptor subunit TMexC1	NA	NA
4fe19f6f5a8cde561af1574c3c97a504	tet(A)	tetracycline efflux MFS transporter Tet(A)	core	AMR	AMR	TETRACYCLINE	TETRACYCLINE	BLASTP	399	399	100.00	99.75	399	WP_000804064.1	tetracycline efflux MFS transporter Tet(A)	NF012193.0	tetracycline efflux MFS transporter Tet(A)
505d23e26ad78d38d49f9b07ef87ea56	blaOXA-237	OXA-134 family carbapenem-hydrolyzing class D beta-lactamase OXA-237	core	AMR	AMR	BETA-LACTAM	CARBAPENEM	ALLELEP	276	276	100.00	100.00	276	WP_000854010.1	OXA-134 family carbapenem-hydrolyzing class D beta-lactamase OXA-237	NF000436.2	OXA-134 family carbapenem-hydrolyzing class D beta-lactamase
50977f203498764920ffa8d2af2c1789	tmexD3	multidrug efflux RND transporter permease subunit TMexD3	core	AMR	AMR	TETRACYCLINE	TIGECYCLINE	ALLELEP	1044	1044	100.00	100.00	1044	WP_034065037.1	multidrug efflux RND transporter permease subunit TMexD3	NA	NA
509de0897cbea64b8803d15035591c36	blaSHV-2	extended-spectrum class A beta-lactamase SHV-2	core	AMR	AMR	BETA-LACTAM	CEPHALOSPORIN	ALLELEP	286	286	100.00	100.00	286	WP_012477587.1	extended-spectrum class A beta-lactamase SHV-2	NF000285.3	SHV family class A beta-lactamase
515a2b562a5cefde5d471280a1fe00d7	blaCTX-M-27	extended-spectrum class A beta-lactamase CTX-M-27	core	AMR	AMR	BETA-LACTAM	CEPHALOSPORIN	ALLELEP	291	291	100.00	100.00	291	WP_032277257.1	extended-spectrum class A beta-lactamase CTX-M-27	NF033089.1	CTX-M family extended-spectrum class A beta-lactamase
51720d459223a44435772ee46c0c18da	aph(3'')-Ib	aminoglycoside O-phosphotransferase APH(3'')-Ib	core	AMR	AMR	AMINOGLYCOSIDE	STREPTOMYCIN	BLASTP	267	267	100.00	99.63	267	WP_001082319.1	aminoglycoside O-phosphotransferase APH(3'')-Ib	NF032895.1	aminoglycoside O-phosphotransferase APH(3'')-Ib
517c5f8da2ea5a13851cc37f4c27717b	cfr	23S rRNA (adenine(2503)-C(8))-methyltransferase Cfr	core	AMR	AMR	LINCOSAMIDE/OXAZOLIDINONE/PHENICOL/PLEUROMUTILIN/STREPTOGRAMIN	CHLORAMPHENICOL/CLINDAMYCIN/FLORFENICOL/LINEZOLID/STREPTOGRAMIN B/TIAMULIN/VIRGINIAMYCIN	BLASTP	349	349	100.00	99.43	349	WP_001010505.1	23S rRNA (adenine(2503)-C(8))-methyltransferase Cfr	NF000424.4	Cfr family 23S rRNA (adenine(2503)-C(8))-methyltransferase
51a62781685bf039a4c4ed53992ee3dc	blaTEM-24	extended-spectrum class A beta-lactamase TEM-24	core	AMR	AMR	BETA-LACTAM	CEPHALOSPORIN	ALLELEP	286	286	100.00	100.00	286	WP_015365452.1	extended-spectrum class A beta-lactamase TEM-24	NF000531.2	TEM family class A beta-lactamase
51bceed392c4feefd14a709b6c845702	msr(E)	ABC-F type ribosomal protection protein Msr(E)	core	AMR	AMR	MACROLIDE/STREPTOGRAMIN	AZITHROMYCIN/ERYTHROMYCIN/STREPTOGRAMIN	BLASTP	491	491	100.00	99.80	491	WP_000052512.1	ABC-F type ribosomal protection protein Msr(E)	NF000168.2	Msr family ABC-F type ribosomal protection protein
51d46183ec2af38c74f5704fbcc15480	erm(B)	23S rRNA (adenine(2058)-N(6))-methyltransferase Erm(B)	core	AMR	AMR	LINCOSAMIDE/MACROLIDE/STREPTOGRAMIN	CLINDAMYCIN/ERYTHROMYCIN/STREPTOGRAMIN B	EXACTP	245	245	100.00	100.00	245	WP_002292226.1	23S rRNA (adenine(2058)-N(6))-methyltransferase Erm(B)	NF012220.1	23S rRNA (adenine(2058)-N(6))-methyltransferase Erm(B)
5234d930892cc69c915b02956543dbc6	blaZ	penicillin-hydrolyzing class A beta-lactamase BlaZ	core	AMR	AMR	BETA-LACTAM	BETA-LACTAM	BLASTP	281	281	100.00	99.29	281	WP_000733274.1	penicillin-hydrolyzing class A beta-lactamase BlaZ	NF033139.1	penicillin-hydrolyzing class A beta-lactamase BlaZ
52b5b91a7bf50c28c6219fd872ed0b9a	cmlA1	chloramphenicol efflux MFS transporter CmlA1	core	AMR	AMR	PHENICOL	CHLORAMPHENICOL	BLASTP	419	419	100.00	99.76	419	WP_000095725.1	chloramphenicol efflux MFS transporter CmlA1	NF000509.1	CmlA family chloramphenicol efflux MFS transporter
52bd72a61c6224bb1fc898cb58c719e6	mcr-3.39	phosphoethanolamine--lipid A transferase MCR-3.39	core	AMR	AMR	COLISTIN	COLISTIN	ALLELEP	541	541	100.00	100.00	541	WP_114500971.1	phosphoethanolamine--lipid A transferase MCR-3.39	NF033408.5	MCR-3 family phosphoethanolamine--lipid A transferase
52c4898348024be0fd9e3f09d4f48cfd	blaR1	beta-lactam sensor/signal transducer BlaR1	core	AMR	AMR	BETA-LACTAM	BETA-LACTAM	BLASTP	585	585	100.00	95.38	585	WP_001096376.1	beta-lactam sensor/signal transducer BlaR1	NF033108.1	beta-lactam sensor/signal transducer BlaR1
5300a2fd7d0c69ce9bf3182588746b2f	sul2	sulfonamide-resistant dihydropteroate synthase Sul2	core	AMR	AMR	SULFONAMIDE	SULFONAMIDE	BLASTP	271	271	100.00	99.63	271	WP_001043265.1	sulfonamide-resistant dihydropteroate synthase Sul2	NF000295.1	sulfonamide-resistant dihydropteroate synthase Sul2
53399d2a09058fb11255bbf2856e6ae5	blaPER-4	inhibitor-resistant extended-spectrum class A beta-lactamase PER-4	core	AMR	AMR	BETA-LACTAM	CEPHALOSPORIN	ALLELEP	308	308	100.00	100.00	308	WP_063864593.1	inhibitor-resistant extended-spectrum class A beta-lactamase PER-4	NF000389.2	PER family extended-spectrum class A beta-lactamase
535ecc3a753ee836e1d070b35ee1109e	aac(6')-Ib	AAC(6')-Ib family aminoglycoside 6'-N-acetyltransferase	core	AMR	AMR	AMINOGLYCOSIDE	AMIKACIN/KANAMYCIN/TOBRAMYCIN	BLASTP	184	184	100.00	99.46	184	WP_032488579.1	aminoglycoside N-acetyltransferase AAC(6')-Ib3	NF033074.0	AAC(6')-Ib family aminoglycoside 6'-N-acetyltransferase
5384fafa80b519ef93424c3e03cd7e6d	tet(59)	tetracycline efflux MFS transporter Tet(59)	core	AMR	AMR	TETRACYCLINE	TETRACYCLINE	EXACTP	400	400	100.00	100.00	400	WP_001031679.1	tetracycline efflux MFS transporter Tet(59)	NF012174.0	Tet(A)/Tet(B)/Tet(C) family tetracycline efflux MFS transporter
53a11cddf3148ae522a336b69ef14edd	tet(M)	tetracycline resistance ribosomal protection protein Tet(M)	core	AMR	AMR	TETRACYCLINE	TETRACYCLINE	BLASTP	639	639	100.00	99.53	639	WP_063856111.1	tetracycline resistance ribosomal protection protein Tet(M)	NF012155.1	tetracycline resistance ribosomal protection protein Tet(M)
53d4d44f30297cc4ecba3f87654d982e	blaR1	beta-lactam sensor/signal transducer BlaR1	core	AMR	AMR	BETA-LACTAM	BETA-LACTAM	EXACTP	585	585	100.00	100.00	585	WP_001096386.1	beta-lactam sensor/signal transducer BlaR1	NF033108.1	beta-lactam sensor/signal transducer BlaR1
53f8fca56d1c9a57e4c70dc5eefb2e2d	floR	chloramphenicol/florfenicol efflux MFS transporter FloR	core	AMR	AMR	PHENICOL	CHLORAMPHENICOL/FLORFENICOL	BLASTP	404	404	100.00	99.50	404	WP_021038045.1	chloramphenicol/florfenicol efflux MFS transporter FloR	NF000219.1	chloramphenicol/florfenicol efflux MFS transporter FloR
5406f1c39ca9774c8ea8e1098ae220d8	blaTEM-156	class A beta-lactamase TEM-156	core	AMR	AMR	BETA-LACTAM	BETA-LACTAM	ALLELEP	286	286	100.00	100.00	286	WP_061158039.1	class A beta-lactamase TEM-156	NF000531.2	TEM family class A beta-lactamase
54086d0091b121c97df07998085da8da	blaTEM	TEM family class A beta-lactamase	core	AMR	AMR	BETA-LACTAM	BETA-LACTAM	BLASTP	286	286	100.00	99.65	286	WP_000027057.1	broad-spectrum class A beta-lactamase TEM-1	NF000531.2	TEM family class A beta-lactamase
541571e4ef8891a37fa557c2305db5d5	aph(3')-Ia	aminoglycoside O-phosphotransferase APH(3')-Ia	core	AMR	AMR	AMINOGLYCOSIDE	KANAMYCIN	BLASTP	271	271	100.00	99.63	271	WP_000018330.1	aminoglycoside O-phosphotransferase APH(3')-Ia	NF051474.1	aminoglycoside O-phosphotransferase APH(3')-Ia
5418973fc0e6b837c762acaac063f2e8	msr(E)	ABC-F type ribosomal protection protein Msr(E)	core	AMR	AMR	MACROLIDE/STREPTOGRAMIN	AZITHROMYCIN/ERYTHROMYCIN/STREPTOGRAMIN	EXACTP	491	491	100.00	100.00	491	WP_000052512.1	ABC-F type ribosomal protection protein Msr(E)	NF000168.2	Msr family ABC-F type ribosomal protection protein
545a440885cd602453a240f8ab7e0d43	blaOXA-1397	OXA-1 family class D beta-lactamase OXA-1397	core	AMR	AMR	BETA-LACTAM	BETA-LACTAM	ALLELEP	276	276	100.00	100.00	276	WP_118972044.1	OXA-1 family class D beta-lactamase OXA-1397	NF000388.2	OXA-1 family class D beta-lactamase
547d8c2c938052ce8c8a049dce86439f	aac(6')-Ib	AAC(6')-Ib family aminoglycoside 6'-N-acetyltransferase	core	AMR	AMR	AMINOGLYCOSIDE	AMIKACIN/KANAMYCIN/TOBRAMYCIN	BLASTP	193	184	100.00	100.00	184	WP_159287722.1	AAC(6')-Ib family aminoglycoside 6'-N-acetyltransferase	NF033074.0	AAC(6')-Ib family aminoglycoside 6'-N-acetyltransferase
54a9b876e4dc44a5bf11201ae837b8ec	optrA	ABC-F type ribosomal protection protein OptrA	core	AMR	AMR	OXAZOLIDINONE/PHENICOL	FLORFENICOL/OXAZOLIDINONE	BLASTP	655	655	100.00	99.69	655	WP_063854496.1	ABC-F type ribosomal protection protein OptrA	NF000514.1	ABC-F type ribosomal protection protein OptrA
54f215f58a454a74a8f13499a60818da	qacE	quaternary ammonium compound efflux SMR transporter QacE	core	STRESS	BIOCIDE	QUATERNARY AMMONIUM	QUATERNARY AMMONIUM	PARTIALP	67	115	58.26	100.00	67	WP_000679427.1	quaternary ammonium compound efflux SMR transporter QacE delta 1	NA	NA
55029c830a28c48d49608dcd0143c80b	aph(6)-Ic	aminoglycoside O-phosphotransferase APH(6)-Ic	core	AMR	AMR	AMINOGLYCOSIDE	STREPTOMYCIN	BLASTP	264	280	95.00	99.25	266	WP_000116906.1	aminoglycoside O-phosphotransferase APH(6)-Ic	NF000011.2	aminoglycoside O-phosphotransferase APH(6)-Ic
551519d6d715964d37edc8c6da519897	blaIMP	IMP family subclass B1 metallo-beta-lactamase	core	AMR	AMR	BETA-LACTAM	CARBAPENEM	BLASTP	246	246	100.00	99.59	246	WP_032490175.1	xeruborbactam-resistant subclass B1 metallo-beta-lactamase IMP-10	NF012147.1	IMP family subclass B1 metallo-beta-lactamase
551f2b6883bb4fadd39ca5f3bb4f4586	blaCTX-M-15	extended-spectrum class A beta-lactamase CTX-M-15	core	AMR	AMR	BETA-LACTAM	CEPHALOSPORIN	ALLELEP	291	291	100.00	100.00	291	WP_000239590.1	extended-spectrum class A beta-lactamase CTX-M-15	NF033089.1	CTX-M family extended-spectrum class A beta-lactamase
55b04b14db2de7e8112c7d38d106890c	blaNDM-9	taniborbactam-resistant subclass B1 metallo-beta-lactamase NDM-9	core	AMR	AMR	BETA-LACTAM	CARBAPENEM/TANIBORBACTAM	ALLELEP	270	270	100.00	100.00	270	WP_032495672.1	taniborbactam-resistant subclass B1 metallo-beta-lactamase NDM-9	NF000259.2	NDM family subclass B1 metallo-beta-lactamase
55c9916feb3b143723c892c9a103c29d	lnu(A)	lincosamide nucleotidyltransferase Lnu(A)	core	AMR	AMR	LINCOSAMIDE	LINCOSAMIDE	EXACTP	161	161	100.00	100.00	161	WP_001829870.1	lincosamide nucleotidyltransferase Lnu(A)	NF000236.1	lincosamide nucleotidyltransferase Lnu(A)
55f592c97fcf65ba08117845b820f4e3	poxtA	ABC-F type ribosomal protection protein PoxtA	core	AMR	AMR	OXAZOLIDINONE/PHENICOL	CHLORAMPHENICOL/FLORFENICOL/LINEZOLID	BLASTP	541	542	99.82	99.08	541	WP_002415638.1	ABC-F type ribosomal protection protein PoxtA	NA	NA
562a1a6f1a5b7aa9bb24bec1373e5575	aph(3')-VIa	aminoglycoside O-phosphotransferase APH(3')-VIa	core	AMR	AMR	AMINOGLYCOSIDE	AMIKACIN/KANAMYCIN	BLASTP	259	259	100.00	99.61	259	WP_000422636.1	aminoglycoside O-phosphotransferase APH(3')-VIa	NF033062.0	APH(3')-VI family aminoglycoside O-phosphotransferase
56535009fd30841e5b1f6fa583cb35ce	aph(6)-Id	aminoglycoside O-phosphotransferase APH(6)-Id	core	AMR	AMR	AMINOGLYCOSIDE	STREPTOMYCIN	BLASTP	278	278	100.00	99.64	278	WP_000480968.1	aminoglycoside O-phosphotransferase APH(6)-Id	NF012171.0	APH(6)-I family aminoglycoside O-phosphotransferase
568c127376392f088af8d445ee42ecd3	aph(3')-VIb	aminoglycoside O-phosphotransferase APH(3')-VIb	core	AMR	AMR	AMINOGLYCOSIDE	AMIKACIN/KANAMYCIN	EXACTP	259	259	100.00	100.00	259	WP_000422633.1	aminoglycoside O-phosphotransferase APH(3')-VIb	NF033062.0	APH(3')-VI family aminoglycoside O-phosphotransferase
56b05343209d03b279442e023326eb9d	mph(A)	Mph(A) family macrolide 2'-phosphotransferase	core	AMR	AMR	MACROLIDE	AZITHROMYCIN/ERYTHROMYCIN/SPIRAMYCIN/TELITHROMYCIN	EXACTP	301	301	100.00	100.00	301	WP_000219391.1	Mph(A) family macrolide 2'-phosphotransferase	NF000254.1	Mph(A) family macrolide 2'-phosphotransferase
56f3eb5da8bf2819505d0941645261e2	floR	chloramphenicol/florfenicol efflux MFS transporter FloR	core	AMR	AMR	PHENICOL	CHLORAMPHENICOL/FLORFENICOL	BLASTP	413	404	99.50	99.50	402	WP_021038045.1	chloramphenicol/florfenicol efflux MFS transporter FloR	NF000219.1	chloramphenicol/florfenicol efflux MFS transporter FloR
572366e3b10847493c457ed25f07701f	aac(6')-Ib4	aminoglycoside N-acetyltransferase AAC(6')-Ib4	core	AMR	AMR	AMINOGLYCOSIDE	GENTAMICIN	ALLELEP	184	184	100.00	100.00	184	WP_003159191.1	aminoglycoside N-acetyltransferase AAC(6')-Ib4	NF033074.0	AAC(6')-Ib family aminoglycoside 6'-N-acetyltransferase
577d723b3b3b736d304200dcac736d9d	oqxB	multidrug efflux RND transporter permease subunit OqxB	core	AMR	AMR	PHENICOL/QUINOLONE	PHENICOL/QUINOLONE	BLASTP	1050	1050	100.00	99.90	1050	WP_000347934.1	multidrug efflux RND transporter permease subunit OqxB	NF000037.1	multidrug efflux RND transporter permease subunit OqxB
57bba384f8e02d73dfac748d85296f56	aph(6)-Id	aminoglycoside O-phosphotransferase APH(6)-Id	core	AMR	AMR	AMINOGLYCOSIDE	STREPTOMYCIN	BLASTP	278	278	100.00	99.64	278	WP_000480968.1	aminoglycoside O-phosphotransferase APH(6)-Id	NF012171.0	APH(6)-I family aminoglycoside O-phosphotransferase
57d35626ca55f03716e1de6b8a2dd0b5	aph(3'')-Ib	aminoglycoside O-phosphotransferase APH(3'')-Ib	core	AMR	AMR	AMINOGLYCOSIDE	STREPTOMYCIN	BLASTP	267	267	100.00	99.63	267	WP_001082319.1	aminoglycoside O-phosphotransferase APH(3'')-Ib	NF032895.1	aminoglycoside O-phosphotransferase APH(3'')-Ib
57d3d4ce8dcf42daefee27fdc5721c3d	blaTEM-31	inhibitor-resistant broad-spectrum class A beta-lactamase TEM-31	core	AMR	AMR	BETA-LACTAM	BETA-LACTAM	ALLELEP	286	286	100.00	100.00	286	WP_165539487.1	inhibitor-resistant broad-spectrum class A beta-lactamase TEM-31	NF000531.2	TEM family class A beta-lactamase
582b0394f5ed9ec86f8e70d6560b6ad2	bleO	bleomycin binding protein	core	AMR	AMR	BLEOMYCIN	BLEOMYCIN	BLASTP	128	134	95.52	98.44	128	WP_001242578.1	bleomycin binding protein	NF000027.1	bleomycin binding protein
584dde5a92b6728d7304ea6b425a10d2	tet(33)	tetracycline efflux MFS transporter Tet(33)	core	AMR	AMR	TETRACYCLINE	TETRACYCLINE	BLASTP	407	407	100.00	99.75	407	WP_010991840.1	tetracycline efflux MFS transporter Tet(33)	NF012174.0	Tet(A)/Tet(B)/Tet(C) family tetracycline efflux MFS transporter
5852ca7f805753cea4e0b3832ec630f8	tmexC	multidrug efflux RND transporter periplasmic adaptor subunit TMexC	core	AMR	AMR	TETRACYCLINE	TIGECYCLINE	BLASTP	387	387	100.00	99.74	387	WP_118842626.1	multidrug efflux RND transporter periplasmic adaptor subunit TMexC1	NA	NA
585bc89ce16d4e4e6702e31fd47dd4a7	tet(H)	tetracycline efflux MFS transporter Tet(H)	core	AMR	AMR	TETRACYCLINE	TETRACYCLINE	EXACTP	400	400	100.00	100.00	400	WP_006248867.1	tetracycline efflux MFS transporter Tet(H)	NF012195.0	tetracycline efflux MFS transporter Tet(H)
588690962ee97ca87282d18635663018	qepA1	fluoroquinolone efflux MFS transporter QepA1	core	AMR	AMR	QUINOLONE	QUINOLONE	ALLELEP	511	511	100.00	100.00	511	WP_012372821.1	fluoroquinolone efflux MFS transporter QepA1	NF012169.0	fluoroquinolone efflux MFS transporter QepA
58a1d2028b314a699395f76d793f45bf	tet(B)	tetracycline efflux MFS transporter Tet(B)	core	AMR	AMR	TETRACYCLINE	TETRACYCLINE	EXACTP	401	401	100.00	100.00	401	WP_001089072.1	tetracycline efflux MFS transporter Tet(B)	NF012190.1	tetracycline efflux MFS transporter Tet(B)
58ac356621cf21cc9b97b69b72763cb6	floR	chloramphenicol/florfenicol efflux MFS transporter FloR	core	AMR	AMR	PHENICOL	CHLORAMPHENICOL/FLORFENICOL	BLASTP	404	404	100.00	96.29	404	WP_000214119.1	chloramphenicol/florfenicol efflux MFS transporter FloR	NF000219.1	chloramphenicol/florfenicol efflux MFS transporter FloR
58dc460cdb023e3022338929d404a753	tet(A)	tetracycline efflux MFS transporter Tet(A)	core	AMR	AMR	TETRACYCLINE	TETRACYCLINE	BLASTP	399	399	100.00	99.75	399	WP_000804064.1	tetracycline efflux MFS transporter Tet(A)	NF012193.0	tetracycline efflux MFS transporter Tet(A)
58f1817eee3c29b920312fe2873eb133	blaPSE	PSE family carbenicillin-hydrolyzing class A beta-lactamase	core	AMR	AMR	BETA-LACTAM	BETA-LACTAM	BLASTP	325	288	96.88	100.00	279	WP_001931474.1	PSE family carbenicillin-hydrolyzing class A beta-lactamase CARB-2	NF000480.2	PSE family carbenicillin-hydrolyzing class A beta-lactamase
58f28e509b569c23c210ef54b83a950c	tet(A)	tetracycline efflux MFS transporter Tet(A)	core	AMR	AMR	TETRACYCLINE	TETRACYCLINE	BLASTP	399	399	100.00	99.50	399	WP_000804063.1	tetracycline efflux MFS transporter Tet(A)	NF012193.0	tetracycline efflux MFS transporter Tet(A)
592a53fab1a6f8eae95611a4b961583d	dfrA12	trimethoprim-resistant dihydrofolate reductase DfrA12	core	AMR	AMR	TRIMETHOPRIM	TRIMETHOPRIM	BLASTP	165	165	100.00	99.39	165	WP_001083725.1	trimethoprim-resistant dihydrofolate reductase DfrA12	NF000053.2	trimethoprim-resistant dihydrofolate reductase DfrA12
59a1ac2c7434e5a534e6e8d5530163a3	tmexD	multidrug efflux RND transporter permease subunit TMexD	core	AMR	AMR	TETRACYCLINE	TIGECYCLINE	BLASTP	1044	1044	100.00	99.43	1044	WP_118842627.1	multidrug efflux RND transporter permease subunit TMexD1	NA	NA
59bc913f177c2b28f2c65a20e28d44aa	qacA	quaternary ammonium compound efflux MFS transporter QacA	core	STRESS	BIOCIDE	QUATERNARY AMMONIUM	QUATERNARY AMMONIUM	BLASTP	514	514	100.00	99.61	514	WP_000622776.1	quaternary ammonium compound efflux MFS transporter QacA	NF000089.1	QacA/B family quaternary ammonium compound efflux MFS transporter
59c6d5cb651c805146548d41594193f9	aac(6')-31	aminoglycoside N-acetyltransferase AAC(6')-31	core	AMR	AMR	AMINOGLYCOSIDE	AMINOGLYCOSIDE	EXACTP	184	184	100.00	100.00	184	WP_044424439.1	aminoglycoside N-acetyltransferase AAC(6')-31	NF000118.3	aminoglycoside N-acetyltransferase AAC(6')-31
5a128813e704f271135daaf7714f8c92	tet(W)	tetracycline resistance ribosomal protection protein Tet(W)	core	AMR	AMR	TETRACYCLINE	TETRACYCLINE	BLASTP	639	639	100.00	99.53	639	WP_052543100.1	tetracycline resistance ribosomal protection protein Tet(W)	NF033148.1	TetM/TetW/TetO/TetS family tetracycline resistance ribosomal protection protein
5a13d4fe79978d393d73bb6f201bf44e	aac(6')-Iae	aminoglycoside 6'-N-acetyltransferase AAC(6')-Iae	core	AMR	AMR	AMINOGLYCOSIDE	AMINOGLYCOSIDE	ALLELEP	183	183	100.00	100.00	183	WP_003159545.1	aminoglycoside 6'-N-acetyltransferase AAC(6')-Iae	NF033078.2	AAC(6')-Ia family aminoglycoside 6'-N-acetyltransferase
5a2c9dda68a52eab4118ad989e8bd5e0	blaR1	beta-lactam sensor/signal transducer BlaR1	core	AMR	AMR	BETA-LACTAM	BETA-LACTAM	BLASTP	585	585	100.00	95.38	585	WP_001096386.1	beta-lactam sensor/signal transducer BlaR1	NF033108.1	beta-lactam sensor/signal transducer BlaR1
5a6d1dfcc2834e48b7652c44e212c379	aadA1	ANT(3'')-Ia family aminoglycoside nucleotidyltransferase AadA1	core	AMR	AMR	AMINOGLYCOSIDE	STREPTOMYCIN	BLASTP	263	263	100.00	99.62	263	WP_001206316.1	ANT(3'')-Ia family aminoglycoside nucleotidyltransferase AadA1	NF033126.1	ANT(3'')-Ia family aminoglycoside nucleotidyltransferase AadA1
5b1813c7c9bc4fd8f55d4fd0d33eb87f	qnrS4	quinolone resistance pentapeptide repeat protein QnrS4	core	AMR	AMR	QUINOLONE	QUINOLONE	ALLELEP	218	218	100.00	100.00	218	WP_063866398.1	quinolone resistance pentapeptide repeat protein QnrS4	NF000056.3	QnrS family quinolone resistance pentapeptide repeat protein
5b42923e04460df716513dbe1575be7a	vanM	D-alanine--(R)-lactate ligase VanM	core	AMR	AMR	GLYCOPEPTIDE	VANCOMYCIN	BLASTP	343	343	100.00	99.71	343	WP_063856712.1	D-alanine--(R)-lactate ligase VanM	NF000470.1	D-alanine--(R)-lactate ligase VanM
5b75f0b0ca5d30db95b1ee5ec1bb9c08	ere(D)	EreD family erythromycin esterase	core	AMR	AMR	MACROLIDE	AZITHROMYCIN/ERYTHROMYCIN	BLASTP	408	408	100.00	95.34	408	WP_015345560.1	EreD family erythromycin esterase	NF000516.1	EreD family erythromycin esterase
5c32b10ec33d1e268bc3209379afc298	optrA	ABC-F type ribosomal protection protein OptrA	core	AMR	AMR	OXAZOLIDINONE/PHENICOL	FLORFENICOL/OXAZOLIDINONE	BLASTP	655	655	100.00	99.69	655	WP_063854496.1	ABC-F type ribosomal protection protein OptrA	NF000514.1	ABC-F type ribosomal protection protein OptrA
5cff20b8abcb7f24942b2c0c421b382e	aph(3')-VIa	aminoglycoside O-phosphotransferase APH(3')-VIa	core	AMR	AMR	AMINOGLYCOSIDE	AMIKACIN/KANAMYCIN	BLASTP	259	259	100.00	96.14	259	WP_000422636.1	aminoglycoside O-phosphotransferase APH(3')-VIa	NF033062.0	APH(3')-VI family aminoglycoside O-phosphotransferase
5d230edba75244ee379330d9d3d068fc	optrA	ABC-F type ribosomal protection protein OptrA	core	AMR	AMR	OXAZOLIDINONE/PHENICOL	FLORFENICOL/OXAZOLIDINONE	BLASTP	655	655	100.00	99.85	655	WP_063854496.1	ABC-F type ribosomal protection protein OptrA	NF000514.1	ABC-F type ribosomal protection protein OptrA
5d920f1150cbd594ffe8048d4c37d9c1	aph(6)-Id	aminoglycoside O-phosphotransferase APH(6)-Id	core	AMR	AMR	AMINOGLYCOSIDE	STREPTOMYCIN	BLASTP	278	278	100.00	99.64	278	WP_000480968.1	aminoglycoside O-phosphotransferase APH(6)-Id	NF012171.0	APH(6)-I family aminoglycoside O-phosphotransferase
5d9bfa7bdcdc5d24ad4232bc0c1829ce	aph(3'')-Ib	aminoglycoside O-phosphotransferase APH(3'')-Ib	core	AMR	AMR	AMINOGLYCOSIDE	STREPTOMYCIN	BLASTP	267	267	100.00	99.63	267	WP_001082319.1	aminoglycoside O-phosphotransferase APH(3'')-Ib	NF032895.1	aminoglycoside O-phosphotransferase APH(3'')-Ib
5e17e9f68492045823148634d59ef7bb	vanY-A	D-Ala-D-Ala carboxypeptidase VanY-A	core	AMR	AMR	GLYCOPEPTIDE	VANCOMYCIN	BLASTP	296	303	97.69	99.32	296	WP_001812592.1	D-Ala-D-Ala carboxypeptidase VanY-A	NF000472.1	VanY-A/VanY-F/VanY-M family D-Ala-D-Ala carboxypeptidase
5e9b6bd5bdefd9560dc63a45be0037c9	rmtE	RmtE family 16S rRNA (guanine(1405)-N(7))-methyltransferase	core	AMR	AMR	AMINOGLYCOSIDE	AMINOGLYCOSIDE	BLASTP	273	273	100.00	98.90	273	WP_063866478.1	16S rRNA (guanine(1405)-N(7))-methyltransferase RmtE1	NF000069.1	RmtE family 16S rRNA (guanine(1405)-N(7))-methyltransferase
5eaf103ebc64ba35208a0a51189e3dfe	estX	macrolide esterase EstX	core	AMR	AMR	MACROLIDE	TYLOSIN	PARTIALP	197	280	70.36	99.49	197	WP_001456218.1	macrolide esterase EstX-3	NA	NA
5eba927408a13f8ca2c4f40db0139fcd	satA	streptothricin N-acetyltransferase SatA	core	AMR	AMR	STREPTOTHRICIN	STREPTOTHRICIN	BLASTP	184	184	98.91	80.87	183	WP_000054744.1	streptothricin N-acetyltransferase SatA	NA	NA
5ebb2177c9fda2cd0746385c4d8f61e3	blaTEM-30	inhibitor-resistant broad-spectrum class A beta-lactamase TEM-30	core	AMR	AMR	BETA-LACTAM	BETA-LACTAM	ALLELEP	286	286	100.00	100.00	286	WP_021561477.1	inhibitor-resistant broad-spectrum class A beta-lactamase TEM-30	NF000531.2	TEM family class A beta-lactamase
5ebf453e7df1b378a65632e8876f2e18	estT	macrolide hydrolase EstT	core	AMR	AMR	MACROLIDE	TYLOSIN	BLASTP	282	282	100.00	99.29	282	WP_185148407.1	macrolide hydrolase EstT	NF041759.1	macrolide hydrolase EstT
5ec7e81bfb201859956466d6cf046ed6	floR	chloramphenicol/florfenicol efflux MFS transporter FloR	core	AMR	AMR	PHENICOL	CHLORAMPHENICOL/FLORFENICOL	BLASTP	404	404	100.00	99.75	404	WP_000214122.1	chloramphenicol/florfenicol efflux MFS transporter FloR	NF000219.1	chloramphenicol/florfenicol efflux MFS transporter FloR
5ef9ce5e1e515b07a72c09feb8008f05	aph(3')-Ia	aminoglycoside O-phosphotransferase APH(3')-Ia	core	AMR	AMR	AMINOGLYCOSIDE	KANAMYCIN	BLASTP	271	271	100.00	99.26	271	WP_012695470.1	aminoglycoside O-phosphotransferase APH(3')-Ia	NF051474.1	aminoglycoside O-phosphotransferase APH(3')-Ia
5f03ea1cfec94207e5bfdbad8f86fc05	bla	class A beta-lactamase	core	AMR	AMR	BETA-LACTAM	BETA-LACTAM	HMM	308	313	100.00	58.23	316	WP_003657002.1	class A beta-lactamase	NF033103.1	class A beta-lactamase
5f6595d8f9c5126c88d1e9a47d5eff30	qacA	quaternary ammonium compound efflux MFS transporter QacA	core	STRESS	BIOCIDE	QUATERNARY AMMONIUM	QUATERNARY AMMONIUM	PARTIALP	311	514	60.51	100.00	311	WP_000622776.1	quaternary ammonium compound efflux MFS transporter QacA	NA	NA
5f9d7eb232a8b0dcfee60aa706188760	aph(6)-Id	aminoglycoside O-phosphotransferase APH(6)-Id	core	AMR	AMR	AMINOGLYCOSIDE	STREPTOMYCIN	BLASTP	278	278	100.00	98.20	278	WP_000480968.1	aminoglycoside O-phosphotransferase APH(6)-Id	NF012171.0	APH(6)-I family aminoglycoside O-phosphotransferase
5fcd128ccc73d9d06ef0e7ff65f2496c	blaR1	beta-lactam sensor/signal transducer BlaR1	core	AMR	AMR	BETA-LACTAM	BETA-LACTAM	BLASTP	585	585	100.00	95.21	585	WP_001096386.1	beta-lactam sensor/signal transducer BlaR1	NF033108.1	beta-lactam sensor/signal transducer BlaR1
5fcddfed55b37d0b429b01eef17436e4	mph(E)	Mph(E) family macrolide 2'-phosphotransferase	core	AMR	AMR	MACROLIDE	ERYTHROMYCIN	BLASTP	294	294	100.00	99.66	294	WP_000155092.1	Mph(E) family macrolide 2'-phosphotransferase	NF012158.1	Mph(E) family macrolide 2'-phosphotransferase
5fd6d961652f338928c082d727b409a6	oqxB29	multidrug efflux RND transporter permease subunit OqxB29	core	AMR	AMR	PHENICOL/QUINOLONE	PHENICOL/QUINOLONE	ALLELEP	1050	1050	100.00	100.00	1050	WP_063501636.1	multidrug efflux RND transporter permease subunit OqxB29	NF000037.1	multidrug efflux RND transporter permease subunit OqxB
5ffb12263a2648b1e2f7298feaf5842d	aac(3)-IIe	aminoglycoside N-acetyltransferase AAC(3)-IIe	core	AMR	AMR	AMINOGLYCOSIDE	GENTAMICIN	EXACTP	286	286	100.00	100.00	286	WP_000557452.1	aminoglycoside N-acetyltransferase AAC(3)-IIe	NF033080.0	AAC(3)-II family aminoglycoside N-acetyltransferase
602de464a6009d2f2ba472eda8cf3d1d	floR	chloramphenicol/florfenicol efflux MFS transporter FloR	core	AMR	AMR	PHENICOL	CHLORAMPHENICOL/FLORFENICOL	BLASTP	404	404	100.00	99.50	404	WP_000214119.1	chloramphenicol/florfenicol efflux MFS transporter FloR	NF000219.1	chloramphenicol/florfenicol efflux MFS transporter FloR
6049ee5fc94603cd6e7903f39f1fd245	aph(4)-Ia	aminoglycoside O-phosphotransferase APH(4)-Ia	core	AMR	AMR	AMINOGLYCOSIDE	HYGROMYCIN	EXACTP	341	341	100.00	100.00	341	WP_000742814.1	aminoglycoside O-phosphotransferase APH(4)-Ia	NF000107.2	aminoglycoside O-phosphotransferase APH(4)-Ia
604e9f696740bfb74866432878be8024	cmlA1	chloramphenicol efflux MFS transporter CmlA1	core	AMR	AMR	PHENICOL	CHLORAMPHENICOL	BLASTP	455	419	95.70	99.75	401	WP_000095725.1	chloramphenicol efflux MFS transporter CmlA1	NF000509.1	CmlA family chloramphenicol efflux MFS transporter
60631ae1f6462798e99dfd5473adca6b	blaOXA	class D beta-lactamase	core	AMR	AMR	BETA-LACTAM	BETA-LACTAM	HMM	274	274	100.00	87.68	276	WP_004295324.1	class D beta-lactamase	NF012161.0	class D beta-lactamase
609f336dd514da4f1bd5837c657086d9	mph(A)	Mph(A) family macrolide 2'-phosphotransferase	core	AMR	AMR	MACROLIDE	AZITHROMYCIN/ERYTHROMYCIN/SPIRAMYCIN/TELITHROMYCIN	BLASTP	304	301	100.00	100.00	301	WP_000219391.1	Mph(A) family macrolide 2'-phosphotransferase	NF000254.1	Mph(A) family macrolide 2'-phosphotransferase
60be9cf4cbcbcd24352b0e4ce336a1cc	qacE	quaternary ammonium compound efflux SMR transporter QacE	core	STRESS	BIOCIDE	QUATERNARY AMMONIUM	QUATERNARY AMMONIUM	PARTIALP	111	115	82.61	93.68	95	WP_000679427.1	quaternary ammonium compound efflux SMR transporter QacE delta 1	NA	NA
60f2ef74d287f67c7ed3ab39d35619da	blaKPC-3	carbapenem-hydrolyzing class A beta-lactamase KPC-3	core	AMR	AMR	BETA-LACTAM	CARBAPENEM	ALLELEP	293	293	100.00	100.00	293	WP_004152396.1	carbapenem-hydrolyzing class A beta-lactamase KPC-3	NF012141.1	KPC family carbapenem-hydrolyzing class A beta-lactamase
6139de5e887db05994495c2b2c988c24	aac(6')-Ie/aph(2'')-Ia	bifunctional aminoglycoside N-acetyltransferase AAC(6')-Ie/aminoglycoside O-phosphotransferase APH(2'')-Ia	core	AMR	AMR	AMINOGLYCOSIDE	AMIKACIN/GENTAMICIN/KANAMYCIN/TOBRAMYCIN	BLASTP	479	479	100.00	99.79	479	WP_001028144.1	bifunctional aminoglycoside N-acetyltransferase AAC(6')-Ie/aminoglycoside O-phosphotransferase APH(2'')-Ia	NF000508.1	aminoglycoside O-phosphotransferase APH(2'')-Ia
6142844feb03cc41f9e15e097019899e	mrx(A)	phosphorylated macrolide efflux MFS transporter Mrx(A)	core	AMR	AMR	MACROLIDE	AZITHROMYCIN/ERYTHROMYCIN/SPIRAMYCIN/TELITHROMYCIN	BLASTP	412	412	100.00	99.76	412	WP_000004159.1	phosphorylated macrolide efflux MFS transporter Mrx(A)	NA	NA
61597b450e1a60f62d222ec99befa87f	qacB	quaternary ammonium compound efflux MFS transporter QacB	core	STRESS	BIOCIDE	QUATERNARY AMMONIUM	QUATERNARY AMMONIUM	BLASTP	514	514	100.00	99.22	514	WP_000622778.1	quaternary ammonium compound efflux MFS transporter QacB	NF000089.1	QacA/B family quaternary ammonium compound efflux MFS transporter
6176e301a6c9ae5ffcdcc8c3db267b01	dfrA3b	trimethoprim-resistant dihydrofolate reductase DfrA3b	core	AMR	AMR	TRIMETHOPRIM	TRIMETHOPRIM	EXACTP	159	159	100.00	100.00	159	WP_032491313.1	trimethoprim-resistant dihydrofolate reductase DfrA3b	NF000065.1	trimethoprim-resistant dihydrofolate reductase DfrA3b
61e2f87f0a2209ef4dfef3d4b1b6108b	tmexD	multidrug efflux RND transporter permease subunit TMexD	core	AMR	AMR	TETRACYCLINE	TIGECYCLINE	BLASTP	1044	1044	100.00	99.90	1044	WP_034065037.1	multidrug efflux RND transporter permease subunit TMexD3	NA	NA
61e3d3c31a7c03d3c39de52b4357ad8a	vanY-M	D-Ala-D-Ala carboxypeptidase VanY-M	core	AMR	AMR	GLYCOPEPTIDE	VANCOMYCIN	EXACTP	287	287	100.00	100.00	287	WP_107309513.1	D-Ala-D-Ala carboxypeptidase VanY-M	NF000472.1	VanY-A/VanY-F/VanY-M family D-Ala-D-Ala carboxypeptidase
61e4fb8c527d0a561bd3ff38afb54990	aadA2	ANT(3'')-Ia family aminoglycoside nucleotidyltransferase AadA2	core	AMR	AMR	AMINOGLYCOSIDE	STREPTOMYCIN	BLASTP	270	263	100.00	97.41	270	WP_001261740.1	ANT(3'')-Ia family aminoglycoside nucleotidyltransferase AadA2	NF012157.0	ANT(3'')-I family aminoglycoside nucleotidyltransferase
61f8a2689431301645151ef6878b7701	mph	Mph(E)/Mph(G) family macrolide 2'-phosphotransferase	core	AMR	AMR	MACROLIDE	MACROLIDE	HMM	295	294	100.00	60.20	294	WP_014325835.1	Mph(E)/Mph(G) family macrolide 2'-phosphotransferase	NF000241.1	Mph(E)/Mph(G) family macrolide 2'-phosphotransferase
62110193e202491d99641a156a7f98d4	tet(M)	tetracycline resistance ribosomal protection protein Tet(M)	core	AMR	AMR	TETRACYCLINE	TETRACYCLINE	BLASTP	639	639	100.00	99.84	639	WP_000691727.1	tetracycline resistance ribosomal protection protein Tet(M)	NF012155.1	tetracycline resistance ribosomal protection protein Tet(M)
6267b10fc258f5e4b7852c41bf944d72	sul2	sulfonamide-resistant dihydropteroate synthase Sul2	core	AMR	AMR	SULFONAMIDE	SULFONAMIDE	BLASTP	271	271	100.00	99.63	271	WP_001043260.1	sulfonamide-resistant dihydropteroate synthase Sul2	NF000295.1	sulfonamide-resistant dihydropteroate synthase Sul2
627b1df27c766209944f4c472fa37290	mph(A)	Mph(A) family macrolide 2'-phosphotransferase	core	AMR	AMR	MACROLIDE	AZITHROMYCIN/ERYTHROMYCIN/SPIRAMYCIN/TELITHROMYCIN	BLASTP	288	301	95.68	99.65	288	WP_000219391.1	Mph(A) family macrolide 2'-phosphotransferase	NF000254.1	Mph(A) family macrolide 2'-phosphotransferase
62dc7e9b46b218676746c956a38a4d96	sul2	sulfonamide-resistant dihydropteroate synthase Sul2	core	AMR	AMR	SULFONAMIDE	SULFONAMIDE	BLASTP	271	271	100.00	99.63	271	WP_001043260.1	sulfonamide-resistant dihydropteroate synthase Sul2	NF000295.1	sulfonamide-resistant dihydropteroate synthase Sul2
62dd7c0eb966d765f7bb29254243e493	qnrB5	quinolone resistance pentapeptide repeat protein QnrB5	core	AMR	AMR	QUINOLONE	QUINOLONE	ALLELEP	214	214	100.00	100.00	214	WP_063866143.1	quinolone resistance pentapeptide repeat protein QnrB5	NF000420.1	QnrB family quinolone resistance pentapeptide repeat protein
62fcdba52f00834b3aa104511432bad1	mrx(A)	phosphorylated macrolide efflux MFS transporter Mrx(A)	core	AMR	AMR	MACROLIDE	AZITHROMYCIN/ERYTHROMYCIN/SPIRAMYCIN/TELITHROMYCIN	BLASTP	412	412	100.00	99.76	412	WP_000004159.1	phosphorylated macrolide efflux MFS transporter Mrx(A)	NA	NA
63319c2422cce5c657ee5962e08d5016	floR2	chloramphenicol/florfenicol efflux MFS transporter FloR2	core	AMR	AMR	PHENICOL	CHLORAMPHENICOL/FLORFENICOL	EXACTP	404	404	100.00	100.00	404	WP_000214125.1	chloramphenicol/florfenicol efflux MFS transporter FloR2	NF000219.1	chloramphenicol/florfenicol efflux MFS transporter FloR
63641ce5490f895552959f50d887dab6	blaOXA-1	oxacillin-hydrolyzing class D beta-lactamase OXA-1	core	AMR	AMR	BETA-LACTAM	CEPHALOSPORIN	ALLELEP	276	276	100.00	100.00	276	WP_001334766.1	oxacillin-hydrolyzing class D beta-lactamase OXA-1	NF000388.2	OXA-1 family class D beta-lactamase
6399e38ad05d37ff46c4815c5aace8be	tet(A)	tetracycline efflux MFS transporter Tet(A)	core	AMR	AMR	TETRACYCLINE	TETRACYCLINE	BLASTP	399	399	100.00	99.75	399	WP_000804064.1	tetracycline efflux MFS transporter Tet(A)	NF012193.0	tetracycline efflux MFS transporter Tet(A)
63b231873f05335f67a3f426c5a8b352	mcr-5.1	phosphoethanolamine--lipid A transferase MCR-5.1	core	AMR	AMR	COLISTIN	COLISTIN	ALLELEP	547	547	100.00	100.00	547	WP_053821788.1	phosphoethanolamine--lipid A transferase MCR-5.1	NF033463.1	MCR-5 family phosphoethanolamine--lipid A transferase
63d4df71e67656aaef3df31298ebb91b	blaIII	class A beta-lactamase BlaIII	core	AMR	AMR	BETA-LACTAM	BETA-LACTAM	BLASTP	316	316	100.00	93.99	316	WP_000497840.1	class A beta-lactamase BlaIII	NF041270.1	class A beta-lactamase BlaIII
63f679fdc64227a776dff63705adff54	mph(A)	Mph(A) family macrolide 2'-phosphotransferase	core	AMR	AMR	MACROLIDE	AZITHROMYCIN/ERYTHROMYCIN/SPIRAMYCIN/TELITHROMYCIN	BLASTP	301	301	100.00	99.67	301	WP_000219391.1	Mph(A) family macrolide 2'-phosphotransferase	NF000254.1	Mph(A) family macrolide 2'-phosphotransferase
6407c90baf782908363c77e348ce96e8	blaMOX	CMY-1/MOX family class C beta-lactamase	core	AMR	AMR	BETA-LACTAM	CEPHALOSPORIN	BLASTP	383	383	100.00	99.74	383	WP_042649345.1	CMY-1/MOX family extended-spectrum class C beta-lactamase MOX-9	NF000239.3	CMY-1/MOX family class C beta-lactamase
641fdf2ce327ad36d6c471a40aa529e0	aph(3')-Ia	aminoglycoside O-phosphotransferase APH(3')-Ia	core	AMR	AMR	AMINOGLYCOSIDE	KANAMYCIN	BLASTP	271	271	100.00	99.63	271	WP_000018326.1	aminoglycoside O-phosphotransferase APH(3')-Ia	NF051474.1	aminoglycoside O-phosphotransferase APH(3')-Ia
64a360a3bb113fa016af3122af386a1d	mcr-1.5	phosphoethanolamine--lipid A transferase MCR-1.5	core	AMR	AMR	COLISTIN	COLISTIN	ALLELEP	541	541	100.00	100.00	541	WP_076611061.1	phosphoethanolamine--lipid A transferase MCR-1.5	NF000465.1	MCR-1 family phosphoethanolamine--lipid A transferase
64d96b1a5dcb45356f61657800540c25	tet(A)	tetracycline efflux MFS transporter Tet(A)	core	AMR	AMR	TETRACYCLINE	TETRACYCLINE	BLASTP	399	399	100.00	99.50	399	WP_000804064.1	tetracycline efflux MFS transporter Tet(A)	NF012193.0	tetracycline efflux MFS transporter Tet(A)
64f0b3cb5c5b91e846481954c83414a9	mrx(A)	phosphorylated macrolide efflux MFS transporter Mrx(A)	core	AMR	AMR	MACROLIDE	AZITHROMYCIN/ERYTHROMYCIN/SPIRAMYCIN/TELITHROMYCIN	EXACTP	412	412	100.00	100.00	412	WP_000004159.1	phosphorylated macrolide efflux MFS transporter Mrx(A)	NA	NA
651f6b9b2be98e45d4f3fa62d686f12f	estX	macrolide esterase EstX	core	AMR	AMR	MACROLIDE	TYLOSIN	PARTIALP	159	280	56.79	99.37	159	WP_001456218.1	macrolide esterase EstX-3	NA	NA
6533a68ded9e2faea08aa54646c63afe	aadA12	ANT(3'')-Ia family aminoglycoside nucleotidyltransferase AadA12	core	AMR	AMR	AMINOGLYCOSIDE	STREPTOMYCIN	EXACTP	263	263	100.00	100.00	263	WP_031306504.1	ANT(3'')-Ia family aminoglycoside nucleotidyltransferase AadA12	NF012157.0	ANT(3'')-I family aminoglycoside nucleotidyltransferase
656c1b1a6f9b4d13e30b286edc2c5807	cmlA5	chloramphenicol efflux MFS transporter CmlA5	core	AMR	AMR	PHENICOL	CHLORAMPHENICOL	BLASTP	419	419	100.00	99.76	419	WP_012300772.1	chloramphenicol efflux MFS transporter CmlA5	NF000509.1	CmlA family chloramphenicol efflux MFS transporter
65a624c14977a765044568d457fe3236	erm(B)	23S rRNA (adenine(2058)-N(6))-methyltransferase Erm(B)	core	AMR	AMR	LINCOSAMIDE/MACROLIDE/STREPTOGRAMIN	CLINDAMYCIN/ERYTHROMYCIN/STREPTOGRAMIN B	BLASTP	242	245	98.78	100.00	242	WP_002321849.1	23S rRNA (adenine(2058)-N(6))-methyltransferase Erm(B)	NF012220.1	23S rRNA (adenine(2058)-N(6))-methyltransferase Erm(B)
66014c086f0e68b71ddc6ac9f8cb25b8	blaCARB-2	PSE family carbenicillin-hydrolyzing class A beta-lactamase CARB-2	core	AMR	AMR	BETA-LACTAM	BETA-LACTAM	ALLELEP	288	288	100.00	100.00	288	WP_001931474.1	PSE family carbenicillin-hydrolyzing class A beta-lactamase CARB-2	NF000480.2	PSE family carbenicillin-hydrolyzing class A beta-lactamase
6622dae289496f2fac306f9e9eb9ee23	blaSIM-1	subclass B1 metallo-beta-lactamase SIM-1	core	AMR	AMR	BETA-LACTAM	CARBAPENEM	ALLELEP	246	246	100.00	100.00	246	WP_017901052.1	subclass B1 metallo-beta-lactamase SIM-1	NF000426.2	SIM family subclass B1 metallo-beta-lactamase
66885fbd70359ac30b8e42fa162092bd	mcr-8.2	phosphoethanolamine--lipid A transferase MCR-8.2	core	AMR	AMR	COLISTIN	COLISTIN	ALLELEP	565	565	100.00	100.00	565	WP_072310976.1	phosphoethanolamine--lipid A transferase MCR-8.2	NF033669.1	MCR-8 family phosphoethanolamine--lipid A transferase
66b9a0b2291713734738e985a404eed7	aac(6')-Ib	AAC(6')-Ib family aminoglycoside 6'-N-acetyltransferase	core	AMR	AMR	AMINOGLYCOSIDE	AMIKACIN/KANAMYCIN/TOBRAMYCIN	EXACTP	184	184	100.00	100.00	184	WP_064765190.1	AAC(6')-Ib family aminoglycoside 6'-N-acetyltransferase	NF033074.0	AAC(6')-Ib family aminoglycoside 6'-N-acetyltransferase
6704d7280ea043abc57ca056040fbbd4	floR	chloramphenicol/florfenicol efflux MFS transporter FloR	core	AMR	AMR	PHENICOL	CHLORAMPHENICOL/FLORFENICOL	BLASTP	404	404	100.00	99.50	404	WP_000214119.1	chloramphenicol/florfenicol efflux MFS transporter FloR	NF000219.1	chloramphenicol/florfenicol efflux MFS transporter FloR
67400087be59fc25fa13cbb7c4fd2bfa	mleBCB	BCB family alpha/beta fold macrolide esterase	core	AMR	AMR	MACROLIDE	TYLOSIN	BLASTP	284	287	100.00	91.99	287	WP_459076516.1	BCB family alpha/beta fold macrolide esterase	NF052610.1	alpha/beta fold macrolide esterase
67409c0070b275e519380d46897334ef	aac(3)-Ia	aminoglycoside N-acetyltransferase AAC(3)-Ia	core	AMR	AMR	AMINOGLYCOSIDE	GENTAMICIN	EXACTP	154	154	100.00	100.00	154	WP_002089484.1	aminoglycoside N-acetyltransferase AAC(3)-Ia	NF033083.0	AAC(3)-I family aminoglycoside 3-N-acetyltransferase
67a73811d3e92669133d31128b45fcfb	aph(3'')-Ib	aminoglycoside O-phosphotransferase APH(3'')-Ib	core	AMR	AMR	AMINOGLYCOSIDE	STREPTOMYCIN	BLASTP	252	267	94.38	99.60	252	WP_001082319.1	aminoglycoside O-phosphotransferase APH(3'')-Ib	NF032896.1	APH(3'') family aminoglycoside O-phosphotransferase
67e12ff387d98bc1e4f3a73861ff633e	mrx(A)	phosphorylated macrolide efflux MFS transporter Mrx(A)	core	AMR	AMR	MACROLIDE	AZITHROMYCIN/ERYTHROMYCIN/SPIRAMYCIN/TELITHROMYCIN	BLASTP	412	412	100.00	99.76	412	WP_000004159.1	phosphorylated macrolide efflux MFS transporter Mrx(A)	NA	NA
685e2c7297cf5dc158507eabb6ae63cb	tet(M)	tetracycline resistance ribosomal protection protein Tet(M)	core	AMR	AMR	TETRACYCLINE	TETRACYCLINE	EXACTP	639	639	100.00	100.00	639	WP_001574275.1	tetracycline resistance ribosomal protection protein Tet(M)	NF012155.1	tetracycline resistance ribosomal protection protein Tet(M)
6863cf8195e27b022f45d3c12f5784b9	blaOXA-17	OXA-10 family extended-spectrum class D beta-lactamase OXA-17	core	AMR	AMR	BETA-LACTAM	CEPHALOSPORIN	ALLELEP	266	266	100.00	100.00	266	WP_032491804.1	OXA-10 family extended-spectrum class D beta-lactamase OXA-17	NF000386.2	OXA-10 family class D beta-lactamase
6867dc993ceb66cda4005b9346b35fe9	dfrA1	trimethoprim-resistant dihydrofolate reductase DfrA1	core	AMR	AMR	TRIMETHOPRIM	TRIMETHOPRIM	EXACTP	157	157	100.00	100.00	157	WP_000777554.1	trimethoprim-resistant dihydrofolate reductase DfrA1	NF000330.1	trimethoprim-resistant dihydrofolate reductase DfrA
686a10cd0b2586eee42d02f8880d321c	aadA31	ANT(3'')-Ia family aminoglycoside nucleotidyltransferase AadA31	core	AMR	AMR	AMINOGLYCOSIDE	STREPTOMYCIN	BLASTP	262	262	100.00	99.62	262	WP_031192893.1	ANT(3'')-Ia family aminoglycoside nucleotidyltransferase AadA31	NF012157.0	ANT(3'')-I family aminoglycoside nucleotidyltransferase
687ca2386a40ce28e2d1a41dbf061573	lnu(F)	lincosamide nucleotidyltransferase Lnu(F)	core	AMR	AMR	LINCOSAMIDE	LINCOSAMIDE	EXACTP	273	273	100.00	100.00	273	WP_000939727.1	lincosamide nucleotidyltransferase Lnu(F)	NF000119.1	lincosamide nucleotidyltransferase Lnu(F)
691ac7f6bbb129ebefef35d413830f89	blaR1	beta-lactam sensor/signal transducer BlaR1	core	AMR	AMR	BETA-LACTAM	BETA-LACTAM	BLASTP	585	585	100.00	96.24	585	WP_001096376.1	beta-lactam sensor/signal transducer BlaR1	NF033108.1	beta-lactam sensor/signal transducer BlaR1
6923f01f68262d21bd41588578fb2bd9	blaTEM	TEM family class A beta-lactamase	core	AMR	AMR	BETA-LACTAM	BETA-LACTAM	BLASTP	286	286	100.00	99.65	286	WP_011645017.1	broad-spectrum class A beta-lactamase TEM-2	NF000531.2	TEM family class A beta-lactamase
693f531ae4e5dc8be7253d5f78089368	aph(6)-Id	aminoglycoside O-phosphotransferase APH(6)-Id	core	AMR	AMR	AMINOGLYCOSIDE	STREPTOMYCIN	BLASTP	278	278	100.00	99.64	278	WP_000480972.1	aminoglycoside O-phosphotransferase APH(6)-Id	NF012171.0	APH(6)-I family aminoglycoside O-phosphotransferase
697bd06bf4074cf91037ff776a9a25f0	vanX-A	D-Ala-D-Ala dipeptidase VanX-A	core	AMR	AMR	GLYCOPEPTIDE	VANCOMYCIN	EXACTP	202	202	100.00	100.00	202	WP_000402347.1	D-Ala-D-Ala dipeptidase VanX-A	NF033115.1	D-Ala-D-Ala dipeptidase VanX
699206ed20fd836b2a951fa24d1299b4	vanS-Pt	vancomycin resistance histidine kinase VanS-Pt	core	AMR	AMR	GLYCOPEPTIDE	VANCOMYCIN	BLASTP	384	386	99.48	91.41	384	WP_063856741.1	vancomycin resistance histidine kinase VanS-Pt	NF033091.0	vancomycin resistance histidine kinase VanS
69a3cf67fd3c0566a696f1324914c37a	fexB	chloramphenicol/florfenicol efflux MFS transporter FexB	core	AMR	AMR	PHENICOL	CHLORAMPHENICOL/FLORFENICOL	BLASTP	469	469	100.00	99.79	469	WP_002415211.1	chloramphenicol/florfenicol efflux MFS transporter FexB	NF040856.1	chloramphenicol/florfenicol efflux MFS transporter FexB
69b41b5162687b1d157507c54f485bdc	qepA7	fluoroquinolone efflux MFS transporter QepA7	core	AMR	AMR	QUINOLONE	QUINOLONE	ALLELEP	511	511	100.00	100.00	511	WP_064768701.1	fluoroquinolone efflux MFS transporter QepA7	NF012169.0	fluoroquinolone efflux MFS transporter QepA
69dbe273a597936c9c113ee076378559	blaIMP-45	subclass B1 metallo-beta-lactamase IMP-45	core	AMR	AMR	BETA-LACTAM	CARBAPENEM	ALLELEP	245	245	100.00	100.00	245	WP_063860608.1	subclass B1 metallo-beta-lactamase IMP-45	NF012147.1	IMP family subclass B1 metallo-beta-lactamase
6a2f20a9ec8a01af6a8735ae1c68ee83	aph(3'')-Ib	aminoglycoside O-phosphotransferase APH(3'')-Ib	core	AMR	AMR	AMINOGLYCOSIDE	STREPTOMYCIN	BLASTP	268	267	98.50	100.00	263	WP_001082319.1	aminoglycoside O-phosphotransferase APH(3'')-Ib	NF032895.1	aminoglycoside O-phosphotransferase APH(3'')-Ib
6a7673a57c8dade5a2c2bd6637e7a281	tmexD2	multidrug efflux RND transporter permease subunit TMexD2	core	AMR	AMR	TETRACYCLINE	TIGECYCLINE	ALLELEP	1044	1044	100.00	100.00	1044	WP_027591160.1	multidrug efflux RND transporter permease subunit TMexD2	NA	NA
6a86a31705a45f7789369db2815cc43b	vanS-Pt	vancomycin resistance histidine kinase VanS-Pt	core	AMR	AMR	GLYCOPEPTIDE	VANCOMYCIN	BLASTP	384	386	99.48	90.89	384	WP_063856741.1	vancomycin resistance histidine kinase VanS-Pt	NF033091.0	vancomycin resistance histidine kinase VanS
6a8f63d115c672c91c51a6e78161afe4	blaR1	beta-lactam sensor/signal transducer BlaR1	core	AMR	AMR	BETA-LACTAM	BETA-LACTAM	BLASTP	585	585	100.00	96.07	585	WP_001096392.1	beta-lactam sensor/signal transducer BlaR1	NF033108.1	beta-lactam sensor/signal transducer BlaR1
6aaee57d5b0e62981a6af63c0919c8d4	floR2	chloramphenicol/florfenicol efflux MFS transporter FloR2	core	AMR	AMR	PHENICOL	CHLORAMPHENICOL/FLORFENICOL	BLASTP	404	404	100.00	99.75	404	WP_000214125.1	chloramphenicol/florfenicol efflux MFS transporter FloR2	NF000219.1	chloramphenicol/florfenicol efflux MFS transporter FloR
6acc24dd5f31bfcb46cdfadfab3bb0bc	blaCTX-M-71	extended-spectrum class A beta-lactamase CTX-M-71	core	AMR	AMR	BETA-LACTAM	CEPHALOSPORIN	ALLELEP	291	291	100.00	100.00	291	WP_032492553.1	extended-spectrum class A beta-lactamase CTX-M-71	NF033089.1	CTX-M family extended-spectrum class A beta-lactamase
6ad85087371ba5b17c23b7345ba6b3d2	aadA5	ANT(3'')-Ia family aminoglycoside nucleotidyltransferase AadA5	core	AMR	AMR	AMINOGLYCOSIDE	STREPTOMYCIN	BLASTP	262	262	100.00	99.62	262	WP_000503573.1	ANT(3'')-Ia family aminoglycoside nucleotidyltransferase AadA5	NF012157.0	ANT(3'')-I family aminoglycoside nucleotidyltransferase
6ae64008a2d4cf0193de7d12d912b140	floR	chloramphenicol/florfenicol efflux MFS transporter FloR	core	AMR	AMR	PHENICOL	CHLORAMPHENICOL/FLORFENICOL	EXACTP	404	404	100.00	100.00	404	WP_000214119.1	chloramphenicol/florfenicol efflux MFS transporter FloR	NF000219.1	chloramphenicol/florfenicol efflux MFS transporter FloR
6aea8e6c4e480c7fb6e84dcab0fc8431	blaCTX-M-9	extended-spectrum class A beta-lactamase CTX-M-9	core	AMR	AMR	BETA-LACTAM	CEPHALOSPORIN	ALLELEP	291	291	100.00	100.00	291	WP_032489926.1	extended-spectrum class A beta-lactamase CTX-M-9	NF033089.1	CTX-M family extended-spectrum class A beta-lactamase
6b0b4f74a92429dc830e0fd3cc9675f9	sul1	sulfonamide-resistant dihydropteroate synthase Sul1	core	AMR	AMR	SULFONAMIDE	SULFONAMIDE	BLASTP	279	279	100.00	99.64	279	WP_000259031.1	sulfonamide-resistant dihydropteroate synthase Sul1	NF000294.1	sulfonamide-resistant dihydropteroate synthase Sul1
6b230e137e4752f33b778b703a5004f0	tet(G)	tetracycline efflux MFS transporter Tet(G)	core	AMR	AMR	TETRACYCLINE	TETRACYCLINE	EXACTP	391	391	100.00	100.00	391	WP_001257840.1	tetracycline efflux MFS transporter Tet(G)	NF012192.0	tetracycline efflux MFS transporter Tet(G)
6b2496bd367e6245b1aaeb79f32a43e7	tet(M)	tetracycline resistance ribosomal protection protein Tet(M)	core	AMR	AMR	TETRACYCLINE	TETRACYCLINE	BLASTP	639	639	100.00	98.75	639	WP_063856397.1	tetracycline resistance ribosomal protection protein Tet(M)	NF012155.1	tetracycline resistance ribosomal protection protein Tet(M)
6b56eb3937ddaa36c8ace4c106c6b02b	ere(A)	EreA family erythromycin esterase	core	AMR	AMR	MACROLIDE	ERYTHROMYCIN	BLASTP	406	406	100.00	99.75	406	WP_032490532.1	EreA family erythromycin esterase	NF000208.1	EreA family erythromycin esterase
6c44bca63cdccc651cf3afa12a8a0437	aph(3'')-Ib	aminoglycoside O-phosphotransferase APH(3'')-Ib	core	AMR	AMR	AMINOGLYCOSIDE	STREPTOMYCIN	BLASTP	267	267	100.00	99.63	267	WP_001082319.1	aminoglycoside O-phosphotransferase APH(3'')-Ib	NF032895.1	aminoglycoside O-phosphotransferase APH(3'')-Ib
6c4875cc126c2a9eb32d5ba117e23df9	blaSHV	SHV family class A beta-lactamase	core	AMR	AMR	BETA-LACTAM	BETA-LACTAM	BLASTP	286	286	100.00	99.65	286	WP_004176269.1	broad-spectrum class A beta-lactamase SHV-11	NF000285.3	SHV family class A beta-lactamase
6c507c3b0da63408bcbc0814025c8b10	dfrA47	trimethoprim-resistant dihydrofolate reductase DfrA47	core	AMR	AMR	TRIMETHOPRIM	TRIMETHOPRIM	EXACTP	165	165	100.00	100.00	165	WP_034072810.1	trimethoprim-resistant dihydrofolate reductase DfrA47	NF000055.3	DfrA12/DfrA21 family trimethoprim-resistant dihydrofolate reductase
6c5f7671ce063eee79ebb45924af8c25	tet(X5)	tetracycline-inactivating monooxygenase Tet(X5)	core	AMR	AMR	TETRACYCLINE	TIGECYCLINE	BLASTP	378	378	100.00	96.03	378	WP_063856444.1	tetracycline-inactivating monooxygenase Tet(X5)	NF033111.2	tetracycline-inactivating monooxygenase Tet(X)
6c6a3229baa446083d2bef1cdb259e86	aph(6)-Id	aminoglycoside O-phosphotransferase APH(6)-Id	core	AMR	AMR	AMINOGLYCOSIDE	STREPTOMYCIN	BLASTP	278	278	100.00	99.64	278	WP_000480968.1	aminoglycoside O-phosphotransferase APH(6)-Id	NF012171.0	APH(6)-I family aminoglycoside O-phosphotransferase
6c93f587d418746847453cde47f6400f	tet(G)	tetracycline efflux MFS transporter Tet(G)	core	AMR	AMR	TETRACYCLINE	TETRACYCLINE	BLASTP	391	391	100.00	99.23	391	WP_001257840.1	tetracycline efflux MFS transporter Tet(G)	NF012192.0	tetracycline efflux MFS transporter Tet(G)
6cb7972312ffd553275e846c84018503	cmlA4	chloramphenicol efflux MFS transporter CmlA4	core	AMR	AMR	PHENICOL	CHLORAMPHENICOL	EXACTP	419	419	100.00	100.00	419	WP_025368619.1	chloramphenicol efflux MFS transporter CmlA4	NF000509.1	CmlA family chloramphenicol efflux MFS transporter
6ce743300235b404c14e4d046dd8798d	mrx(A)	phosphorylated macrolide efflux MFS transporter Mrx(A)	core	AMR	AMR	MACROLIDE	AZITHROMYCIN/ERYTHROMYCIN/SPIRAMYCIN/TELITHROMYCIN	BLASTP	412	412	100.00	99.76	412	WP_000004159.1	phosphorylated macrolide efflux MFS transporter Mrx(A)	NA	NA
6cfef22eda7c5d010b352225acc8457e	tet(C)	tetracycline efflux MFS transporter Tet(C)	core	AMR	AMR	TETRACYCLINE	TETRACYCLINE	BLASTP	396	396	100.00	99.75	396	WP_000841446.1	tetracycline efflux MFS transporter Tet(C)	NF012191.0	tetracycline efflux MFS transporter Tet(C)
6d44f5fe0dae49e5f31cd4d372a3b6aa	aph(6)-Id	aminoglycoside O-phosphotransferase APH(6)-Id	core	AMR	AMR	AMINOGLYCOSIDE	STREPTOMYCIN	EXACTP	278	278	100.00	100.00	278	WP_000480972.1	aminoglycoside O-phosphotransferase APH(6)-Id	NF012171.0	APH(6)-I family aminoglycoside O-phosphotransferase
6d479902a7ed1461edc40e2146fdd3df	sul1	sulfonamide-resistant dihydropteroate synthase Sul1	core	AMR	AMR	SULFONAMIDE	SULFONAMIDE	PARTIALP	236	275	65.45	92.78	180	WP_063855066.1	sulfonamide-resistant dihydropteroate synthase Sul1	NA	NA
6d57669829b05ef918bb218ba6b2f44b	erm(42)	23S rRNA (adenine(2058)-N(6))-methyltransferase Erm(42)	core	AMR	AMR	LINCOSAMIDE/MACROLIDE	CLINDAMYCIN/ERYTHROMYCIN	EXACTP	301	301	100.00	100.00	301	WP_014325825.1	23S rRNA (adenine(2058)-N(6))-methyltransferase Erm(42)	NF000077.1	23S rRNA (adenine(2058)-N(6))-methyltransferase Erm(42)
6dcebd44588bd62132fd3d992e928b44	mph(C)	Mph(C) family macrolide 2'-phosphotransferase	core	AMR	AMR	MACROLIDE	ERYTHROMYCIN/SPIRAMYCIN/TELITHROMYCIN	EXACTP	299	299	100.00	100.00	299	WP_000196697.1	Mph(C) family macrolide 2'-phosphotransferase	NF000240.1	Mph(C) family macrolide 2'-phosphotransferase
6ddd27a9dca361fd890101a2391c3314	blaR1	beta-lactam sensor/signal transducer BlaR1	core	AMR	AMR	BETA-LACTAM	BETA-LACTAM	BLASTP	585	585	100.00	99.83	585	WP_001096376.1	beta-lactam sensor/signal transducer BlaR1	NF033108.1	beta-lactam sensor/signal transducer BlaR1
6e4a68cec85d2870b6d53a2799f1ddde	tet(K)	tetracycline efflux MFS transporter Tet(K)	core	AMR	AMR	TETRACYCLINE	TETRACYCLINE	BLASTP	459	459	100.00	99.78	459	WP_000492283.1	tetracycline efflux MFS transporter Tet(K)	NF012183.0	tetracycline efflux MFS transporter Tet(K)
6e56d8e7a2eaeb4beab478e6ad6c41fd	mph(A)	Mph(A) family macrolide 2'-phosphotransferase	core	AMR	AMR	MACROLIDE	AZITHROMYCIN/ERYTHROMYCIN/SPIRAMYCIN/TELITHROMYCIN	BLASTP	304	301	100.00	99.67	301	WP_000219391.1	Mph(A) family macrolide 2'-phosphotransferase	NF000254.1	Mph(A) family macrolide 2'-phosphotransferase
6e68fab5fcb34e57473a1bf580e56051	mph(A)	Mph(A) family macrolide 2'-phosphotransferase	core	AMR	AMR	MACROLIDE	AZITHROMYCIN/ERYTHROMYCIN/SPIRAMYCIN/TELITHROMYCIN	BLASTP	301	301	100.00	99.67	301	WP_000219391.1	Mph(A) family macrolide 2'-phosphotransferase	NF000254.1	Mph(A) family macrolide 2'-phosphotransferase
6e7f28f3c68690a08a45aa957aa2c97d	aph(3')-IIIa	aminoglycoside O-phosphotransferase APH(3')-IIIa	core	AMR	AMR	AMINOGLYCOSIDE	AMIKACIN/KANAMYCIN	EXACTP	264	264	100.00	100.00	264	WP_001096887.1	aminoglycoside O-phosphotransferase APH(3')-IIIa	NF033064.0	aminoglycoside O-phosphotransferase APH(3')-IIIa
6ed96f203deaf1d0ebdab2063eeca5b1	mph(G)	Mph(G) family macrolide 2'-phosphotransferase	core	AMR	AMR	MACROLIDE	ERYTHROMYCIN	EXACTP	294	294	100.00	100.00	294	WP_014386803.1	Mph(G) family macrolide 2'-phosphotransferase	NF000241.1	Mph(E)/Mph(G) family macrolide 2'-phosphotransferase
6f02496f5423dbb5e8523a2c31cf2565	sul1	sulfonamide-resistant dihydropteroate synthase Sul1	core	AMR	AMR	SULFONAMIDE	SULFONAMIDE	BLASTP	279	279	100.00	99.64	279	WP_000259031.1	sulfonamide-resistant dihydropteroate synthase Sul1	NF000294.1	sulfonamide-resistant dihydropteroate synthase Sul1
6f1b69e5de5455d3484cad6a1157b9a7	blaOXA	class D beta-lactamase	core	AMR	AMR	BETA-LACTAM	BETA-LACTAM	HMM	272	275	98.18	66.30	270	WP_102607464.1	class D beta-lactamase	NF000270.1	class D beta-lactamase
6f8f1f349220347a0e9347e01b04d195	blaIMP-14	subclass B1 metallo-beta-lactamase IMP-14	core	AMR	AMR	BETA-LACTAM	CARBAPENEM	ALLELEP	246	246	100.00	100.00	246	WP_039819893.1	subclass B1 metallo-beta-lactamase IMP-14	NF012147.1	IMP family subclass B1 metallo-beta-lactamase
704f8557ab8f04303db091ac6a80792f	msr(E)	ABC-F type ribosomal protection protein Msr(E)	core	AMR	AMR	MACROLIDE/STREPTOGRAMIN	AZITHROMYCIN/ERYTHROMYCIN/STREPTOGRAMIN	BLASTP	491	491	100.00	99.80	491	WP_000052512.1	ABC-F type ribosomal protection protein Msr(E)	NF000168.2	Msr family ABC-F type ribosomal protection protein
7077628281cc7fd201e393bcecc31bc2	mrx(A)	phosphorylated macrolide efflux MFS transporter Mrx(A)	core	AMR	AMR	MACROLIDE	AZITHROMYCIN/ERYTHROMYCIN/SPIRAMYCIN/TELITHROMYCIN	BLASTP	412	412	100.00	99.03	412	WP_000004159.1	phosphorylated macrolide efflux MFS transporter Mrx(A)	NA	NA
70807a6e0160914297da00ec6d2519fb	blaPER-2	inhibitor-resistant extended-spectrum class A beta-lactamase PER-2	core	AMR	AMR	BETA-LACTAM	CEPHALOSPORIN	ALLELEP	308	308	100.00	100.00	308	WP_032491907.1	inhibitor-resistant extended-spectrum class A beta-lactamase PER-2	NF000389.2	PER family extended-spectrum class A beta-lactamase
70cec43fcfe4045f49f54b44ebda82b9	mcr-1.1	phosphoethanolamine--lipid A transferase MCR-1.1	core	AMR	AMR	COLISTIN	COLISTIN	ALLELEP	541	541	100.00	100.00	541	WP_049589868.1	phosphoethanolamine--lipid A transferase MCR-1.1	NF000465.1	MCR-1 family phosphoethanolamine--lipid A transferase
70f3d4d500ab72f178d8b050feb251fc	blaNDM-14	subclass B1 metallo-beta-lactamase NDM-14	core	AMR	AMR	BETA-LACTAM	CARBAPENEM	ALLELEP	270	270	100.00	100.00	270	WP_063860857.1	subclass B1 metallo-beta-lactamase NDM-14	NF000259.2	NDM family subclass B1 metallo-beta-lactamase
70fe87bb701711b174d286a350b08d23	aac(6')	aminoglycoside 6'-N-acetyltransferase	core	AMR	AMR	AMINOGLYCOSIDE	AMINOGLYCOSIDE	EXACTP	184	184	100.00	100.00	184	WP_071846204.1	aminoglycoside 6'-N-acetyltransferase	NF012165.0	aminoglycoside 6'-N-acetyltransferase
71bcf101b5ad0d9d3c45376b2f551352	blaNDM-5	subclass B1 metallo-beta-lactamase NDM-5	core	AMR	AMR	BETA-LACTAM	CARBAPENEM	ALLELEP	270	270	100.00	100.00	270	WP_023408309.1	subclass B1 metallo-beta-lactamase NDM-5	NF000259.2	NDM family subclass B1 metallo-beta-lactamase
725d53181bac26afa807916f25d81d7c	blaCTX-M	CTX-M family extended-spectrum class A beta-lactamase	core	AMR	AMR	BETA-LACTAM	CEPHALOSPORIN	BLASTP	291	291	100.00	99.66	291	WP_013188475.1	extended-spectrum class A beta-lactamase CTX-M-65	NF033089.1	CTX-M family extended-spectrum class A beta-lactamase
725fe92b882fb64f0015e78574d91b23	catA	type A-8 chloramphenicol O-acetyltransferase	core	AMR	AMR	PHENICOL	CHLORAMPHENICOL	EXACTP	215	215	100.00	100.00	215	WP_000143686.1	type A-8 chloramphenicol O-acetyltransferase	NF000491.1	type A chloramphenicol O-acetyltransferase
728c1f631615253fb4e9b80672488966	qnrB6	quinolone resistance pentapeptide repeat protein QnrB6	core	AMR	AMR	QUINOLONE	QUINOLONE	ALLELEP	214	214	100.00	100.00	214	WP_001749994.1	quinolone resistance pentapeptide repeat protein QnrB6	NF000420.1	QnrB family quinolone resistance pentapeptide repeat protein
72f662d0d6b3f75c0eed82d81859b15a	floR	chloramphenicol/florfenicol efflux MFS transporter FloR	core	AMR	AMR	PHENICOL	CHLORAMPHENICOL/FLORFENICOL	BLASTP	404	404	100.00	99.75	404	WP_000214122.1	chloramphenicol/florfenicol efflux MFS transporter FloR	NF000219.1	chloramphenicol/florfenicol efflux MFS transporter FloR
734f9376cfbdfb1a757942adf06d446d	ant(6)-Ia	aminoglycoside nucleotidyltransferase ANT(6)-Ia	core	AMR	AMR	AMINOGLYCOSIDE	STREPTOMYCIN	BLASTP	302	302	100.00	99.67	302	WP_001255866.1	aminoglycoside nucleotidyltransferase ANT(6)-Ia	NF033084.2	aminoglycoside 6-nucleotidyltransferase
7356416af9f66ad6abfacff2089119fc	aac(6')-Ib	AAC(6')-Ib family aminoglycoside 6'-N-acetyltransferase	core	AMR	AMR	AMINOGLYCOSIDE	GENTAMICIN	EXACTP	184	184	100.00	100.00	184	WP_022631510.1	AAC(6')-Ib family aminoglycoside 6'-N-acetyltransferase	NF033074.0	AAC(6')-Ib family aminoglycoside 6'-N-acetyltransferase
736ad144c05102c209f26e41ec12b3d1	blaKPC-2	carbapenem-hydrolyzing class A beta-lactamase KPC-2	core	AMR	AMR	BETA-LACTAM	CARBAPENEM	ALLELEP	293	293	100.00	100.00	293	WP_004199234.1	carbapenem-hydrolyzing class A beta-lactamase KPC-2	NF012141.1	KPC family carbapenem-hydrolyzing class A beta-lactamase
748b38d8b9500b1acc1ee341a99c765e	erm(53)	23S rRNA (adenine(2058)-N(6))-methyltransferase Erm(53)	core	AMR	AMR	MACROLIDE	MACROLIDE	BLASTP	300	300	100.00	95.00	300	WP_139847607.1	23S rRNA (adenine(2058)-N(6))-methyltransferase Erm(53)	NF000499.2	23S ribosomal RNA methyltransferase Erm
74b31ada14ca8bdcb32a48bda48591d7	fosA4	fosfomycin resistance glutathione transferase FosA4	core	AMR	AMR	FOSFOMYCIN	FOSFOMYCIN	ALLELEP	138	138	100.00	100.00	138	WP_034169466.1	fosfomycin resistance glutathione transferase FosA4	NF000075.1	FosA3/FosA4 family fosfomycin resistance glutathione transferase
74c0db39bc7e5b4d929b0d318ec2b6b6	erm(A)	23S rRNA (adenine(2058)-N(6))-methyltransferase Erm(A)	core	AMR	AMR	LINCOSAMIDE/MACROLIDE	AZITHROMYCIN/CLARITHROMYCIN/CLINDAMYCIN/ERYTHROMYCIN/TELITHROMYCIN	HMM	232	243	94.24	84.72	229	WP_001072201.1	23S rRNA (adenine(2058)-N(6))-methyltransferase Erm(A)	NF012222.1	23S rRNA (adenine(2058)-N(6))-methyltransferase Erm(A)
74e0633272962d11a0899ffe8597c056	bla	class A beta-lactamase	core	AMR	AMR	BETA-LACTAM	BETA-LACTAM	HMM	286	281	99.29	45.23	283	WP_000733281.1	class A beta-lactamase	NF033103.1	class A beta-lactamase
751c8d639130f8d65ce50db1fe04cd37	sul1	sulfonamide-resistant dihydropteroate synthase Sul1	core	AMR	AMR	SULFONAMIDE	SULFONAMIDE	BLASTP	279	279	100.00	99.64	279	WP_000259032.1	sulfonamide-resistant dihydropteroate synthase Sul1	NF000294.1	sulfonamide-resistant dihydropteroate synthase Sul1
75415a1287a5d7ef6588ad427f85235c	mcr-3	MCR-3-related phosphoethanolamine--lipid A transferase	core	AMR	AMR	COLISTIN	COLISTIN	HMM	540	541	99.45	85.87	538	WP_099156049.1	MCR-3-related phosphoethanolamine--lipid A transferase	NF033409.0	MCR-3-related phosphoethanolamine--lipid A transferase
7562aef1a287813eb087d012bbc08267	catA	type A-8 chloramphenicol O-acetyltransferase	core	AMR	AMR	PHENICOL	CHLORAMPHENICOL	EXACTP	215	215	100.00	100.00	215	WP_002352254.1	type A-8 chloramphenicol O-acetyltransferase	NF000491.1	type A chloramphenicol O-acetyltransferase
75f2581260d3f72fc2e362569f75759c	floR	chloramphenicol/florfenicol efflux MFS transporter FloR	core	AMR	AMR	PHENICOL	CHLORAMPHENICOL/FLORFENICOL	BLASTP	404	404	100.00	99.50	404	WP_000214119.1	chloramphenicol/florfenicol efflux MFS transporter FloR	NF000219.1	chloramphenicol/florfenicol efflux MFS transporter FloR
760ebaef60e5fb0b0cbea8266be5fdd1	fosB	FosB family fosfomycin resistance bacillithiol transferase	core	AMR	AMR	FOSFOMYCIN	FOSFOMYCIN	BLASTP	138	138	100.00	95.65	138	WP_063851229.1	FosB family fosfomycin resistance bacillithiol transferase	NF000098.1	FosB family fosfomycin resistance bacillithiol transferase
763e47cb9de9d861e90adba5017cf1dc	dfrA26	trimethoprim-resistant dihydrofolate reductase DfrA26	core	AMR	AMR	TRIMETHOPRIM	TRIMETHOPRIM	EXACTP	183	183	100.00	100.00	183	WP_063844381.1	trimethoprim-resistant dihydrofolate reductase DfrA26	NF000006.2	trimethoprim-resistant dihydrofolate reductase DfrA26
764040ae395ae7a430fd3633dc55990c	tmexC	multidrug efflux RND transporter periplasmic adaptor subunit TMexC	core	AMR	AMR	TETRACYCLINE	TIGECYCLINE	BLASTP	387	387	100.00	99.74	387	WP_034039546.1	multidrug efflux RND transporter periplasmic adaptor subunit TMexC3	NA	NA
7652cb8473541d659af87e8bdf941611	msr(A)	ABC-F type ribosomal protection protein Msr(A)	core	AMR	AMR	MACROLIDE/STREPTOGRAMIN	ERYTHROMYCIN/STREPTOGRAMIN B	BLASTP	489	488	99.59	99.59	486	WP_000438874.1	ABC-F type ribosomal protection protein Msr(A)	NF000256.1	ABC-F type ribosomal protection protein Msr(A)
76847411f6ef95b34aefa193c2636c3a	catA	type A-8 chloramphenicol O-acetyltransferase	core	AMR	AMR	PHENICOL	CHLORAMPHENICOL	BLASTP	215	215	100.00	98.14	215	WP_002352254.1	type A-8 chloramphenicol O-acetyltransferase	NF000491.1	type A chloramphenicol O-acetyltransferase
76a8ac62eb9b648767482205bc10d4aa	tmexC	multidrug efflux RND transporter periplasmic adaptor subunit TMexC	core	AMR	AMR	TETRACYCLINE	TIGECYCLINE	BLASTP	387	387	100.00	98.71	387	WP_034039546.1	multidrug efflux RND transporter periplasmic adaptor subunit TMexC3	NA	NA
76d41b026e2dafcc2081f0db4135acb3	vanR-M	vancomycin resistance response regulator transcription factor VanR-M	core	AMR	AMR	GLYCOPEPTIDE	VANCOMYCIN	EXACTP	232	232	100.00	100.00	232	WP_063856726.1	vancomycin resistance response regulator transcription factor VanR-M	NF033120.0	vancomycin resistance response regulator transcription factor, VanR-F/VanR-M family
76eb30f10158f34d1d7cc15fc610dd99	mupA	mupirocin-resistant isoleucine--tRNA ligase MupA	core	AMR	AMR	MUPIROCIN	MUPIROCIN	BLASTP	1024	1024	100.00	99.90	1024	WP_000163435.1	mupirocin-resistant isoleucine--tRNA ligase MupA	NF000257.1	mupirocin-resistant isoleucine--tRNA ligase MupA
76f7bb99969d6efbd89c46fa2f634f5e	tet(C)	tetracycline efflux MFS transporter Tet(C)	core	AMR	AMR	TETRACYCLINE	TETRACYCLINE	BLASTP	396	396	100.00	99.75	396	WP_010981361.1	tetracycline efflux MFS transporter Tet(C)	NF012191.0	tetracycline efflux MFS transporter Tet(C)
771447b4d455f950366e2e74629c71d0	blaZ	penicillin-hydrolyzing class A beta-lactamase BlaZ	core	AMR	AMR	BETA-LACTAM	BETA-LACTAM	EXACTP	281	281	100.00	100.00	281	WP_000733274.1	penicillin-hydrolyzing class A beta-lactamase BlaZ	NF033139.1	penicillin-hydrolyzing class A beta-lactamase BlaZ
774e0b8f1b122e38e4cf916e0d56f16d	estX	macrolide esterase EstX	core	AMR	AMR	MACROLIDE	TYLOSIN	BLASTP	284	279	96.06	100.00	268	WP_080153612.1	macrolide esterase EstX	NF033124.1	macrolide esterase EstX
775950d39e473a22187d0c6ba5e22f73	qacE	quaternary ammonium compound efflux SMR transporter QacE	core	STRESS	BIOCIDE	QUATERNARY AMMONIUM	QUATERNARY AMMONIUM	BLASTP	131	115	95.65	97.27	110	WP_000679427.1	quaternary ammonium compound efflux SMR transporter QacE delta 1	NF000276.2	quaternary ammonium compound efflux SMR transporter QacE
77dad5693b3e919c0dc238856458aefa	qacH	quaternary ammonium compound efflux SMR transporter QacH	core	STRESS	BIOCIDE	QUATERNARY AMMONIUM	QUATERNARY AMMONIUM	EXACTP	125	125	100.00	100.00	125	WP_000121134.1	quaternary ammonium compound efflux SMR transporter QacH	NA	NA
77e323635b69ee7cfc8bc4c67916532f	estT	macrolide hydrolase EstT	core	AMR	AMR	MACROLIDE	TYLOSIN	BLASTP	304	282	100.00	98.94	282	WP_185148407.1	macrolide hydrolase EstT	NF041759.1	macrolide hydrolase EstT
78184b2403b551fb5eb885536bac4de1	tet(B)	tetracycline efflux MFS transporter Tet(B)	core	AMR	AMR	TETRACYCLINE	TETRACYCLINE	EXACTP	401	401	100.00	100.00	401	WP_014386815.1	tetracycline efflux MFS transporter Tet(B)	NF012190.1	tetracycline efflux MFS transporter Tet(B)
78496949611e02ca240465a1c496e6bf	blaKPC-71	inhibitor-resistant extended-spectrum class A beta-lactamase KPC-71	core	AMR	AMR	BETA-LACTAM	CEPHALOSPORIN	ALLELEP	294	294	100.00	100.00	294	WP_194293134.1	inhibitor-resistant extended-spectrum class A beta-lactamase KPC-71	NF012141.1	KPC family carbapenem-hydrolyzing class A beta-lactamase
784ec31e79b3e989c15a6eaf050aac80	sat4	streptothricin N-acetyltransferase Sat4	core	AMR	AMR	STREPTOTHRICIN	STREPTOTHRICIN	BLASTP	176	180	100.00	97.22	180	WP_000627290.1	streptothricin N-acetyltransferase Sat4	NF000360.1	streptothricin N-acetyltransferase Sat4
78551bbd7ad271aa32d1d6455b04ccf4	cmlA6	chloramphenicol efflux MFS transporter CmlA6	core	AMR	AMR	PHENICOL	CHLORAMPHENICOL	ALLELEP	419	419	100.00	100.00	419	WP_001256773.1	chloramphenicol efflux MFS transporter CmlA6	NF000509.1	CmlA family chloramphenicol efflux MFS transporter
7862570f0b7767c7d2c6cfa5021c3b28	lnu(B)	lincosamide nucleotidyltransferase Lnu(B)	core	AMR	AMR	LINCOSAMIDE	LINCOSAMIDE	EXACTP	267	267	100.00	100.00	267	WP_002294514.1	lincosamide nucleotidyltransferase Lnu(B)	NF000235.3	lincosamide nucleotidyltransferase Lnu(B)
788e14baca3aba5fa0ee466e55e9a76b	aph(2'')-Ia	aminoglycoside O-phosphotransferase APH(2'')-Ia	core	AMR	AMR	AMINOGLYCOSIDE	AMIKACIN/GENTAMICIN/KANAMYCIN/TOBRAMYCIN	HMM	291	479	60.75	100.00	291	WP_032490744.1	aminoglycoside O-phosphotransferase APH(2'')-Ia	NF000508.1	aminoglycoside O-phosphotransferase APH(2'')-Ia
7893902e671a3e678d93875d6e9159f8	blaOXA-246	OXA-10 family class D beta-lactamase OXA-246	core	AMR	AMR	BETA-LACTAM	BETA-LACTAM	ALLELEP	266	266	100.00	100.00	266	WP_063862394.1	OXA-10 family class D beta-lactamase OXA-246	NF000386.2	OXA-10 family class D beta-lactamase
7893d9fed58787c075be9d254f04a795	qac	QacCGHJ group quaternary ammonium compound efflux SMR transporter	core	STRESS	BIOCIDE	QUATERNARY AMMONIUM	QUATERNARY AMMONIUM	HMM	107	107	100.00	75.70	107	WP_032489340.1	QacCGHJ group quaternary ammonium compound efflux SMR transporter	NF000384.1	QacCGHJ group quaternary ammonium compound efflux SMR transporter
78e81bc07716f5431e267acb757bec91	cfr	23S rRNA (adenine(2503)-C(8))-methyltransferase Cfr	core	AMR	AMR	LINCOSAMIDE/OXAZOLIDINONE/PHENICOL/PLEUROMUTILIN/STREPTOGRAMIN	CHLORAMPHENICOL/CLINDAMYCIN/FLORFENICOL/LINEZOLID/STREPTOGRAMIN B/TIAMULIN/VIRGINIAMYCIN	BLASTP	349	349	100.00	99.43	349	WP_001010505.1	23S rRNA (adenine(2503)-C(8))-methyltransferase Cfr	NF000424.4	Cfr family 23S rRNA (adenine(2503)-C(8))-methyltransferase
78f4330b247933966b8cedc627ed1541	catA2	type A-2 chloramphenicol O-acetyltransferase CatII	core	AMR	AMR	PHENICOL	CHLORAMPHENICOL	BLASTP	213	213	100.00	99.53	213	WP_001011939.1	type A-2 chloramphenicol O-acetyltransferase CatII	NF000491.1	type A chloramphenicol O-acetyltransferase
78f4471e90c483da25ea8e65fd19a7e5	blaFRI-8	carbapenem-hydrolyzing class A beta-lactamase FRI-8	core	AMR	AMR	BETA-LACTAM	CARBAPENEM	ALLELEP	298	298	100.00	100.00	298	WP_140423308.1	carbapenem-hydrolyzing class A beta-lactamase FRI-8	NF000428.4	FRI family carbapenem-hydrolyzing class A beta-lactamase
790b5f55e668261a9a3090408a86a5bf	aph(3')-VIa	aminoglycoside O-phosphotransferase APH(3')-VIa	core	AMR	AMR	AMINOGLYCOSIDE	AMIKACIN/KANAMYCIN	BLASTP	259	259	100.00	99.61	259	WP_000422636.1	aminoglycoside O-phosphotransferase APH(3')-VIa	NF033062.0	APH(3')-VI family aminoglycoside O-phosphotransferase
793394e9d561eaffdf38633e1e8c875f	bcrC	quaternary ammonium compound efflux SMR transporter BcrC	core	STRESS	BIOCIDE	BACITRACIN	BACITRACIN	EXACTP	114	114	100.00	100.00	114	WP_003725292.1	quaternary ammonium compound efflux SMR transporter BcrC	NF033470.1	quaternary ammonium compound efflux SMR transporter BcrC
7967ab9818c013311dad4b3b79d16fc0	lnu(I)	lincosamide nucleotidyltransferase Lnu(I)	core	AMR	AMR	LINCOSAMIDE	LINCOSAMIDE	BLASTP	256	256	100.00	99.61	256	WP_008992950.1	lincosamide nucleotidyltransferase Lnu(I)	NA	NA
799649f4bcf48c176e108d6d6468ee1f	aph(6)-Id	aminoglycoside O-phosphotransferase APH(6)-Id	core	AMR	AMR	AMINOGLYCOSIDE	STREPTOMYCIN	BLASTP	276	278	99.28	100.00	276	WP_000480968.1	aminoglycoside O-phosphotransferase APH(6)-Id	NF012171.0	APH(6)-I family aminoglycoside O-phosphotransferase
7996c2718b7bead342994d1cd59d251c	dfrA7	trimethoprim-resistant dihydrofolate reductase DfrA7	core	AMR	AMR	TRIMETHOPRIM	TRIMETHOPRIM	EXACTP	157	157	100.00	100.00	157	WP_000703418.1	trimethoprim-resistant dihydrofolate reductase DfrA7	NF000330.1	trimethoprim-resistant dihydrofolate reductase DfrA
79fc11ed86bb849e22ece00b9fc12ba3	mph(A)	Mph(A) family macrolide 2'-phosphotransferase	core	AMR	AMR	MACROLIDE	AZITHROMYCIN/ERYTHROMYCIN/SPIRAMYCIN/TELITHROMYCIN	BLASTP	301	301	100.00	99.67	301	WP_000219391.1	Mph(A) family macrolide 2'-phosphotransferase	NF000254.1	Mph(A) family macrolide 2'-phosphotransferase
7a33ea9e8988c2d664f38e5d909d8ab8	blaCMY-2	extended-spectrum class C beta-lactamase CMY-2	core	AMR	AMR	BETA-LACTAM	CEPHALOSPORIN	ALLELEP	381	381	100.00	100.00	381	WP_000976514.1	extended-spectrum class C beta-lactamase CMY-2	NF000191.1	CMY-2 family class C beta-lactamase
7a7172562e0bb6f39142605e0ee442c3	mcr-3.5	phosphoethanolamine--lipid A transferase MCR-3.5	core	AMR	AMR	COLISTIN	COLISTIN	ALLELEP	541	541	100.00	100.00	541	WP_089613755.1	phosphoethanolamine--lipid A transferase MCR-3.5	NF033408.5	MCR-3 family phosphoethanolamine--lipid A transferase
7b0adebe6c9b89e88fb10a2b50c72624	lnu(F)	lincosamide nucleotidyltransferase Lnu(F)	core	AMR	AMR	LINCOSAMIDE	LINCOSAMIDE	BLASTP	273	273	100.00	99.63	273	WP_000939727.1	lincosamide nucleotidyltransferase Lnu(F)	NF000119.1	lincosamide nucleotidyltransferase Lnu(F)
7b2264421f4c25ea64e1b4bb0d729712	sul1	sulfonamide-resistant dihydropteroate synthase Sul1	core	AMR	AMR	SULFONAMIDE	SULFONAMIDE	BLASTP	279	279	100.00	99.64	279	WP_000259031.1	sulfonamide-resistant dihydropteroate synthase Sul1	NF000294.1	sulfonamide-resistant dihydropteroate synthase Sul1
7b3ae1d78dbef0d4155d596dbe617ac0	aadA8	ANT(3'')-Ia family aminoglycoside nucleotidyltransferase AadA8	core	AMR	AMR	AMINOGLYCOSIDE	STREPTOMYCIN	EXACTP	263	263	100.00	100.00	263	WP_032491464.1	ANT(3'')-Ia family aminoglycoside nucleotidyltransferase AadA8	NF012157.0	ANT(3'')-I family aminoglycoside nucleotidyltransferase
7b6c891a1ed2ab06a33b6832a4a29a2f	tet(M)	tetracycline resistance ribosomal protection protein Tet(M)	core	AMR	AMR	TETRACYCLINE	TETRACYCLINE	BLASTP	639	639	100.00	99.84	639	WP_014386813.1	tetracycline resistance ribosomal protection protein Tet(M)	NF012155.1	tetracycline resistance ribosomal protection protein Tet(M)
7bcaa82f70b4bbe743a08f9d40d75781	fosB4	fosfomycin resistance bacillithiol transferase FosB4	core	AMR	AMR	FOSFOMYCIN	FOSFOMYCIN	ALLELEP	139	139	100.00	100.00	139	WP_053032028.1	fosfomycin resistance bacillithiol transferase FosB4	NF000085.1	FosB1/FosB3 family fosfomycin resistance bacillithiol transferase
7bd2ddeb9b21830d1c2c88f221672aa4	estT	macrolide hydrolase EstT	core	AMR	AMR	MACROLIDE	TYLOSIN	HMM	286	282	98.94	84.59	279	WP_185148407.1	macrolide hydrolase EstT	NF041759.1	macrolide hydrolase EstT
7c2aca922a79f7f7298105c3fddc8f6e	cfr(D)	23S rRNA (adenine(2503)-C(8))-methyltransferase Cfr(D)	core	AMR	AMR	LINCOSAMIDE/OXAZOLIDINONE/PHENICOL/PLEUROMUTILIN/STREPTOGRAMIN	CHLORAMPHENICOL/CLINDAMYCIN/LINEZOLID/STREPTOGRAMIN B/TEDIZOLID/TIAMULIN	BLASTP	357	357	100.00	99.72	357	WP_105459893.1	23S rRNA (adenine(2503)-C(8))-methyltransferase Cfr(D)	NF000424.4	Cfr family 23S rRNA (adenine(2503)-C(8))-methyltransferase
7c5bc7718aceac8132baae583fd923c5	tet(A)	tetracycline efflux MFS transporter Tet(A)	core	AMR	AMR	TETRACYCLINE	TETRACYCLINE	EXACTP	399	399	100.00	100.00	399	WP_001973670.1	tetracycline efflux MFS transporter Tet(A)	NF012193.0	tetracycline efflux MFS transporter Tet(A)
7c5eaf05fd72df3c05c44e5d8fcc419c	tet(O)	tetracycline resistance ribosomal protection protein Tet(O)	core	AMR	AMR	TETRACYCLINE	TETRACYCLINE	BLASTP	639	639	100.00	99.84	639	WP_012669445.1	tetracycline resistance ribosomal protection protein Tet(O)	NF033148.1	TetM/TetW/TetO/TetS family tetracycline resistance ribosomal protection protein
7c63eb1d300c6682a82c7d0b0b30702f	cmx	chloramphenicol efflux MFS transporter Cmx	core	AMR	AMR	PHENICOL	CHLORAMPHENICOL	BLASTP	391	391	100.00	99.74	391	WP_005297378.1	chloramphenicol efflux MFS transporter Cmx	NF000510.1	chloramphenicol efflux MFS transporter Cmx
7c72404d6fbdcec3683b1a258c00472a	qacF	quaternary ammonium compound efflux SMR transporter QacF	core	STRESS	BIOCIDE	QUATERNARY AMMONIUM	QUATERNARY AMMONIUM	EXACTP	110	110	100.00	100.00	110	WP_015243636.1	quaternary ammonium compound efflux SMR transporter QacF	NF000067.2	QacF/QacL family quaternary ammonium compound efflux SMR transporter
7c75b98fcbc8615464e9a629539363a5	qacA	quaternary ammonium compound efflux MFS transporter QacA	core	STRESS	BIOCIDE	QUATERNARY AMMONIUM	QUATERNARY AMMONIUM	BLASTP	514	514	100.00	99.61	514	WP_000622776.1	quaternary ammonium compound efflux MFS transporter QacA	NF000089.1	QacA/B family quaternary ammonium compound efflux MFS transporter
7c8723bfd96599302ceef34105b6d6d9	vanS-Pt	vancomycin resistance histidine kinase VanS-Pt	core	AMR	AMR	GLYCOPEPTIDE	VANCOMYCIN	BLASTP	384	386	98.70	90.55	381	WP_063856741.1	vancomycin resistance histidine kinase VanS-Pt	NF033091.0	vancomycin resistance histidine kinase VanS
7cb98ca1d419d2ec5219509e57929bab	optrA	ABC-F type ribosomal protection protein OptrA	core	AMR	AMR	OXAZOLIDINONE/PHENICOL	FLORFENICOL/OXAZOLIDINONE	EXACTP	655	655	100.00	100.00	655	WP_063854496.1	ABC-F type ribosomal protection protein OptrA	NF000514.1	ABC-F type ribosomal protection protein OptrA
7cbba543531959f6d6e513605f89f1a8	erm(B)	23S rRNA (adenine(2058)-N(6))-methyltransferase Erm(B)	core	AMR	AMR	LINCOSAMIDE/MACROLIDE/STREPTOGRAMIN	CLINDAMYCIN/ERYTHROMYCIN/STREPTOGRAMIN B	BLASTP	245	245	100.00	99.59	245	WP_001038795.1	23S rRNA (adenine(2058)-N(6))-methyltransferase Erm(B)	NF012220.1	23S rRNA (adenine(2058)-N(6))-methyltransferase Erm(B)
7cf837d08b63623387659817bbcd3808	floR	chloramphenicol/florfenicol efflux MFS transporter FloR	core	AMR	AMR	PHENICOL	CHLORAMPHENICOL/FLORFENICOL	PARTIALP	368	404	63.86	92.28	259	WP_021038045.1	chloramphenicol/florfenicol efflux MFS transporter FloR	NA	NA
7d18b975f4cf977c376a2cc284d13211	aadA8	ANT(3'')-Ia family aminoglycoside nucleotidyltransferase AadA8	core	AMR	AMR	AMINOGLYCOSIDE	STREPTOMYCIN	BLASTP	263	263	100.00	99.62	263	WP_063857693.1	ANT(3'')-Ia family aminoglycoside nucleotidyltransferase AadA8	NF012157.0	ANT(3'')-I family aminoglycoside nucleotidyltransferase
7d32f9c5ed0da4223f7e1c1c852598e4	mph(A)	Mph(A) family macrolide 2'-phosphotransferase	core	AMR	AMR	MACROLIDE	AZITHROMYCIN/ERYTHROMYCIN/SPIRAMYCIN/TELITHROMYCIN	BLASTP	301	301	100.00	99.67	301	WP_000219391.1	Mph(A) family macrolide 2'-phosphotransferase	NF000254.1	Mph(A) family macrolide 2'-phosphotransferase
7d45de9b4d6f4d09be0ace2ac1fca192	estX	macrolide esterase EstX	core	AMR	AMR	MACROLIDE	TYLOSIN	BLASTP	300	280	100.00	100.00	280	WP_001456218.1	macrolide esterase EstX-3	NF033124.1	macrolide esterase EstX
7d692e7e2de060bede139fd226cdc905	tet(C)	tetracycline efflux MFS transporter Tet(C)	core	AMR	AMR	TETRACYCLINE	TETRACYCLINE	EXACTP	396	396	100.00	100.00	396	WP_001297013.1	tetracycline efflux MFS transporter Tet(C)	NF012191.0	tetracycline efflux MFS transporter Tet(C)
7dbef93d32900716bf30c625a160051b	oqxA	multidrug efflux RND transporter periplasmic adaptor subunit OqxA	core	AMR	AMR	PHENICOL/QUINOLONE	PHENICOL/QUINOLONE	BLASTP	394	391	100.00	99.24	394	WP_063865358.1	multidrug efflux RND transporter periplasmic adaptor subunit OqxA2	NF000272.1	multidrug efflux RND transporter periplasmic adaptor subunit OqxA
7dcb6ad7ae395dfe74a4a6e96648e75b	aadD1	aminoglycoside O-nucleotidyltransferase ANT(4')-Ia	core	AMR	AMR	AMINOGLYCOSIDE	KANAMYCIN/TOBRAMYCIN	EXACTP	253	253	100.00	100.00	253	WP_001014230.1	aminoglycoside O-nucleotidyltransferase ANT(4')-Ia	NF000181.1	aminoglycoside O-nucleotidyltransferase ANT(4')-Ia
7dfb8663d7a5b042e55c2400f1458ea4	aac(6')-Ib	AAC(6')-Ib family aminoglycoside 6'-N-acetyltransferase	core	AMR	AMR	AMINOGLYCOSIDE	AMIKACIN/KANAMYCIN/TOBRAMYCIN	BLASTP	184	184	100.00	99.46	184	WP_159287722.1	AAC(6')-Ib family aminoglycoside 6'-N-acetyltransferase	NF033074.0	AAC(6')-Ib family aminoglycoside 6'-N-acetyltransferase
7dfc7e92c9639049d0bae0351bf714f6	dfrA14	trimethoprim-resistant dihydrofolate reductase DfrA14	core	AMR	AMR	TRIMETHOPRIM	TRIMETHOPRIM	BLASTP	157	157	100.00	99.36	157	WP_004201280.1	trimethoprim-resistant dihydrofolate reductase DfrA14	NF000330.1	trimethoprim-resistant dihydrofolate reductase DfrA
7e18630657c543dddcc280d79382c5f8	fexB	chloramphenicol/florfenicol efflux MFS transporter FexB	core	AMR	AMR	PHENICOL	CHLORAMPHENICOL/FLORFENICOL	BLASTP	469	469	100.00	99.79	469	WP_002415211.1	chloramphenicol/florfenicol efflux MFS transporter FexB	NF040856.1	chloramphenicol/florfenicol efflux MFS transporter FexB
7e4f569c4983952bf330382fa639d206	blaSHV-12	extended-spectrum class A beta-lactamase SHV-12	core	AMR	AMR	BETA-LACTAM	CEFIDEROCOL/CEPHALOSPORIN	ALLELEP	286	286	100.00	100.00	286	WP_002904004.1	extended-spectrum class A beta-lactamase SHV-12	NF000285.3	SHV family class A beta-lactamase
7ea71f5ef071b4d864657e1a098136fa	blaTEM-176	class A beta-lactamase TEM-176	core	AMR	AMR	BETA-LACTAM	BETA-LACTAM	ALLELEP	286	286	100.00	100.00	286	WP_038976851.1	class A beta-lactamase TEM-176	NF000531.2	TEM family class A beta-lactamase
7ebf05170058b60c7b08ab975b81b244	str	streptomycin adenylyltransferase Str	core	AMR	AMR	AMINOGLYCOSIDE	STREPTOMYCIN	BLASTP	274	282	97.16	100.00	274	WP_001258486.1	streptomycin adenylyltransferase Str	NF000062.1	streptomycin adenylyltransferase Str
7ef1e6857252ae49a963a0c19a261659	optrA	ABC-F type ribosomal protection protein OptrA	core	AMR	AMR	OXAZOLIDINONE/PHENICOL	FLORFENICOL/OXAZOLIDINONE	BLASTP	655	655	100.00	99.69	655	WP_063854496.1	ABC-F type ribosomal protection protein OptrA	NF000514.1	ABC-F type ribosomal protection protein OptrA
7f0c88fb8aee490f89d5fa38dd8431de	blaTEM	TEM family class A beta-lactamase	core	AMR	AMR	BETA-LACTAM	BETA-LACTAM	BLASTP	286	286	100.00	99.30	286	WP_032490317.1	extended-spectrum class A beta-lactamase TEM-93	NF000531.2	TEM family class A beta-lactamase
7f31b00a6971cbc4d23775c2e8d5d573	aph(3')-II	APH(3')-II family aminoglycoside O-phosphotransferase	core	AMR	AMR	AMINOGLYCOSIDE	KANAMYCIN	HMM	264	264	95.83	74.31	253	WP_000572405.1	APH(3')-II family aminoglycoside O-phosphotransferase	NF032898.2	APH(3')-II family aminoglycoside O-phosphotransferase
7f6010ec0740fa2690acc3ee3525e09c	aadA1	ANT(3'')-Ia family aminoglycoside nucleotidyltransferase AadA1	core	AMR	AMR	AMINOGLYCOSIDE	STREPTOMYCIN	EXACTP	263	263	100.00	100.00	263	WP_001209508.1	ANT(3'')-Ia family aminoglycoside nucleotidyltransferase AadA1	NF033126.1	ANT(3'')-Ia family aminoglycoside nucleotidyltransferase AadA1
7fc0fbfc850a5c81658e7d2692893565	blaVAM-1	subclass B1 metallo-beta-lactamase VAM-1	core	AMR	AMR	BETA-LACTAM	CARBAPENEM	ALLELEP	246	246	100.00	100.00	246	WP_181726415.1	subclass B1 metallo-beta-lactamase VAM-1	NF033088.2	subclass B1 metallo-beta-lactamase
7fda9bbcbb805acbea2fae5aad467d84	oqxB	multidrug efflux RND transporter permease subunit OqxB	core	AMR	AMR	PHENICOL/QUINOLONE	PHENICOL/QUINOLONE	BLASTP	1050	1050	100.00	99.90	1050	WP_000347934.1	multidrug efflux RND transporter permease subunit OqxB	NF000037.1	multidrug efflux RND transporter permease subunit OqxB
7ffded8b49347d86ee37eee0272a652a	aadA2	ANT(3'')-Ia family aminoglycoside nucleotidyltransferase AadA2	core	AMR	AMR	AMINOGLYCOSIDE	STREPTOMYCIN	BLASTP	262	263	100.00	99.62	263	WP_001206356.1	ANT(3'')-Ia family aminoglycoside nucleotidyltransferase AadA2	NF012157.0	ANT(3'')-I family aminoglycoside nucleotidyltransferase
800b6f4fb6388a8a21dec5419ab32d06	dfrA1	trimethoprim-resistant dihydrofolate reductase DfrA1	core	AMR	AMR	TRIMETHOPRIM	TRIMETHOPRIM	EXACTP	157	157	100.00	100.00	157	WP_000777555.1	trimethoprim-resistant dihydrofolate reductase DfrA1	NF000330.1	trimethoprim-resistant dihydrofolate reductase DfrA
802b1ab15105e285ef87b9033cdee9ea	catA3	type A-3 chloramphenicol O-acetyltransferase CatIII	core	AMR	AMR	PHENICOL	CHLORAMPHENICOL	EXACTP	213	213	100.00	100.00	213	WP_004920769.1	type A-3 chloramphenicol O-acetyltransferase CatIII	NF000491.1	type A chloramphenicol O-acetyltransferase
805eaabb31f6961a66af2e133e638d0d	dfrA12	trimethoprim-resistant dihydrofolate reductase DfrA12	core	AMR	AMR	TRIMETHOPRIM	TRIMETHOPRIM	BLASTP	166	165	100.00	99.40	166	WP_001083725.1	trimethoprim-resistant dihydrofolate reductase DfrA12	NF000053.2	trimethoprim-resistant dihydrofolate reductase DfrA12
80769aef07a103d90d64c18099e99233	aph(6)-Id	aminoglycoside O-phosphotransferase APH(6)-Id	core	AMR	AMR	AMINOGLYCOSIDE	STREPTOMYCIN	BLASTP	278	278	100.00	99.64	278	WP_000480968.1	aminoglycoside O-phosphotransferase APH(6)-Id	NF012171.0	APH(6)-I family aminoglycoside O-phosphotransferase
807fadad324b0793108b2bf562101253	catA2	type A-2 chloramphenicol O-acetyltransferase CatII	core	AMR	AMR	PHENICOL	CHLORAMPHENICOL	EXACTP	213	213	100.00	100.00	213	WP_011751353.1	type A-2 chloramphenicol O-acetyltransferase CatII	NF000491.1	type A chloramphenicol O-acetyltransferase
808efcc2e4a5debc02a3a134efe6b353	aph(4)-Ia	aminoglycoside O-phosphotransferase APH(4)-Ia	core	AMR	AMR	AMINOGLYCOSIDE	HYGROMYCIN	BLASTP	341	341	100.00	99.71	341	WP_000742814.1	aminoglycoside O-phosphotransferase APH(4)-Ia	NF000107.2	aminoglycoside O-phosphotransferase APH(4)-Ia
80a3e13df29edbdc573d1c6e6074b6c4	aph(6)-Ic	aminoglycoside O-phosphotransferase APH(6)-Ic	core	AMR	AMR	AMINOGLYCOSIDE	STREPTOMYCIN	BLASTP	280	280	100.00	99.64	280	WP_000116906.1	aminoglycoside O-phosphotransferase APH(6)-Ic	NF000011.2	aminoglycoside O-phosphotransferase APH(6)-Ic
80b3a43e7a53cfb45751704e4a4556c1	blaCTX-M-2	extended-spectrum class A beta-lactamase CTX-M-2	core	AMR	AMR	BETA-LACTAM	CEPHALOSPORIN	ALLELEP	291	291	100.00	100.00	291	WP_025368620.1	extended-spectrum class A beta-lactamase CTX-M-2	NF033089.1	CTX-M family extended-spectrum class A beta-lactamase
80bd3ccad7bb693225a5824d5ddebd3f	floR2	chloramphenicol/florfenicol efflux MFS transporter FloR2	core	AMR	AMR	PHENICOL	CHLORAMPHENICOL/FLORFENICOL	BLASTP	404	404	100.00	99.75	404	WP_000214125.1	chloramphenicol/florfenicol efflux MFS transporter FloR2	NF000219.1	chloramphenicol/florfenicol efflux MFS transporter FloR
80d873f86e6b86c9eff09880e23c8dab	sul1	sulfonamide-resistant dihydropteroate synthase Sul1	core	AMR	AMR	SULFONAMIDE	SULFONAMIDE	BLASTP	279	279	100.00	99.64	279	WP_000259031.1	sulfonamide-resistant dihydropteroate synthase Sul1	NF000294.1	sulfonamide-resistant dihydropteroate synthase Sul1
80e7a0d2470fb53fd58f5ede6d9a5282	erm(B)	23S rRNA (adenine(2058)-N(6))-methyltransferase Erm(B)	core	AMR	AMR	LINCOSAMIDE/MACROLIDE/STREPTOGRAMIN	CLINDAMYCIN/ERYTHROMYCIN/STREPTOGRAMIN B	EXACTP	245	245	100.00	100.00	245	WP_001038795.1	23S rRNA (adenine(2058)-N(6))-methyltransferase Erm(B)	NF012220.1	23S rRNA (adenine(2058)-N(6))-methyltransferase Erm(B)
80ebd9e861773dc05333d0f791cb021e	str	streptomycin adenylyltransferase Str	core	AMR	AMR	AMINOGLYCOSIDE	STREPTOMYCIN	EXACTP	282	282	100.00	100.00	282	WP_010711054.1	streptomycin adenylyltransferase Str	NF000062.1	streptomycin adenylyltransferase Str
8108cacad9cb7559740493ffcf867268	blaNDM-29	subclass B1 metallo-beta-lactamase NDM-29	core	AMR	AMR	BETA-LACTAM	CARBAPENEM	ALLELEP	270	270	100.00	100.00	270	WP_156404656.1	subclass B1 metallo-beta-lactamase NDM-29	NF000259.2	NDM family subclass B1 metallo-beta-lactamase
813b04a07c385c2b65c33b4b0ec21da7	ere(A)	EreA family erythromycin esterase	core	AMR	AMR	MACROLIDE	ERYTHROMYCIN	EXACTP	418	418	100.00	100.00	418	WP_015059985.1	EreA family erythromycin esterase	NF000208.1	EreA family erythromycin esterase
81697faf561792fa0ae400733c1b5623	floR	chloramphenicol/florfenicol efflux MFS transporter FloR	core	AMR	AMR	PHENICOL	CHLORAMPHENICOL/FLORFENICOL	BLASTP	404	404	100.00	91.09	404	WP_014386424.1	chloramphenicol/florfenicol efflux MFS transporter FloR	NF000219.1	chloramphenicol/florfenicol efflux MFS transporter FloR
816a7876946efdd628f18880ef3d3ca6	tet(A)	tetracycline efflux MFS transporter Tet(A)	core	AMR	AMR	TETRACYCLINE	TETRACYCLINE	BLASTP	399	399	100.00	99.75	399	WP_000804063.1	tetracycline efflux MFS transporter Tet(A)	NF012193.0	tetracycline efflux MFS transporter Tet(A)
816f49475be12490dfbdea20af5367cc	blaVIM-27	subclass B1 metallo-beta-lactamase VIM-27	core	AMR	AMR	BETA-LACTAM	CARBAPENEM	ALLELEP	266	266	100.00	100.00	266	WP_032495187.1	subclass B1 metallo-beta-lactamase VIM-27	NF012100.0	VIM family subclass B1 metallo-beta-lactamase
81b1382cc78473af15b6d73b62eb6dc9	aph(3'')-Ib	aminoglycoside O-phosphotransferase APH(3'')-Ib	core	AMR	AMR	AMINOGLYCOSIDE	STREPTOMYCIN	BLASTP	267	267	100.00	99.63	267	WP_001082319.1	aminoglycoside O-phosphotransferase APH(3'')-Ib	NF032895.1	aminoglycoside O-phosphotransferase APH(3'')-Ib
81fb941a0e98182d9cffb4b433f496e4	aac(3)-IIe	aminoglycoside N-acetyltransferase AAC(3)-IIe	core	AMR	AMR	AMINOGLYCOSIDE	GENTAMICIN	BLASTP	286	286	100.00	99.65	286	WP_000557452.1	aminoglycoside N-acetyltransferase AAC(3)-IIe	NF033080.0	AAC(3)-II family aminoglycoside N-acetyltransferase
8212da8c370d4558a8e7b51a1f0ff8d7	aph(3')-VIb	aminoglycoside O-phosphotransferase APH(3')-VIb	core	AMR	AMR	AMINOGLYCOSIDE	AMIKACIN/KANAMYCIN	BLASTP	259	259	100.00	98.84	259	WP_000422633.1	aminoglycoside O-phosphotransferase APH(3')-VIb	NF033062.0	APH(3')-VI family aminoglycoside O-phosphotransferase
82274d5987d00b2e305e7dc7d3f1011f	blaCTX-M-3	extended-spectrum class A beta-lactamase CTX-M-3	core	AMR	AMR	BETA-LACTAM	CEPHALOSPORIN	ALLELEP	291	291	100.00	100.00	291	WP_011091028.1	extended-spectrum class A beta-lactamase CTX-M-3	NF033089.1	CTX-M family extended-spectrum class A beta-lactamase
824410a16f17c0551f3a571cc15978a6	aac(3)-IId	aminoglycoside N-acetyltransferase AAC(3)-IId	core	AMR	AMR	AMINOGLYCOSIDE	GENTAMICIN	PARTIALP	231	286	80.77	100.00	231	WP_000557454.1	aminoglycoside N-acetyltransferase AAC(3)-IId	NF033082.0	aminoglycoside 3-N-acetyltransferase
82b089f97802254b691689bdafb34689	armA	16S rRNA (guanine(1405)-N(7))-methyltransferase ArmA	core	AMR	AMR	AMINOGLYCOSIDE	GENTAMICIN	EXACTP	257	257	100.00	100.00	257	WP_000359986.1	16S rRNA (guanine(1405)-N(7))-methyltransferase ArmA	NF000466.2	Rmt family 16S rRNA (guanine(1405)-N(7))-methyltransferase
8309904abe2d24e195a724d1da6b977d	tet(A)	tetracycline efflux MFS transporter Tet(A)	core	AMR	AMR	TETRACYCLINE	TETRACYCLINE	BLASTP	375	399	93.98	100.00	375	WP_000804063.1	tetracycline efflux MFS transporter Tet(A)	NF012193.0	tetracycline efflux MFS transporter Tet(A)
83474f8d84d354265f657e5563a83c7c	msr(A)	ABC-F type ribosomal protection protein Msr(A)	core	AMR	AMR	MACROLIDE/STREPTOGRAMIN	ERYTHROMYCIN/STREPTOGRAMIN B	BLASTP	488	488	100.00	99.80	488	WP_000438874.1	ABC-F type ribosomal protection protein Msr(A)	NF000256.1	ABC-F type ribosomal protection protein Msr(A)
83c9f779741285dd57a4cc24be0148b5	blaCTX-M	CTX-M family extended-spectrum class A beta-lactamase	core	AMR	AMR	BETA-LACTAM	CEPHALOSPORIN	BLASTP	291	291	100.00	99.66	291	WP_000239590.1	extended-spectrum class A beta-lactamase CTX-M-15	NF033089.1	CTX-M family extended-spectrum class A beta-lactamase
83d1e92d2945fa9204532c636d0d6eff	blaKPC-24	carbapenem-hydrolyzing class A beta-lactamase KPC-24	core	AMR	AMR	BETA-LACTAM	CARBAPENEM	ALLELEP	293	293	100.00	100.00	293	WP_063860729.1	carbapenem-hydrolyzing class A beta-lactamase KPC-24	NF012141.1	KPC family carbapenem-hydrolyzing class A beta-lactamase
843498edb5ce6172418de1bc09199eef	vanR-A	vancomycin resistance response regulator transcription factor VanR-A	core	AMR	AMR	GLYCOPEPTIDE	VANCOMYCIN	BLASTP	231	231	100.00	99.57	231	WP_001280781.1	vancomycin resistance response regulator transcription factor VanR-A	NF000401.1	vancomycin resistance response regulator transcription factor VanR-A
843b1b62a56284be6df54869b35c1be7	qacE	quaternary ammonium compound efflux SMR transporter QacE	core	STRESS	BIOCIDE	QUATERNARY AMMONIUM	QUATERNARY AMMONIUM	PARTIALP	100	115	86.96	99.00	100	WP_000679427.1	quaternary ammonium compound efflux SMR transporter QacE delta 1	NA	NA
8450ee4f871fa65820a4265ef283d13c	blaZ	penicillin-hydrolyzing class A beta-lactamase BlaZ	core	AMR	AMR	BETA-LACTAM	BETA-LACTAM	BLASTP	281	281	100.00	98.22	281	WP_000733274.1	penicillin-hydrolyzing class A beta-lactamase BlaZ	NF033139.1	penicillin-hydrolyzing class A beta-lactamase BlaZ
845509c070e11a37187138e8a2043d09	mrx(A)	phosphorylated macrolide efflux MFS transporter Mrx(A)	core	AMR	AMR	MACROLIDE	AZITHROMYCIN/ERYTHROMYCIN/SPIRAMYCIN/TELITHROMYCIN	BLASTP	412	412	100.00	99.76	412	WP_000004159.1	phosphorylated macrolide efflux MFS transporter Mrx(A)	NA	NA
856e7bd50be285af94849482452dbca8	vanH-A	D-lactate dehydrogenase VanH-A	core	AMR	AMR	GLYCOPEPTIDE	VANCOMYCIN	BLASTP	322	322	100.00	99.69	322	WP_001059542.1	D-lactate dehydrogenase VanH-A	NF000371.1	VanH-A/VanH-Pt family D-lactate dehydrogenase
85968b61e769f75d8655a7a199d1db4c	ble	bleomycin binding protein BLMT	core	AMR	AMR	BLEOMYCIN	BLEOMYCIN	EXACTP	126	126	100.00	100.00	126	WP_000131935.1	bleomycin binding protein BLMT	NF000005.4	BLMT family bleomycin binding protein
8596d7c5c792db14eb1e20f9a1122b2e	floR	chloramphenicol/florfenicol efflux MFS transporter FloR	core	AMR	AMR	PHENICOL	CHLORAMPHENICOL/FLORFENICOL	BLASTP	404	404	100.00	99.75	404	WP_000214121.1	chloramphenicol/florfenicol efflux MFS transporter FloR	NF000219.1	chloramphenicol/florfenicol efflux MFS transporter FloR
85a288c89ac2c56097cc2f9c94ed799a	oqxA	multidrug efflux RND transporter periplasmic adaptor subunit OqxA	core	AMR	AMR	PHENICOL/QUINOLONE	PHENICOL/QUINOLONE	BLASTP	391	391	100.00	99.74	391	WP_063865358.1	multidrug efflux RND transporter periplasmic adaptor subunit OqxA2	NF000272.1	multidrug efflux RND transporter periplasmic adaptor subunit OqxA
85b5379326a528f2d4a97140c50abbae	mph(C)	Mph(C) family macrolide 2'-phosphotransferase	core	AMR	AMR	MACROLIDE	ERYTHROMYCIN/SPIRAMYCIN/TELITHROMYCIN	BLASTP	299	299	100.00	99.67	299	WP_000196697.1	Mph(C) family macrolide 2'-phosphotransferase	NF000240.1	Mph(C) family macrolide 2'-phosphotransferase
85c55a41c80ef82d1f0a1e143068c8ee	erm(B)	23S rRNA (adenine(2058)-N(6))-methyltransferase Erm(B)	core	AMR	AMR	LINCOSAMIDE/MACROLIDE/STREPTOGRAMIN	CLINDAMYCIN/ERYTHROMYCIN/STREPTOGRAMIN B	BLASTP	250	245	98.78	99.59	242	WP_002321849.1	23S rRNA (adenine(2058)-N(6))-methyltransferase Erm(B)	NF012220.1	23S rRNA (adenine(2058)-N(6))-methyltransferase Erm(B)
85cf6e07664d8b17694f352e65a41927	ant(6)-Ia	aminoglycoside nucleotidyltransferase ANT(6)-Ia	core	AMR	AMR	AMINOGLYCOSIDE	STREPTOMYCIN	BLASTP	296	302	98.01	100.00	296	WP_001255866.1	aminoglycoside nucleotidyltransferase ANT(6)-Ia	NF033084.2	aminoglycoside 6-nucleotidyltransferase
8638a2780b81bcce825d151af07009bc	qnrB9	quinolone resistance pentapeptide repeat protein QnrB9	core	AMR	AMR	QUINOLONE	QUINOLONE	ALLELEP	214	214	100.00	100.00	214	WP_004201260.1	quinolone resistance pentapeptide repeat protein QnrB9	NF000420.1	QnrB family quinolone resistance pentapeptide repeat protein
86c15454ea9cbf30422ea49cdf973558	sul1	sulfonamide-resistant dihydropteroate synthase Sul1	core	AMR	AMR	SULFONAMIDE	SULFONAMIDE	PARTIALP	327	283	63.60	100.00	180	WP_000946487.1	sulfonamide-resistant dihydropteroate synthase Sul1	NA	NA
871e0fbdbd3019a9f39f275f25c4872e	dfrA12	trimethoprim-resistant dihydrofolate reductase DfrA12	core	AMR	AMR	TRIMETHOPRIM	TRIMETHOPRIM	BLASTP	165	165	100.00	99.39	165	WP_001083725.1	trimethoprim-resistant dihydrofolate reductase DfrA12	NF000053.2	trimethoprim-resistant dihydrofolate reductase DfrA12
873d41ad6f58d0553526b842ac88076f	blaNDM-13	subclass B1 metallo-beta-lactamase NDM-13	core	AMR	AMR	BETA-LACTAM	CARBAPENEM	ALLELEP	270	270	100.00	100.00	270	WP_063860856.1	subclass B1 metallo-beta-lactamase NDM-13	NF000259.2	NDM family subclass B1 metallo-beta-lactamase
878df74d1bd1573f14a7f99cff133e2c	estX	macrolide esterase EstX	core	AMR	AMR	MACROLIDE	TYLOSIN	EXACTP	280	280	100.00	100.00	280	WP_016242844.1	macrolide esterase EstX	NF033124.1	macrolide esterase EstX
87ff431c0ea025559c70f84bae1be159	vanX-A	D-Ala-D-Ala dipeptidase VanX-A	core	AMR	AMR	GLYCOPEPTIDE	VANCOMYCIN	EXACTP	202	202	100.00	100.00	202	WP_000402348.1	D-Ala-D-Ala dipeptidase VanX-A	NF033115.1	D-Ala-D-Ala dipeptidase VanX
886a3897c7df5eeff8a2bfaa6bac44c8	blaOXA-164	OXA-58 family carbapenem-hydrolyzing class D beta-lactamase OXA-164	core	AMR	AMR	BETA-LACTAM	CARBAPENEM	ALLELEP	280	280	100.00	100.00	280	WP_063861121.1	OXA-58 family carbapenem-hydrolyzing class D beta-lactamase OXA-164	NF000500.2	OXA-58 family carbapenem-hydrolyzing class D beta-lactamase
88c3a3ac0d2feb65e0a640fcb1789583	sat4	streptothricin N-acetyltransferase Sat4	core	AMR	AMR	STREPTOTHRICIN	STREPTOTHRICIN	BLASTP	180	180	100.00	99.44	180	WP_000627290.1	streptothricin N-acetyltransferase Sat4	NF000360.1	streptothricin N-acetyltransferase Sat4
88f43a17200568a349edcf0a0e68adf2	qacE	quaternary ammonium compound efflux SMR transporter QacE	core	STRESS	BIOCIDE	QUATERNARY AMMONIUM	QUATERNARY AMMONIUM	PARTIALP	111	115	82.61	95.79	95	WP_000679427.1	quaternary ammonium compound efflux SMR transporter QacE delta 1	NA	NA
8919987b0becb8252743e84f8e9994f4	aadA6	ANT(3'')-Ia family aminoglycoside nucleotidyltransferase AadA6	core	AMR	AMR	AMINOGLYCOSIDE	STREPTOMYCIN	EXACTP	263	263	100.00	100.00	263	WP_044067522.1	ANT(3'')-Ia family aminoglycoside nucleotidyltransferase AadA6	NF012157.0	ANT(3'')-I family aminoglycoside nucleotidyltransferase
892b118d5d74167ab31eff3f55a1a5d6	aph(3')	APH(3') family aminoglycoside O-phosphotransferase	core	AMR	AMR	AMINOGLYCOSIDE	AMINOGLYCOSIDE	HMM	271	270	99.63	56.88	269	WP_216562158.1	APH(3') family aminoglycoside O-phosphotransferase	NF033068.1	APH(3') family aminoglycoside O-phosphotransferase
893c5234953a5aa991fa1a6b1d51e3a1	aph(3'')-Ib	aminoglycoside O-phosphotransferase APH(3'')-Ib	core	AMR	AMR	AMINOGLYCOSIDE	STREPTOMYCIN	EXACTP	267	267	100.00	100.00	267	WP_001082319.1	aminoglycoside O-phosphotransferase APH(3'')-Ib	NF032895.1	aminoglycoside O-phosphotransferase APH(3'')-Ib
894e1f0ad6ba9ed50160bb983b4c7ca4	mph(E)	Mph(E) family macrolide 2'-phosphotransferase	core	AMR	AMR	MACROLIDE	ERYTHROMYCIN	EXACTP	294	294	100.00	100.00	294	WP_000155092.1	Mph(E) family macrolide 2'-phosphotransferase	NF012158.1	Mph(E) family macrolide 2'-phosphotransferase
89639063a0408dbb347b3db3a4b5a2cc	aph(3')-VIa	aminoglycoside O-phosphotransferase APH(3')-VIa	core	AMR	AMR	AMINOGLYCOSIDE	AMIKACIN/KANAMYCIN	BLASTP	252	259	97.30	99.21	252	WP_000422636.1	aminoglycoside O-phosphotransferase APH(3')-VIa	NF033062.0	APH(3')-VI family aminoglycoside O-phosphotransferase
89d727a09dd24e764d61c0ac7f0846b0	mrx(A)	phosphorylated macrolide efflux MFS transporter Mrx(A)	core	AMR	AMR	MACROLIDE	AZITHROMYCIN/ERYTHROMYCIN/SPIRAMYCIN/TELITHROMYCIN	BLASTP	412	412	100.00	99.76	412	WP_000004159.1	phosphorylated macrolide efflux MFS transporter Mrx(A)	NA	NA
89d7f8ae631e5c90365464064ba140c2	lsa(E)	ABC-F type ribosomal protection protein Lsa(E)	core	AMR	AMR	LINCOSAMIDE/STREPTOGRAMIN	LINCOSAMIDE/STREPTOGRAMIN	EXACTP	494	494	100.00	100.00	494	WP_002294513.1	ABC-F type ribosomal protection protein Lsa(E)	NF000167.2	Lsa family ABC-F type ribosomal protection protein
8a20297d3954b47f082630de591fafb3	blaCTX-M	CTX-M family extended-spectrum class A beta-lactamase	core	AMR	AMR	BETA-LACTAM	CEPHALOSPORIN	BLASTP	282	291	96.91	100.00	282	WP_022542384.1	extended-spectrum class A beta-lactamase CTX-M-25	NF033089.1	CTX-M family extended-spectrum class A beta-lactamase
8a44da2ecf102b67631c37b66bf6ef3c	tet(M)	tetracycline resistance ribosomal protection protein Tet(M)	core	AMR	AMR	TETRACYCLINE	TETRACYCLINE	BLASTP	639	639	100.00	99.84	639	WP_000691727.1	tetracycline resistance ribosomal protection protein Tet(M)	NF012155.1	tetracycline resistance ribosomal protection protein Tet(M)
8a4f5f296e28c2b12c3d008f0bb397ff	aph(6)-Id	aminoglycoside O-phosphotransferase APH(6)-Id	core	AMR	AMR	AMINOGLYCOSIDE	STREPTOMYCIN	BLASTP	278	278	100.00	99.64	278	WP_000480968.1	aminoglycoside O-phosphotransferase APH(6)-Id	NF012171.0	APH(6)-I family aminoglycoside O-phosphotransferase
8a5240f7fe93a6d826d7c43d9a052e96	sul2	sulfonamide-resistant dihydropteroate synthase Sul2	core	AMR	AMR	SULFONAMIDE	SULFONAMIDE	BLASTP	271	271	100.00	99.63	271	WP_001043260.1	sulfonamide-resistant dihydropteroate synthase Sul2	NF000295.1	sulfonamide-resistant dihydropteroate synthase Sul2
8ab20bf779a501dd93198150c42189de	dfrA12	trimethoprim-resistant dihydrofolate reductase DfrA12	core	AMR	AMR	TRIMETHOPRIM	TRIMETHOPRIM	EXACTP	165	165	100.00	100.00	165	WP_001083725.1	trimethoprim-resistant dihydrofolate reductase DfrA12	NF000053.2	trimethoprim-resistant dihydrofolate reductase DfrA12
8ae3a0b5b368f0eb0abecce28573e10b	blaCTX-M	CTX-M family extended-spectrum class A beta-lactamase	core	AMR	AMR	BETA-LACTAM	CEPHALOSPORIN	BLASTP	291	291	100.00	99.66	291	WP_011091028.1	extended-spectrum class A beta-lactamase CTX-M-3	NF033089.1	CTX-M family extended-spectrum class A beta-lactamase
8b07cf43b742adc37040bbc1c8156877	aac(6')-Ia	aminoglycoside 6'-N-acetyltransferase AAC(6')-Ia	core	AMR	AMR	AMINOGLYCOSIDE	AMINOGLYCOSIDE	EXACTP	185	185	100.00	100.00	185	WP_013136949.1	aminoglycoside 6'-N-acetyltransferase AAC(6')-Ia	NF033078.2	AAC(6')-Ia family aminoglycoside 6'-N-acetyltransferase
8b5ef555b78503ace05390ad812fb2ee	smr	multidrug efflux SMR transporter Smr	core	STRESS	BIOCIDE	QUATERNARY AMMONIUM	QUATERNARY AMMONIUM	EXACTP	105	105	100.00	100.00	105	WP_032491400.1	multidrug efflux SMR transporter Smr	NF000280.1	multidrug efflux SMR transporter Smr
8b94d2c9d8986bc4c3b697417ccea2b6	optrA	ABC-F type ribosomal protection protein OptrA	core	AMR	AMR	OXAZOLIDINONE/PHENICOL	FLORFENICOL/OXAZOLIDINONE	BLASTP	639	655	97.56	99.69	639	WP_063854496.1	ABC-F type ribosomal protection protein OptrA	NF000514.1	ABC-F type ribosomal protection protein OptrA
8b9d697590b6e5dbb5a26e34870327c6	tet(A)	tetracycline efflux MFS transporter Tet(A)	core	AMR	AMR	TETRACYCLINE	TETRACYCLINE	BLASTP	397	399	100.00	98.75	399	WP_000804063.1	tetracycline efflux MFS transporter Tet(A)	NF012193.0	tetracycline efflux MFS transporter Tet(A)
8ba8edae774a34d892a967cbfc6a552d	aac(6')-Ib11	aminoglycoside N-acetyltransferase AAC(6')-Ib11	core	AMR	AMR	AMINOGLYCOSIDE	AMIKACIN/GENTAMICIN/KANAMYCIN/TOBRAMYCIN	EXACTP	184	184	100.00	100.00	184	WP_069985732.1	aminoglycoside N-acetyltransferase AAC(6')-Ib11	NF033074.0	AAC(6')-Ib family aminoglycoside 6'-N-acetyltransferase
8beff5d8ea60a27126e9f94c2010ce07	mph	Mph(E)/Mph(G) family macrolide 2'-phosphotransferase	core	AMR	AMR	MACROLIDE	MACROLIDE	HMM	295	294	100.00	59.86	294	WP_014325835.1	Mph(E)/Mph(G) family macrolide 2'-phosphotransferase	NF000241.1	Mph(E)/Mph(G) family macrolide 2'-phosphotransferase
8bf6ecd17e7b8ff4027b5fdb882dd9c8	sul1	sulfonamide-resistant dihydropteroate synthase Sul1	core	AMR	AMR	SULFONAMIDE	SULFONAMIDE	PARTIALP	323	275	64.00	100.00	176	WP_063855066.1	sulfonamide-resistant dihydropteroate synthase Sul1	NA	NA
8bf7ec50b2e64e7695917a01a2b88ac6	arr-3	NAD(+)--rifampin ADP-ribosyltransferase Arr-3	core	AMR	AMR	RIFAMYCIN	RIFAMYCIN	BLASTP	150	150	100.00	99.33	150	WP_001749986.1	NAD(+)--rifampin ADP-ribosyltransferase Arr-3	NF033144.1	NAD(+)--rifampin ADP-ribosyltransferase
8c1fb7db3bcf70147c895eb90e1f2f4e	blaZ	penicillin-hydrolyzing class A beta-lactamase BlaZ	core	AMR	AMR	BETA-LACTAM	BETA-LACTAM	EXACTP	281	281	100.00	100.00	281	WP_000733287.1	penicillin-hydrolyzing class A beta-lactamase BlaZ	NF033139.1	penicillin-hydrolyzing class A beta-lactamase BlaZ
8c57bc599e352efb1e62590452ab717f	vat(E)	streptogramin A O-acetyltransferase Vat(E)	core	AMR	AMR	STREPTOGRAMIN	STREPTOGRAMIN	EXACTP	214	214	100.00	100.00	214	WP_002328813.1	streptogramin A O-acetyltransferase Vat(E)	NF000020.1	streptogramin A O-acetyltransferase Vat(E)
8c8a981ffd4734bd7347c6ea8c45960d	catA1	type A-1 chloramphenicol O-acetyltransferase	core	AMR	AMR	PHENICOL	CHLORAMPHENICOL	BLASTP	219	219	100.00	99.54	219	WP_000412211.1	type A-1 chloramphenicol O-acetyltransferase	NF000491.1	type A chloramphenicol O-acetyltransferase
8c96f7ef509c9bde54f13f2966c25e2b	blaDHA	DHA family class C beta-lactamase	core	AMR	AMR	BETA-LACTAM	CEPHALOSPORIN	BLASTP	379	379	100.00	99.74	379	WP_004236386.1	extended-spectrum class C beta-lactamase DHA-1	NF012102.1	DHA family class C beta-lactamase
8d1f62f798866ccc469ba2398ce0fdc2	sul3	sulfonamide-resistant dihydropteroate synthase Sul3	core	AMR	AMR	SULFONAMIDE	SULFONAMIDE	BLASTP	263	263	100.00	99.62	263	WP_000034420.1	sulfonamide-resistant dihydropteroate synthase Sul3	NF000296.1	sulfonamide-resistant dihydropteroate synthase Sul3
8d3ed98fddc1ad134bdca0804f716d83	dfrA12	trimethoprim-resistant dihydrofolate reductase DfrA12	core	AMR	AMR	TRIMETHOPRIM	TRIMETHOPRIM	BLASTP	165	165	100.00	99.39	165	WP_001083725.1	trimethoprim-resistant dihydrofolate reductase DfrA12	NF000053.2	trimethoprim-resistant dihydrofolate reductase DfrA12
8d47c07c0b6cf9c32d8ab6f8941e556a	aac(6')-Ib-cr	fluoroquinolone-acetylating aminoglycoside 6'-N-acetyltransferase AAC(6')-Ib-cr	core	AMR	AMR	AMINOGLYCOSIDE/QUINOLONE	AMIKACIN/KANAMYCIN/QUINOLONE/TOBRAMYCIN	BLASTP	184	184	100.00	99.46	184	WP_063840321.1	fluoroquinolone-acetylating aminoglycoside 6'-N-acetyltransferase AAC(6')-Ib-cr5	NF033074.0	AAC(6')-Ib family aminoglycoside 6'-N-acetyltransferase
8d4da1d82d0f919e10691d1196b1909a	catA	type A-8 chloramphenicol O-acetyltransferase	core	AMR	AMR	PHENICOL	CHLORAMPHENICOL	EXACTP	215	215	100.00	100.00	215	WP_002403315.1	type A-8 chloramphenicol O-acetyltransferase	NF000491.1	type A chloramphenicol O-acetyltransferase
8d8e46bae5d191281cc2a42f344cadc8	blaSHV-28	broad-spectrum class A beta-lactamase SHV-28	core	AMR	AMR	BETA-LACTAM	BETA-LACTAM	ALLELEP	286	286	100.00	100.00	286	WP_004179754.1	broad-spectrum class A beta-lactamase SHV-28	NF000285.3	SHV family class A beta-lactamase
8e37c7e0916901be9991e38f51bd5106	vanR-A	vancomycin resistance response regulator transcription factor VanR-A	core	AMR	AMR	GLYCOPEPTIDE	VANCOMYCIN	BLASTP	231	231	100.00	92.64	231	WP_063856721.1	vancomycin resistance response regulator transcription factor VanR-A	NF000401.1	vancomycin resistance response regulator transcription factor VanR-A
8e6fb4f6537f053b11f94b30504ea4f7	floR	chloramphenicol/florfenicol efflux MFS transporter FloR	core	AMR	AMR	PHENICOL	CHLORAMPHENICOL/FLORFENICOL	BLASTP	404	404	100.00	99.50	404	WP_021038045.1	chloramphenicol/florfenicol efflux MFS transporter FloR	NF000219.1	chloramphenicol/florfenicol efflux MFS transporter FloR
8ea5ead4a67f697febf5891b59c1f494	aac(3)-IVa	aminoglycoside N-acetyltransferase AAC(3)-IVa	core	AMR	AMR	AMINOGLYCOSIDE	APRAMYCIN/GENTAMICIN/TOBRAMYCIN	BLASTP	258	258	100.00	99.61	258	WP_001199192.1	aminoglycoside N-acetyltransferase AAC(3)-IVa	NF033081.0	AAC(3)-IV family aminoglycoside N-acetyltransferase
8ecb98f27835e067f4ad4ccc97e0339f	mcr-3.40	phosphoethanolamine--lipid A transferase MCR-3.40	core	AMR	AMR	COLISTIN	COLISTIN	ALLELEP	541	541	100.00	100.00	541	WP_188331897.1	phosphoethanolamine--lipid A transferase MCR-3.40	NF033408.5	MCR-3 family phosphoethanolamine--lipid A transferase
8ed1aa627d9c3d0fc071f93013b66f83	qacB	quaternary ammonium compound efflux MFS transporter QacB	core	STRESS	BIOCIDE	QUATERNARY AMMONIUM	QUATERNARY AMMONIUM	BLASTP	514	514	100.00	99.81	514	WP_000622778.1	quaternary ammonium compound efflux MFS transporter QacB	NF000089.1	QacA/B family quaternary ammonium compound efflux MFS transporter
8eddf10a3fc83f508cf5c53d3ddd7b76	aadD1	aminoglycoside O-nucleotidyltransferase ANT(4')-Ia	core	AMR	AMR	AMINOGLYCOSIDE	KANAMYCIN/TOBRAMYCIN	BLASTP	256	253	100.00	100.00	253	WP_001014230.1	aminoglycoside O-nucleotidyltransferase ANT(4')-Ia	NF000181.1	aminoglycoside O-nucleotidyltransferase ANT(4')-Ia
8eea2fc8e058d236690a90ad23cf107c	tet(A)	tetracycline efflux MFS transporter Tet(A)	core	AMR	AMR	TETRACYCLINE	TETRACYCLINE	BLASTP	399	399	100.00	99.75	399	WP_000804064.1	tetracycline efflux MFS transporter Tet(A)	NF012193.0	tetracycline efflux MFS transporter Tet(A)
8f4082c56bd35355a3e707d6cf426bde	qacA	quaternary ammonium compound efflux MFS transporter QacA	core	STRESS	BIOCIDE	QUATERNARY AMMONIUM	QUATERNARY AMMONIUM	BLASTP	514	514	100.00	99.61	514	WP_000622776.1	quaternary ammonium compound efflux MFS transporter QacA	NF000089.1	QacA/B family quaternary ammonium compound efflux MFS transporter
8f4a52c11c7b48034078374a247651f8	dfrA30	trimethoprim-resistant dihydrofolate reductase DfrA30	core	AMR	AMR	TRIMETHOPRIM	TRIMETHOPRIM	BLASTP	157	157	100.00	99.36	157	WP_063844408.1	trimethoprim-resistant dihydrofolate reductase DfrA30	NF000330.1	trimethoprim-resistant dihydrofolate reductase DfrA
8f8431b557ce42a0b32993aa2e4ae650	floR	chloramphenicol/florfenicol efflux MFS transporter FloR	core	AMR	AMR	PHENICOL	CHLORAMPHENICOL/FLORFENICOL	BLASTP	404	404	100.00	99.50	404	WP_000214123.1	chloramphenicol/florfenicol efflux MFS transporter FloR	NF000219.1	chloramphenicol/florfenicol efflux MFS transporter FloR
8fa90e163d96ae59fb35b202d702b082	sul2	sulfonamide-resistant dihydropteroate synthase Sul2	core	AMR	AMR	SULFONAMIDE	SULFONAMIDE	BLASTP	271	271	100.00	99.63	271	WP_001043260.1	sulfonamide-resistant dihydropteroate synthase Sul2	NF000295.1	sulfonamide-resistant dihydropteroate synthase Sul2
8fea3fb3548fa99abb6cbbe30340edf9	cmlA1	chloramphenicol efflux MFS transporter CmlA1	core	AMR	AMR	PHENICOL	CHLORAMPHENICOL	BLASTP	419	419	100.00	99.52	419	WP_001256776.1	chloramphenicol efflux MFS transporter CmlA1	NF000509.1	CmlA family chloramphenicol efflux MFS transporter
9066200b3019dda045550f8f21dd04de	toprJ2	multidrug efflux transporter outer membrane subunit TOprJ2	core	AMR	AMR	TETRACYCLINE	TIGECYCLINE	ALLELEP	477	477	100.00	100.00	477	WP_088903432.1	multidrug efflux transporter outer membrane subunit TOprJ2	NA	NA
907085b7ffad2333b4bd535b50c9edad	optrA	ABC-F type ribosomal protection protein OptrA	core	AMR	AMR	OXAZOLIDINONE/PHENICOL	FLORFENICOL/OXAZOLIDINONE	BLASTP	637	655	97.25	99.69	637	WP_063854496.1	ABC-F type ribosomal protection protein OptrA	NF000514.1	ABC-F type ribosomal protection protein OptrA
916ebe76227bbf9ffd7fd21aa5dbf894	sul3	sulfonamide-resistant dihydropteroate synthase Sul3	core	AMR	AMR	SULFONAMIDE	SULFONAMIDE	BLASTP	263	263	100.00	99.62	263	WP_000034420.1	sulfonamide-resistant dihydropteroate synthase Sul3	NF000296.1	sulfonamide-resistant dihydropteroate synthase Sul3
918d2fc43f5ed19e5d58a99834551b14	arr	NAD(+)--rifampin ADP-ribosyltransferase	core	AMR	AMR	RIFAMYCIN	RIFAMYCIN	EXACTP	137	137	100.00	100.00	137	WP_012695486.1	NAD(+)--rifampin ADP-ribosyltransferase	NF000066.1	NAD(+)--rifampin ADP-ribosyltransferase
91a285118debf8efcc565996dbefd8a4	poxtA2	ABC-F type ribosomal protection protein PoxtA2	core	AMR	AMR	OXAZOLIDINONE/PHENICOL	CHLORAMPHENICOL/FLORFENICOL/LINEZOLID	ALLELEP	544	544	100.00	100.00	544	WP_209691075.1	ABC-F type ribosomal protection protein PoxtA2	NA	NA
9261574bc3ee3e5b797be941ca3a22c9	mcr-4.3	phosphoethanolamine--lipid A transferase MCR-4.3	core	AMR	AMR	COLISTIN	COLISTIN	ALLELEP	541	541	100.00	100.00	541	WP_011638903.1	phosphoethanolamine--lipid A transferase MCR-4.3	NF033462.1	MCR-4 family phosphoethanolamine--lipid A transferase
928b812291340e75cf55663e6f679e4d	spw	ANT(9) family aminoglycoside nucleotidyltransferase Spw	core	AMR	AMR	AMINOGLYCOSIDE	AMINOGLYCOSIDE	BLASTP	260	269	96.65	99.62	260	WP_002294509.1	ANT(9) family aminoglycoside nucleotidyltransferase Spw	NF012212.1	ANT(9) family aminoglycoside nucleotidyltransferase
9316bd331b9b2880b1d813461101209b	sul1	sulfonamide-resistant dihydropteroate synthase Sul1	core	AMR	AMR	SULFONAMIDE	SULFONAMIDE	EXACTP	279	279	100.00	100.00	279	WP_000259018.1	sulfonamide-resistant dihydropteroate synthase Sul1	NF000294.1	sulfonamide-resistant dihydropteroate synthase Sul1
931c5f9b525d3888a71100a93128b6ca	dfrA15	trimethoprim-resistant dihydrofolate reductase DfrA15	core	AMR	AMR	TRIMETHOPRIM	TRIMETHOPRIM	EXACTP	157	157	100.00	100.00	157	WP_001355915.1	trimethoprim-resistant dihydrofolate reductase DfrA15	NF000330.1	trimethoprim-resistant dihydrofolate reductase DfrA
93c10bfbc169a9921d01fedb6a0cc3c1	cmlA1	chloramphenicol efflux MFS transporter CmlA1	core	AMR	AMR	PHENICOL	CHLORAMPHENICOL	EXACTP	419	419	100.00	100.00	419	WP_001256776.1	chloramphenicol efflux MFS transporter CmlA1	NF000509.1	CmlA family chloramphenicol efflux MFS transporter
93ed7cb5337d3a86d73ff56435b6b79f	dfrA42	trimethoprim-resistant dihydrofolate reductase DfrA42	core	AMR	AMR	TRIMETHOPRIM	TRIMETHOPRIM	EXACTP	177	177	100.00	100.00	177	WP_045475347.1	trimethoprim-resistant dihydrofolate reductase DfrA42	NA	NA
9409034b11ee9ffc6f5132d9c924df03	lnu(B)	lincosamide nucleotidyltransferase Lnu(B)	core	AMR	AMR	LINCOSAMIDE	LINCOSAMIDE	BLASTP	267	267	100.00	99.63	267	WP_002294514.1	lincosamide nucleotidyltransferase Lnu(B)	NF000235.3	lincosamide nucleotidyltransferase Lnu(B)
94158eb7950fc10ec9ea532bf0e82bbc	erm(B)	23S rRNA (adenine(2058)-N(6))-methyltransferase Erm(B)	core	AMR	AMR	LINCOSAMIDE/MACROLIDE/STREPTOGRAMIN	CLINDAMYCIN/ERYTHROMYCIN/STREPTOGRAMIN B	EXACTP	245	245	100.00	100.00	245	WP_002321849.1	23S rRNA (adenine(2058)-N(6))-methyltransferase Erm(B)	NF012220.1	23S rRNA (adenine(2058)-N(6))-methyltransferase Erm(B)
9418268ba70068c0fc8bf436e3bdc4e7	blaOXA	class D beta-lactamase	core	AMR	AMR	BETA-LACTAM	BETA-LACTAM	HMM	262	262	99.62	61.74	264	WP_420354141.1	class D beta-lactamase	NF012161.0	class D beta-lactamase
946e6e7cfdf3c376ff31651eef212a85	blaPSE	PSE family carbenicillin-hydrolyzing class A beta-lactamase	core	AMR	AMR	BETA-LACTAM	BETA-LACTAM	BLASTP	277	288	94.79	100.00	273	WP_063857839.1	PSE family carbenicillin-hydrolyzing class A beta-lactamase CARB-12	NF000480.2	PSE family carbenicillin-hydrolyzing class A beta-lactamase
94bffc51efd09ec10587017716910f94	aac(3)-IId	aminoglycoside N-acetyltransferase AAC(3)-IId	core	AMR	AMR	AMINOGLYCOSIDE	GENTAMICIN	BLASTP	286	286	100.00	99.65	286	WP_000557454.1	aminoglycoside N-acetyltransferase AAC(3)-IId	NF033080.0	AAC(3)-II family aminoglycoside N-acetyltransferase
952f91212fec2249ec330bf6c94bbe2e	aph(3')-Ia	aminoglycoside O-phosphotransferase APH(3')-Ia	core	AMR	AMR	AMINOGLYCOSIDE	KANAMYCIN	BLASTP	271	271	100.00	99.63	271	WP_000018326.1	aminoglycoside O-phosphotransferase APH(3')-Ia	NF051474.1	aminoglycoside O-phosphotransferase APH(3')-Ia
957f058d55815847be04eb46734268fc	qepA	fluoroquinolone efflux MFS transporter QepA	core	AMR	AMR	QUINOLONE	QUINOLONE	BLASTP	513	513	100.00	99.81	513	WP_109638756.1	fluoroquinolone efflux MFS transporter QepA8	NF012169.0	fluoroquinolone efflux MFS transporter QepA
958833321b2469484f5ededc232331d1	satA	streptothricin N-acetyltransferase SatA	core	AMR	AMR	STREPTOTHRICIN	STREPTOTHRICIN	BLASTP	176	184	98.91	78.14	183	WP_000054744.1	streptothricin N-acetyltransferase SatA	NA	NA
958a35ea557c695ffb4c46cb757eff24	vanM	D-alanine--(R)-lactate ligase VanM	core	AMR	AMR	GLYCOPEPTIDE	VANCOMYCIN	EXACTP	343	343	100.00	100.00	343	WP_063856712.1	D-alanine--(R)-lactate ligase VanM	NF000470.1	D-alanine--(R)-lactate ligase VanM
95ae45261a47237f865fe4efa1be337d	qnrVC1	quinolone resistance pentapeptide repeat protein QnrVC1	core	AMR	AMR	QUINOLONE	QUINOLONE	ALLELEP	218	218	100.00	100.00	218	WP_000415714.1	quinolone resistance pentapeptide repeat protein QnrVC1	NF000421.1	QnrVC family quinolone resistance pentapeptide repeat protein
95d44ca574eed2016761270fa6b0bf3b	erm(T)	23S rRNA (adenine(2058)-N(6))-methyltransferase Erm(T)	core	AMR	AMR	LINCOSAMIDE/MACROLIDE/STREPTOGRAMIN	ERYTHROMYCIN/LINCOSAMIDE/STREPTOGRAMIN/TYLOSIN	BLASTP	244	244	100.00	99.59	244	WP_002345002.1	23S rRNA (adenine(2058)-N(6))-methyltransferase Erm(T)	NF000499.2	23S ribosomal RNA methyltransferase Erm
95d4b0e82e26fbef31ea77b8a02f4a99	catA2	type A-2 chloramphenicol O-acetyltransferase CatII	core	AMR	AMR	PHENICOL	CHLORAMPHENICOL	EXACTP	213	213	100.00	100.00	213	WP_001011939.1	type A-2 chloramphenicol O-acetyltransferase CatII	NF000491.1	type A chloramphenicol O-acetyltransferase
964acee31c3efe9e1eb33b0cfd546dae	estT	macrolide hydrolase EstT	core	AMR	AMR	MACROLIDE	TYLOSIN	HMM	305	282	100.00	89.01	282	WP_185148407.1	macrolide hydrolase EstT	NF041759.1	macrolide hydrolase EstT
96678ead435b7f5904b00aa6feb617a4	aac(6')-Ib-cr	fluoroquinolone-acetylating aminoglycoside 6'-N-acetyltransferase AAC(6')-Ib-cr	core	AMR	AMR	AMINOGLYCOSIDE/QUINOLONE	AMIKACIN/KANAMYCIN/QUINOLONE/TOBRAMYCIN	BLASTP	185	184	100.00	99.46	185	WP_063840321.1	fluoroquinolone-acetylating aminoglycoside 6'-N-acetyltransferase AAC(6')-Ib-cr5	NF033074.0	AAC(6')-Ib family aminoglycoside 6'-N-acetyltransferase
971b6613676a456dd731957e30cd4827	blaIII	class A beta-lactamase BlaIII	core	AMR	AMR	BETA-LACTAM	BETA-LACTAM	HMM	316	316	100.00	89.56	316	WP_000497840.1	class A beta-lactamase BlaIII	NF041270.1	class A beta-lactamase BlaIII
97341880bdf032ea1d51bfa58d7444a6	blaSCO-1	class A beta-lactamase SCO-1	core	AMR	AMR	BETA-LACTAM	BETA-LACTAM	ALLELEP	288	288	100.00	100.00	288	WP_004197546.1	class A beta-lactamase SCO-1	NF000327.2	SCO family class A beta-lactamase
97600de0d597d031c527cab28aa92dc6	cfr	23S rRNA (adenine(2503)-C(8))-methyltransferase Cfr	core	AMR	AMR	LINCOSAMIDE/OXAZOLIDINONE/PHENICOL/PLEUROMUTILIN/STREPTOGRAMIN	CHLORAMPHENICOL/CLINDAMYCIN/FLORFENICOL/LINEZOLID/STREPTOGRAMIN B/TIAMULIN/VIRGINIAMYCIN	BLASTP	349	349	100.00	99.71	349	WP_001010505.1	23S rRNA (adenine(2503)-C(8))-methyltransferase Cfr	NF000424.4	Cfr family 23S rRNA (adenine(2503)-C(8))-methyltransferase
97dbb5a71e112bf0768239d216262cc3	blaVIM-4	subclass B1 metallo-beta-lactamase VIM-4	core	AMR	AMR	BETA-LACTAM	CARBAPENEM	ALLELEP	266	266	100.00	100.00	266	WP_032492008.1	subclass B1 metallo-beta-lactamase VIM-4	NF012100.0	VIM family subclass B1 metallo-beta-lactamase
97ecc387b79733f91e5d7519e9f7938f	blaTEM	TEM family class A beta-lactamase	core	AMR	AMR	BETA-LACTAM	BETA-LACTAM	BLASTP	286	286	100.00	98.60	286	WP_000027057.1	broad-spectrum class A beta-lactamase TEM-1	NF000531.2	TEM family class A beta-lactamase
97fd5d73de7dd6daef9ecd9b5a1894ec	mph	Mph(E)/Mph(G) family macrolide 2'-phosphotransferase	core	AMR	AMR	MACROLIDE	MACROLIDE	HMM	294	294	100.00	72.11	294	WP_014386803.1	Mph(E)/Mph(G) family macrolide 2'-phosphotransferase	NF000241.1	Mph(E)/Mph(G) family macrolide 2'-phosphotransferase
9843b68dd58bfe3b97767be61f9e9735	blaZ	penicillin-hydrolyzing class A beta-lactamase BlaZ	core	AMR	AMR	BETA-LACTAM	BETA-LACTAM	EXACTP	281	281	100.00	100.00	281	WP_000733289.1	penicillin-hydrolyzing class A beta-lactamase BlaZ	NF033139.1	penicillin-hydrolyzing class A beta-lactamase BlaZ
984bf36d0b075894872c8116cae132e6	fosA8	FosA8 family fosfomycin resistance glutathione transferase	core	AMR	AMR	FOSFOMYCIN	FOSFOMYCIN	BLASTP	141	141	100.00	99.29	141	WP_063277905.1	fosfomycin resistance glutathione transferase FosA8	NF033933.0	FosA8 family fosfomycin resistance glutathione transferase
9885a4a79b63a4a265904c5e73f573ef	tet(A)	tetracycline efflux MFS transporter Tet(A)	core	AMR	AMR	TETRACYCLINE	TETRACYCLINE	BLASTP	399	399	100.00	99.75	399	WP_000804064.1	tetracycline efflux MFS transporter Tet(A)	NF012193.0	tetracycline efflux MFS transporter Tet(A)
98ee5d4d3abd50d7269c95b38adc6908	msr(E)	ABC-F type ribosomal protection protein Msr(E)	core	AMR	AMR	MACROLIDE/STREPTOGRAMIN	AZITHROMYCIN/ERYTHROMYCIN/STREPTOGRAMIN	BLASTP	491	491	100.00	99.80	491	WP_000052512.1	ABC-F type ribosomal protection protein Msr(E)	NF000168.2	Msr family ABC-F type ribosomal protection protein
98fec02d61eb016fc36db7eb054900ec	arr	NAD(+)--rifampin ADP-ribosyltransferase Arr-2b	core	AMR	AMR	RIFAMYCIN	RIFAMYCIN	HMM	142	143	96.50	78.99	138	WP_063842202.1	NAD(+)--rifampin ADP-ribosyltransferase Arr-2b	NF000318.1	NAD(+)--rifampin ADP-ribosyltransferase Arr-2b
9910ad3504c620e42d0bf077377aecdf	aac(6')-Ib	AAC(6')-Ib family aminoglycoside 6'-N-acetyltransferase	core	AMR	AMR	AMINOGLYCOSIDE	AMIKACIN/KANAMYCIN/TOBRAMYCIN	BLASTP	184	184	100.00	99.46	184	WP_032488579.1	aminoglycoside N-acetyltransferase AAC(6')-Ib3	NF033074.0	AAC(6')-Ib family aminoglycoside 6'-N-acetyltransferase
99191fcb85b92515d6f74e22adf66532	aph(3')-IIIa	aminoglycoside O-phosphotransferase APH(3')-IIIa	core	AMR	AMR	AMINOGLYCOSIDE	AMIKACIN/KANAMYCIN	BLASTP	264	264	100.00	99.62	264	WP_001096887.1	aminoglycoside O-phosphotransferase APH(3')-IIIa	NF033064.0	aminoglycoside O-phosphotransferase APH(3')-IIIa
9951a0b17021da5d254a2d689a0aaeef	qacE	quaternary ammonium compound efflux SMR transporter QacE	core	STRESS	BIOCIDE	QUATERNARY AMMONIUM	QUATERNARY AMMONIUM	PARTIALP	111	115	82.61	94.74	95	WP_000679427.1	quaternary ammonium compound efflux SMR transporter QacE delta 1	NA	NA
997289e796a8724fca341a038e33c3b2	aac(6')-IIa	aminoglycoside N-acetyltransferase AAC(6')-IIa	core	AMR	AMR	AMINOGLYCOSIDE	GENTAMICIN/KANAMYCIN/TOBRAMYCIN	BLASTP	185	184	97.28	98.88	179	WP_023622803.1	aminoglycoside N-acetyltransferase AAC(6')-IIa	NF012165.0	aminoglycoside 6'-N-acetyltransferase
999a038987a5766db33b81f251f36691	aac(6')-Ia	aminoglycoside 6'-N-acetyltransferase AAC(6')-Ia	core	AMR	AMR	AMINOGLYCOSIDE	AMINOGLYCOSIDE	EXACTP	185	185	100.00	100.00	185	WP_058677876.1	aminoglycoside 6'-N-acetyltransferase AAC(6')-Ia	NF033078.2	AAC(6')-Ia family aminoglycoside 6'-N-acetyltransferase
99d7c52c479437a879f1f4a2d4a23132	aadA16	ANT(3'')-Ia family aminoglycoside nucleotidyltransferase AadA16	core	AMR	AMR	AMINOGLYCOSIDE	STREPTOMYCIN	BLASTP	281	281	100.00	99.64	281	WP_001749984.1	ANT(3'')-Ia family aminoglycoside nucleotidyltransferase AadA16	NF012157.0	ANT(3'')-I family aminoglycoside nucleotidyltransferase
99de41584d19eb584f1ee9c0cc87932a	blaFRI-11	carbapenem-hydrolyzing class A beta-lactamase FRI-11	core	AMR	AMR	BETA-LACTAM	CARBAPENEM	ALLELEP	294	294	100.00	100.00	294	WP_223174987.1	carbapenem-hydrolyzing class A beta-lactamase FRI-11	NF000428.4	FRI family carbapenem-hydrolyzing class A beta-lactamase
9a223653b7a5128ed62647496f2d00f7	catB	type B chloramphenicol O-acetyltransferase	core	AMR	AMR	PHENICOL	CHLORAMPHENICOL	EXACTP	210	210	100.00	100.00	210	WP_031281281.1	type B chloramphenicol O-acetyltransferase	NF000490.1	type B chloramphenicol O-acetyltransferase
9a7531a6ae71bc02b802ed1c9cc2ad06	blaCTX-M-24	extended-spectrum class A beta-lactamase CTX-M-24	core	AMR	AMR	BETA-LACTAM	CEPHALOSPORIN	ALLELEP	291	291	100.00	100.00	291	WP_012579082.1	extended-spectrum class A beta-lactamase CTX-M-24	NF033089.1	CTX-M family extended-spectrum class A beta-lactamase
9a9541ce9266ca16eec92b03744927e3	qnrS11	quinolone resistance pentapeptide repeat protein QnrS11	core	AMR	AMR	QUINOLONE	QUINOLONE	ALLELEP	218	218	100.00	100.00	218	WP_015058260.1	quinolone resistance pentapeptide repeat protein QnrS11	NF000056.3	QnrS family quinolone resistance pentapeptide repeat protein
9aa20d9c29833ee19d364f2980c799b9	tet(M)	tetracycline resistance ribosomal protection protein Tet(M)	core	AMR	AMR	TETRACYCLINE	TETRACYCLINE	BLASTP	639	639	100.00	99.69	639	WP_000691727.1	tetracycline resistance ribosomal protection protein Tet(M)	NF012155.1	tetracycline resistance ribosomal protection protein Tet(M)
9abda2364bcd857d32e50600f944f9d5	tet(A)	tetracycline efflux MFS transporter Tet(A)	core	AMR	AMR	TETRACYCLINE	TETRACYCLINE	BLASTP	396	399	98.50	98.22	393	WP_000804064.1	tetracycline efflux MFS transporter Tet(A)	NF012193.0	tetracycline efflux MFS transporter Tet(A)
9adb3bf74f882beffc42ca356fc34238	sat2	streptothricin N-acetyltransferase Sat2	core	AMR	AMR	STREPTOTHRICIN	STREPTOTHRICIN	PARTIALP	163	174	88.51	100.00	154	WP_000704156.1	streptothricin N-acetyltransferase Sat2	NF000358.1	streptothricin N-acetyltransferase Sat2
9b059d8f8d75b98c51498e7ccd970501	blaOXA-732	class D beta-lactamase OXA-732	core	AMR	AMR	BETA-LACTAM	BETA-LACTAM	ALLELEP	266	266	100.00	100.00	266	WP_072678505.1	class D beta-lactamase OXA-732	NF040805.1	OXA-732 family class D beta-lactamase
9b11cb40b27e94e2a92529a41cdfed80	tet(39)	tetracycline efflux MFS transporter Tet(39)	core	AMR	AMR	TETRACYCLINE	TETRACYCLINE	BLASTP	395	395	100.00	99.75	395	WP_004856455.1	tetracycline efflux MFS transporter Tet(39)	NF012174.0	Tet(A)/Tet(B)/Tet(C) family tetracycline efflux MFS transporter
9b67f4345c8476e97dc97f0db27034df	tet(A)	tetracycline efflux MFS transporter Tet(A)	core	AMR	AMR	TETRACYCLINE	TETRACYCLINE	BLASTP	398	399	100.00	95.74	399	WP_000804064.1	tetracycline efflux MFS transporter Tet(A)	NF012193.0	tetracycline efflux MFS transporter Tet(A)
9bc3171984b44d1f58d2c7f50663b12a	mcr-3.22	phosphoethanolamine--lipid A transferase MCR-3.22	core	AMR	AMR	COLISTIN	COLISTIN	ALLELEP	541	541	100.00	100.00	541	WP_094308975.1	phosphoethanolamine--lipid A transferase MCR-3.22	NF033408.5	MCR-3 family phosphoethanolamine--lipid A transferase
9bff2eac359f1865f19ec397813a4911	blaDHA	DHA family class C beta-lactamase	core	AMR	AMR	BETA-LACTAM	CEPHALOSPORIN	BLASTP	379	379	100.00	98.94	379	WP_004236386.1	extended-spectrum class C beta-lactamase DHA-1	NF012102.1	DHA family class C beta-lactamase
9c398169b00d49077caa28d07de8575f	aph(6)-Id	aminoglycoside O-phosphotransferase APH(6)-Id	core	AMR	AMR	AMINOGLYCOSIDE	STREPTOMYCIN	BLASTP	278	278	100.00	99.64	278	WP_000480968.1	aminoglycoside O-phosphotransferase APH(6)-Id	NF012171.0	APH(6)-I family aminoglycoside O-phosphotransferase
9cf47772e91d80540876de221a0b09cc	floR	chloramphenicol/florfenicol efflux MFS transporter FloR	core	AMR	AMR	PHENICOL	CHLORAMPHENICOL/FLORFENICOL	BLASTP	404	404	100.00	99.75	404	WP_000214121.1	chloramphenicol/florfenicol efflux MFS transporter FloR	NF000219.1	chloramphenicol/florfenicol efflux MFS transporter FloR
9d474763555535f5f3acea06e54523f5	tet(D)	tetracycline efflux MFS transporter Tet(D)	core	AMR	AMR	TETRACYCLINE	TETRACYCLINE	BLASTP	394	394	100.00	99.75	394	WP_001039466.1	tetracycline efflux MFS transporter Tet(D)	NF012186.0	tetracycline efflux MFS transporter Tet(D)
9d5c39b8f1fc679cdd0f726c7d6b3c52	vga(A)	ABC-F type ribosomal protection protein Vga(A)	core	AMR	AMR	LINCOSAMIDE	LINCOSAMIDE	BLASTP	520	522	100.00	97.51	522	WP_032489639.1	ABC-F type ribosomal protection protein Vga(A)	NF000170.2	Vga family ABC-F type ribosomal protection protein
9d6e351a996e2ff88ca21349da219523	blaOXA-347	class D beta-lactamase OXA-347	core	AMR	AMR	BETA-LACTAM	BETA-LACTAM	ALLELEP	274	274	100.00	100.00	274	WP_004295324.1	class D beta-lactamase OXA-347	NF012161.0	class D beta-lactamase
9dd3b89f77fe7accb860caa60d87ad29	mupA	mupirocin-resistant isoleucine--tRNA ligase MupA	core	AMR	AMR	MUPIROCIN	MUPIROCIN	BLASTP	1024	1024	100.00	99.80	1024	WP_000163435.1	mupirocin-resistant isoleucine--tRNA ligase MupA	NF000257.1	mupirocin-resistant isoleucine--tRNA ligase MupA
9e55e0cf66749e7891acb6c0f257b77b	blaCAE-1	broad-spectrum class A beta-lactamase CAE-1	core	AMR	AMR	BETA-LACTAM	CEPHALOSPORIN	ALLELEP	302	302	100.00	100.00	302	WP_158386862.1	broad-spectrum class A beta-lactamase CAE-1	NF041590.1	CAE family broad-spectrum class A beta-lactamase
9ec11379e5fc3959cceb0a52b7016111	blaOXA	class D beta-lactamase	core	AMR	AMR	BETA-LACTAM	BETA-LACTAM	HMM	270	277	89.17	52.63	247	WP_337883258.1	class D beta-lactamase	NF000270.1	class D beta-lactamase
9efd93fe2be2a82fc593a31228b879e6	qacZ	quaternary ammonium compound efflux SMR transporter QacH	core	STRESS	BIOCIDE	QUATERNARY AMMONIUM	QUATERNARY AMMONIUM	EXACTP	107	107	100.00	100.00	107	WP_010730188.1	quaternary ammonium compound efflux SMR transporter QacH	NF000279.1	quaternary ammonium compound efflux SMR transporter QacH
9f02dd1ac89c9bab49f310f2d6e941f9	aph(3')-Ia	aminoglycoside O-phosphotransferase APH(3')-Ia	core	AMR	AMR	AMINOGLYCOSIDE	KANAMYCIN	BLASTP	271	271	100.00	99.63	271	WP_000018321.1	aminoglycoside O-phosphotransferase APH(3')-Ia	NF051474.1	aminoglycoside O-phosphotransferase APH(3')-Ia
9f35ea1e3064226046cdcda19a2fbfa6	floR	chloramphenicol/florfenicol efflux MFS transporter FloR	core	AMR	AMR	PHENICOL	CHLORAMPHENICOL/FLORFENICOL	BLASTP	404	404	100.00	99.75	404	WP_011453054.1	chloramphenicol/florfenicol efflux MFS transporter FloR	NF000219.1	chloramphenicol/florfenicol efflux MFS transporter FloR
9f6dcd857b03847dcf04453107b0a390	msr(A)	ABC-F type ribosomal protection protein Msr(A)	core	AMR	AMR	MACROLIDE/STREPTOGRAMIN	ERYTHROMYCIN/STREPTOGRAMIN B	BLASTP	488	488	100.00	99.59	488	WP_000438874.1	ABC-F type ribosomal protection protein Msr(A)	NF000256.1	ABC-F type ribosomal protection protein Msr(A)
9f85cf1a7c2868065506de75a3e8837d	aac(3)-I	AAC(3)-I family aminoglycoside 3-N-acetyltransferase	core	AMR	AMR	AMINOGLYCOSIDE	GENTAMICIN	HMM	158	158	100.00	80.38	158	WP_038404949.1	AAC(3)-I family aminoglycoside 3-N-acetyltransferase	NF033083.0	AAC(3)-I family aminoglycoside 3-N-acetyltransferase
9fd3fb99ed9b830082b17596007cb120	blaDHA-27	class C beta-lactamase DHA-27	core	AMR	AMR	BETA-LACTAM	CEPHALOSPORIN	ALLELEP	379	379	100.00	100.00	379	WP_109545067.1	class C beta-lactamase DHA-27	NF012102.1	DHA family class C beta-lactamase
9ff5ae554503efab66d5a4f17fe08063	mcr-3.19	phosphoethanolamine--lipid A transferase MCR-3.19	core	AMR	AMR	COLISTIN	COLISTIN	ALLELEP	541	541	100.00	100.00	541	WP_087879616.1	phosphoethanolamine--lipid A transferase MCR-3.19	NF033408.5	MCR-3 family phosphoethanolamine--lipid A transferase
a0931e6fa542dfadcffd96d30b00bc85	fosA3	fosfomycin resistance glutathione transferase FosA3	core	AMR	AMR	FOSFOMYCIN	FOSFOMYCIN	ALLELEP	138	138	100.00	100.00	138	WP_014839980.1	fosfomycin resistance glutathione transferase FosA3	NF000075.1	FosA3/FosA4 family fosfomycin resistance glutathione transferase
a095cda242ad5cbd4d05ba3252f03ea6	blaTEM-215	class A beta-lactamase TEM-215	core	AMR	AMR	BETA-LACTAM	BETA-LACTAM	ALLELEP	286	286	100.00	100.00	286	WP_050190632.1	class A beta-lactamase TEM-215	NF000531.2	TEM family class A beta-lactamase
a0aa349601927dda168aee48dd5906c2	tet(A)	tetracycline efflux MFS transporter Tet(A)	core	AMR	AMR	TETRACYCLINE	TETRACYCLINE	EXACTP	399	399	100.00	100.00	399	WP_012579085.1	tetracycline efflux MFS transporter Tet(A)	NF012193.0	tetracycline efflux MFS transporter Tet(A)
a0bcba19b9398bd7c0e00d1c09efc9bd	erm(B)	23S rRNA (adenine(2058)-N(6))-methyltransferase Erm(B)	core	AMR	AMR	LINCOSAMIDE/MACROLIDE/STREPTOGRAMIN	CLINDAMYCIN/ERYTHROMYCIN/STREPTOGRAMIN B	BLASTP	245	245	100.00	98.78	245	WP_002321849.1	23S rRNA (adenine(2058)-N(6))-methyltransferase Erm(B)	NF012220.1	23S rRNA (adenine(2058)-N(6))-methyltransferase Erm(B)
a0cd725d27b8b2659c985e91fe3c1da9	blaOXA-244	OXA-48 family carbapenem-hydrolyzing class D beta-lactamase OXA-244	core	AMR	AMR	BETA-LACTAM	CARBAPENEM	ALLELEP	265	265	100.00	100.00	265	WP_032495517.1	OXA-48 family carbapenem-hydrolyzing class D beta-lactamase OXA-244	NF000387.2	OXA-48 family class D beta-lactamase
a10c2d8f8095d928280594c978fe2011	sul1	sulfonamide-resistant dihydropteroate synthase Sul1	core	AMR	AMR	SULFONAMIDE	SULFONAMIDE	BLASTP	279	279	100.00	99.64	279	WP_000259031.1	sulfonamide-resistant dihydropteroate synthase Sul1	NF000294.1	sulfonamide-resistant dihydropteroate synthase Sul1
a1175aa6303582bd758ff193daf8ea5e	qnrB91	quinolone resistance pentapeptide repeat protein QnrB91	core	AMR	AMR	QUINOLONE	QUINOLONE	ALLELEP	214	214	100.00	100.00	214	WP_065908739.1	quinolone resistance pentapeptide repeat protein QnrB91	NF000420.1	QnrB family quinolone resistance pentapeptide repeat protein
a11d08ec1886b847cc1c25c2684a60fd	catB	type B chloramphenicol O-acetyltransferase	core	AMR	AMR	PHENICOL	CHLORAMPHENICOL	BLASTP	210	210	100.00	99.52	210	WP_000800689.1	type B-2 chloramphenicol O-acetyltransferase CatB11	NF000490.1	type B chloramphenicol O-acetyltransferase
a148485b4bc801c288eb0436527ccd37	blaI	penicillinase repressor BlaI	core	AMR	AMR	BETA-LACTAM	BETA-LACTAM	BLASTP	126	126	100.00	98.41	126	WP_001284656.1	penicillinase repressor BlaI	NF000186.1	penicillinase repressor BlaI
a17544bbb76e69f2f60774c881aca1ee	rmtB2	16S rRNA (guanine(1405)-N(7))-methyltransferase RmtB2	core	AMR	AMR	AMINOGLYCOSIDE	AMINOGLYCOSIDE	ALLELEP	251	251	100.00	100.00	251	WP_063854854.1	16S rRNA (guanine(1405)-N(7))-methyltransferase RmtB2	NF033209.1	RmtB family 16S rRNA (guanine(1405)-N(7))-methyltransferase
a1d4491f9e38753ed5a2483d6f0db17f	aph(3')-Ia	aminoglycoside O-phosphotransferase APH(3')-Ia	core	AMR	AMR	AMINOGLYCOSIDE	KANAMYCIN	EXACTP	271	271	100.00	100.00	271	WP_000018321.1	aminoglycoside O-phosphotransferase APH(3')-Ia	NF051474.1	aminoglycoside O-phosphotransferase APH(3')-Ia
a1ec3c14a3e297e0e9f2b87773b340e6	fosA	FosA3/FosA4 family fosfomycin resistance glutathione transferase	core	AMR	AMR	FOSFOMYCIN	FOSFOMYCIN	BLASTP	155	138	98.55	98.53	136	WP_014839980.1	fosfomycin resistance glutathione transferase FosA3	NF000075.1	FosA3/FosA4 family fosfomycin resistance glutathione transferase
a25b4082deb01743542b3ce378993068	floR	chloramphenicol/florfenicol efflux MFS transporter FloR	core	AMR	AMR	PHENICOL	CHLORAMPHENICOL/FLORFENICOL	BLASTP	404	404	100.00	99.50	404	WP_000214123.1	chloramphenicol/florfenicol efflux MFS transporter FloR	NF000219.1	chloramphenicol/florfenicol efflux MFS transporter FloR
a27ef0cd6ae216deb12e98dc691569c7	msr	Msr family ABC-F type ribosomal protection protein	core	AMR	AMR	MACROLIDE	MACROLIDE	HMM	487	485	99.38	66.80	485	WP_198462967.1	Msr family ABC-F type ribosomal protection protein	NF000168.2	Msr family ABC-F type ribosomal protection protein
a29701529da7f7afc59f842e6eb238a8	aph(3'')-Ib	aminoglycoside O-phosphotransferase APH(3'')-Ib	core	AMR	AMR	AMINOGLYCOSIDE	STREPTOMYCIN	BLASTP	267	267	100.00	99.63	267	WP_001082319.1	aminoglycoside O-phosphotransferase APH(3'')-Ib	NF032895.1	aminoglycoside O-phosphotransferase APH(3'')-Ib
a2ab318472f68d18700a67630033f7d6	qacE	quaternary ammonium compound efflux SMR transporter QacE	core	STRESS	BIOCIDE	QUATERNARY AMMONIUM	QUATERNARY AMMONIUM	BLASTP	115	115	100.00	99.13	115	WP_000679427.1	quaternary ammonium compound efflux SMR transporter QacE delta 1	NF000276.2	quaternary ammonium compound efflux SMR transporter QacE
a2cb723499960f1b91d5624c5b7c555c	blaKPC-189	inhibitor-resistant extended-spectrum class A beta-lactamase KPC-189	core	AMR	AMR	BETA-LACTAM	CEPHALOSPORIN	ALLELEP	293	293	100.00	100.00	293	WP_311033311.1	inhibitor-resistant extended-spectrum class A beta-lactamase KPC-189	NF012141.1	KPC family carbapenem-hydrolyzing class A beta-lactamase
a30fc7130c8d1dd4825baefaa2bc65e4	ant(3'')-IId	aminoglycoside nucleotidyltransferase ANT(3')-IId	core	AMR	AMR	AMINOGLYCOSIDE	SPECTINOMYCIN/STREPTOMYCIN	BLASTP	262	262	100.00	99.62	262	WP_038350081.1	aminoglycoside nucleotidyltransferase ANT(3')-IId	NA	NA
a3515368d375232dd9468f5836a9346c	aadA1	ANT(3'')-Ia family aminoglycoside nucleotidyltransferase AadA1	core	AMR	AMR	AMINOGLYCOSIDE	STREPTOMYCIN	BLASTP	263	263	100.00	99.62	263	WP_001206317.1	ANT(3'')-Ia family aminoglycoside nucleotidyltransferase AadA1	NF033126.1	ANT(3'')-Ia family aminoglycoside nucleotidyltransferase AadA1
a366df33e76cbcd40958146bdc776b83	msr(A)	ABC-F type ribosomal protection protein Msr(A)	core	AMR	AMR	MACROLIDE/STREPTOGRAMIN	ERYTHROMYCIN/STREPTOGRAMIN B	BLASTP	488	488	100.00	99.80	488	WP_000438874.1	ABC-F type ribosomal protection protein Msr(A)	NF000256.1	ABC-F type ribosomal protection protein Msr(A)
a38714784ac07efaa0fa49eda1697710	aph(6)-Id	aminoglycoside O-phosphotransferase APH(6)-Id	core	AMR	AMR	AMINOGLYCOSIDE	STREPTOMYCIN	BLASTP	278	278	100.00	99.64	278	WP_000480968.1	aminoglycoside O-phosphotransferase APH(6)-Id	NF012171.0	APH(6)-I family aminoglycoside O-phosphotransferase
a3fcbe93a08d1078f772a129f74bfbe3	aac(6')-Ib	AAC(6')-Ib family aminoglycoside 6'-N-acetyltransferase	core	AMR	AMR	AMINOGLYCOSIDE	GENTAMICIN	BLASTP	195	184	100.00	100.00	184	WP_003159191.1	aminoglycoside N-acetyltransferase AAC(6')-Ib4	NF033074.0	AAC(6')-Ib family aminoglycoside 6'-N-acetyltransferase
a410ea8d7b5ed3d9fabd0e0668524381	qnrS1	quinolone resistance pentapeptide repeat protein QnrS1	core	AMR	AMR	QUINOLONE	QUINOLONE	ALLELEP	218	218	100.00	100.00	218	WP_001516695.1	quinolone resistance pentapeptide repeat protein QnrS1	NF000056.3	QnrS family quinolone resistance pentapeptide repeat protein
a41c1ccbcc9ca1982858936ed37c9d88	vanS-A	vancomycin resistance histidine kinase VanS-A	core	AMR	AMR	GLYCOPEPTIDE	VANCOMYCIN	BLASTP	384	384	100.00	99.74	384	WP_002305818.1	vancomycin resistance histidine kinase VanS-A	NF033091.0	vancomycin resistance histidine kinase VanS
a4a692230e5431a0f157803ae84f360d	qacE	quaternary ammonium compound efflux SMR transporter QacE	core	STRESS	BIOCIDE	QUATERNARY AMMONIUM	QUATERNARY AMMONIUM	BLASTP	110	110	100.00	99.09	110	WP_010890145.1	quaternary ammonium compound efflux SMR transporter QacE	NF000276.2	quaternary ammonium compound efflux SMR transporter QacE
a4fa91839b9b1ece9ec3415d2fdb16ad	aph(6)-Id	aminoglycoside O-phosphotransferase APH(6)-Id	core	AMR	AMR	AMINOGLYCOSIDE	STREPTOMYCIN	BLASTP	278	278	100.00	97.84	278	WP_000480968.1	aminoglycoside O-phosphotransferase APH(6)-Id	NF012171.0	APH(6)-I family aminoglycoside O-phosphotransferase
a4faef998f2a00b7bad0289b7b8ca249	catA1	type A-1 chloramphenicol O-acetyltransferase	core	AMR	AMR	PHENICOL	CHLORAMPHENICOL	EXACTP	219	219	100.00	100.00	219	WP_011152976.1	type A-1 chloramphenicol O-acetyltransferase	NF000491.1	type A chloramphenicol O-acetyltransferase
a57302ca27229fb06a22728ba4bd7aca	blaTEM-1	broad-spectrum class A beta-lactamase TEM-1	core	AMR	AMR	BETA-LACTAM	BETA-LACTAM	ALLELEP	286	286	100.00	100.00	286	WP_000027057.1	broad-spectrum class A beta-lactamase TEM-1	NF000531.2	TEM family class A beta-lactamase
a5ade7bcb6eaa61c3e0c6ff9702a4b44	floR	chloramphenicol/florfenicol efflux MFS transporter FloR	core	AMR	AMR	PHENICOL	CHLORAMPHENICOL/FLORFENICOL	BLASTP	404	404	100.00	99.50	404	WP_000214121.1	chloramphenicol/florfenicol efflux MFS transporter FloR	NF000219.1	chloramphenicol/florfenicol efflux MFS transporter FloR
a637772b30c85e87b969473c09ad7d80	cfr	23S rRNA (adenine(2503)-C(8))-methyltransferase Cfr	core	AMR	AMR	LINCOSAMIDE/OXAZOLIDINONE/PHENICOL/PLEUROMUTILIN/STREPTOGRAMIN	CHLORAMPHENICOL/CLINDAMYCIN/FLORFENICOL/LINEZOLID/STREPTOGRAMIN B/TIAMULIN/VIRGINIAMYCIN	BLASTP	349	349	100.00	99.43	349	WP_001010505.1	23S rRNA (adenine(2503)-C(8))-methyltransferase Cfr	NF000424.4	Cfr family 23S rRNA (adenine(2503)-C(8))-methyltransferase
a6c7e4f93f9b0d613e58e9feea3a1267	oqxB	multidrug efflux RND transporter permease subunit OqxB	core	AMR	AMR	PHENICOL/QUINOLONE	PHENICOL/QUINOLONE	BLASTP	1050	1050	100.00	99.90	1050	WP_000347934.1	multidrug efflux RND transporter permease subunit OqxB	NF000037.1	multidrug efflux RND transporter permease subunit OqxB
a73f999e8a3b3f2068f565a82fd2896a	vanA	D-alanine--(R)-lactate ligase VanA	core	AMR	AMR	GLYCOPEPTIDE	VANCOMYCIN	BLASTP	343	343	100.00	99.71	343	WP_001079845.1	D-alanine--(R)-lactate ligase VanA	NF012217.1	D-alanine--(R)-lactate ligase VanA
a7ecfe4c690e272c87b95ab41a7f8b2d	floR	chloramphenicol/florfenicol efflux MFS transporter FloR	core	AMR	AMR	PHENICOL	CHLORAMPHENICOL/FLORFENICOL	BLASTP	404	404	100.00	99.50	404	WP_000214122.1	chloramphenicol/florfenicol efflux MFS transporter FloR	NF000219.1	chloramphenicol/florfenicol efflux MFS transporter FloR
a83b7f7a67021a161e9cc91abed62f93	qnrS	QnrS family quinolone resistance pentapeptide repeat protein	core	AMR	AMR	QUINOLONE	QUINOLONE	BLASTP	218	218	100.00	99.54	218	WP_001516695.1	quinolone resistance pentapeptide repeat protein QnrS1	NF000056.3	QnrS family quinolone resistance pentapeptide repeat protein
a8670601b02f4d1b7ac3ab8ea45dbfe1	tet(X5)	tetracycline-inactivating monooxygenase Tet(X5)	core	AMR	AMR	TETRACYCLINE	TIGECYCLINE	BLASTP	378	378	100.00	98.94	378	WP_063856444.1	tetracycline-inactivating monooxygenase Tet(X5)	NF033111.2	tetracycline-inactivating monooxygenase Tet(X)
a894f9aa2745134351f7d64c470e4231	oqxA	multidrug efflux RND transporter periplasmic adaptor subunit OqxA	core	AMR	AMR	PHENICOL/QUINOLONE	PHENICOL/QUINOLONE	BLASTP	391	391	100.00	99.74	391	WP_063865358.1	multidrug efflux RND transporter periplasmic adaptor subunit OqxA2	NF000272.1	multidrug efflux RND transporter periplasmic adaptor subunit OqxA
a900b81ea59c373aab188a82676b1a5e	ampC	class C beta-lactamase	core	AMR	AMR	BETA-LACTAM	BETA-LACTAM	HMM	382	380	97.63	61.93	373	WP_011339581.1	class C beta-lactamase	NF033085.1	class C beta-lactamase
a9429c2754f3d00eff2e0db96d69e406	satA	streptothricin N-acetyltransferase SatA	core	AMR	AMR	STREPTOTHRICIN	STREPTOTHRICIN	BLASTP	184	184	98.91	81.42	183	WP_000054744.1	streptothricin N-acetyltransferase SatA	NA	NA
a9527dfb6a0e8882785d66f051328b74	lnu(F)	lincosamide nucleotidyltransferase Lnu(F)	core	AMR	AMR	LINCOSAMIDE	LINCOSAMIDE	BLASTP	273	273	100.00	99.63	273	WP_000939727.1	lincosamide nucleotidyltransferase Lnu(F)	NF000119.1	lincosamide nucleotidyltransferase Lnu(F)
a9913c18d8d669d6d30f5218c0012787	mef(C)	macrolide efflux MFS transporter Mef(C)	core	AMR	AMR	MACROLIDE	ERYTHROMYCIN	BLASTP	407	407	100.00	99.75	407	WP_014386804.1	macrolide efflux MFS transporter Mef(C)	NF000246.1	macrolide efflux MFS transporter Mef(C)
a9f269233aaa036753a0f65c9c978543	aph(3')-XV	aminoglycoside O-phosphotransferase APH(3')-XV	core	AMR	AMR	AMINOGLYCOSIDE	AMIKACIN/KANAMYCIN	BLASTP	264	264	100.00	99.62	264	WP_019407932.1	aminoglycoside O-phosphotransferase APH(3')-XV	NF033063.0	aminoglycoside O-phosphotransferase APH(3')-XV
a9fb32ca464deccaf171e87d4e05dad3	blaR1	beta-lactam sensor/signal transducer BlaR1	core	AMR	AMR	BETA-LACTAM	BETA-LACTAM	BLASTP	585	585	100.00	98.29	585	WP_001096376.1	beta-lactam sensor/signal transducer BlaR1	NF033108.1	beta-lactam sensor/signal transducer BlaR1
aa2f33fdcefcd347e046535c17689547	qacE	quaternary ammonium compound efflux SMR transporter QacE	core	STRESS	BIOCIDE	QUATERNARY AMMONIUM	QUATERNARY AMMONIUM	BLASTP	115	115	100.00	99.13	115	WP_000679427.1	quaternary ammonium compound efflux SMR transporter QacE delta 1	NF000276.2	quaternary ammonium compound efflux SMR transporter QacE
aa75e099ddc06e791d4b7ba70dae5dac	sul1	sulfonamide-resistant dihydropteroate synthase Sul1	core	AMR	AMR	SULFONAMIDE	SULFONAMIDE	BLASTP	279	279	100.00	99.64	279	WP_000259031.1	sulfonamide-resistant dihydropteroate synthase Sul1	NF000294.1	sulfonamide-resistant dihydropteroate synthase Sul1
aaac81985bff9c3598281bc5df7d9d7a	rmtC	RmtC family 16S rRNA (guanine(1405)-N(7))-methyltransferase	core	AMR	AMR	AMINOGLYCOSIDE	AMINOGLYCOSIDE	EXACTP	281	281	100.00	100.00	281	WP_000855769.1	RmtC family 16S rRNA (guanine(1405)-N(7))-methyltransferase	NF000150.1	RmtC family 16S rRNA (guanine(1405)-N(7))-methyltransferase
aac424d58ab77517511fb5aaaa8b441a	tet(A)	tetracycline efflux MFS transporter Tet(A)	core	AMR	AMR	TETRACYCLINE	TETRACYCLINE	BLASTP	399	399	100.00	99.75	399	WP_000804063.1	tetracycline efflux MFS transporter Tet(A)	NF012193.0	tetracycline efflux MFS transporter Tet(A)
aad1318faffb45b057c9642e9d7184d8	vanS-Pt	vancomycin resistance histidine kinase VanS-Pt	core	AMR	AMR	GLYCOPEPTIDE	VANCOMYCIN	BLASTP	384	386	99.48	90.62	384	WP_063856741.1	vancomycin resistance histidine kinase VanS-Pt	NF033091.0	vancomycin resistance histidine kinase VanS
aaf04de87aed0a71586eca5c0a2763e0	vanY-A	D-Ala-D-Ala carboxypeptidase VanY-A	core	AMR	AMR	GLYCOPEPTIDE	VANCOMYCIN	BLASTP	310	303	99.67	98.68	302	WP_001812592.1	D-Ala-D-Ala carboxypeptidase VanY-A	NF000472.1	VanY-A/VanY-F/VanY-M family D-Ala-D-Ala carboxypeptidase
ab6436133ca4131b05540ece2fef9f9e	aac(6')-Ie/aph(2'')-Ia	bifunctional aminoglycoside N-acetyltransferase AAC(6')-Ie/aminoglycoside O-phosphotransferase APH(2'')-Ia	core	AMR	AMR	AMINOGLYCOSIDE	AMIKACIN/GENTAMICIN/KANAMYCIN/TOBRAMYCIN	BLASTP	479	479	100.00	99.37	479	WP_001028144.1	bifunctional aminoglycoside N-acetyltransferase AAC(6')-Ie/aminoglycoside O-phosphotransferase APH(2'')-Ia	NF000508.1	aminoglycoside O-phosphotransferase APH(2'')-Ia
ab75b65d9d65e71063154f11e104941d	qacB	quaternary ammonium compound efflux MFS transporter QacB	core	STRESS	BIOCIDE	QUATERNARY AMMONIUM	QUATERNARY AMMONIUM	BLASTP	514	514	100.00	99.61	514	WP_000622778.1	quaternary ammonium compound efflux MFS transporter QacB	NF000089.1	QacA/B family quaternary ammonium compound efflux MFS transporter
abb37fcfb121f6f217690e92c0159a3b	fexA	chloramphenicol/florfenicol efflux MFS transporter FexA	core	AMR	AMR	PHENICOL	CHLORAMPHENICOL/FLORFENICOL	BLASTP	475	475	100.00	98.95	475	WP_015585966.1	chloramphenicol/florfenicol efflux MFS transporter FexA	NF000218.1	chloramphenicol/florfenicol efflux MFS transporter FexA
abece87e7a5bc1e641d51110a0b10ff6	aph(3')	APH(3') family aminoglycoside O-phosphotransferase	core	AMR	AMR	AMINOGLYCOSIDE	AMINOGLYCOSIDE	HMM	262	264	98.48	32.82	262	WP_019407932.1	APH(3') family aminoglycoside O-phosphotransferase	NF033068.1	APH(3') family aminoglycoside O-phosphotransferase
ac0de807b42b7e29138709acfa3fc62d	aadA1	ANT(3'')-Ia family aminoglycoside nucleotidyltransferase AadA1	core	AMR	AMR	AMINOGLYCOSIDE	STREPTOMYCIN	BLASTP	263	263	100.00	99.62	263	WP_001206316.1	ANT(3'')-Ia family aminoglycoside nucleotidyltransferase AadA1	NF033126.1	ANT(3'')-Ia family aminoglycoside nucleotidyltransferase AadA1
ac38bd47030f56b0858c739a71831246	blaTEM	TEM family class A beta-lactamase	core	AMR	AMR	BETA-LACTAM	BETA-LACTAM	BLASTP	286	286	100.00	99.65	286	WP_000027057.1	broad-spectrum class A beta-lactamase TEM-1	NF000531.2	TEM family class A beta-lactamase
ac895ef32d63d70089bc67474e88d733	blaZ	penicillin-hydrolyzing class A beta-lactamase BlaZ	core	AMR	AMR	BETA-LACTAM	BETA-LACTAM	BLASTP	281	281	100.00	98.93	281	WP_000733274.1	penicillin-hydrolyzing class A beta-lactamase BlaZ	NF033139.1	penicillin-hydrolyzing class A beta-lactamase BlaZ
acb2fbaa44dd68519ac6669575e1d323	aph(6)-Id	aminoglycoside O-phosphotransferase APH(6)-Id	core	AMR	AMR	AMINOGLYCOSIDE	STREPTOMYCIN	BLASTP	317	278	94.60	100.00	263	WP_000480968.1	aminoglycoside O-phosphotransferase APH(6)-Id	NF012171.0	APH(6)-I family aminoglycoside O-phosphotransferase
acb895a6c9328a87e7f1978886e282f6	sul2	sulfonamide-resistant dihydropteroate synthase Sul2	core	AMR	AMR	SULFONAMIDE	SULFONAMIDE	BLASTP	271	271	100.00	99.63	271	WP_001043265.1	sulfonamide-resistant dihydropteroate synthase Sul2	NF000295.1	sulfonamide-resistant dihydropteroate synthase Sul2
acf45702d5d3e2108343f309dcb383ce	aph(3'')-Ib	aminoglycoside O-phosphotransferase APH(3'')-Ib	core	AMR	AMR	AMINOGLYCOSIDE	STREPTOMYCIN	BLASTP	267	267	100.00	99.63	267	WP_001082319.1	aminoglycoside O-phosphotransferase APH(3'')-Ib	NF032895.1	aminoglycoside O-phosphotransferase APH(3'')-Ib
ad03c72905ebd8dfdc9442bc516593f0	blaOXA-9	oxacillin-hydrolyzing class D beta-lactamase OXA-9	core	AMR	AMR	BETA-LACTAM	BETA-LACTAM	ALLELEP	274	274	100.00	100.00	274	WP_000722315.1	oxacillin-hydrolyzing class D beta-lactamase OXA-9	NF040532.1	OXA-9 family oxacillin-hydrolyzing class D beta-lactamase
ad43ed75e297d1e71c07c54f923f7f71	aadA5	ANT(3'')-Ia family aminoglycoside nucleotidyltransferase AadA5	core	AMR	AMR	AMINOGLYCOSIDE	STREPTOMYCIN	BLASTP	262	262	100.00	99.62	262	WP_000503573.1	ANT(3'')-Ia family aminoglycoside nucleotidyltransferase AadA5	NF012157.0	ANT(3'')-I family aminoglycoside nucleotidyltransferase
ad4f19ef1901ea934deb5f34b8beb0da	aac(3)-IId	aminoglycoside N-acetyltransferase AAC(3)-IId	core	AMR	AMR	AMINOGLYCOSIDE	GENTAMICIN	BLASTP	286	286	100.00	99.65	286	WP_000557454.1	aminoglycoside N-acetyltransferase AAC(3)-IId	NF033080.0	AAC(3)-II family aminoglycoside N-acetyltransferase
ada1a4c8d78ae5010eff60eefa180ee2	blaOXA	class D beta-lactamase	core	AMR	AMR	BETA-LACTAM	BETA-LACTAM	HMM	272	275	98.18	65.93	270	WP_102607464.1	class D beta-lactamase	NF000270.1	class D beta-lactamase
adbf6083d2a7da0195fc50224a160451	dfrA12	trimethoprim-resistant dihydrofolate reductase DfrA12	core	AMR	AMR	TRIMETHOPRIM	TRIMETHOPRIM	BLASTP	165	165	100.00	99.39	165	WP_001083725.1	trimethoprim-resistant dihydrofolate reductase DfrA12	NF000053.2	trimethoprim-resistant dihydrofolate reductase DfrA12
adee384f55247ea4f92507d7035ba543	blaSHV-7	extended-spectrum class A beta-lactamase SHV-7	core	AMR	AMR	BETA-LACTAM	CEPHALOSPORIN	ALLELEP	286	286	100.00	100.00	286	WP_020316986.1	extended-spectrum class A beta-lactamase SHV-7	NF000285.3	SHV family class A beta-lactamase
ae1851332c753da1419e1c5ddfa3c00d	ant(6)-Ia	aminoglycoside nucleotidyltransferase ANT(6)-Ia	core	AMR	AMR	AMINOGLYCOSIDE	STREPTOMYCIN	BLASTP	302	302	100.00	99.67	302	WP_001255866.1	aminoglycoside nucleotidyltransferase ANT(6)-Ia	NF033084.2	aminoglycoside 6-nucleotidyltransferase
ae4d7a0866db2e6680f26bc81c3e6023	blaTEM-57	broad-spectrum class A beta-lactamase TEM-57	core	AMR	AMR	BETA-LACTAM	BETA-LACTAM	ALLELEP	286	286	100.00	100.00	286	WP_032492330.1	broad-spectrum class A beta-lactamase TEM-57	NF000531.2	TEM family class A beta-lactamase
ae8927d0c25662db2aba388ca2dd9931	blaOXA	OXA-48 family class D beta-lactamase	core	AMR	AMR	BETA-LACTAM	BETA-LACTAM	BLASTP	248	265	93.58	100.00	248	WP_015059991.1	OXA-48 family carbapenem-hydrolyzing class D beta-lactamase OXA-48	NF000387.2	OXA-48 family class D beta-lactamase
ae97c75b4d4eac242d25e6d01fedd1d5	fosA	FosA3/FosA4 family fosfomycin resistance glutathione transferase	core	AMR	AMR	FOSFOMYCIN	FOSFOMYCIN	BLASTP	138	138	100.00	99.28	138	WP_014839980.1	fosfomycin resistance glutathione transferase FosA3	NF000075.1	FosA3/FosA4 family fosfomycin resistance glutathione transferase
aea97ddcc2c587f9c60ab8b377acb6ad	aadA1	ANT(3'')-Ia family aminoglycoside nucleotidyltransferase AadA1	core	AMR	AMR	AMINOGLYCOSIDE	STREPTOMYCIN	EXACTP	262	262	100.00	100.00	262	WP_001206315.1	ANT(3'')-Ia family aminoglycoside nucleotidyltransferase AadA1	NF033126.1	ANT(3'')-Ia family aminoglycoside nucleotidyltransferase AadA1
aee48765115e69c10e668eb90bfbdf1e	blaI	penicillinase repressor BlaI	core	AMR	AMR	BETA-LACTAM	BETA-LACTAM	BLASTP	126	126	100.00	99.21	126	WP_001284656.1	penicillinase repressor BlaI	NF000186.1	penicillinase repressor BlaI
aefcd7d0b1d3f45b5b46bc493a490625	floR	chloramphenicol/florfenicol efflux MFS transporter FloR	core	AMR	AMR	PHENICOL	CHLORAMPHENICOL/FLORFENICOL	EXACTP	404	404	100.00	100.00	404	WP_000214121.1	chloramphenicol/florfenicol efflux MFS transporter FloR	NF000219.1	chloramphenicol/florfenicol efflux MFS transporter FloR
af25052f24cc770e22ae186786ce20ac	blaR1	beta-lactam sensor/signal transducer BlaR1	core	AMR	AMR	BETA-LACTAM	BETA-LACTAM	BLASTP	585	585	100.00	98.80	585	WP_001096386.1	beta-lactam sensor/signal transducer BlaR1	NF033108.1	beta-lactam sensor/signal transducer BlaR1
af26c1f99590bc84c0f229fc075e3f4e	aph(2'')-If	aminoglycoside O-phosphotransferase APH(2'')-If	core	AMR	AMR	AMINOGLYCOSIDE	AMIKACIN/GENTAMICIN/KANAMYCIN/TOBRAMYCIN	EXACTP	297	297	100.00	100.00	297	WP_021424053.1	aminoglycoside O-phosphotransferase APH(2'')-If	NF000498.2	APH(2'')-If/Ih family aminoglycoside O-phosphotransferase
af3b6f26ef4d1eed4184b26aa6b0977d	rmtH	RmtH family 16S rRNA (guanine(1405)-N(7))-methyltransferase	core	AMR	AMR	AMINOGLYCOSIDE	AMINOGLYCOSIDE	EXACTP	252	252	100.00	100.00	252	WP_046664169.1	RmtH family 16S rRNA (guanine(1405)-N(7))-methyltransferase	NF000116.1	RmtH family 16S rRNA (guanine(1405)-N(7))-methyltransferase
af991c1a135ac3091fcc4afc07903a02	aadA5	ANT(3'')-Ia family aminoglycoside nucleotidyltransferase AadA5	core	AMR	AMR	AMINOGLYCOSIDE	STREPTOMYCIN	EXACTP	262	262	100.00	100.00	262	WP_000503573.1	ANT(3'')-Ia family aminoglycoside nucleotidyltransferase AadA5	NF012157.0	ANT(3'')-I family aminoglycoside nucleotidyltransferase
afd1b90d1b28092c19e8325f27f1f27c	optrA	ABC-F type ribosomal protection protein OptrA	core	AMR	AMR	OXAZOLIDINONE/PHENICOL	FLORFENICOL/OXAZOLIDINONE	BLASTP	655	655	100.00	96.95	655	WP_063854496.1	ABC-F type ribosomal protection protein OptrA	NF000514.1	ABC-F type ribosomal protection protein OptrA
afe2ff4a134582fdd0b0c7f3f48e6350	blaFRI-4	carbapenem-hydrolyzing class A beta-lactamase FRI-4	core	AMR	AMR	BETA-LACTAM	CARBAPENEM	ALLELEP	294	294	100.00	100.00	294	WP_088245210.1	carbapenem-hydrolyzing class A beta-lactamase FRI-4	NF000428.4	FRI family carbapenem-hydrolyzing class A beta-lactamase
b04f055c36f0ce9179c043c895a3e5ba	optrA	ABC-F type ribosomal protection protein OptrA	core	AMR	AMR	OXAZOLIDINONE/PHENICOL	FLORFENICOL/OXAZOLIDINONE	BLASTP	655	655	100.00	99.69	655	WP_063854496.1	ABC-F type ribosomal protection protein OptrA	NF000514.1	ABC-F type ribosomal protection protein OptrA
b05143409d3dd293e91afaee23c56e64	bleO	bleomycin binding protein	core	AMR	AMR	BLEOMYCIN	BLEOMYCIN	BLASTP	128	134	95.52	98.44	128	WP_001242578.1	bleomycin binding protein	NF000027.1	bleomycin binding protein
b073ff940ae0c59c9371185d0ad62951	arr	NAD(+)--rifampin ADP-ribosyltransferase	core	AMR	AMR	RIFAMYCIN	RIFAMYCIN	HMM	156	150	84.00	53.97	126	WP_033959319.1	NAD(+)--rifampin ADP-ribosyltransferase	NF033144.1	NAD(+)--rifampin ADP-ribosyltransferase
b1170bb05c9ea9d9a9045b9f18dde92a	mrx(A)	phosphorylated macrolide efflux MFS transporter Mrx(A)	core	AMR	AMR	MACROLIDE	AZITHROMYCIN/ERYTHROMYCIN/SPIRAMYCIN/TELITHROMYCIN	BLASTP	412	412	100.00	99.76	412	WP_000004159.1	phosphorylated macrolide efflux MFS transporter Mrx(A)	NA	NA
b143d04d831623365170a4ae63c9aa06	blaCTX-M	CTX-M family extended-spectrum class A beta-lactamase	core	AMR	AMR	BETA-LACTAM	CEPHALOSPORIN	BLASTP	280	291	96.22	100.00	280	WP_000239590.1	extended-spectrum class A beta-lactamase CTX-M-15	NF033089.1	CTX-M family extended-spectrum class A beta-lactamase
b151eaf86e6f6f4f76f3d5f197e27d14	erm(B)	23S rRNA (adenine(2058)-N(6))-methyltransferase Erm(B)	core	AMR	AMR	LINCOSAMIDE/MACROLIDE/STREPTOGRAMIN	CLINDAMYCIN/ERYTHROMYCIN/STREPTOGRAMIN B	BLASTP	245	245	100.00	99.59	245	WP_001038792.1	23S rRNA (adenine(2058)-N(6))-methyltransferase Erm(B)	NF012220.1	23S rRNA (adenine(2058)-N(6))-methyltransferase Erm(B)
b15aabd68049c91bd3d6ee3b89e37047	aadA7	ANT(3'')-Ia family aminoglycoside nucleotidyltransferase AadA7	core	AMR	AMR	AMINOGLYCOSIDE	STREPTOMYCIN	EXACTP	265	265	100.00	100.00	265	WP_001436322.1	ANT(3'')-Ia family aminoglycoside nucleotidyltransferase AadA7	NF012157.0	ANT(3'')-I family aminoglycoside nucleotidyltransferase
b1994276829f8f28e91902641a96faab	erm(B)	23S rRNA (adenine(2058)-N(6))-methyltransferase Erm(B)	core	AMR	AMR	LINCOSAMIDE/MACROLIDE/STREPTOGRAMIN	CLINDAMYCIN/ERYTHROMYCIN/STREPTOGRAMIN B	EXACTP	245	245	100.00	100.00	245	WP_001038790.1	23S rRNA (adenine(2058)-N(6))-methyltransferase Erm(B)	NF012220.1	23S rRNA (adenine(2058)-N(6))-methyltransferase Erm(B)
b1d834e7b0057bdc12989b2f58b4f9fe	vanS-A	vancomycin resistance histidine kinase VanS-A	core	AMR	AMR	GLYCOPEPTIDE	VANCOMYCIN	BLASTP	383	384	97.14	100.00	373	WP_002305818.1	vancomycin resistance histidine kinase VanS-A	NF033091.0	vancomycin resistance histidine kinase VanS
b1da3acde21ca18c8c564594441cfcc5	dfrA19	trimethoprim-resistant dihydrofolate reductase DfrA19	core	AMR	AMR	TRIMETHOPRIM	TRIMETHOPRIM	BLASTP	189	189	100.00	98.41	189	WP_000019304.1	trimethoprim-resistant dihydrofolate reductase DfrA19	NF000041.1	trimethoprim-resistant dihydrofolate reductase DfrA19
b1f872bad2ed004256daf35911f3c279	msr(E)	ABC-F type ribosomal protection protein Msr(E)	core	AMR	AMR	MACROLIDE/STREPTOGRAMIN	AZITHROMYCIN/ERYTHROMYCIN/STREPTOGRAMIN	BLASTP	491	491	100.00	99.80	491	WP_000052512.1	ABC-F type ribosomal protection protein Msr(E)	NF000168.2	Msr family ABC-F type ribosomal protection protein
b24d6deae52b625504ff521216acb8e6	blaSHV-2A	extended-spectrum class A beta-lactamase SHV-2a	core	AMR	AMR	BETA-LACTAM	CEPHALOSPORIN	ALLELEP	286	286	100.00	100.00	286	WP_032488413.1	extended-spectrum class A beta-lactamase SHV-2a	NF000285.3	SHV family class A beta-lactamase
b270b024c865cd3726c208aba01ee7fa	fexA	chloramphenicol/florfenicol efflux MFS transporter FexA	core	AMR	AMR	PHENICOL	CHLORAMPHENICOL/FLORFENICOL	BLASTP	475	475	100.00	98.74	475	WP_015585966.1	chloramphenicol/florfenicol efflux MFS transporter FexA	NF000218.1	chloramphenicol/florfenicol efflux MFS transporter FexA
b2e864d6e7e275e598bd6a5c2329844f	oqxB	multidrug efflux RND transporter permease subunit OqxB	core	AMR	AMR	PHENICOL/QUINOLONE	PHENICOL/QUINOLONE	BLASTP	1050	1050	100.00	99.81	1050	WP_000347934.1	multidrug efflux RND transporter permease subunit OqxB	NF000037.1	multidrug efflux RND transporter permease subunit OqxB
b32a585e9b235973b0443d839f6e133f	bleO	bleomycin binding protein	core	AMR	AMR	BLEOMYCIN	BLEOMYCIN	BLASTP	128	134	95.52	98.44	128	WP_001242578.1	bleomycin binding protein	NF000027.1	bleomycin binding protein
b35e1057e21cb82c82b40a78f6a5c671	tet(L)	tetracycline efflux MFS transporter Tet(L)	core	AMR	AMR	TETRACYCLINE	TETRACYCLINE	BLASTP	458	458	100.00	98.47	458	WP_002294500.1	tetracycline efflux MFS transporter Tet(L)	NF012185.0	tetracycline efflux MFS transporter Tet(L)
b39660b43819aab2f42a5fdf69d31e7f	aph(3')-Ia	aminoglycoside O-phosphotransferase APH(3')-Ia	core	AMR	AMR	AMINOGLYCOSIDE	KANAMYCIN	BLASTP	276	271	100.00	98.52	271	WP_000018330.1	aminoglycoside O-phosphotransferase APH(3')-Ia	NF051474.1	aminoglycoside O-phosphotransferase APH(3')-Ia
b3dc7b7630eea1686a793a17f225be99	blaCTX-M	CTX-M family extended-spectrum class A beta-lactamase	core	AMR	AMR	BETA-LACTAM	CEPHALOSPORIN	BLASTP	291	291	100.00	99.66	291	WP_000239590.1	extended-spectrum class A beta-lactamase CTX-M-15	NF033089.1	CTX-M family extended-spectrum class A beta-lactamase
b3f883c651ab6eafa9f1fa20008d47a0	blaVIM-1	subclass B1 metallo-beta-lactamase VIM-1	core	AMR	AMR	BETA-LACTAM	CARBAPENEM	ALLELEP	266	266	100.00	100.00	266	WP_013263789.1	subclass B1 metallo-beta-lactamase VIM-1	NF012100.0	VIM family subclass B1 metallo-beta-lactamase
b3f8a42327b8b6fe099b5732ee0e9d0f	tmexC3	multidrug efflux RND transporter periplasmic adaptor subunit TMexC3	core	AMR	AMR	TETRACYCLINE	TIGECYCLINE	ALLELEP	387	387	100.00	100.00	387	WP_034039546.1	multidrug efflux RND transporter periplasmic adaptor subunit TMexC3	NA	NA
b403bbe6eb4cc5543302943d0436783e	ble	bleomycin binding protein Ble-MBL	core	AMR	AMR	BLEOMYCIN	BLEOMYCIN	BLASTP	121	121	100.00	99.17	121	WP_004201167.1	bleomycin binding protein Ble-MBL	NF012202.0	bleomycin binding protein Ble-MBL
b435c7d8584b8078323caf02f204ecad	aadA25	ANT(3'')-Ia family aminoglycoside nucleotidyltransferase AadA25	core	AMR	AMR	AMINOGLYCOSIDE	STREPTOMYCIN	EXACTP	263	263	100.00	100.00	263	WP_011113049.1	ANT(3'')-Ia family aminoglycoside nucleotidyltransferase AadA25	NF012157.0	ANT(3'')-I family aminoglycoside nucleotidyltransferase
b46f5a33291978825170bdb59b704f0d	aadD1	aminoglycoside O-nucleotidyltransferase ANT(4')-Ia	core	AMR	AMR	AMINOGLYCOSIDE	KANAMYCIN/TOBRAMYCIN	BLASTP	253	253	100.00	99.60	253	WP_001014230.1	aminoglycoside O-nucleotidyltransferase ANT(4')-Ia	NF000181.1	aminoglycoside O-nucleotidyltransferase ANT(4')-Ia
b4883f6b954dd9739ea8190a8c67b437	blaMOX	CMY-1/MOX family class C beta-lactamase	core	AMR	AMR	BETA-LACTAM	CEPHALOSPORIN	BLASTP	382	383	100.00	95.04	383	WP_128343957.1	CMY-1/MOX family class C beta-lactamase MOX-25	NF000239.3	CMY-1/MOX family class C beta-lactamase
b4f6108337c41f640f2676b345cc1fc6	fos	fosfomycin resistance glutathione transferase FosLL	core	AMR	AMR	FOSFOMYCIN	FOSFOMYCIN	EXACTP	135	135	100.00	100.00	135	WP_000777201.1	fosfomycin resistance glutathione transferase FosLL	NF033405.1	fosfomycin resistance glutathione transferase FosLL
b5389ad5cee01935e8a893847dffe830	catA1	type A-1 chloramphenicol O-acetyltransferase	core	AMR	AMR	PHENICOL	CHLORAMPHENICOL	EXACTP	219	219	100.00	100.00	219	WP_000412211.1	type A-1 chloramphenicol O-acetyltransferase	NF000491.1	type A chloramphenicol O-acetyltransferase
b56c6035d865d184b777dd04a0b75d21	catA	type A-8 chloramphenicol O-acetyltransferase	core	AMR	AMR	PHENICOL	CHLORAMPHENICOL	BLASTP	209	215	95.81	91.39	209	WP_002403315.1	type A-8 chloramphenicol O-acetyltransferase	NF000491.1	type A chloramphenicol O-acetyltransferase
b585b7d6730b593a8ee7aa6e5fdf1115	aac(6')-Ib	AAC(6')-Ib family aminoglycoside 6'-N-acetyltransferase	core	AMR	AMR	AMINOGLYCOSIDE	AMIKACIN/KANAMYCIN/TOBRAMYCIN	EXACTP	184	184	100.00	100.00	184	WP_071846332.1	AAC(6')-Ib family aminoglycoside 6'-N-acetyltransferase	NF033074.0	AAC(6')-Ib family aminoglycoside 6'-N-acetyltransferase
b5d82bffd267bc37b79f7852565a5793	qacG2	quaternary ammonium compound efflux SMR transporter QacG2	core	STRESS	BIOCIDE	QUATERNARY AMMONIUM	QUATERNARY AMMONIUM	BLASTP	110	110	100.00	99.09	110	WP_003830719.1	quaternary ammonium compound efflux SMR transporter QacG2	NF000278.1	quaternary ammonium compound efflux SMR transporter QacG2
b5f8cd1586ed13dd3278915e46159123	aph(6)-Ic	aminoglycoside O-phosphotransferase APH(6)-Ic	core	AMR	AMR	AMINOGLYCOSIDE	STREPTOMYCIN	EXACTP	280	280	100.00	100.00	280	WP_000116906.1	aminoglycoside O-phosphotransferase APH(6)-Ic	NF000011.2	aminoglycoside O-phosphotransferase APH(6)-Ic
b6976218a7e3cc2cba04e7aa5b030aeb	oqxB	multidrug efflux RND transporter permease subunit OqxB	core	AMR	AMR	PHENICOL/QUINOLONE	PHENICOL/QUINOLONE	BLASTP	1050	1050	100.00	99.90	1050	WP_000347934.1	multidrug efflux RND transporter permease subunit OqxB	NF000037.1	multidrug efflux RND transporter permease subunit OqxB
b6d9fb3dd5a9dee9f2244b0d1c9f142f	ere(A)	EreA family erythromycin esterase	core	AMR	AMR	MACROLIDE	ERYTHROMYCIN	EXACTP	406	406	100.00	100.00	406	WP_032084014.1	EreA family erythromycin esterase	NF000208.1	EreA family erythromycin esterase
b6f12c64aeba8086541f45d33bee6e24	estX	macrolide esterase EstX	core	AMR	AMR	MACROLIDE	TYLOSIN	BLASTP	336	280	100.00	100.00	280	WP_001456218.1	macrolide esterase EstX-3	NF033124.1	macrolide esterase EstX
b707a8db36698231148a0d19ea8a4a71	cdiA	CdiA family class A beta-lactamase	core	AMR	AMR	BETA-LACTAM	BETA-LACTAM	BLASTP	294	294	100.00	98.30	294	WP_063842905.1	class A beta-lactamase CdiA-2	NF049885.1	CdiA family class A beta-lactamase
b726bf24af6bd94a08e3dd4140ef6beb	floR	chloramphenicol/florfenicol efflux MFS transporter FloR	core	AMR	AMR	PHENICOL	CHLORAMPHENICOL/FLORFENICOL	BLASTP	404	404	100.00	99.26	404	WP_000214123.1	chloramphenicol/florfenicol efflux MFS transporter FloR	NF000219.1	chloramphenicol/florfenicol efflux MFS transporter FloR
b771a09338d303c68063b353efd0404b	sul1	sulfonamide-resistant dihydropteroate synthase Sul1	core	AMR	AMR	SULFONAMIDE	SULFONAMIDE	BLASTP	279	279	100.00	99.64	279	WP_000259031.1	sulfonamide-resistant dihydropteroate synthase Sul1	NF000294.1	sulfonamide-resistant dihydropteroate synthase Sul1
b78bc0b5288f9b02b70f061130e2161a	tet(O/W/32/O)	tetracycline resistance ribosomal protection mosaic protein Tet(O/W/32/O)	core	AMR	AMR	TETRACYCLINE	TETRACYCLINE	BLASTP	639	639	100.00	99.84	639	WP_013646121.1	tetracycline resistance ribosomal protection mosaic protein Tet(O/W/32/O)	NF033148.1	TetM/TetW/TetO/TetS family tetracycline resistance ribosomal protection protein
b7a10cb0e07d7791d21d59812149681e	tet(36)	tetracycline resistance ribosomal protection protein Tet(36)	core	AMR	AMR	TETRACYCLINE	TETRACYCLINE	BLASTP	639	640	99.53	92.94	637	WP_006744283.1	tetracycline resistance ribosomal protection protein Tet(36)	NF012153.1	tetracycline resistance ribosomal protection protein
b7c61b60af9fdf128355facc4493abc3	oqxA	multidrug efflux RND transporter periplasmic adaptor subunit OqxA	core	AMR	AMR	PHENICOL/QUINOLONE	PHENICOL/QUINOLONE	BLASTP	391	391	100.00	99.74	391	WP_002914189.1	multidrug efflux RND transporter periplasmic adaptor subunit OqxA	NF000272.1	multidrug efflux RND transporter periplasmic adaptor subunit OqxA
b7cd9f0f2b532be1fe127c2856bd1731	mph(E)	Mph(E) family macrolide 2'-phosphotransferase	core	AMR	AMR	MACROLIDE	ERYTHROMYCIN	BLASTP	294	294	100.00	99.66	294	WP_000155092.1	Mph(E) family macrolide 2'-phosphotransferase	NF012158.1	Mph(E) family macrolide 2'-phosphotransferase
b86a8f30eb5c80abbee6daef11040ad7	ere(A)	EreA family erythromycin esterase	core	AMR	AMR	MACROLIDE	ERYTHROMYCIN	EXACTP	408	408	100.00	100.00	408	WP_021566672.1	EreA family erythromycin esterase	NF000208.1	EreA family erythromycin esterase
b8996192d5ae7c0d024e2d56f92ee35d	blaSHV-1	broad-spectrum class A beta-lactamase SHV-1	core	AMR	AMR	BETA-LACTAM	BETA-LACTAM	ALLELEP	286	286	100.00	100.00	286	WP_001620095.1	broad-spectrum class A beta-lactamase SHV-1	NF000285.3	SHV family class A beta-lactamase
b9229ba738d9b681f815318cc3a83f5e	aadA2	ANT(3'')-Ia family aminoglycoside nucleotidyltransferase AadA2	core	AMR	AMR	AMINOGLYCOSIDE	STREPTOMYCIN	BLASTP	263	263	100.00	99.62	263	WP_001261740.1	ANT(3'')-Ia family aminoglycoside nucleotidyltransferase AadA2	NF012157.0	ANT(3'')-I family aminoglycoside nucleotidyltransferase
b92be087e25300ca6ddf9ab90e06bc3e	aph(3'')-Ib	aminoglycoside O-phosphotransferase APH(3'')-Ib	core	AMR	AMR	AMINOGLYCOSIDE	STREPTOMYCIN	BLASTP	267	267	100.00	98.50	267	WP_001082319.1	aminoglycoside O-phosphotransferase APH(3'')-Ib	NF032895.1	aminoglycoside O-phosphotransferase APH(3'')-Ib
b94f5472c48992dec36288b9ee7082ca	aac(3)-IId	aminoglycoside N-acetyltransferase AAC(3)-IId	core	AMR	AMR	AMINOGLYCOSIDE	GENTAMICIN	BLASTP	286	286	100.00	99.30	286	WP_000557454.1	aminoglycoside N-acetyltransferase AAC(3)-IId	NF033080.0	AAC(3)-II family aminoglycoside N-acetyltransferase
b950033a51a3326662b73d425cf8f2ef	mph(A)	Mph(A) family macrolide 2'-phosphotransferase	core	AMR	AMR	MACROLIDE	AZITHROMYCIN/ERYTHROMYCIN/SPIRAMYCIN/TELITHROMYCIN	BLASTP	301	301	100.00	99.67	301	WP_000219391.1	Mph(A) family macrolide 2'-phosphotransferase	NF000254.1	Mph(A) family macrolide 2'-phosphotransferase
b966d86eb194007971114792341fe28a	vat	Vat family streptogramin A O-acetyltransferase	core	AMR	AMR	STREPTOGRAMIN	STREPTOGRAMIN	HMM	210	221	92.31	70.10	204	WP_005164767.1	Vat family streptogramin A O-acetyltransferase	NF000311.1	Vat family streptogramin A O-acetyltransferase
b97f3e3db2380410b407b51618d41fa8	blaR1	beta-lactam sensor/signal transducer BlaR1	core	AMR	AMR	BETA-LACTAM	BETA-LACTAM	BLASTP	585	585	100.00	99.66	585	WP_001096376.1	beta-lactam sensor/signal transducer BlaR1	NF033108.1	beta-lactam sensor/signal transducer BlaR1
ba0aeb460d97b7d47774fcce42606cfb	cmlA4	chloramphenicol efflux MFS transporter CmlA4	core	AMR	AMR	PHENICOL	CHLORAMPHENICOL	BLASTP	419	419	100.00	99.76	419	WP_025368619.1	chloramphenicol efflux MFS transporter CmlA4	NF000509.1	CmlA family chloramphenicol efflux MFS transporter
ba29a6c91dbc499c65f62cc4a1050968	qacE	quaternary ammonium compound efflux SMR transporter QacE	core	STRESS	BIOCIDE	QUATERNARY AMMONIUM	QUATERNARY AMMONIUM	EXACTP	110	110	100.00	100.00	110	WP_053515552.1	quaternary ammonium compound efflux SMR transporter QacE	NF000276.2	quaternary ammonium compound efflux SMR transporter QacE
bb13e4e28de31542245bb2650eadf5f7	dfrA14	trimethoprim-resistant dihydrofolate reductase DfrA14	core	AMR	AMR	TRIMETHOPRIM	TRIMETHOPRIM	BLASTP	157	157	100.00	99.36	157	WP_004201280.1	trimethoprim-resistant dihydrofolate reductase DfrA14	NF000330.1	trimethoprim-resistant dihydrofolate reductase DfrA
bb3b5c18d486873c28410216f63a909e	qepA4	fluoroquinolone efflux MFS transporter QepA4	core	AMR	AMR	QUINOLONE	QUINOLONE	ALLELEP	511	511	100.00	100.00	511	WP_064760451.1	fluoroquinolone efflux MFS transporter QepA4	NF012169.0	fluoroquinolone efflux MFS transporter QepA
bb83078afc25d4c7db0fc1899e9cdf0d	erm(B)	23S rRNA (adenine(2058)-N(6))-methyltransferase Erm(B)	core	AMR	AMR	LINCOSAMIDE/MACROLIDE/STREPTOGRAMIN	CLINDAMYCIN/ERYTHROMYCIN/STREPTOGRAMIN B	BLASTP	245	245	100.00	99.59	245	WP_002321849.1	23S rRNA (adenine(2058)-N(6))-methyltransferase Erm(B)	NF012220.1	23S rRNA (adenine(2058)-N(6))-methyltransferase Erm(B)
bb962fff8159721e8683409d7de02c50	poxtA	ABC-F type ribosomal protection protein PoxtA	core	AMR	AMR	OXAZOLIDINONE/PHENICOL	CHLORAMPHENICOL/FLORFENICOL/LINEZOLID	EXACTP	542	542	100.00	100.00	542	WP_002415638.1	ABC-F type ribosomal protection protein PoxtA	NA	NA
bbeae97d066dd76a5c043b8fe646ca14	aac(6')-Ib	AAC(6')-Ib family aminoglycoside 6'-N-acetyltransferase	core	AMR	AMR	AMINOGLYCOSIDE	GENTAMICIN	EXACTP	184	184	100.00	100.00	184	WP_117044474.1	AAC(6')-Ib family aminoglycoside 6'-N-acetyltransferase	NF033074.0	AAC(6')-Ib family aminoglycoside 6'-N-acetyltransferase
bbeb62624bfa53592ab50e22e1cbafbf	aph(3')-VIa	aminoglycoside O-phosphotransferase APH(3')-VIa	core	AMR	AMR	AMINOGLYCOSIDE	AMIKACIN/KANAMYCIN	BLASTP	259	259	100.00	98.46	259	WP_000422636.1	aminoglycoside O-phosphotransferase APH(3')-VIa	NF033062.0	APH(3')-VI family aminoglycoside O-phosphotransferase
bc0f5e523dc2fe37162eca78759bee73	sul3	sulfonamide-resistant dihydropteroate synthase Sul3	core	AMR	AMR	SULFONAMIDE	SULFONAMIDE	EXACTP	263	263	100.00	100.00	263	WP_000034420.1	sulfonamide-resistant dihydropteroate synthase Sul3	NF000296.1	sulfonamide-resistant dihydropteroate synthase Sul3
bc1cce359876cd7aeb8afce152a7ff3d	catA2	type A-2 chloramphenicol O-acetyltransferase CatII	core	AMR	AMR	PHENICOL	CHLORAMPHENICOL	BLASTP	213	213	100.00	99.53	213	WP_012477888.1	type A-2 chloramphenicol O-acetyltransferase CatII	NF000491.1	type A chloramphenicol O-acetyltransferase
bcd6c622e0908f66e19f49aaf11fb591	cfr	23S rRNA (adenine(2503)-C(8))-methyltransferase Cfr	core	AMR	AMR	LINCOSAMIDE/OXAZOLIDINONE/PHENICOL/PLEUROMUTILIN/STREPTOGRAMIN	CHLORAMPHENICOL/CLINDAMYCIN/FLORFENICOL/LINEZOLID/STREPTOGRAMIN B/TIAMULIN/VIRGINIAMYCIN	BLASTP	349	349	100.00	99.43	349	WP_001010505.1	23S rRNA (adenine(2503)-C(8))-methyltransferase Cfr	NF000424.4	Cfr family 23S rRNA (adenine(2503)-C(8))-methyltransferase
bd0ef7d93e08edc623ba8acb6a15d9ba	tet(A)	tetracycline efflux MFS transporter Tet(A)	core	AMR	AMR	TETRACYCLINE	TETRACYCLINE	BLASTP	399	399	100.00	99.75	399	WP_000804064.1	tetracycline efflux MFS transporter Tet(A)	NF012193.0	tetracycline efflux MFS transporter Tet(A)
bd1b32ee392e6ba12fe9c8cd2c5db044	tet(L)	tetracycline efflux MFS transporter Tet(L)	core	AMR	AMR	TETRACYCLINE	TETRACYCLINE	BLASTP	458	458	100.00	99.34	458	WP_002294500.1	tetracycline efflux MFS transporter Tet(L)	NF012185.0	tetracycline efflux MFS transporter Tet(L)
bd722c8ddcf2c51db2b834f0506c271d	tet(X4)	tetracycline-inactivating monooxygenase Tet(X4)	core	AMR	AMR	TETRACYCLINE	TIGECYCLINE	BLASTP	388	385	98.96	94.23	381	WP_094309310.1	tetracycline-inactivating monooxygenase Tet(X4)	NF033111.2	tetracycline-inactivating monooxygenase Tet(X)
bd8077855e51a6432d74aab673d46820	vanZ-A	glycopeptide resistance protein VanZ-A	core	AMR	AMR	GLYCOPEPTIDE	VANCOMYCIN	EXACTP	161	161	100.00	100.00	161	WP_000516404.1	glycopeptide resistance protein VanZ-A	NF033125.2	glycopeptide resistance protein VanZ-A
bde110251346efb747d4099d70b965c0	qepA8	fluoroquinolone efflux MFS transporter QepA8	core	AMR	AMR	QUINOLONE	QUINOLONE	ALLELEP	513	513	100.00	100.00	513	WP_109638756.1	fluoroquinolone efflux MFS transporter QepA8	NF012169.0	fluoroquinolone efflux MFS transporter QepA
bdef112050901f3c2ac2b2fa0f680f81	catB3	type B-3 chloramphenicol O-acetyltransferase CatB3	core	AMR	AMR	PHENICOL	CHLORAMPHENICOL	BLASTP	210	210	100.00	99.52	210	WP_000186237.1	type B-3 chloramphenicol O-acetyltransferase CatB3	NF000490.1	type B chloramphenicol O-acetyltransferase
bdf7dc2377d9fd885b68ad262404eb54	aph(3')-Ia	aminoglycoside O-phosphotransferase APH(3')-Ia	core	AMR	AMR	AMINOGLYCOSIDE	KANAMYCIN	BLASTP	273	271	99.63	100.00	270	WP_000018329.1	aminoglycoside O-phosphotransferase APH(3')-Ia	NF051474.1	aminoglycoside O-phosphotransferase APH(3')-Ia
be6c12c9c17fed0dd83f2ce1159ce5fa	optrA	ABC-F type ribosomal protection protein OptrA	core	AMR	AMR	OXAZOLIDINONE/PHENICOL	FLORFENICOL/OXAZOLIDINONE	BLASTP	655	655	100.00	99.54	655	WP_063854496.1	ABC-F type ribosomal protection protein OptrA	NF000514.1	ABC-F type ribosomal protection protein OptrA
be700f6f632230858625ea45f34c1774	aph(3')-Ia	aminoglycoside O-phosphotransferase APH(3')-Ia	core	AMR	AMR	AMINOGLYCOSIDE	KANAMYCIN	BLASTP	271	271	100.00	98.52	271	WP_000018330.1	aminoglycoside O-phosphotransferase APH(3')-Ia	NF051474.1	aminoglycoside O-phosphotransferase APH(3')-Ia
be7f4f3827d38e3f06367fe6335dc732	blaFONA	FONA family class A beta-lactamase	core	AMR	AMR	BETA-LACTAM	BETA-LACTAM	BLASTP	295	295	100.00	98.98	295	WP_032489477.1	extended-spectrum class A beta-lactamase SFO-1	NF000323.2	FONA family class A beta-lactamase
bea28edc80e31983b856b2019e0ede78	sul1	sulfonamide-resistant dihydropteroate synthase Sul1	core	AMR	AMR	SULFONAMIDE	SULFONAMIDE	BLASTP	312	279	98.92	100.00	276	WP_000259031.1	sulfonamide-resistant dihydropteroate synthase Sul1	NF000294.1	sulfonamide-resistant dihydropteroate synthase Sul1
bf968bdf0dad98e16d4ad267bebe0205	blaFOX-5	cephalosporin-hydrolyzing class C beta-lactamase FOX-5	core	AMR	AMR	BETA-LACTAM	CEPHALOSPORIN	ALLELEP	382	382	100.00	100.00	382	WP_016809943.1	cephalosporin-hydrolyzing class C beta-lactamase FOX-5	NF000399.2	FOX family cephalosporin-hydrolyzing class C beta-lactamase
c01540822b2e9403e3d4e25bbee658e8	mrx(A)	phosphorylated macrolide efflux MFS transporter Mrx(A)	core	AMR	AMR	MACROLIDE	AZITHROMYCIN/ERYTHROMYCIN/SPIRAMYCIN/TELITHROMYCIN	BLASTP	412	412	100.00	99.76	412	WP_000004159.1	phosphorylated macrolide efflux MFS transporter Mrx(A)	NA	NA
c0210b18f0b693754c6ac04c057c8f4e	erm(B)	23S rRNA (adenine(2058)-N(6))-methyltransferase Erm(B)	core	AMR	AMR	LINCOSAMIDE/MACROLIDE/STREPTOGRAMIN	CLINDAMYCIN/ERYTHROMYCIN/STREPTOGRAMIN B	BLASTP	245	245	100.00	99.18	245	WP_001038795.1	23S rRNA (adenine(2058)-N(6))-methyltransferase Erm(B)	NF012220.1	23S rRNA (adenine(2058)-N(6))-methyltransferase Erm(B)
c03d50bbf4aa0544054de64f0ec4ea32	erm(B)	23S rRNA (adenine(2058)-N(6))-methyltransferase Erm(B)	core	AMR	AMR	LINCOSAMIDE/MACROLIDE/STREPTOGRAMIN	CLINDAMYCIN/ERYTHROMYCIN/STREPTOGRAMIN B	BLASTP	225	245	91.84	99.56	225	WP_001038792.1	23S rRNA (adenine(2058)-N(6))-methyltransferase Erm(B)	NF000499.2	23S ribosomal RNA methyltransferase Erm
c06d1f48a45f1110be2b1e465d6ee5bb	cml	CmlA/FloR family chloramphenicol efflux MFS transporter	core	AMR	AMR	PHENICOL	CHLORAMPHENICOL	HMM	421	421	100.00	88.60	421	WP_024160909.1	CmlA/FloR family chloramphenicol efflux MFS transporter	NF033134.0	CmlA/FloR family chloramphenicol efflux MFS transporter
c08a39217734dd17c0b8752c8cb894df	blaOXA	OXA-1 family class D beta-lactamase	core	AMR	AMR	BETA-LACTAM	BETA-LACTAM	BLASTP	276	276	100.00	99.28	276	WP_001334766.1	oxacillin-hydrolyzing class D beta-lactamase OXA-1	NF000388.2	OXA-1 family class D beta-lactamase
c0a112fc2ca7fde2baf6aefa2647be62	tet(M)	tetracycline resistance ribosomal protection protein Tet(M)	core	AMR	AMR	TETRACYCLINE	TETRACYCLINE	BLASTP	639	639	100.00	98.12	639	WP_000691729.1	tetracycline resistance ribosomal protection protein Tet(M)	NF012155.1	tetracycline resistance ribosomal protection protein Tet(M)
c11618c7042bdf5a40d8b890a0404421	floR	chloramphenicol/florfenicol efflux MFS transporter FloR	core	AMR	AMR	PHENICOL	CHLORAMPHENICOL/FLORFENICOL	BLASTP	404	404	100.00	99.26	404	WP_000214119.1	chloramphenicol/florfenicol efflux MFS transporter FloR	NF000219.1	chloramphenicol/florfenicol efflux MFS transporter FloR
c127580d26233360873bf0ea2e4eee1d	aac(6')-Ib-cr	fluoroquinolone-acetylating aminoglycoside 6'-N-acetyltransferase AAC(6')-Ib-cr	core	AMR	AMR	AMINOGLYCOSIDE/QUINOLONE	AMIKACIN/KANAMYCIN/QUINOLONE/TOBRAMYCIN	BLASTP	184	184	100.00	99.46	184	WP_063840321.1	fluoroquinolone-acetylating aminoglycoside 6'-N-acetyltransferase AAC(6')-Ib-cr5	NF033074.0	AAC(6')-Ib family aminoglycoside 6'-N-acetyltransferase
c12764b7d87e2642a8b6216d40a1ba4f	blaSHV-44	broad-spectrum class A beta-lactamase SHV-44	core	AMR	AMR	BETA-LACTAM	BETA-LACTAM	ALLELEP	286	286	100.00	100.00	286	WP_063864684.1	broad-spectrum class A beta-lactamase SHV-44	NF000285.3	SHV family class A beta-lactamase
c157d96947322c956f0a10121a68ddaf	ant(3'')-IIa	aminoglycoside nucleotidyltransferase ANT(3'')-IIa	core	AMR	AMR	AMINOGLYCOSIDE	SPECTINOMYCIN/STREPTOMYCIN	BLASTP	262	262	100.00	98.47	262	WP_014208115.1	aminoglycoside nucleotidyltransferase ANT(3'')-IIa	NF033220.1	ANT(3'')-II family aminoglycoside nucleotidyltransferase
c161511f77a83a7b6214d8729f5e8709	blaRTG	RTG family carbenicillin-hydrolyzing class A beta-lactamase	core	AMR	AMR	BETA-LACTAM	BETA-LACTAM	BLASTP	298	298	100.00	99.66	298	WP_015589625.1	RTG family carbenicillin-hydrolyzing class A beta-lactamase CARB-16	NF000284.1	RTG family carbenicillin-hydrolyzing class A beta-lactamase
c1911459b1e5db1d82a7cc54b98b549a	aph(6)-Id	aminoglycoside O-phosphotransferase APH(6)-Id	core	AMR	AMR	AMINOGLYCOSIDE	STREPTOMYCIN	PARTIALP	197	278	64.39	98.88	179	WP_000480968.1	aminoglycoside O-phosphotransferase APH(6)-Id	NA	NA
c1d139b297c2cdd32ef49ae03238efc9	tet(39)	tetracycline efflux MFS transporter Tet(39)	core	AMR	AMR	TETRACYCLINE	TETRACYCLINE	BLASTP	395	395	100.00	99.75	395	WP_004856455.1	tetracycline efflux MFS transporter Tet(39)	NF012174.0	Tet(A)/Tet(B)/Tet(C) family tetracycline efflux MFS transporter
c27349b8a8334f29dfe679924e41e823	qacL	quaternary ammonium compound efflux SMR transporter QacL	core	STRESS	BIOCIDE	QUATERNARY AMMONIUM	QUATERNARY AMMONIUM	EXACTP	110	110	100.00	100.00	110	WP_015059047.1	quaternary ammonium compound efflux SMR transporter QacL	NF000067.2	QacF/QacL family quaternary ammonium compound efflux SMR transporter
c2e1ca39229ec0fab2fb3f0c4ec5d5e7	cmlA1	chloramphenicol efflux MFS transporter CmlA1	core	AMR	AMR	PHENICOL	CHLORAMPHENICOL	BLASTP	419	419	100.00	99.76	419	WP_000095725.1	chloramphenicol efflux MFS transporter CmlA1	NF000509.1	CmlA family chloramphenicol efflux MFS transporter
c2e7fb23d99e6c3d65e57e4d49830570	blaR1	beta-lactam sensor/signal transducer BlaR1	core	AMR	AMR	BETA-LACTAM	BETA-LACTAM	BLASTP	585	585	100.00	95.38	585	WP_001096386.1	beta-lactam sensor/signal transducer BlaR1	NF033108.1	beta-lactam sensor/signal transducer BlaR1
c2efcf50d382167c00a772f2c76cf411	mcr-10	MCR-10 family phosphoethanolamine--lipid A transferase	core	AMR	AMR	COLISTIN	COLISTIN	BLASTP	539	539	100.00	99.81	539	WP_023332837.1	phosphoethanolamine--lipid A transferase MCR-10.1	NF033862.2	MCR-10 family phosphoethanolamine--lipid A transferase
c307784547e7c8bb08f696f5a722a0e6	tet(X5)	tetracycline-inactivating monooxygenase Tet(X5)	core	AMR	AMR	TETRACYCLINE	TIGECYCLINE	BLASTP	388	388	100.00	92.53	388	WP_150378267.1	tetracycline-inactivating monooxygenase Tet(X5)	NF033111.2	tetracycline-inactivating monooxygenase Tet(X)
c37765872b8f874d8e178e59739b6eba	blaDHA-15	extended-spectrum class C beta-lactamase DHA-15	core	AMR	AMR	BETA-LACTAM	CEPHALOSPORIN	ALLELEP	379	379	100.00	100.00	379	WP_063860098.1	extended-spectrum class C beta-lactamase DHA-15	NF012102.1	DHA family class C beta-lactamase
c378b69c90029ea86b2df3e5a31acab4	floR2	chloramphenicol/florfenicol efflux MFS transporter FloR2	core	AMR	AMR	PHENICOL	CHLORAMPHENICOL/FLORFENICOL	BLASTP	404	404	100.00	99.75	404	WP_000214125.1	chloramphenicol/florfenicol efflux MFS transporter FloR2	NF000219.1	chloramphenicol/florfenicol efflux MFS transporter FloR
c3f44aa6dadb45cba15121641aee593f	blaOXA-235	OXA-134 family carbapenem-hydrolyzing class D beta-lactamase OXA-235	core	AMR	AMR	BETA-LACTAM	CARBAPENEM	ALLELEP	276	276	100.00	100.00	276	WP_000854009.1	OXA-134 family carbapenem-hydrolyzing class D beta-lactamase OXA-235	NF000436.2	OXA-134 family carbapenem-hydrolyzing class D beta-lactamase
c4114ac92d01eca9cd1a4ddc3ca70fd2	blaIMP-34	subclass B1 metallo-beta-lactamase IMP-34	core	AMR	AMR	BETA-LACTAM	CARBAPENEM	ALLELEP	246	246	100.00	100.00	246	WP_032492622.1	subclass B1 metallo-beta-lactamase IMP-34	NF012147.1	IMP family subclass B1 metallo-beta-lactamase
c439a81804b2e3141df403f6688a5c91	optrA	ABC-F type ribosomal protection protein OptrA	core	AMR	AMR	OXAZOLIDINONE/PHENICOL	FLORFENICOL/OXAZOLIDINONE	BLASTP	655	655	100.00	99.85	655	WP_063854496.1	ABC-F type ribosomal protection protein OptrA	NF000514.1	ABC-F type ribosomal protection protein OptrA
c4458f40df3dbc1c47ad4d88c1d6c7ad	sul1	sulfonamide-resistant dihydropteroate synthase Sul1	core	AMR	AMR	SULFONAMIDE	SULFONAMIDE	BLASTP	279	279	100.00	99.64	279	WP_000259018.1	sulfonamide-resistant dihydropteroate synthase Sul1	NF000294.1	sulfonamide-resistant dihydropteroate synthase Sul1
c4cabd7f8b11a3df506b5cb62ca7a17e	vanR-A	vancomycin resistance response regulator transcription factor VanR-A	core	AMR	AMR	GLYCOPEPTIDE	VANCOMYCIN	BLASTP	231	231	100.00	99.57	231	WP_001280781.1	vancomycin resistance response regulator transcription factor VanR-A	NF000401.1	vancomycin resistance response regulator transcription factor VanR-A
c4cd5d8b7c6a7f9b3a920e212f1190bb	dfrB	trimethoprim-resistant dihydrofolate reductase DfrB	core	AMR	AMR	TRIMETHOPRIM	TRIMETHOPRIM	HMM	79	78	100.00	87.34	79	WP_172688537.1	trimethoprim-resistant dihydrofolate reductase DfrB	NF000331.2	trimethoprim-resistant dihydrofolate reductase DfrB
c5304bfdde2936e0a7f527686a2ed2cf	mrx(A)	phosphorylated macrolide efflux MFS transporter Mrx(A)	core	AMR	AMR	MACROLIDE	AZITHROMYCIN/ERYTHROMYCIN/SPIRAMYCIN/TELITHROMYCIN	BLASTP	411	412	100.00	99.76	412	WP_000004159.1	phosphorylated macrolide efflux MFS transporter Mrx(A)	NA	NA
c576c95173dc8a67e020cfec80ce83eb	aph(6)-Id	aminoglycoside O-phosphotransferase APH(6)-Id	core	AMR	AMR	AMINOGLYCOSIDE	STREPTOMYCIN	BLASTP	302	278	98.92	98.55	275	WP_000480972.1	aminoglycoside O-phosphotransferase APH(6)-Id	NF012171.0	APH(6)-I family aminoglycoside O-phosphotransferase
c5823efddb916ba7ae976d8b83b90728	sat2	streptothricin N-acetyltransferase Sat2	core	AMR	AMR	STREPTOTHRICIN	STREPTOTHRICIN	EXACTP	174	174	100.00	100.00	174	WP_000704156.1	streptothricin N-acetyltransferase Sat2	NF000358.1	streptothricin N-acetyltransferase Sat2
c58f78949719c9addd1aebca893ba4cc	aph(6)-Id	aminoglycoside O-phosphotransferase APH(6)-Id	core	AMR	AMR	AMINOGLYCOSIDE	STREPTOMYCIN	BLASTP	278	278	100.00	99.28	278	WP_000480968.1	aminoglycoside O-phosphotransferase APH(6)-Id	NF012171.0	APH(6)-I family aminoglycoside O-phosphotransferase
c5a47c16a417eb2c3a75489a532a59ce	aadA22	ANT(3'')-Ia family aminoglycoside nucleotidyltransferase AadA22	core	AMR	AMR	AMINOGLYCOSIDE	STREPTOMYCIN	EXACTP	263	263	100.00	100.00	263	WP_032491824.1	ANT(3'')-Ia family aminoglycoside nucleotidyltransferase AadA22	NF012157.0	ANT(3'')-I family aminoglycoside nucleotidyltransferase
c5f2ac354e2a33f7446909724020bd4b	blaOXA	class D beta-lactamase	core	AMR	AMR	BETA-LACTAM	BETA-LACTAM	HMM	272	275	98.55	67.16	271	WP_102607464.1	class D beta-lactamase	NF000270.1	class D beta-lactamase
c5fb6c393f40e03d87c49f36291cd826	dfrE	trimethoprim-resistant dihydrofolate reductase DfrE	core	AMR	AMR	TRIMETHOPRIM	TRIMETHOPRIM	EXACTP	164	164	100.00	100.00	164	WP_012655890.1	trimethoprim-resistant dihydrofolate reductase DfrE	NF040541.1	trimethoprim-resistant dihydrofolate reductase DfrE
c610f2458d207761121c1a2b41ce0829	blaOXA-129	OXA-5 family class D beta-lactamase OXA-129	core	AMR	AMR	BETA-LACTAM	BETA-LACTAM	ALLELEP	267	267	100.00	100.00	267	WP_032492122.1	OXA-5 family class D beta-lactamase OXA-129	NF040527.2	OXA-5 family class D beta-lactamase
c624602bcb79992a8f5a372617b20fd7	tet(33)	tetracycline efflux MFS transporter Tet(33)	core	AMR	AMR	TETRACYCLINE	TETRACYCLINE	EXACTP	407	407	100.00	100.00	407	WP_010991840.1	tetracycline efflux MFS transporter Tet(33)	NF012174.0	Tet(A)/Tet(B)/Tet(C) family tetracycline efflux MFS transporter
c6b42ac0d2f60c25635a74944c67b1a3	tet(D)	tetracycline efflux MFS transporter Tet(D)	core	AMR	AMR	TETRACYCLINE	TETRACYCLINE	BLASTP	394	394	100.00	99.75	394	WP_001039466.1	tetracycline efflux MFS transporter Tet(D)	NF012186.0	tetracycline efflux MFS transporter Tet(D)
c6bcc60b13bb486fbac2f4f97d756a70	blaIMP-8	subclass B1 metallo-beta-lactamase IMP-8	core	AMR	AMR	BETA-LACTAM	CARBAPENEM	ALLELEP	246	246	100.00	100.00	246	WP_012695457.1	subclass B1 metallo-beta-lactamase IMP-8	NF012147.1	IMP family subclass B1 metallo-beta-lactamase
c6ff74982bd14d3f4713d2414dbe89b3	vanA	D-alanine--(R)-lactate ligase VanA	core	AMR	AMR	GLYCOPEPTIDE	VANCOMYCIN	BLASTP	343	343	100.00	99.71	343	WP_001079845.1	D-alanine--(R)-lactate ligase VanA	NF012217.1	D-alanine--(R)-lactate ligase VanA
c7a2794a5aee671cb5007835d50bb5d5	floR	chloramphenicol/florfenicol efflux MFS transporter FloR	core	AMR	AMR	PHENICOL	CHLORAMPHENICOL/FLORFENICOL	BLASTP	404	404	100.00	99.26	404	WP_021038045.1	chloramphenicol/florfenicol efflux MFS transporter FloR	NF000219.1	chloramphenicol/florfenicol efflux MFS transporter FloR
c7acedc538a0cdf99f236f4b35a19bcd	blaHER-3	class A beta-lactamase HER-3	core	AMR	AMR	BETA-LACTAM	BETA-LACTAM	ALLELEP	290	290	100.00	100.00	290	WP_023281079.1	class A beta-lactamase HER-3	NF040940.1	HER family class A beta-lactamase
c8c5a6cd086a67efbc6e6751d7ac6dc0	tet(L)	tetracycline efflux MFS transporter Tet(L)	core	AMR	AMR	TETRACYCLINE	TETRACYCLINE	BLASTP	457	458	98.47	98.89	451	WP_001574277.1	tetracycline efflux MFS transporter Tet(L)	NF012185.0	tetracycline efflux MFS transporter Tet(L)
c8d3b36d1cc0eb7011b49f7a991ba4f3	blaCTX-M-123	extended-spectrum class A beta-lactamase CTX-M-123	core	AMR	AMR	BETA-LACTAM	CEPHALOSPORIN	ALLELEP	291	291	100.00	100.00	291	WP_031942271.1	extended-spectrum class A beta-lactamase CTX-M-123	NF033089.1	CTX-M family extended-spectrum class A beta-lactamase
c9503bcac243a9c3f5d447d822625c20	aadA1	ANT(3'')-Ia family aminoglycoside nucleotidyltransferase AadA1	core	AMR	AMR	AMINOGLYCOSIDE	STREPTOMYCIN	EXACTP	263	263	100.00	100.00	263	WP_001206316.1	ANT(3'')-Ia family aminoglycoside nucleotidyltransferase AadA1	NF033126.1	ANT(3'')-Ia family aminoglycoside nucleotidyltransferase AadA1
c984505e965e712db2cb69e68262ed49	dfrA24	trimethoprim-resistant dihydrofolate reductase DfrA24	core	AMR	AMR	TRIMETHOPRIM	TRIMETHOPRIM	PARTIALP	189	185	89.19	100.00	165	WP_063844376.1	trimethoprim-resistant dihydrofolate reductase DfrA24	NF000146.2	trimethoprim-resistant dihydrofolate reductase DfrA24
c9be9436aafee96d0b3fd2983cd65f8b	qnrA1	quinolone resistance pentapeptide repeat protein QnrA1	core	AMR	AMR	QUINOLONE	QUINOLONE	ALLELEP	218	218	100.00	100.00	218	WP_012579084.1	quinolone resistance pentapeptide repeat protein QnrA1	NF000071.4	QnrA family quinolone resistance pentapeptide repeat protein
c9fc3ee49317da450b0f02123e4fa059	dfrG	trimethoprim-resistant dihydrofolate reductase DfrG	core	AMR	AMR	TRIMETHOPRIM	TRIMETHOPRIM	EXACTP	165	165	100.00	100.00	165	WP_000868795.1	trimethoprim-resistant dihydrofolate reductase DfrG	NF000143.1	trimethoprim-resistant dihydrofolate reductase DfrG
ca5670a5cb94e26bb59093e5653883c4	estX	macrolide esterase EstX	core	AMR	AMR	MACROLIDE	TYLOSIN	BLASTP	296	280	100.00	100.00	280	WP_001456218.1	macrolide esterase EstX-3	NF033124.1	macrolide esterase EstX
ca8aee8bed18a0d75849b59c769b53a6	blaR1	beta-lactam sensor/signal transducer BlaR1	core	AMR	AMR	BETA-LACTAM	BETA-LACTAM	BLASTP	585	585	100.00	96.92	585	WP_001096376.1	beta-lactam sensor/signal transducer BlaR1	NF033108.1	beta-lactam sensor/signal transducer BlaR1
caa15416f6f11a4f07f45b164a450f09	tet(A)	tetracycline efflux MFS transporter Tet(A)	core	AMR	AMR	TETRACYCLINE	TETRACYCLINE	BLASTP	399	399	100.00	99.75	399	WP_000804064.1	tetracycline efflux MFS transporter Tet(A)	NF012193.0	tetracycline efflux MFS transporter Tet(A)
cb5715137b5e7fd3a3d133e13f4ff66d	dfrA1	trimethoprim-resistant dihydrofolate reductase DfrA1	core	AMR	AMR	TRIMETHOPRIM	TRIMETHOPRIM	BLASTP	157	157	100.00	99.36	157	WP_000777554.1	trimethoprim-resistant dihydrofolate reductase DfrA1	NF000330.1	trimethoprim-resistant dihydrofolate reductase DfrA
cbb2cab61fa05ac74c306a0b7c79c659	qacG2	quaternary ammonium compound efflux SMR transporter QacG2	core	STRESS	BIOCIDE	QUATERNARY AMMONIUM	QUATERNARY AMMONIUM	EXACTP	110	110	100.00	100.00	110	WP_003830719.1	quaternary ammonium compound efflux SMR transporter QacG2	NF000278.1	quaternary ammonium compound efflux SMR transporter QacG2
cc3f6a22bf47b021ada6732e896e1467	vanR-A	vancomycin resistance response regulator transcription factor VanR-A	core	AMR	AMR	GLYCOPEPTIDE	VANCOMYCIN	BLASTP	231	231	99.57	94.35	230	WP_063856721.1	vancomycin resistance response regulator transcription factor VanR-A	NF000401.1	vancomycin resistance response regulator transcription factor VanR-A
cccbb66c79e7b1c12a27260fbe26a3ec	optrA	ABC-F type ribosomal protection protein OptrA	core	AMR	AMR	OXAZOLIDINONE/PHENICOL	FLORFENICOL/OXAZOLIDINONE	BLASTP	637	655	97.25	99.37	637	WP_063854496.1	ABC-F type ribosomal protection protein OptrA	NF000514.1	ABC-F type ribosomal protection protein OptrA
cced0702a2c115bff2d99c4e7aac0ae0	dfrA35	trimethoprim-resistant dihydrofolate reductase DfrA35	core	AMR	AMR	TRIMETHOPRIM	TRIMETHOPRIM	EXACTP	170	170	100.00	100.00	170	WP_099595307.1	trimethoprim-resistant dihydrofolate reductase DfrA35	NF033851.1	trimethoprim-resistant dihydrofolate reductase DfrA35
cd1356eb0ee70f54267c2f6f08a428b3	dfrA1	trimethoprim-resistant dihydrofolate reductase DfrA1	core	AMR	AMR	TRIMETHOPRIM	TRIMETHOPRIM	BLASTP	157	157	99.36	100.00	156	WP_000777555.1	trimethoprim-resistant dihydrofolate reductase DfrA1	NF000330.1	trimethoprim-resistant dihydrofolate reductase DfrA
cd1a35c3a7019b5da109b5dc9cd9f364	sat4	streptothricin N-acetyltransferase Sat4	core	AMR	AMR	STREPTOTHRICIN	STREPTOTHRICIN	EXACTP	180	180	100.00	100.00	180	WP_000627290.1	streptothricin N-acetyltransferase Sat4	NF000360.1	streptothricin N-acetyltransferase Sat4
cd2d1209a9270f51ce0e1847b46fec80	aph(3')-VI	APH(3')-VI family aminoglycoside O-phosphotransferase	core	AMR	AMR	AMINOGLYCOSIDE	AMIKACIN/KANAMYCIN	EXACTP	259	259	100.00	100.00	259	WP_014386410.1	APH(3')-VI family aminoglycoside O-phosphotransferase	NF033062.0	APH(3')-VI family aminoglycoside O-phosphotransferase
cd3322baffe12244f764f26ead455275	rmtB	RmtB family 16S rRNA (guanine(1405)-N(7))-methyltransferase	core	AMR	AMR	AMINOGLYCOSIDE	AMINOGLYCOSIDE	BLASTP	251	251	100.00	99.60	251	WP_012372818.1	16S rRNA (guanine(1405)-N(7))-methyltransferase RmtB1	NF033209.1	RmtB family 16S rRNA (guanine(1405)-N(7))-methyltransferase
cd3a2e94cd0272f6e54547ae7c65adb1	aadA2	ANT(3'')-Ia family aminoglycoside nucleotidyltransferase AadA2	core	AMR	AMR	AMINOGLYCOSIDE	STREPTOMYCIN	BLASTP	263	263	100.00	99.24	263	WP_071846198.1	ANT(3'')-Ia family aminoglycoside nucleotidyltransferase AadA2	NF012157.0	ANT(3'')-I family aminoglycoside nucleotidyltransferase
cd3dba6db338fad232ca69daad4cab24	dfrA4	trimethoprim-resistant dihydrofolate reductase DfrA4	core	AMR	AMR	TRIMETHOPRIM	TRIMETHOPRIM	BLASTP	258	263	97.72	99.61	257	WP_011977799.1	trimethoprim-resistant dihydrofolate reductase DfrA4	NA	NA
cd4d66faaa443f7da964e8f5126df36f	vanS-M	vancomycin resistance histidine kinase VanS-M	core	AMR	AMR	GLYCOPEPTIDE	VANCOMYCIN	EXACTP	370	370	100.00	100.00	370	WP_063856748.1	vancomycin resistance histidine kinase VanS-M	NF033091.0	vancomycin resistance histidine kinase VanS
cd70f430a96e502f417b4d95125bf627	aadA2	ANT(3'')-Ia family aminoglycoside nucleotidyltransferase AadA2	core	AMR	AMR	AMINOGLYCOSIDE	STREPTOMYCIN	EXACTP	263	263	100.00	100.00	263	WP_001206356.1	ANT(3'')-Ia family aminoglycoside nucleotidyltransferase AadA2	NF012157.0	ANT(3'')-I family aminoglycoside nucleotidyltransferase
cdc3d81c390311a652977145516f4cf9	dfrA16	trimethoprim-resistant dihydrofolate reductase DfrA16	core	AMR	AMR	TRIMETHOPRIM	TRIMETHOPRIM	PARTIALP	143	157	89.81	99.29	141	WP_032490158.1	trimethoprim-resistant dihydrofolate reductase DfrA16	NF000330.1	trimethoprim-resistant dihydrofolate reductase DfrA
cdd0282e34b337bed305d60ac0eb8f74	mph(A)	Mph(A) family macrolide 2'-phosphotransferase	core	AMR	AMR	MACROLIDE	AZITHROMYCIN/ERYTHROMYCIN/SPIRAMYCIN/TELITHROMYCIN	BLASTP	301	301	100.00	99.67	301	WP_000219391.1	Mph(A) family macrolide 2'-phosphotransferase	NF000254.1	Mph(A) family macrolide 2'-phosphotransferase
ce1f773b066f7b58785722d6df9c4012	arr-3	NAD(+)--rifampin ADP-ribosyltransferase Arr-3	core	AMR	AMR	RIFAMYCIN	RIFAMYCIN	EXACTP	150	150	100.00	100.00	150	WP_001749986.1	NAD(+)--rifampin ADP-ribosyltransferase Arr-3	NF033144.1	NAD(+)--rifampin ADP-ribosyltransferase
ce4a758db3f12dd77c34107eb2d13fa9	aac(6')-Ib11	aminoglycoside N-acetyltransferase AAC(6')-Ib11	core	AMR	AMR	AMINOGLYCOSIDE	AMIKACIN/GENTAMICIN/KANAMYCIN/TOBRAMYCIN	BLASTP	193	184	100.00	100.00	184	WP_069985732.1	aminoglycoside N-acetyltransferase AAC(6')-Ib11	NF033074.0	AAC(6')-Ib family aminoglycoside 6'-N-acetyltransferase
ce7fc7270fe6501cc7249263a79d79e4	armA	16S rRNA (guanine(1405)-N(7))-methyltransferase ArmA	core	AMR	AMR	AMINOGLYCOSIDE	GENTAMICIN	BLASTP	270	257	99.61	99.61	256	WP_000359986.1	16S rRNA (guanine(1405)-N(7))-methyltransferase ArmA	NF000466.2	Rmt family 16S rRNA (guanine(1405)-N(7))-methyltransferase
ce996f57ffe3faeeb5693a9eb59c79f7	sul2	sulfonamide-resistant dihydropteroate synthase Sul2	core	AMR	AMR	SULFONAMIDE	SULFONAMIDE	BLASTP	271	271	100.00	99.63	271	WP_001043260.1	sulfonamide-resistant dihydropteroate synthase Sul2	NF000295.1	sulfonamide-resistant dihydropteroate synthase Sul2
cea11bae837b4ee6a194255a2b8a9fe0	cml	Cmx/CmrA family chloramphenicol efflux MFS transporter	core	AMR	AMR	PHENICOL	CHLORAMPHENICOL	HMM	392	392	100.00	79.08	392	WP_003971483.1	Cmx/CmrA family chloramphenicol efflux MFS transporter	NF033135.1	Cmx/CmrA family chloramphenicol efflux MFS transporter
cf134358894cb3a9a6b2cc91afb2692e	vanR-A	vancomycin resistance response regulator transcription factor VanR-A	core	AMR	AMR	GLYCOPEPTIDE	VANCOMYCIN	BLASTP	231	231	100.00	93.07	231	WP_063856721.1	vancomycin resistance response regulator transcription factor VanR-A	NF000401.1	vancomycin resistance response regulator transcription factor VanR-A
cf523568cf0fc0b821994f02eabd6f18	aph(3'')-Ib	aminoglycoside O-phosphotransferase APH(3'')-Ib	core	AMR	AMR	AMINOGLYCOSIDE	STREPTOMYCIN	BLASTP	267	267	100.00	99.63	267	WP_001082319.1	aminoglycoside O-phosphotransferase APH(3'')-Ib	NF032895.1	aminoglycoside O-phosphotransferase APH(3'')-Ib
cf6a0ae16aaf1e5891a5049f9370aeba	fosA	FosA3/FosA4 family fosfomycin resistance glutathione transferase	core	AMR	AMR	FOSFOMYCIN	FOSFOMYCIN	BLASTP	138	138	100.00	99.28	138	WP_034169466.1	fosfomycin resistance glutathione transferase FosA4	NF000075.1	FosA3/FosA4 family fosfomycin resistance glutathione transferase
cf6e50d8944a8097534172df7c2a1225	mph	Mph(E)/Mph(G) family macrolide 2'-phosphotransferase	core	AMR	AMR	MACROLIDE	MACROLIDE	HMM	295	294	100.00	59.86	294	WP_014325835.1	Mph(E)/Mph(G) family macrolide 2'-phosphotransferase	NF000241.1	Mph(E)/Mph(G) family macrolide 2'-phosphotransferase
cf8fde512a52ebd17e8149707c1d7f7b	arr	NAD(+)--rifampin ADP-ribosyltransferase	core	AMR	AMR	RIFAMYCIN	RIFAMYCIN	HMM	137	150	84.67	48.03	127	WP_063857695.1	NAD(+)--rifampin ADP-ribosyltransferase	NF033144.1	NAD(+)--rifampin ADP-ribosyltransferase
cfbb9d16b746fd75b66648259ad81a0f	ant(4')-IIb	aminoglycoside nucleotidyltransferase ANT(4')-IIb	core	AMR	AMR	AMINOGLYCOSIDE	AMIKACIN/KANAMYCIN/TOBRAMYCIN	BLASTP	251	251	100.00	99.20	251	WP_063840509.1	aminoglycoside nucleotidyltransferase ANT(4')-IIb	NF028535.0	ANT(4')-II family aminoglycoside nucleotidyltransferase
cfe683a7bbf26ba1b943bca6e6df888a	lnu(B)	lincosamide nucleotidyltransferase Lnu(B)	core	AMR	AMR	LINCOSAMIDE	LINCOSAMIDE	BLASTP	267	267	100.00	99.63	267	WP_002294514.1	lincosamide nucleotidyltransferase Lnu(B)	NF000235.3	lincosamide nucleotidyltransferase Lnu(B)
d02812adc846622e2835e54624a0d9f6	blaIMP-89	subclass B1 metallo-beta-lactamase IMP-89	core	AMR	AMR	BETA-LACTAM	CARBAPENEM	ALLELEP	246	246	100.00	100.00	246	WP_181727105.1	subclass B1 metallo-beta-lactamase IMP-89	NF012147.1	IMP family subclass B1 metallo-beta-lactamase
d034fbdf5a83c5101ff0673e872b9ee0	blaOXA-96	OXA-58 family carbapenem-hydrolyzing class D beta-lactamase OXA-96	core	AMR	AMR	BETA-LACTAM	CARBAPENEM	ALLELEP	280	280	100.00	100.00	280	WP_063864543.1	OXA-58 family carbapenem-hydrolyzing class D beta-lactamase OXA-96	NF000500.2	OXA-58 family carbapenem-hydrolyzing class D beta-lactamase
d0590bc85f4e34cf1d5b9a7353eda0ba	tet(L)	tetracycline efflux MFS transporter Tet(L)	core	AMR	AMR	TETRACYCLINE	TETRACYCLINE	EXACTP	458	458	100.00	100.00	458	WP_001574277.1	tetracycline efflux MFS transporter Tet(L)	NF012185.0	tetracycline efflux MFS transporter Tet(L)
d069429ed145f71ec2bab654b89ee28a	dfrA27	trimethoprim-resistant dihydrofolate reductase DfrA27	core	AMR	AMR	TRIMETHOPRIM	TRIMETHOPRIM	EXACTP	157	157	100.00	100.00	157	WP_001749985.1	trimethoprim-resistant dihydrofolate reductase DfrA27	NF000330.1	trimethoprim-resistant dihydrofolate reductase DfrA
d08da68c87c518d58aafc2edbf29696b	aph(3')-VIa	aminoglycoside O-phosphotransferase APH(3')-VIa	core	AMR	AMR	AMINOGLYCOSIDE	AMIKACIN/KANAMYCIN	BLASTP	259	259	100.00	99.61	259	WP_000422636.1	aminoglycoside O-phosphotransferase APH(3')-VIa	NF033062.0	APH(3')-VI family aminoglycoside O-phosphotransferase
d08e69f805f9d60bd642658c71a9c23e	blaR1	beta-lactam sensor/signal transducer BlaR1	core	AMR	AMR	BETA-LACTAM	BETA-LACTAM	BLASTP	585	585	100.00	95.04	585	WP_001096376.1	beta-lactam sensor/signal transducer BlaR1	NF033108.1	beta-lactam sensor/signal transducer BlaR1
d095c42c543d4b05da181fe50694a6ff	blaOXA-420	OXA-58 family carbapenem-hydrolyzing class D beta-lactamase OXA-420	core	AMR	AMR	BETA-LACTAM	CARBAPENEM	ALLELEP	280	280	100.00	100.00	280	WP_063862810.1	OXA-58 family carbapenem-hydrolyzing class D beta-lactamase OXA-420	NF000500.2	OXA-58 family carbapenem-hydrolyzing class D beta-lactamase
d0aceaad1a1a917dada2369d66a44348	floR	chloramphenicol/florfenicol efflux MFS transporter FloR	core	AMR	AMR	PHENICOL	CHLORAMPHENICOL/FLORFENICOL	BLASTP	404	404	100.00	99.50	404	WP_000214119.1	chloramphenicol/florfenicol efflux MFS transporter FloR	NF000219.1	chloramphenicol/florfenicol efflux MFS transporter FloR
d0c262ea569a4369e9c5be829252acf7	mrx(A)	phosphorylated macrolide efflux MFS transporter Mrx(A)	core	AMR	AMR	MACROLIDE	AZITHROMYCIN/ERYTHROMYCIN/SPIRAMYCIN/TELITHROMYCIN	BLASTP	412	412	100.00	99.51	412	WP_000004159.1	phosphorylated macrolide efflux MFS transporter Mrx(A)	NA	NA
d0e021a82ef6f5649f57b7e8642a643b	optrA	ABC-F type ribosomal protection protein OptrA	core	AMR	AMR	OXAZOLIDINONE/PHENICOL	FLORFENICOL/OXAZOLIDINONE	BLASTP	655	655	100.00	99.54	655	WP_063854496.1	ABC-F type ribosomal protection protein OptrA	NF000514.1	ABC-F type ribosomal protection protein OptrA
d0e32fe8608ab95df78d9c6f58670198	mph(E)	Mph(E) family macrolide 2'-phosphotransferase	core	AMR	AMR	MACROLIDE	ERYTHROMYCIN	BLASTP	294	294	100.00	99.66	294	WP_000155092.1	Mph(E) family macrolide 2'-phosphotransferase	NF012158.1	Mph(E) family macrolide 2'-phosphotransferase
d0f88efa8980441640897a9173125ada	erm(B)	23S rRNA (adenine(2058)-N(6))-methyltransferase Erm(B)	core	AMR	AMR	LINCOSAMIDE/MACROLIDE/STREPTOGRAMIN	CLINDAMYCIN/ERYTHROMYCIN/STREPTOGRAMIN B	BLASTP	245	245	100.00	99.18	245	WP_001038795.1	23S rRNA (adenine(2058)-N(6))-methyltransferase Erm(B)	NF012220.1	23S rRNA (adenine(2058)-N(6))-methyltransferase Erm(B)
d122ba873d9c17b6040d1b93d76718c6	tet(M)	tetracycline resistance ribosomal protection protein Tet(M)	core	AMR	AMR	TETRACYCLINE	TETRACYCLINE	BLASTP	641	639	100.00	99.22	641	WP_000691727.1	tetracycline resistance ribosomal protection protein Tet(M)	NF012155.1	tetracycline resistance ribosomal protection protein Tet(M)
d13bcc25f15428cf4f6f424be02a53f9	tmexD	multidrug efflux RND transporter permease subunit TMexD	core	AMR	AMR	TETRACYCLINE	TIGECYCLINE	BLASTP	1044	1044	100.00	98.56	1044	WP_027591160.1	multidrug efflux RND transporter permease subunit TMexD2	NA	NA
d15c1db58daf0350852eaacbd99ec992	oqxB	multidrug efflux RND transporter permease subunit OqxB	core	AMR	AMR	PHENICOL/QUINOLONE	PHENICOL/QUINOLONE	BLASTP	1050	1050	100.00	99.90	1050	WP_032495443.1	multidrug efflux RND transporter permease subunit OqxB2	NF000037.1	multidrug efflux RND transporter permease subunit OqxB
d1988a7a2d5eeb916a0a2227c63c1f3f	blaIMP-1	subclass B1 metallo-beta-lactamase IMP-1	core	AMR	AMR	BETA-LACTAM	CARBAPENEM	ALLELEP	246	246	100.00	100.00	246	WP_003159548.1	subclass B1 metallo-beta-lactamase IMP-1	NF012147.1	IMP family subclass B1 metallo-beta-lactamase
d19bab0af5c5ab850b0ebfa12475a52d	blaKPC-33	inhibitor-resistant extended-spectrum class A beta-lactamase KPC-33	core	AMR	AMR	BETA-LACTAM	CEPHALOSPORIN	ALLELEP	293	293	100.00	100.00	293	WP_101140102.1	inhibitor-resistant extended-spectrum class A beta-lactamase KPC-33	NF012141.1	KPC family carbapenem-hydrolyzing class A beta-lactamase
d1cdfd5b39f62472f366a1646dd09459	qacE	quaternary ammonium compound efflux SMR transporter QacE	core	STRESS	BIOCIDE	QUATERNARY AMMONIUM	QUATERNARY AMMONIUM	BLASTP	115	115	100.00	99.13	115	WP_000679427.1	quaternary ammonium compound efflux SMR transporter QacE delta 1	NF000276.2	quaternary ammonium compound efflux SMR transporter QacE
d239c3043d1d72f4ad6a5bd19cec91a1	blaKPC-12	extended-spectrum class A beta-lactamase KPC-12	core	AMR	AMR	BETA-LACTAM	CEPHALOSPORIN	ALLELEP	293	293	100.00	100.00	293	WP_063860634.1	extended-spectrum class A beta-lactamase KPC-12	NF012141.1	KPC family carbapenem-hydrolyzing class A beta-lactamase
d265c5b5d38da5ec8a0c21d57c665221	erm(C)	23S rRNA (adenine(2058)-N(6))-methyltransferase Erm(C)	core	AMR	AMR	LINCOSAMIDE/MACROLIDE/STREPTOGRAMIN	CLINDAMYCIN/ERYTHROMYCIN/STREPTOGRAMIN B/TYLOSIN	EXACTP	244	244	100.00	100.00	244	WP_001003260.1	23S rRNA (adenine(2058)-N(6))-methyltransferase Erm(C)	NF012219.1	23S rRNA (adenine(2058)-N(6))-methyltransferase Erm(C)
d2ad3036376a11c8e152279b4fee5553	erm(42)	23S rRNA (adenine(2058)-N(6))-methyltransferase Erm(42)	core	AMR	AMR	LINCOSAMIDE/MACROLIDE	CLINDAMYCIN/ERYTHROMYCIN	EXACTP	301	301	100.00	100.00	301	WP_052259183.1	23S rRNA (adenine(2058)-N(6))-methyltransferase Erm(42)	NF000077.1	23S rRNA (adenine(2058)-N(6))-methyltransferase Erm(42)
d2e8bde83018cad85a2e4d9d369e4469	aph(3')-VIb	aminoglycoside O-phosphotransferase APH(3')-VIb	core	AMR	AMR	AMINOGLYCOSIDE	AMIKACIN/KANAMYCIN	BLASTP	259	259	100.00	98.07	259	WP_000422633.1	aminoglycoside O-phosphotransferase APH(3')-VIb	NF033062.0	APH(3')-VI family aminoglycoside O-phosphotransferase
d2f08f4689bec837a1c653269ca81b0f	tet(A)	tetracycline efflux MFS transporter Tet(A)	core	AMR	AMR	TETRACYCLINE	TETRACYCLINE	BLASTP	399	399	100.00	99.75	399	WP_000804064.1	tetracycline efflux MFS transporter Tet(A)	NF012193.0	tetracycline efflux MFS transporter Tet(A)
d2f9c63c5f20a5c5ffdbe8f40b251622	blaTEM	TEM family class A beta-lactamase	core	AMR	AMR	BETA-LACTAM	BETA-LACTAM	BLASTP	286	286	100.00	99.65	286	WP_033560332.1	extended-spectrum class A beta-lactamase TEM-19	NF000531.2	TEM family class A beta-lactamase
d2fafef7caada128306b346326e6e914	blaAER	AER family class A beta-lactamase	core	AMR	AMR	BETA-LACTAM	BETA-LACTAM	BLASTP	294	304	96.71	93.88	294	WP_063857819.1	carbenicillin-hydrolyzing class A beta-lactamase AER-1	NF033103.1	class A beta-lactamase
d2fcc0ddbe27e31ba9514558d70abad4	optrA	ABC-F type ribosomal protection protein OptrA	core	AMR	AMR	OXAZOLIDINONE/PHENICOL	FLORFENICOL/OXAZOLIDINONE	BLASTP	655	655	100.00	99.54	655	WP_063854496.1	ABC-F type ribosomal protection protein OptrA	NF000514.1	ABC-F type ribosomal protection protein OptrA
d32557d6670c117bc077979326ce53d6	tet(39)	tetracycline efflux MFS transporter Tet(39)	core	AMR	AMR	TETRACYCLINE	TETRACYCLINE	EXACTP	395	395	100.00	100.00	395	WP_004856455.1	tetracycline efflux MFS transporter Tet(39)	NF012174.0	Tet(A)/Tet(B)/Tet(C) family tetracycline efflux MFS transporter
d33793eb295f76d23c8a649544192f4b	mph(A)	Mph(A) family macrolide 2'-phosphotransferase	core	AMR	AMR	MACROLIDE	AZITHROMYCIN/ERYTHROMYCIN/SPIRAMYCIN/TELITHROMYCIN	BLASTP	302	301	100.00	99.67	302	WP_000219391.1	Mph(A) family macrolide 2'-phosphotransferase	NF000254.1	Mph(A) family macrolide 2'-phosphotransferase
d35ef71e8bcca77b35774331f0259851	sul1	sulfonamide-resistant dihydropteroate synthase Sul1	core	AMR	AMR	SULFONAMIDE	SULFONAMIDE	BLASTP	280	279	100.00	99.64	280	WP_000259031.1	sulfonamide-resistant dihydropteroate synthase Sul1	NF000294.1	sulfonamide-resistant dihydropteroate synthase Sul1
d3a6a5d6ce459a8bbf81c32b06dd0d64	tet(A)	tetracycline efflux MFS transporter Tet(A)	core	AMR	AMR	TETRACYCLINE	TETRACYCLINE	BLASTP	410	399	98.50	99.75	393	WP_000804063.1	tetracycline efflux MFS transporter Tet(A)	NF012193.0	tetracycline efflux MFS transporter Tet(A)
d4205e050a91ea453fa13d33f3b7a63d	aph(3')-IIIa	aminoglycoside O-phosphotransferase APH(3')-IIIa	core	AMR	AMR	AMINOGLYCOSIDE	AMIKACIN/KANAMYCIN	BLASTP	264	264	100.00	99.62	264	WP_001096887.1	aminoglycoside O-phosphotransferase APH(3')-IIIa	NF033064.0	aminoglycoside O-phosphotransferase APH(3')-IIIa
d42901086f07db5ad96451f83c8a8ebe	dfrA1	trimethoprim-resistant dihydrofolate reductase DfrA1	core	AMR	AMR	TRIMETHOPRIM	TRIMETHOPRIM	BLASTP	157	157	100.00	99.36	157	WP_000777554.1	trimethoprim-resistant dihydrofolate reductase DfrA1	NF000330.1	trimethoprim-resistant dihydrofolate reductase DfrA
d43307e515af5e4444759ccc86c90fe3	sul1	sulfonamide-resistant dihydropteroate synthase Sul1	core	AMR	AMR	SULFONAMIDE	SULFONAMIDE	BLASTP	279	279	100.00	99.64	279	WP_000259031.1	sulfonamide-resistant dihydropteroate synthase Sul1	NF000294.1	sulfonamide-resistant dihydropteroate synthase Sul1
d45dab1952e1146bb8fbb318a005066d	tet(O)	tetracycline resistance ribosomal protection protein Tet(O)	core	AMR	AMR	TETRACYCLINE	TETRACYCLINE	BLASTP	639	639	100.00	99.53	639	WP_012669445.1	tetracycline resistance ribosomal protection protein Tet(O)	NF033148.1	TetM/TetW/TetO/TetS family tetracycline resistance ribosomal protection protein
d4fab5563f0f31d3367a7e4baceab21f	aph(3')-Ia	aminoglycoside O-phosphotransferase APH(3')-Ia	core	AMR	AMR	AMINOGLYCOSIDE	KANAMYCIN	EXACTP	271	271	100.00	100.00	271	WP_000018329.1	aminoglycoside O-phosphotransferase APH(3')-Ia	NF051474.1	aminoglycoside O-phosphotransferase APH(3')-Ia
d5426ccdf6c230a0130094fa8c4993ff	aac(6')-Ib	AAC(6')-Ib family aminoglycoside 6'-N-acetyltransferase	core	AMR	AMR	AMINOGLYCOSIDE	GENTAMICIN	EXACTP	184	184	100.00	100.00	184	WP_151405943.1	AAC(6')-Ib family aminoglycoside 6'-N-acetyltransferase	NF033074.0	AAC(6')-Ib family aminoglycoside 6'-N-acetyltransferase
d54ea58d19b5d85d671be44cb521bf86	optrA	ABC-F type ribosomal protection protein OptrA	core	AMR	AMR	OXAZOLIDINONE/PHENICOL	FLORFENICOL/OXAZOLIDINONE	BLASTP	637	655	97.25	99.69	637	WP_063854496.1	ABC-F type ribosomal protection protein OptrA	NF000514.1	ABC-F type ribosomal protection protein OptrA
d58185d1237c9733580b0b971e7a8aba	floR	chloramphenicol/florfenicol efflux MFS transporter FloR	core	AMR	AMR	PHENICOL	CHLORAMPHENICOL/FLORFENICOL	BLASTP	404	404	100.00	99.75	404	WP_000214119.1	chloramphenicol/florfenicol efflux MFS transporter FloR	NF000219.1	chloramphenicol/florfenicol efflux MFS transporter FloR
d597dc72ddf3aef0eb2653e8144ad2a0	erm(B)	23S rRNA (adenine(2058)-N(6))-methyltransferase Erm(B)	core	AMR	AMR	LINCOSAMIDE/MACROLIDE/STREPTOGRAMIN	CLINDAMYCIN/ERYTHROMYCIN/STREPTOGRAMIN B	BLASTP	245	245	100.00	99.18	245	WP_001038795.1	23S rRNA (adenine(2058)-N(6))-methyltransferase Erm(B)	NF012220.1	23S rRNA (adenine(2058)-N(6))-methyltransferase Erm(B)
d5d920eeb114cae237dce97224f486c4	blaGES	GES family class A beta-lactamase	core	AMR	AMR	BETA-LACTAM	CEPHALOSPORIN	BLASTP	287	287	100.00	99.65	287	WP_059385191.1	carbapenem-hydrolyzing class A beta-lactamase GES-24	NF012103.0	GES family class A beta-lactamase
d5f852115ebd651d431fd48d7be14b65	dfrA14	trimethoprim-resistant dihydrofolate reductase DfrA14	core	AMR	AMR	TRIMETHOPRIM	TRIMETHOPRIM	BLASTP	157	157	100.00	99.36	157	WP_004201280.1	trimethoprim-resistant dihydrofolate reductase DfrA14	NF000330.1	trimethoprim-resistant dihydrofolate reductase DfrA
d625073562e9f8a60b7555da22366874	tet(A)	tetracycline efflux MFS transporter Tet(A)	core	AMR	AMR	TETRACYCLINE	TETRACYCLINE	EXACTP	399	399	100.00	100.00	399	WP_031942321.1	tetracycline efflux MFS transporter Tet(A)	NF012193.0	tetracycline efflux MFS transporter Tet(A)
d6756f2adf684641a7535431836659e3	msr(D)	ABC-F type ribosomal protection protein Msr(D)	core	AMR	AMR	MACROLIDE/STREPTOGRAMIN	AZITHROMYCIN/ERYTHROMYCIN/STREPTOGRAMIN B	BLASTP	487	487	100.00	96.30	487	WP_000420313.1	ABC-F type ribosomal protection protein Msr(D)	NF000168.2	Msr family ABC-F type ribosomal protection protein
d6e1224d1201fb9e1e9ca7b6dd31c4bd	aadA2	ANT(3'')-Ia family aminoglycoside nucleotidyltransferase AadA2	core	AMR	AMR	AMINOGLYCOSIDE	STREPTOMYCIN	BLASTP	263	263	100.00	99.24	263	WP_001261740.1	ANT(3'')-Ia family aminoglycoside nucleotidyltransferase AadA2	NF012157.0	ANT(3'')-I family aminoglycoside nucleotidyltransferase
d703771c3a1977dc22c7e56240f0b0e3	blaZ	penicillin-hydrolyzing class A beta-lactamase BlaZ	core	AMR	AMR	BETA-LACTAM	BETA-LACTAM	BLASTP	281	281	100.00	99.64	281	WP_000733274.1	penicillin-hydrolyzing class A beta-lactamase BlaZ	NF033139.1	penicillin-hydrolyzing class A beta-lactamase BlaZ
d70e016582ff6479510098cfba005f81	blaZ	penicillin-hydrolyzing class A beta-lactamase BlaZ	core	AMR	AMR	BETA-LACTAM	BETA-LACTAM	BLASTP	281	281	100.00	99.29	281	WP_000733281.1	penicillin-hydrolyzing class A beta-lactamase BlaZ	NF033139.1	penicillin-hydrolyzing class A beta-lactamase BlaZ
d7380d3e8cf8596637e0be5bca564f36	ant(9)-Ia	aminoglycoside nucleotidyltransferase ANT(9)-Ia	core	AMR	AMR	AMINOGLYCOSIDE	SPECTINOMYCIN	BLASTP	260	260	100.00	99.62	260	WP_000067268.1	aminoglycoside nucleotidyltransferase ANT(9)-Ia	NF012212.1	ANT(9) family aminoglycoside nucleotidyltransferase
d738355da5dfcbe40724dbcb2b68a0c8	blaVEB-3	extended-spectrum class A beta-lactamase VEB-3	core	AMR	AMR	BETA-LACTAM	CEPHALOSPORIN	ALLELEP	299	299	100.00	100.00	299	WP_020956917.1	extended-spectrum class A beta-lactamase VEB-3	NF000390.2	VEB family extended-spectrum class A beta-lactamase
d76def35d8a6a7bd12fa7c1fb5b335a4	sat4	streptothricin N-acetyltransferase Sat4	core	AMR	AMR	STREPTOTHRICIN	STREPTOTHRICIN	BLASTP	176	180	100.00	97.78	180	WP_000627290.1	streptothricin N-acetyltransferase Sat4	NF000360.1	streptothricin N-acetyltransferase Sat4
d78503e305ce8cffd2d3d6216a83063b	aac(3)-IId	aminoglycoside N-acetyltransferase AAC(3)-IId	core	AMR	AMR	AMINOGLYCOSIDE	GENTAMICIN	BLASTP	286	286	100.00	99.65	286	WP_000557454.1	aminoglycoside N-acetyltransferase AAC(3)-IId	NF033080.0	AAC(3)-II family aminoglycoside N-acetyltransferase
d7b8e6c114fc9382e608200b3d914e6a	qnrB19	quinolone resistance pentapeptide repeat protein QnrB19	core	AMR	AMR	QUINOLONE	QUINOLONE	ALLELEP	214	214	100.00	100.00	214	WP_012954666.1	quinolone resistance pentapeptide repeat protein QnrB19	NF000420.1	QnrB family quinolone resistance pentapeptide repeat protein
d7c07e038eb52613ae6c5f9bf83a6638	cfr	23S rRNA (adenine(2503)-C(8))-methyltransferase Cfr	core	AMR	AMR	LINCOSAMIDE/OXAZOLIDINONE/PHENICOL/PLEUROMUTILIN/STREPTOGRAMIN	CHLORAMPHENICOL/CLINDAMYCIN/FLORFENICOL/LINEZOLID/STREPTOGRAMIN B/TIAMULIN/VIRGINIAMYCIN	BLASTP	349	349	100.00	99.43	349	WP_001010505.1	23S rRNA (adenine(2503)-C(8))-methyltransferase Cfr	NF000424.4	Cfr family 23S rRNA (adenine(2503)-C(8))-methyltransferase
d7ddeb83b220e1dd0a71aea06d925b74	aac(3)-IIg	aminoglycoside N-acetyltransferase AAC(3)-IIg	core	AMR	AMR	AMINOGLYCOSIDE	GENTAMICIN	EXACTP	269	269	100.00	100.00	269	WP_012695485.1	aminoglycoside N-acetyltransferase AAC(3)-IIg	NF033080.0	AAC(3)-II family aminoglycoside N-acetyltransferase
d80ca1924ebf8055fc8f80f4dde6f63d	mef(A)	macrolide efflux MFS transporter Mef(A)	core	AMR	AMR	MACROLIDE	AZITHROMYCIN/ERYTHROMYCIN	BLASTP	405	405	100.00	97.28	405	WP_000417519.1	macrolide efflux MFS transporter Mef(A)	NF000245.1	macrolide efflux MFS transporter Mef(A)
d8134551c8bcb3e24a292c16fffb23fa	aacA16	AAC(6')-Ia family aminoglycoside 6'-N-acetyltransferase AacA16	core	AMR	AMR	AMINOGLYCOSIDE	AMINOGLYCOSIDE	ALLELEP	183	183	100.00	100.00	183	WP_001109644.1	AAC(6')-Ia family aminoglycoside 6'-N-acetyltransferase AacA16	NF033078.2	AAC(6')-Ia family aminoglycoside 6'-N-acetyltransferase
d82f03c0bfa29fdfbc104b3ccd882044	catA2	type A-2 chloramphenicol O-acetyltransferase CatII	core	AMR	AMR	PHENICOL	CHLORAMPHENICOL	BLASTP	213	213	100.00	99.53	213	WP_001011939.1	type A-2 chloramphenicol O-acetyltransferase CatII	NF000491.1	type A chloramphenicol O-acetyltransferase
d86a22675d3e6e595ebf0fdc0efdd7ee	aac(3)-VIa	aminoglycoside N-acetyltransferase AAC(3)-VIa	core	AMR	AMR	AMINOGLYCOSIDE	GENTAMICIN	EXACTP	299	299	100.00	100.00	299	WP_000131886.1	aminoglycoside N-acetyltransferase AAC(3)-VIa	NF033612.0	aminoglycoside N-acetyltransferase AAC(3)-VIa
d87279248e5941f6e6c983fe906d29dd	blaGES-24	carbapenem-hydrolyzing class A beta-lactamase GES-24	core	AMR	AMR	BETA-LACTAM	CARBAPENEM	ALLELEP	287	287	100.00	100.00	287	WP_059385191.1	carbapenem-hydrolyzing class A beta-lactamase GES-24	NF012103.0	GES family class A beta-lactamase
d8ee2136d56fdbb159ff81fcdb1d6501	fexA	chloramphenicol/florfenicol efflux MFS transporter FexA	core	AMR	AMR	PHENICOL	CHLORAMPHENICOL/FLORFENICOL	BLASTP	475	475	100.00	99.16	475	WP_015585966.1	chloramphenicol/florfenicol efflux MFS transporter FexA	NF000218.1	chloramphenicol/florfenicol efflux MFS transporter FexA
d90c0df6bc61d5d21fb86bf247c5e033	blaTEM	TEM family class A beta-lactamase	core	AMR	AMR	BETA-LACTAM	BETA-LACTAM	BLASTP	286	286	100.00	98.60	286	WP_000027057.1	broad-spectrum class A beta-lactamase TEM-1	NF000531.2	TEM family class A beta-lactamase
d9bc359b4f27cdb0acfef24dc9cc3c5c	aadA2	ANT(3'')-Ia family aminoglycoside nucleotidyltransferase AadA2	core	AMR	AMR	AMINOGLYCOSIDE	STREPTOMYCIN	EXACTP	263	263	100.00	100.00	263	WP_001261740.1	ANT(3'')-Ia family aminoglycoside nucleotidyltransferase AadA2	NF012157.0	ANT(3'')-I family aminoglycoside nucleotidyltransferase
da08b17f31096bf865a8fc6786b89e44	ere(B)	EreB family erythromycin esterase	core	AMR	AMR	MACROLIDE	AZITHROMYCIN/ERYTHROMYCIN	EXACTP	419	419	100.00	100.00	419	WP_032488343.1	EreB family erythromycin esterase	NF000209.1	EreB family erythromycin esterase
da19d7802b651569f713558007be25ed	estX-3	macrolide esterase EstX-3	core	AMR	AMR	MACROLIDE	TYLOSIN	ALLELEP	280	280	100.00	100.00	280	WP_001456218.1	macrolide esterase EstX-3	NF033124.1	macrolide esterase EstX
da8cb5c6a09189b7cdf2b624501f4bbd	erm	23S ribosomal RNA methyltransferase Erm	core	AMR	AMR	MACROLIDE	MACROLIDE	HMM	217	245	100.00	88.16	245	WP_002321849.1	23S ribosomal RNA methyltransferase Erm	NF000499.2	23S ribosomal RNA methyltransferase Erm
dab3f5c8cb5ec9dcd9e8adb1f100c4f8	mupA	mupirocin-resistant isoleucine--tRNA ligase MupA	core	AMR	AMR	MUPIROCIN	MUPIROCIN	BLASTP	1024	1024	100.00	99.90	1024	WP_000163435.1	mupirocin-resistant isoleucine--tRNA ligase MupA	NF000257.1	mupirocin-resistant isoleucine--tRNA ligase MupA
db000f51257a1e5f16c88f5641d285f4	aadA1	ANT(3'')-Ia family aminoglycoside nucleotidyltransferase AadA1	core	AMR	AMR	AMINOGLYCOSIDE	STREPTOMYCIN	BLASTP	262	262	100.00	99.62	262	WP_001206315.1	ANT(3'')-Ia family aminoglycoside nucleotidyltransferase AadA1	NF033126.1	ANT(3'')-Ia family aminoglycoside nucleotidyltransferase AadA1
db06137898bc3a55270465ded78a4a1c	tet(E)	tetracycline efflux MFS transporter Tet(E)	core	AMR	AMR	TETRACYCLINE	TETRACYCLINE	BLASTP	405	405	100.00	98.77	405	WP_011899270.1	tetracycline efflux MFS transporter Tet(E)	NF012187.0	tetracycline efflux MFS transporter Tet(E)
db4ab573c813fb02f2ae6ab6e3a3ea3c	sul1	sulfonamide-resistant dihydropteroate synthase Sul1	core	AMR	AMR	SULFONAMIDE	SULFONAMIDE	BLASTP	279	279	100.00	99.64	279	WP_000259031.1	sulfonamide-resistant dihydropteroate synthase Sul1	NF000294.1	sulfonamide-resistant dihydropteroate synthase Sul1
db4c78045a2829b0a99a9891d02f1a68	blaNDM-7	subclass B1 metallo-beta-lactamase NDM-7	core	AMR	AMR	BETA-LACTAM	CARBAPENEM	ALLELEP	270	270	100.00	100.00	270	WP_032495622.1	subclass B1 metallo-beta-lactamase NDM-7	NF000259.2	NDM family subclass B1 metallo-beta-lactamase
db64d31d277dfda0f6df05ac9e4e0378	aac(6')-Ib	AAC(6')-Ib family aminoglycoside 6'-N-acetyltransferase	core	AMR	AMR	AMINOGLYCOSIDE	AMIKACIN/KANAMYCIN/TOBRAMYCIN	BLASTP	183	184	100.00	99.46	184	WP_063840280.1	AAC(6')-Ib family aminoglycoside 6'-N-acetyltransferase	NF033074.0	AAC(6')-Ib family aminoglycoside 6'-N-acetyltransferase
db6f09f7a64190bb25691e2333ae9f52	floR	chloramphenicol/florfenicol efflux MFS transporter FloR	core	AMR	AMR	PHENICOL	CHLORAMPHENICOL/FLORFENICOL	BLASTP	404	404	100.00	99.50	404	WP_021038045.1	chloramphenicol/florfenicol efflux MFS transporter FloR	NF000219.1	chloramphenicol/florfenicol efflux MFS transporter FloR
dbbeae6fde2da4d1e56be8293da2a96e	blaVEB-1	inhibitor-resistant extended-spectrum class A beta-lactamase VEB-1	core	AMR	AMR	BETA-LACTAM	CEPHALOSPORIN	ALLELEP	299	299	100.00	100.00	299	WP_000706731.1	inhibitor-resistant extended-spectrum class A beta-lactamase VEB-1	NF000390.2	VEB family extended-spectrum class A beta-lactamase
dbf13b5eb16953ef966c0b5468730bb6	cfr	23S rRNA (adenine(2503)-C(8))-methyltransferase Cfr	core	AMR	AMR	LINCOSAMIDE/OXAZOLIDINONE/PHENICOL/PLEUROMUTILIN/STREPTOGRAMIN	CHLORAMPHENICOL/CLINDAMYCIN/FLORFENICOL/LINEZOLID/STREPTOGRAMIN B/TIAMULIN/VIRGINIAMYCIN	EXACTP	349	349	100.00	100.00	349	WP_001010505.1	23S rRNA (adenine(2503)-C(8))-methyltransferase Cfr	NF000424.4	Cfr family 23S rRNA (adenine(2503)-C(8))-methyltransferase
dc1f60e96751541a81c4d8b97e599f48	dfrA14	trimethoprim-resistant dihydrofolate reductase DfrA14	core	AMR	AMR	TRIMETHOPRIM	TRIMETHOPRIM	EXACTP	157	157	100.00	100.00	157	WP_021529707.1	trimethoprim-resistant dihydrofolate reductase DfrA14	NF000330.1	trimethoprim-resistant dihydrofolate reductase DfrA
dc3279f379d3f00dbb83ab0d5e896f5c	tet(X5)	tetracycline-inactivating monooxygenase Tet(X5)	core	AMR	AMR	TETRACYCLINE	TIGECYCLINE	BLASTP	378	378	100.00	96.30	378	WP_063856444.1	tetracycline-inactivating monooxygenase Tet(X5)	NF033111.2	tetracycline-inactivating monooxygenase Tet(X)
dc33c3acb78c646827766dd65eea1b6c	optrA	ABC-F type ribosomal protection protein OptrA	core	AMR	AMR	OXAZOLIDINONE/PHENICOL	FLORFENICOL/OXAZOLIDINONE	BLASTP	637	655	97.25	99.37	637	WP_063854496.1	ABC-F type ribosomal protection protein OptrA	NF000514.1	ABC-F type ribosomal protection protein OptrA
dc63b815644ce4ce1dc056446973b134	blaCTX-M-65	extended-spectrum class A beta-lactamase CTX-M-65	core	AMR	AMR	BETA-LACTAM	CEPHALOSPORIN	ALLELEP	291	291	100.00	100.00	291	WP_013188475.1	extended-spectrum class A beta-lactamase CTX-M-65	NF033089.1	CTX-M family extended-spectrum class A beta-lactamase
dc7ec29ade4c8ce326f034bd86e3b09c	qnrB1	quinolone resistance pentapeptide repeat protein QnrB1	core	AMR	AMR	QUINOLONE	QUINOLONE	ALLELEP	214	214	100.00	100.00	214	WP_014386481.1	quinolone resistance pentapeptide repeat protein QnrB1	NF000420.1	QnrB family quinolone resistance pentapeptide repeat protein
dca515577f2a3105162ecacc084c6f5d	tet(M)	tetracycline resistance ribosomal protection protein Tet(M)	core	AMR	AMR	TETRACYCLINE	TETRACYCLINE	BLASTP	639	639	100.00	98.59	639	WP_063856394.1	tetracycline resistance ribosomal protection protein Tet(M)	NF012155.1	tetracycline resistance ribosomal protection protein Tet(M)
dcd95de7dc734b1043bebe1b1cd0fda4	tet(A)	tetracycline efflux MFS transporter Tet(A)	core	AMR	AMR	TETRACYCLINE	TETRACYCLINE	BLASTP	375	399	93.98	100.00	375	WP_000804064.1	tetracycline efflux MFS transporter Tet(A)	NF012193.0	tetracycline efflux MFS transporter Tet(A)
dd034806c0fc3dad547172badf92c5b2	blaLAP	LAP family class A beta-lactamase	core	AMR	AMR	BETA-LACTAM	BETA-LACTAM	BLASTP	285	285	100.00	99.65	285	WP_012477595.1	class A beta-lactamase LAP-2	NF000383.2	LAP family class A beta-lactamase
dd1951ff735ab2f3c3da72a9c88e8bbd	sul2	sulfonamide-resistant dihydropteroate synthase Sul2	core	AMR	AMR	SULFONAMIDE	SULFONAMIDE	BLASTP	271	271	100.00	99.63	271	WP_001043265.1	sulfonamide-resistant dihydropteroate synthase Sul2	NF000295.1	sulfonamide-resistant dihydropteroate synthase Sul2
dd5289f155c1c299558931c8e27099cf	catB8	type B-3 chloramphenicol O-acetyltransferase CatB8	core	AMR	AMR	PHENICOL	CHLORAMPHENICOL	EXACTP	210	210	100.00	100.00	210	WP_048608591.1	type B-3 chloramphenicol O-acetyltransferase CatB8	NF000490.1	type B chloramphenicol O-acetyltransferase
dd9b8e23cd96075fb6b7a17a83c00cd8	blaTEM	TEM family class A beta-lactamase	core	AMR	AMR	BETA-LACTAM	BETA-LACTAM	PARTIALP	216	286	66.43	98.95	190	WP_015379489.1	inhibitor-resistant broad-spectrum class A beta-lactamase TEM-34	NF033103.1	class A beta-lactamase
ddc30409149b107be6c07f1d777c13ea	aadA25	ANT(3'')-Ia family aminoglycoside nucleotidyltransferase AadA25	core	AMR	AMR	AMINOGLYCOSIDE	STREPTOMYCIN	BLASTP	263	263	100.00	99.62	263	WP_011113049.1	ANT(3'')-Ia family aminoglycoside nucleotidyltransferase AadA25	NF012157.0	ANT(3'')-I family aminoglycoside nucleotidyltransferase
de010b30a10c88ee4db36079e9a67355	aac(6')-Ib3	aminoglycoside N-acetyltransferase AAC(6')-Ib3	core	AMR	AMR	AMINOGLYCOSIDE	AMIKACIN/KANAMYCIN/TOBRAMYCIN	ALLELEP	184	184	100.00	100.00	184	WP_032488579.1	aminoglycoside N-acetyltransferase AAC(6')-Ib3	NF033074.0	AAC(6')-Ib family aminoglycoside 6'-N-acetyltransferase
de0edce6bf0fcaa6dccae408d9a4eb6c	erm(B)	23S rRNA (adenine(2058)-N(6))-methyltransferase Erm(B)	core	AMR	AMR	LINCOSAMIDE/MACROLIDE/STREPTOGRAMIN	CLINDAMYCIN/ERYTHROMYCIN/STREPTOGRAMIN B	BLASTP	245	245	100.00	99.59	245	WP_002292226.1	23S rRNA (adenine(2058)-N(6))-methyltransferase Erm(B)	NF012220.1	23S rRNA (adenine(2058)-N(6))-methyltransferase Erm(B)
de2ddee4d13d8b9596a3a9a333220997	aac(6')-IIa	aminoglycoside N-acetyltransferase AAC(6')-IIa	core	AMR	AMR	AMINOGLYCOSIDE	GENTAMICIN/KANAMYCIN/TOBRAMYCIN	BLASTP	185	184	97.28	100.00	179	WP_023622803.1	aminoglycoside N-acetyltransferase AAC(6')-IIa	NF012165.0	aminoglycoside 6'-N-acetyltransferase
debc4be7a7beb66c0609041b94b19560	catB6	type B-3 chloramphenicol O-acetyltransferase CatB6	core	AMR	AMR	PHENICOL	CHLORAMPHENICOL	ALLELEP	210	210	100.00	100.00	210	WP_063843229.1	type B-3 chloramphenicol O-acetyltransferase CatB6	NF000490.1	type B chloramphenicol O-acetyltransferase
decf8011e0d7096e36ecdf69d06da340	aac(3)-IVa	aminoglycoside N-acetyltransferase AAC(3)-IVa	core	AMR	AMR	AMINOGLYCOSIDE	APRAMYCIN/GENTAMICIN/TOBRAMYCIN	BLASTP	258	258	100.00	99.61	258	WP_001199192.1	aminoglycoside N-acetyltransferase AAC(3)-IVa	NF033081.0	AAC(3)-IV family aminoglycoside N-acetyltransferase
df063d40e4cffadd03a47b11441d8b2f	aac(3)-IId	aminoglycoside N-acetyltransferase AAC(3)-IId	core	AMR	AMR	AMINOGLYCOSIDE	GENTAMICIN	BLASTP	286	286	100.00	99.65	286	WP_000557454.1	aminoglycoside N-acetyltransferase AAC(3)-IId	NF033080.0	AAC(3)-II family aminoglycoside N-acetyltransferase
df1205fad382aff90642bf14a5178900	mph(A)	Mph(A) family macrolide 2'-phosphotransferase	core	AMR	AMR	MACROLIDE	AZITHROMYCIN/ERYTHROMYCIN/SPIRAMYCIN/TELITHROMYCIN	BLASTP	301	301	100.00	99.67	301	WP_000219391.1	Mph(A) family macrolide 2'-phosphotransferase	NF000254.1	Mph(A) family macrolide 2'-phosphotransferase
df9292bb206f35088ecfba8f9163996c	aphA16	APH(3') family aminoglycoside O-phosphotransferase AphA16	core	AMR	AMR	AMINOGLYCOSIDE	AMIKACIN/KANAMYCIN	EXACTP	262	262	100.00	100.00	262	WP_004206941.1	APH(3') family aminoglycoside O-phosphotransferase AphA16	NF033112.0	APH(3') family aminoglycoside O-phosphotransferase AphA16
dfefeb46ff7dd70a2738e2c6c2b9238a	vanS-A	vancomycin resistance histidine kinase VanS-A	core	AMR	AMR	GLYCOPEPTIDE	VANCOMYCIN	EXACTP	384	384	100.00	100.00	384	WP_002305818.1	vancomycin resistance histidine kinase VanS-A	NF033091.0	vancomycin resistance histidine kinase VanS
dff9e42a70e719b3a0a417c9f6e32e77	msr(A)	ABC-F type ribosomal protection protein Msr(A)	core	AMR	AMR	MACROLIDE/STREPTOGRAMIN	ERYTHROMYCIN/STREPTOGRAMIN B	BLASTP	488	488	100.00	99.80	488	WP_000438874.1	ABC-F type ribosomal protection protein Msr(A)	NF000256.1	ABC-F type ribosomal protection protein Msr(A)
e08a11034873c153d736a4d4e987c41f	arr	NAD(+)--rifampin ADP-ribosyltransferase	core	AMR	AMR	RIFAMYCIN	RIFAMYCIN	BLASTP	150	150	100.00	99.33	150	WP_000237816.1	NAD(+)--rifampin ADP-ribosyltransferase Arr-2	NF033144.1	NAD(+)--rifampin ADP-ribosyltransferase
e0e2f73c577fd3f8661e7107e10c140a	aac(3)-IVa	aminoglycoside N-acetyltransferase AAC(3)-IVa	core	AMR	AMR	AMINOGLYCOSIDE	APRAMYCIN/GENTAMICIN/TOBRAMYCIN	EXACTP	258	258	100.00	100.00	258	WP_001199192.1	aminoglycoside N-acetyltransferase AAC(3)-IVa	NF033081.0	AAC(3)-IV family aminoglycoside N-acetyltransferase
e0e74932ad0f781bbb856d7a6808ae58	bleO	bleomycin binding protein	core	AMR	AMR	BLEOMYCIN	BLEOMYCIN	EXACTP	134	134	100.00	100.00	134	WP_001242578.1	bleomycin binding protein	NF000027.1	bleomycin binding protein
e11f7ef9211b037fdddd0e9cfbf9a3a6	blaCTX-M-8	extended-spectrum class A beta-lactamase CTX-M-8	core	AMR	AMR	BETA-LACTAM	CEPHALOSPORIN	ALLELEP	291	291	100.00	100.00	291	WP_032489598.1	extended-spectrum class A beta-lactamase CTX-M-8	NF033089.1	CTX-M family extended-spectrum class A beta-lactamase
e12f895801859de6183442770658b5b0	vanR-A	vancomycin resistance response regulator transcription factor VanR-A	core	AMR	AMR	GLYCOPEPTIDE	VANCOMYCIN	EXACTP	231	231	100.00	100.00	231	WP_001280781.1	vancomycin resistance response regulator transcription factor VanR-A	NF000401.1	vancomycin resistance response regulator transcription factor VanR-A
e134c23afde16d9d8ba19d52b473c532	blaOXA-72	OXA-24 family carbapenem-hydrolyzing class D beta-lactamase OXA-72	core	AMR	AMR	BETA-LACTAM	CARBAPENEM	ALLELEP	275	275	100.00	100.00	275	WP_000713530.1	OXA-24 family carbapenem-hydrolyzing class D beta-lactamase OXA-72	NF000434.2	OXA-24 family carbapenem-hydrolyzing class D beta-lactamase
e13623693bf30f675af2608e60de7a87	aadA16	ANT(3'')-Ia family aminoglycoside nucleotidyltransferase AadA16	core	AMR	AMR	AMINOGLYCOSIDE	STREPTOMYCIN	BLASTP	275	281	95.73	100.00	269	WP_001749984.1	ANT(3'')-Ia family aminoglycoside nucleotidyltransferase AadA16	NF012157.0	ANT(3'')-I family aminoglycoside nucleotidyltransferase
e1d0710b67cab36216150b5ef0b560b6	blaIMP-6	subclass B1 metallo-beta-lactamase IMP-6	core	AMR	AMR	BETA-LACTAM	CARBAPENEM	ALLELEP	246	246	100.00	100.00	246	WP_032492096.1	subclass B1 metallo-beta-lactamase IMP-6	NF012147.1	IMP family subclass B1 metallo-beta-lactamase
e1fd831d869c9c6fb4347db0db75c8bb	blaDHA-1	extended-spectrum class C beta-lactamase DHA-1	core	AMR	AMR	BETA-LACTAM	CEPHALOSPORIN	ALLELEP	379	379	100.00	100.00	379	WP_004236386.1	extended-spectrum class C beta-lactamase DHA-1	NF012102.1	DHA family class C beta-lactamase
e2133b555cf7829cd1c7a63be050e9e9	floR	chloramphenicol/florfenicol efflux MFS transporter FloR	core	AMR	AMR	PHENICOL	CHLORAMPHENICOL/FLORFENICOL	BLASTP	403	404	100.00	99.01	404	WP_000214122.1	chloramphenicol/florfenicol efflux MFS transporter FloR	NF000219.1	chloramphenicol/florfenicol efflux MFS transporter FloR
e213c46501159e296971c72f9672a92b	sul2	sulfonamide-resistant dihydropteroate synthase Sul2	core	AMR	AMR	SULFONAMIDE	SULFONAMIDE	BLASTP	271	271	100.00	99.63	271	WP_001043260.1	sulfonamide-resistant dihydropteroate synthase Sul2	NF000295.1	sulfonamide-resistant dihydropteroate synthase Sul2
e26e4c1dd20a7cbbd92f38b487886d5e	apmA	aminocyclitol acetyltransferase ApmA	core	AMR	AMR	AMINOGLYCOSIDE	APRAMYCIN	BLASTP	274	274	100.00	99.27	274	WP_015059965.1	aminocyclitol acetyltransferase ApmA	NF000084.1	aminocyclitol acetyltransferase ApmA
e2a7ea8b7657a50e6db0f7f68dea0884	estT	macrolide hydrolase EstT	core	AMR	AMR	MACROLIDE	TYLOSIN	HMM	281	282	100.00	85.46	282	WP_185148407.1	macrolide hydrolase EstT	NF041759.1	macrolide hydrolase EstT
e2c2f91787e6a5eb39fdd9ae46613996	oqxB	multidrug efflux RND transporter permease subunit OqxB	core	AMR	AMR	PHENICOL/QUINOLONE	PHENICOL/QUINOLONE	EXACTP	1050	1050	100.00	100.00	1050	WP_000347934.1	multidrug efflux RND transporter permease subunit OqxB	NF000037.1	multidrug efflux RND transporter permease subunit OqxB
e2cc7e61a0ab515ee0dedfee2343102f	ant(3'')-IId	aminoglycoside nucleotidyltransferase ANT(3')-IId	core	AMR	AMR	AMINOGLYCOSIDE	SPECTINOMYCIN/STREPTOMYCIN	EXACTP	262	262	100.00	100.00	262	WP_038350081.1	aminoglycoside nucleotidyltransferase ANT(3')-IId	NA	NA
e33c3981fffb00dc386d88cf49182370	arr-3	NAD(+)--rifampin ADP-ribosyltransferase Arr-3	core	AMR	AMR	RIFAMYCIN	RIFAMYCIN	BLASTP	150	150	100.00	99.33	150	WP_001749986.1	NAD(+)--rifampin ADP-ribosyltransferase Arr-3	NF033144.1	NAD(+)--rifampin ADP-ribosyltransferase
e34e2af28b2b1660be04856e0f21c7f7	dfrG	trimethoprim-resistant dihydrofolate reductase DfrG	core	AMR	AMR	TRIMETHOPRIM	TRIMETHOPRIM	BLASTP	165	165	100.00	99.39	165	WP_000868795.1	trimethoprim-resistant dihydrofolate reductase DfrG	NF000143.1	trimethoprim-resistant dihydrofolate reductase DfrG
e353fe70424273d44c5df4efd09b43fc	blaZ	penicillin-hydrolyzing class A beta-lactamase BlaZ	core	AMR	AMR	BETA-LACTAM	BETA-LACTAM	EXACTP	281	281	100.00	100.00	281	WP_000733281.1	penicillin-hydrolyzing class A beta-lactamase BlaZ	NF033139.1	penicillin-hydrolyzing class A beta-lactamase BlaZ
e362f39b8e3f8dcc9b864f4d55ff00bc	erm(X)	23S rRNA (adenine(2058)-N(6))-methyltransferase Erm(X)	core	AMR	AMR	LINCOSAMIDE/MACROLIDE/STREPTOGRAMIN	AZITHROMYCIN/CLINDAMYCIN/ERYTHROMYCIN/LINCOMYCIN/STREPTOGRAMIN B/TYLOSIN	BLASTP	284	284	100.00	96.13	284	WP_011152925.1	23S rRNA (adenine(2058)-N(6))-methyltransferase Erm(X)	NF000499.2	23S ribosomal RNA methyltransferase Erm
e3867d62bc24b509d40fbb731aab0b9f	aph(3')-VI	APH(3')-VI family aminoglycoside O-phosphotransferase	core	AMR	AMR	AMINOGLYCOSIDE	AMIKACIN/KANAMYCIN	BLASTP	259	259	100.00	99.23	259	WP_014386410.1	APH(3')-VI family aminoglycoside O-phosphotransferase	NF033062.0	APH(3')-VI family aminoglycoside O-phosphotransferase
e3a676e614b15636241bd3a97174f8e9	sul1	sulfonamide-resistant dihydropteroate synthase Sul1	core	AMR	AMR	SULFONAMIDE	SULFONAMIDE	BLASTP	279	279	100.00	99.64	279	WP_000259031.1	sulfonamide-resistant dihydropteroate synthase Sul1	NF000294.1	sulfonamide-resistant dihydropteroate synthase Sul1
e3af43319dab04a1c0c61d71cc78174c	dfrA20	trimethoprim-resistant dihydrofolate reductase DfrA20	core	AMR	AMR	TRIMETHOPRIM	TRIMETHOPRIM	BLASTP	169	169	100.00	97.63	169	WP_032491181.1	trimethoprim-resistant dihydrofolate reductase DfrA20	NF000127.2	trimethoprim-resistant dihydrofolate reductase DfrA20
e40a802df33e19fa2d9575d5858224a5	blaOXA-893	OXA-23 family carbapenem-hydrolyzing class D beta-lactamase OXA-893	core	AMR	AMR	BETA-LACTAM	CARBAPENEM	ALLELEP	273	273	100.00	100.00	273	WP_194293137.1	OXA-23 family carbapenem-hydrolyzing class D beta-lactamase OXA-893	NF000266.2	OXA-23 family carbapenem-hydrolyzing class D beta-lactamase
e410c46cc757fd699e9caf963a53c4e1	floR2	chloramphenicol/florfenicol efflux MFS transporter FloR2	core	AMR	AMR	PHENICOL	CHLORAMPHENICOL/FLORFENICOL	BLASTP	404	404	100.00	99.75	404	WP_000214125.1	chloramphenicol/florfenicol efflux MFS transporter FloR2	NF000219.1	chloramphenicol/florfenicol efflux MFS transporter FloR
e42d93895db8e7648cd3a6b321c2d067	vanY-A	D-Ala-D-Ala carboxypeptidase VanY-A	core	AMR	AMR	GLYCOPEPTIDE	VANCOMYCIN	BLASTP	303	303	100.00	99.67	303	WP_001812592.1	D-Ala-D-Ala carboxypeptidase VanY-A	NF000472.1	VanY-A/VanY-F/VanY-M family D-Ala-D-Ala carboxypeptidase
e431b2dec373d6b97a5768428df9fd17	tet(A)	tetracycline efflux MFS transporter Tet(A)	core	AMR	AMR	TETRACYCLINE	TETRACYCLINE	BLASTP	409	399	99.75	98.74	398	WP_000804064.1	tetracycline efflux MFS transporter Tet(A)	NF012193.0	tetracycline efflux MFS transporter Tet(A)
e4674bd9dafa675ecff9a7d9a41e913a	aph(3')-IIa	aminoglycoside O-phosphotransferase APH(3')-IIa	core	AMR	AMR	AMINOGLYCOSIDE	KANAMYCIN	EXACTP	264	264	100.00	100.00	264	WP_000572405.1	aminoglycoside O-phosphotransferase APH(3')-IIa	NF032898.2	APH(3')-II family aminoglycoside O-phosphotransferase
e4ca06fafffacf0f38ef8de342b58012	fexA	chloramphenicol/florfenicol efflux MFS transporter FexA	core	AMR	AMR	PHENICOL	CHLORAMPHENICOL/FLORFENICOL	BLASTP	475	475	100.00	98.95	475	WP_015585966.1	chloramphenicol/florfenicol efflux MFS transporter FexA	NF000218.1	chloramphenicol/florfenicol efflux MFS transporter FexA
e4e2735a05c65d260620b4d18d7573dd	estT	macrolide hydrolase EstT	core	AMR	AMR	MACROLIDE	TYLOSIN	HMM	281	282	100.00	85.11	282	WP_185148407.1	macrolide hydrolase EstT	NF041759.1	macrolide hydrolase EstT
e4ed03fb043c937f5f07c924c3515a3e	fusB	fusidic acid resistance EF-G-binding protein FusB	core	AMR	AMR	FUSIDIC ACID	FUSIDIC ACID	EXACTP	213	213	100.00	100.00	213	WP_000855537.1	fusidic acid resistance EF-G-binding protein FusB	NF000340.1	FusB family fusidic acid resistance EF-G-binding protein
e508aa009b4ed0c9d0f4caa299c71755	cmlA1	chloramphenicol efflux MFS transporter CmlA1	core	AMR	AMR	PHENICOL	CHLORAMPHENICOL	BLASTP	419	419	100.00	99.52	419	WP_000095725.1	chloramphenicol efflux MFS transporter CmlA1	NF000509.1	CmlA family chloramphenicol efflux MFS transporter
e519f7eb141b1b345ae6f197ac7c498d	aadA1	ANT(3'')-Ia family aminoglycoside nucleotidyltransferase AadA1	core	AMR	AMR	AMINOGLYCOSIDE	STREPTOMYCIN	EXACTP	263	263	100.00	100.00	263	WP_001206317.1	ANT(3'')-Ia family aminoglycoside nucleotidyltransferase AadA1	NF033126.1	ANT(3'')-Ia family aminoglycoside nucleotidyltransferase AadA1
e528cda2967d2398c2ba147aacec87d8	cmlA1	chloramphenicol efflux MFS transporter CmlA1	core	AMR	AMR	PHENICOL	CHLORAMPHENICOL	BLASTP	419	419	100.00	99.76	419	WP_000095725.1	chloramphenicol efflux MFS transporter CmlA1	NF000509.1	CmlA family chloramphenicol efflux MFS transporter
e56567c49b45562dff0e184b2cb056d4	msr(A)	ABC-F type ribosomal protection protein Msr(A)	core	AMR	AMR	MACROLIDE/STREPTOGRAMIN	ERYTHROMYCIN/STREPTOGRAMIN B	EXACTP	488	488	100.00	100.00	488	WP_002447408.1	ABC-F type ribosomal protection protein Msr(A)	NF000256.1	ABC-F type ribosomal protection protein Msr(A)
e57843cadcd13f724582fcd71212cf32	aph(4)-Ia	aminoglycoside O-phosphotransferase APH(4)-Ia	core	AMR	AMR	AMINOGLYCOSIDE	HYGROMYCIN	BLASTP	341	341	100.00	99.71	341	WP_000742814.1	aminoglycoside O-phosphotransferase APH(4)-Ia	NF000107.2	aminoglycoside O-phosphotransferase APH(4)-Ia
e58c89252ab483b4369e2ff2cf36508a	aac(3)-IVa	aminoglycoside N-acetyltransferase AAC(3)-IVa	core	AMR	AMR	AMINOGLYCOSIDE	APRAMYCIN/GENTAMICIN/TOBRAMYCIN	BLASTP	258	258	100.00	99.61	258	WP_001199192.1	aminoglycoside N-acetyltransferase AAC(3)-IVa	NF033081.0	AAC(3)-IV family aminoglycoside N-acetyltransferase
e5caa2fefa7fcd15adae29fbdb620e4a	cml	CmlA/FloR family chloramphenicol efflux MFS transporter	core	AMR	AMR	PHENICOL	CHLORAMPHENICOL	HMM	398	411	96.11	61.21	397	WP_011552636.1	CmlA/FloR family chloramphenicol efflux MFS transporter	NF033134.0	CmlA/FloR family chloramphenicol efflux MFS transporter
e5e26614cee929216e73e05d80564bf0	cfr	23S rRNA (adenine(2503)-C(8))-methyltransferase Cfr	core	AMR	AMR	LINCOSAMIDE/OXAZOLIDINONE/PHENICOL/PLEUROMUTILIN/STREPTOGRAMIN	CHLORAMPHENICOL/CLINDAMYCIN/FLORFENICOL/LINEZOLID/STREPTOGRAMIN B/TIAMULIN/VIRGINIAMYCIN	BLASTP	349	349	100.00	99.43	349	WP_001010505.1	23S rRNA (adenine(2503)-C(8))-methyltransferase Cfr	NF000424.4	Cfr family 23S rRNA (adenine(2503)-C(8))-methyltransferase
e612fab58c6eab03e2b428ef03da5910	sul2	sulfonamide-resistant dihydropteroate synthase Sul2	core	AMR	AMR	SULFONAMIDE	SULFONAMIDE	BLASTP	271	271	100.00	99.63	271	WP_001043260.1	sulfonamide-resistant dihydropteroate synthase Sul2	NF000295.1	sulfonamide-resistant dihydropteroate synthase Sul2
e61fc7c0f24c07720dd3a7778d6fe264	erm(B)	23S rRNA (adenine(2058)-N(6))-methyltransferase Erm(B)	core	AMR	AMR	LINCOSAMIDE/MACROLIDE/STREPTOGRAMIN	CLINDAMYCIN/ERYTHROMYCIN/STREPTOGRAMIN B	EXACTP	245	245	100.00	100.00	245	WP_001038792.1	23S rRNA (adenine(2058)-N(6))-methyltransferase Erm(B)	NF012220.1	23S rRNA (adenine(2058)-N(6))-methyltransferase Erm(B)
e6ee8c3a2ed6e101fc041b6b5b6d0dd2	tet(M)	tetracycline resistance ribosomal protection protein Tet(M)	core	AMR	AMR	TETRACYCLINE	TETRACYCLINE	BLASTP	639	639	100.00	98.90	639	WP_063856394.1	tetracycline resistance ribosomal protection protein Tet(M)	NF012155.1	tetracycline resistance ribosomal protection protein Tet(M)
e70173add919e51b29cdac3ad751a89e	blaKPC-14	inhibitor-resistant extended-spectrum class A beta-lactamase KPC-14	core	AMR	AMR	BETA-LACTAM	CEPHALOSPORIN	ALLELEP	291	291	100.00	100.00	291	WP_063860636.1	inhibitor-resistant extended-spectrum class A beta-lactamase KPC-14	NF012141.1	KPC family carbapenem-hydrolyzing class A beta-lactamase
e707236354cd8b47609626f1a930977e	mef(B)	macrolide efflux MFS transporter Mef(B)	core	AMR	AMR	MACROLIDE	AZITHROMYCIN/ERYTHROMYCIN	EXACTP	409	409	100.00	100.00	409	WP_032492336.1	macrolide efflux MFS transporter Mef(B)	NF000051.1	macrolide efflux MFS transporter Mef(B)
e721a340078b2bd53a9dd260b78353d9	blaSHV	SHV family class A beta-lactamase	core	AMR	AMR	BETA-LACTAM	BETA-LACTAM	PARTIALP	229	286	68.88	100.00	197	WP_002904004.1	extended-spectrum class A beta-lactamase SHV-12	NF033103.1	class A beta-lactamase
e750aad9febc3474faaeda8f057d9e6a	vanH-A	D-lactate dehydrogenase VanH-A	core	AMR	AMR	GLYCOPEPTIDE	VANCOMYCIN	EXACTP	322	322	100.00	100.00	322	WP_001059542.1	D-lactate dehydrogenase VanH-A	NF000371.1	VanH-A/VanH-Pt family D-lactate dehydrogenase
e7923c988679de1eaa2cf0afa719cc84	aac(6')-Ie/aph(2'')-Ia	bifunctional aminoglycoside N-acetyltransferase AAC(6')-Ie/aminoglycoside O-phosphotransferase APH(2'')-Ia	core	AMR	AMR	AMINOGLYCOSIDE	AMIKACIN/GENTAMICIN/KANAMYCIN/TOBRAMYCIN	BLASTP	479	479	100.00	99.79	479	WP_001028144.1	bifunctional aminoglycoside N-acetyltransferase AAC(6')-Ie/aminoglycoside O-phosphotransferase APH(2'')-Ia	NF000508.1	aminoglycoside O-phosphotransferase APH(2'')-Ia
e797e146b86ebf304af74602618f8166	tet(B)	tetracycline efflux MFS transporter Tet(B)	core	AMR	AMR	TETRACYCLINE	TETRACYCLINE	BLASTP	401	401	100.00	99.75	401	WP_001089068.1	tetracycline efflux MFS transporter Tet(B)	NF012190.1	tetracycline efflux MFS transporter Tet(B)
e7cafca52af72d9215090d92dc83a47f	blaCARB-4	PSE family carbenicillin-hydrolyzing class A beta-lactamase CARB-4	core	AMR	AMR	BETA-LACTAM	BETA-LACTAM	ALLELEP	288	288	100.00	100.00	288	WP_032489168.1	PSE family carbenicillin-hydrolyzing class A beta-lactamase CARB-4	NF000480.2	PSE family carbenicillin-hydrolyzing class A beta-lactamase
e7da31b5308e9585606741ba261f3d79	aph(2'')-IVa	aminoglycoside O-phosphotransferase APH(2'')-IVa	core	AMR	AMR	AMINOGLYCOSIDE	AMIKACIN/GENTAMICIN/KANAMYCIN/PLAZOMICIN/TOBRAMYCIN	EXACTP	301	301	100.00	100.00	301	WP_021401024.1	aminoglycoside O-phosphotransferase APH(2'')-IVa	NF000076.3	APH(2'')-Ie/IVa family aminoglycoside O-phosphotransferase
e80a46e32b8b03b664486d3c19ec76c5	aph(6)-Id	aminoglycoside O-phosphotransferase APH(6)-Id	core	AMR	AMR	AMINOGLYCOSIDE	STREPTOMYCIN	BLASTP	278	278	100.00	99.64	278	WP_000480968.1	aminoglycoside O-phosphotransferase APH(6)-Id	NF012171.0	APH(6)-I family aminoglycoside O-phosphotransferase
e8251b5dc9ccb015bfb1a814e13f4e43	blaPC1	BlaZ family penicillin-hydrolyzing class A beta-lactamase PC1	core	AMR	AMR	BETA-LACTAM	BETA-LACTAM	ALLELEP	281	281	100.00	100.00	281	WP_000733283.1	BlaZ family penicillin-hydrolyzing class A beta-lactamase PC1	NF033139.1	penicillin-hydrolyzing class A beta-lactamase BlaZ
e857268ddd6daf093190b01b0d29ac2b	blaCTX-M-62	extended-spectrum class A beta-lactamase CTX-M-62	core	AMR	AMR	BETA-LACTAM	CEPHALOSPORIN	ALLELEP	291	291	100.00	100.00	291	WP_032493168.1	extended-spectrum class A beta-lactamase CTX-M-62	NF033089.1	CTX-M family extended-spectrum class A beta-lactamase
e8852f0a4b8db529fbd6b084210f3960	blaOXA-2	oxacillin-hydrolyzing class D beta-lactamase OXA-2	core	AMR	AMR	BETA-LACTAM	BETA-LACTAM	ALLELEP	275	275	100.00	100.00	275	WP_001007673.1	oxacillin-hydrolyzing class D beta-lactamase OXA-2	NF000267.2	OXA-2 family class D beta-lactamase
e8d090dc43934ed37f316d3e028d04e3	tet(D)	tetracycline efflux MFS transporter Tet(D)	core	AMR	AMR	TETRACYCLINE	TETRACYCLINE	EXACTP	394	394	100.00	100.00	394	WP_001039466.1	tetracycline efflux MFS transporter Tet(D)	NF012186.0	tetracycline efflux MFS transporter Tet(D)
e8e2f331fd963a8f9db98edc617c784e	blaLAP-2	class A beta-lactamase LAP-2	core	AMR	AMR	BETA-LACTAM	BETA-LACTAM	ALLELEP	285	285	100.00	100.00	285	WP_012477595.1	class A beta-lactamase LAP-2	NF000383.2	LAP family class A beta-lactamase
e8f5151912699445313827a19c9e7064	arr	NAD(+)--rifampin ADP-ribosyltransferase	core	AMR	AMR	RIFAMYCIN	RIFAMYCIN	HMM	247	150	84.00	53.17	126	WP_033959319.1	NAD(+)--rifampin ADP-ribosyltransferase	NF033144.1	NAD(+)--rifampin ADP-ribosyltransferase
e903d85bf21ebf786595ffc260669e53	aac(3)-IId	aminoglycoside N-acetyltransferase AAC(3)-IId	core	AMR	AMR	AMINOGLYCOSIDE	GENTAMICIN	BLASTP	296	286	97.55	99.64	279	WP_000557454.1	aminoglycoside N-acetyltransferase AAC(3)-IId	NF033080.0	AAC(3)-II family aminoglycoside N-acetyltransferase
e923ffb4b49f09d7f3201b4b54feae05	dfrA41	trimethoprim-resistant dihydrofolate reductase DfrA41	core	AMR	AMR	TRIMETHOPRIM	TRIMETHOPRIM	EXACTP	170	170	100.00	100.00	170	WP_004729503.1	trimethoprim-resistant dihydrofolate reductase DfrA41	NA	NA
e93688a13f13b52d51da88b983b05b0b	floR	chloramphenicol/florfenicol efflux MFS transporter FloR	core	AMR	AMR	PHENICOL	CHLORAMPHENICOL/FLORFENICOL	BLASTP	404	404	100.00	99.75	404	WP_000214121.1	chloramphenicol/florfenicol efflux MFS transporter FloR	NF000219.1	chloramphenicol/florfenicol efflux MFS transporter FloR
e9541865207200189cb442c3f56719c2	arr-2	NAD(+)--rifampin ADP-ribosyltransferase Arr-2	core	AMR	AMR	RIFAMYCIN	RIFAMYCIN	ALLELEP	150	150	100.00	100.00	150	WP_000237816.1	NAD(+)--rifampin ADP-ribosyltransferase Arr-2	NF033144.1	NAD(+)--rifampin ADP-ribosyltransferase
e95684ed280076afd1598aa062de9d6f	qnrB	QnrB family quinolone resistance pentapeptide repeat protein	core	AMR	AMR	QUINOLONE	QUINOLONE	BLASTP	214	214	100.00	99.53	214	WP_001749994.1	quinolone resistance pentapeptide repeat protein QnrB6	NF000420.1	QnrB family quinolone resistance pentapeptide repeat protein
e9d75c9fe6cc122a2b96733516693e1c	aac(6')-Ib	AAC(6')-Ib family aminoglycoside 6'-N-acetyltransferase	core	AMR	AMR	AMINOGLYCOSIDE	AMIKACIN/KANAMYCIN/TOBRAMYCIN	EXACTP	184	184	100.00	100.00	184	WP_063840280.1	AAC(6')-Ib family aminoglycoside 6'-N-acetyltransferase	NF033074.0	AAC(6')-Ib family aminoglycoside 6'-N-acetyltransferase
e9e0764947014adc56780112bb1cbadb	tet(M)	tetracycline resistance ribosomal protection protein Tet(M)	core	AMR	AMR	TETRACYCLINE	TETRACYCLINE	EXACTP	639	639	100.00	100.00	639	WP_014386813.1	tetracycline resistance ribosomal protection protein Tet(M)	NF012155.1	tetracycline resistance ribosomal protection protein Tet(M)
e9f4dce5c144ede08f3e064752165db5	blaR1	beta-lactam sensor/signal transducer BlaR1	core	AMR	AMR	BETA-LACTAM	BETA-LACTAM	EXACTP	585	585	100.00	100.00	585	WP_001096392.1	beta-lactam sensor/signal transducer BlaR1	NF033108.1	beta-lactam sensor/signal transducer BlaR1
ea2400ca97c7b66e8a0f31ead944af39	cfr	23S rRNA (adenine(2503)-C(8))-methyltransferase Cfr	core	AMR	AMR	LINCOSAMIDE/OXAZOLIDINONE/PHENICOL/PLEUROMUTILIN/STREPTOGRAMIN	CHLORAMPHENICOL/CLINDAMYCIN/FLORFENICOL/LINEZOLID/STREPTOGRAMIN B/TIAMULIN/VIRGINIAMYCIN	BLASTP	349	349	100.00	99.71	349	WP_001010505.1	23S rRNA (adenine(2503)-C(8))-methyltransferase Cfr	NF000424.4	Cfr family 23S rRNA (adenine(2503)-C(8))-methyltransferase
ea97d2d037ba53d3ad0fd4d7e79fa5fe	aadS	aminoglycoside 6-adenylyltransferase AadS	core	AMR	AMR	AMINOGLYCOSIDE	STREPTOMYCIN	EXACTP	287	287	100.00	100.00	287	WP_003013318.1	aminoglycoside 6-adenylyltransferase AadS	NF033387.1	AadS family aminoglycoside 6-adenylyltransferase
eaac31b789f82143df7a0250b339a531	blaCTX-M-255	inhibitor-resistant class A beta-lactamase CTX-M-255	core	AMR	AMR	BETA-LACTAM	BETA-LACTAM	ALLELEP	291	291	100.00	100.00	291	WP_254205601.1	inhibitor-resistant class A beta-lactamase CTX-M-255	NF033089.1	CTX-M family extended-spectrum class A beta-lactamase
eaba7dd4be3b89b6ca0e6cb9ed9daa4d	aacA34	aminoglycoside 6'-N-acetyltransferase AacA34	core	AMR	AMR	AMINOGLYCOSIDE	KANAMYCIN/TOBRAMYCIN	EXACTP	146	146	100.00	100.00	146	WP_052285801.1	aminoglycoside 6'-N-acetyltransferase AacA34	NF000123.2	aminoglycoside 6'-N-acetyltransferase AacA34
eac122c5e69491118c2dc8a524d1355c	sul1	sulfonamide-resistant dihydropteroate synthase Sul1	core	AMR	AMR	SULFONAMIDE	SULFONAMIDE	BLASTP	279	279	100.00	99.64	279	WP_000259031.1	sulfonamide-resistant dihydropteroate synthase Sul1	NF000294.1	sulfonamide-resistant dihydropteroate synthase Sul1
ead80f8b2269e20125d3968731d6d18f	aac(3)-IIe	aminoglycoside N-acetyltransferase AAC(3)-IIe	core	AMR	AMR	AMINOGLYCOSIDE	GENTAMICIN	BLASTP	286	286	100.00	99.65	286	WP_000557452.1	aminoglycoside N-acetyltransferase AAC(3)-IIe	NF033080.0	AAC(3)-II family aminoglycoside N-acetyltransferase
eae3b11a858c1c1f68284f88d6243c5e	aadA25	ANT(3'')-Ia family aminoglycoside nucleotidyltransferase AadA25	core	AMR	AMR	AMINOGLYCOSIDE	STREPTOMYCIN	BLASTP	263	263	100.00	94.30	263	WP_024131607.1	ANT(3'')-Ia family aminoglycoside nucleotidyltransferase AadA25	NF012157.0	ANT(3'')-I family aminoglycoside nucleotidyltransferase
eb2b72e2695c6a911a518a318144aba7	aac(6')-Ib	AAC(6')-Ib family aminoglycoside 6'-N-acetyltransferase	core	AMR	AMR	AMINOGLYCOSIDE	AMIKACIN/KANAMYCIN/TOBRAMYCIN	EXACTP	184	184	100.00	100.00	184	WP_085844237.1	AAC(6')-Ib family aminoglycoside 6'-N-acetyltransferase	NF033074.0	AAC(6')-Ib family aminoglycoside 6'-N-acetyltransferase
eb3a64d958a8ed45da192cd7d2e80034	aac(6')-Ie/aph(2'')-Ia	bifunctional aminoglycoside N-acetyltransferase AAC(6')-Ie/aminoglycoside O-phosphotransferase APH(2'')-Ia	core	AMR	AMR	AMINOGLYCOSIDE	AMIKACIN/GENTAMICIN/KANAMYCIN/TOBRAMYCIN	BLASTP	479	479	100.00	99.79	479	WP_001028144.1	bifunctional aminoglycoside N-acetyltransferase AAC(6')-Ie/aminoglycoside O-phosphotransferase APH(2'')-Ia	NF000508.1	aminoglycoside O-phosphotransferase APH(2'')-Ia
eb6a1f291c3db9edb2e62273b4cb2ef8	blaSHV-5	extended-spectrum class A beta-lactamase SHV-5	core	AMR	AMR	BETA-LACTAM	CEPHALOSPORIN	ALLELEP	286	286	100.00	100.00	286	WP_011117369.1	extended-spectrum class A beta-lactamase SHV-5	NF000285.3	SHV family class A beta-lactamase
eb79cc88e05d15e684157730ea4c4273	tet(A)	tetracycline efflux MFS transporter Tet(A)	core	AMR	AMR	TETRACYCLINE	TETRACYCLINE	BLASTP	399	399	100.00	99.75	399	WP_000804064.1	tetracycline efflux MFS transporter Tet(A)	NF012193.0	tetracycline efflux MFS transporter Tet(A)
ebad712da9cec6b5f66ff3512f2ee7ac	erm(C)	23S rRNA (adenine(2058)-N(6))-methyltransferase Erm(C)	core	AMR	AMR	LINCOSAMIDE/MACROLIDE/STREPTOGRAMIN	CLINDAMYCIN/ERYTHROMYCIN/STREPTOGRAMIN B/TYLOSIN	BLASTP	244	244	100.00	99.18	244	WP_032492416.1	23S rRNA (adenine(2058)-N(6))-methyltransferase Erm(C)	NF012219.1	23S rRNA (adenine(2058)-N(6))-methyltransferase Erm(C)
ebb789eb914a7a0a073cb84e8fb69732	aac(6')	aminoglycoside 6'-N-acetyltransferase	core	AMR	AMR	AMINOGLYCOSIDE	AMINOGLYCOSIDE	EXACTP	184	184	100.00	100.00	184	WP_071846239.1	aminoglycoside 6'-N-acetyltransferase	NF012165.0	aminoglycoside 6'-N-acetyltransferase
ebd622c5862e78f76342a4c596bafa55	erm(B)	23S rRNA (adenine(2058)-N(6))-methyltransferase Erm(B)	core	AMR	AMR	LINCOSAMIDE/MACROLIDE/STREPTOGRAMIN	CLINDAMYCIN/ERYTHROMYCIN/STREPTOGRAMIN B	BLASTP	245	245	100.00	99.59	245	WP_002321849.1	23S rRNA (adenine(2058)-N(6))-methyltransferase Erm(B)	NF012220.1	23S rRNA (adenine(2058)-N(6))-methyltransferase Erm(B)
ec1dae7595400a6b11cdbaf4cc514b4b	qacE	quaternary ammonium compound efflux SMR transporter QacE	core	STRESS	BIOCIDE	QUATERNARY AMMONIUM	QUATERNARY AMMONIUM	BLASTP	122	115	100.00	94.26	122	WP_000679427.1	quaternary ammonium compound efflux SMR transporter QacE delta 1	NF000276.2	quaternary ammonium compound efflux SMR transporter QacE
ec86476caf6a5e175f10eb4b8b561e1e	tet(M)	tetracycline resistance ribosomal protection protein Tet(M)	core	AMR	AMR	TETRACYCLINE	TETRACYCLINE	BLASTP	640	639	100.00	99.84	640	WP_001574275.1	tetracycline resistance ribosomal protection protein Tet(M)	NF012155.1	tetracycline resistance ribosomal protection protein Tet(M)
ecda8ba545e860e13bc15c2fef687796	aac(6')-Il	aminoglycoside N-acetyltransferase AAC(6')-Il	core	AMR	AMR	AMINOGLYCOSIDE	AMIKACIN/KANAMYCIN/TOBRAMYCIN	EXACTP	152	152	100.00	100.00	152	WP_013263788.1	aminoglycoside N-acetyltransferase AAC(6')-Il	NF000158.2	aminoglycoside N-acetyltransferase AAC(6')-Il
ecf9a9b6c39a18692b22e7a136d51361	floR	chloramphenicol/florfenicol efflux MFS transporter FloR	core	AMR	AMR	PHENICOL	CHLORAMPHENICOL/FLORFENICOL	BLASTP	404	404	100.00	99.50	404	WP_000214121.1	chloramphenicol/florfenicol efflux MFS transporter FloR	NF000219.1	chloramphenicol/florfenicol efflux MFS transporter FloR
ed2e2bf0e47af902a6eb428ad28277d0	blaCTX-M-64	extended-spectrum class A beta-lactamase CTX-M-64	core	AMR	AMR	BETA-LACTAM	CEPHALOSPORIN	ALLELEP	291	291	100.00	100.00	291	WP_032492042.1	extended-spectrum class A beta-lactamase CTX-M-64	NF033089.1	CTX-M family extended-spectrum class A beta-lactamase
ed68aab7a2b2d4f94acfac102bb79bbf	tet(A)	tetracycline efflux MFS transporter Tet(A)	core	AMR	AMR	TETRACYCLINE	TETRACYCLINE	BLASTP	399	399	100.00	99.50	399	WP_000804064.1	tetracycline efflux MFS transporter Tet(A)	NF012193.0	tetracycline efflux MFS transporter Tet(A)
ed6ee263bf0f18fa63120fc8e228d72c	floR	chloramphenicol/florfenicol efflux MFS transporter FloR	core	AMR	AMR	PHENICOL	CHLORAMPHENICOL/FLORFENICOL	BLASTP	404	404	100.00	96.29	404	WP_001747811.1	chloramphenicol/florfenicol efflux MFS transporter FloR	NF000219.1	chloramphenicol/florfenicol efflux MFS transporter FloR
ed70b861a16c06352be9b91fd4cf6f6c	cfr	23S rRNA (adenine(2503)-C(8))-methyltransferase Cfr	core	AMR	AMR	LINCOSAMIDE/OXAZOLIDINONE/PHENICOL/PLEUROMUTILIN/STREPTOGRAMIN	CHLORAMPHENICOL/CLINDAMYCIN/FLORFENICOL/LINEZOLID/STREPTOGRAMIN B/TIAMULIN/VIRGINIAMYCIN	BLASTP	349	349	100.00	99.71	349	WP_001010505.1	23S rRNA (adenine(2503)-C(8))-methyltransferase Cfr	NF000424.4	Cfr family 23S rRNA (adenine(2503)-C(8))-methyltransferase
edd31815255316dc59a36f9b4fb8cc0a	blaZ	penicillin-hydrolyzing class A beta-lactamase BlaZ	core	AMR	AMR	BETA-LACTAM	BETA-LACTAM	EXACTP	281	281	100.00	100.00	281	WP_000733275.1	penicillin-hydrolyzing class A beta-lactamase BlaZ	NF033139.1	penicillin-hydrolyzing class A beta-lactamase BlaZ
edda94753d4be4968e1ee8c4da20cb96	dfrA45	trimethoprim-resistant dihydrofolate reductase DfrA45	core	AMR	AMR	TRIMETHOPRIM	TRIMETHOPRIM	EXACTP	164	164	100.00	100.00	164	WP_049581834.1	trimethoprim-resistant dihydrofolate reductase DfrA45	NA	NA
ee0f04a24ae3ff09c308160abfa573d3	aadA2	ANT(3'')-Ia family aminoglycoside nucleotidyltransferase AadA2	core	AMR	AMR	AMINOGLYCOSIDE	STREPTOMYCIN	BLASTP	263	263	100.00	99.62	263	WP_071846198.1	ANT(3'')-Ia family aminoglycoside nucleotidyltransferase AadA2	NF012157.0	ANT(3'')-I family aminoglycoside nucleotidyltransferase
ee50cc997fc0a98835860e7b284393bd	optrA	ABC-F type ribosomal protection protein OptrA	core	AMR	AMR	OXAZOLIDINONE/PHENICOL	FLORFENICOL/OXAZOLIDINONE	BLASTP	655	655	100.00	99.39	655	WP_063854496.1	ABC-F type ribosomal protection protein OptrA	NF000514.1	ABC-F type ribosomal protection protein OptrA
ee984d3bac3bd715dc7f08467cb1a95e	catB11	type B-2 chloramphenicol O-acetyltransferase CatB11	core	AMR	AMR	PHENICOL	CHLORAMPHENICOL	ALLELEP	210	210	100.00	100.00	210	WP_000800689.1	type B-2 chloramphenicol O-acetyltransferase CatB11	NF000490.1	type B chloramphenicol O-acetyltransferase
eef4865c98aa929d769add9f547c97d2	aph(6)-Id	aminoglycoside O-phosphotransferase APH(6)-Id	core	AMR	AMR	AMINOGLYCOSIDE	STREPTOMYCIN	BLASTP	278	278	100.00	99.64	278	WP_000480968.1	aminoglycoside O-phosphotransferase APH(6)-Id	NF012171.0	APH(6)-I family aminoglycoside O-phosphotransferase
ef691221ac9250bcd467f24af78cddd2	floR	chloramphenicol/florfenicol efflux MFS transporter FloR	core	AMR	AMR	PHENICOL	CHLORAMPHENICOL/FLORFENICOL	BLASTP	404	404	100.00	99.50	404	WP_000214123.1	chloramphenicol/florfenicol efflux MFS transporter FloR	NF000219.1	chloramphenicol/florfenicol efflux MFS transporter FloR
ef845a15add631d8182dbb21dc1d932b	optrA	ABC-F type ribosomal protection protein OptrA	core	AMR	AMR	OXAZOLIDINONE/PHENICOL	FLORFENICOL/OXAZOLIDINONE	BLASTP	637	655	97.25	99.53	637	WP_063854496.1	ABC-F type ribosomal protection protein OptrA	NF000514.1	ABC-F type ribosomal protection protein OptrA
ef9ee84069b7cd5c6cf31cd00e5d5718	blaLAP-1	class A beta-lactamase LAP-1	core	AMR	AMR	BETA-LACTAM	BETA-LACTAM	ALLELEP	285	285	100.00	100.00	285	WP_031942394.1	class A beta-lactamase LAP-1	NF000383.2	LAP family class A beta-lactamase
efa324245f2ce63826c4f73124261015	msr(A)	ABC-F type ribosomal protection protein Msr(A)	core	AMR	AMR	MACROLIDE/STREPTOGRAMIN	ERYTHROMYCIN/STREPTOGRAMIN B	EXACTP	488	488	100.00	100.00	488	WP_000438874.1	ABC-F type ribosomal protection protein Msr(A)	NF000256.1	ABC-F type ribosomal protection protein Msr(A)
f00b1da21d8ffa96922628df3b891dea	blaNDM-6	subclass B1 metallo-beta-lactamase NDM-6	core	AMR	AMR	BETA-LACTAM	CARBAPENEM	ALLELEP	270	270	100.00	100.00	270	WP_032495384.1	subclass B1 metallo-beta-lactamase NDM-6	NF000259.2	NDM family subclass B1 metallo-beta-lactamase
f04c939bc652b6517f2d87059ebefbf3	dfrA25	trimethoprim-resistant dihydrofolate reductase DfrA25	core	AMR	AMR	TRIMETHOPRIM	TRIMETHOPRIM	EXACTP	157	157	100.00	100.00	157	WP_029391998.1	trimethoprim-resistant dihydrofolate reductase DfrA25	NF000330.1	trimethoprim-resistant dihydrofolate reductase DfrA
f09e8657a6db8947b07113e80c77400c	aac(6')-33	aminoglycoside 6'-N-acetyltransferase AAC(6')-33	core	AMR	AMR	AMINOGLYCOSIDE	AMINOGLYCOSIDE	ALLELEP	184	184	100.00	100.00	184	WP_015059044.1	aminoglycoside 6'-N-acetyltransferase AAC(6')-33	NF033078.2	AAC(6')-Ia family aminoglycoside 6'-N-acetyltransferase
f0f4d01b78dda0217a4e3ff4d20b46e2	optrA	ABC-F type ribosomal protection protein OptrA	core	AMR	AMR	OXAZOLIDINONE/PHENICOL	FLORFENICOL/OXAZOLIDINONE	BLASTP	637	655	97.25	99.84	637	WP_063854496.1	ABC-F type ribosomal protection protein OptrA	NF000514.1	ABC-F type ribosomal protection protein OptrA
f11ce349e929083bc3f81db5d4af4114	aph(6)-Ic	aminoglycoside O-phosphotransferase APH(6)-Ic	core	AMR	AMR	AMINOGLYCOSIDE	STREPTOMYCIN	PARTIALP	200	280	67.50	100.00	189	WP_000116906.1	aminoglycoside O-phosphotransferase APH(6)-Ic	NA	NA
f1672c2ae6617d5fe4abba8b0a5f64c0	aph(6)-Id	aminoglycoside O-phosphotransferase APH(6)-Id	core	AMR	AMR	AMINOGLYCOSIDE	STREPTOMYCIN	BLASTP	277	278	100.00	99.28	278	WP_000480968.1	aminoglycoside O-phosphotransferase APH(6)-Id	NF012171.0	APH(6)-I family aminoglycoside O-phosphotransferase
f18c690744789122eba095d9c5f2b77f	oqxB	multidrug efflux RND transporter permease subunit OqxB	core	AMR	AMR	PHENICOL/QUINOLONE	PHENICOL/QUINOLONE	BLASTP	1050	1050	100.00	99.90	1050	WP_000347934.1	multidrug efflux RND transporter permease subunit OqxB	NF000037.1	multidrug efflux RND transporter permease subunit OqxB
f1afbbc50e47e792c5617c91afa6b659	sul2	sulfonamide-resistant dihydropteroate synthase Sul2	core	AMR	AMR	SULFONAMIDE	SULFONAMIDE	BLASTP	271	271	100.00	99.63	271	WP_001043260.1	sulfonamide-resistant dihydropteroate synthase Sul2	NF000295.1	sulfonamide-resistant dihydropteroate synthase Sul2
f1c3aa427da8b0e0b6e1dc2ce537060d	ant(6)-Ia	aminoglycoside nucleotidyltransferase ANT(6)-Ia	core	AMR	AMR	AMINOGLYCOSIDE	STREPTOMYCIN	EXACTP	302	302	100.00	100.00	302	WP_001255866.1	aminoglycoside nucleotidyltransferase ANT(6)-Ia	NF033084.2	aminoglycoside 6-nucleotidyltransferase
f1fdb424674306a0793d642134cea5d7	blaCTX-M-32	extended-spectrum class A beta-lactamase CTX-M-32	core	AMR	AMR	BETA-LACTAM	CEPHALOSPORIN	ALLELEP	291	291	100.00	100.00	291	WP_000239591.1	extended-spectrum class A beta-lactamase CTX-M-32	NF033089.1	CTX-M family extended-spectrum class A beta-lactamase
f22d7d9525415662bf7927647072a808	aac(6')-Ib11	aminoglycoside N-acetyltransferase AAC(6')-Ib11	core	AMR	AMR	AMINOGLYCOSIDE	AMIKACIN/GENTAMICIN/KANAMYCIN/TOBRAMYCIN	BLASTP	186	189	93.65	96.67	180	WP_032490438.1	aminoglycoside N-acetyltransferase AAC(6')-Ib11	NF033074.0	AAC(6')-Ib family aminoglycoside 6'-N-acetyltransferase
f29373a168ca6501c30f0e7979a59163	ble	bleomycin binding protein Ble-MBL	core	AMR	AMR	BLEOMYCIN	BLEOMYCIN	BLASTP	121	121	100.00	97.52	121	WP_004201167.1	bleomycin binding protein Ble-MBL	NF012202.0	bleomycin binding protein Ble-MBL
f2dc391acd670ecc15cde4b334d94aa2	floR	chloramphenicol/florfenicol efflux MFS transporter FloR	core	AMR	AMR	PHENICOL	CHLORAMPHENICOL/FLORFENICOL	BLASTP	404	404	100.00	99.75	404	WP_000214121.1	chloramphenicol/florfenicol efflux MFS transporter FloR	NF000219.1	chloramphenicol/florfenicol efflux MFS transporter FloR
f2e5eda62313e3420e4d9f3f561f5a65	catB3	type B-3 chloramphenicol O-acetyltransferase CatB3	core	AMR	AMR	PHENICOL	CHLORAMPHENICOL	BLASTP	193	210	91.90	99.48	193	WP_000186237.1	type B-3 chloramphenicol O-acetyltransferase CatB3	NF000490.1	type B chloramphenicol O-acetyltransferase
f2e813fccfee0b7dd79d1e28eeb6ba3f	qepA9	fluoroquinolone efflux MFS transporter QepA9	core	AMR	AMR	QUINOLONE	QUINOLONE	ALLELEP	511	511	100.00	100.00	511	WP_112021705.1	fluoroquinolone efflux MFS transporter QepA9	NF012169.0	fluoroquinolone efflux MFS transporter QepA
f3020c5ca5370f249d0f1eab05e055fb	qacL	quaternary ammonium compound efflux SMR transporter QacL	core	STRESS	BIOCIDE	QUATERNARY AMMONIUM	QUATERNARY AMMONIUM	EXACTP	110	110	100.00	100.00	110	WP_000800531.1	quaternary ammonium compound efflux SMR transporter QacL	NF000067.2	QacF/QacL family quaternary ammonium compound efflux SMR transporter
f3a7173f1924b71d63ea93ea1c011476	fosA8	fosfomycin resistance glutathione transferase FosA8	core	AMR	AMR	FOSFOMYCIN	FOSFOMYCIN	ALLELEP	141	141	100.00	100.00	141	WP_063277905.1	fosfomycin resistance glutathione transferase FosA8	NF033933.0	FosA8 family fosfomycin resistance glutathione transferase
f3f9605c34c34f7de3f76e0c81d44c1a	aph(3')-Ia	aminoglycoside O-phosphotransferase APH(3')-Ia	core	AMR	AMR	AMINOGLYCOSIDE	KANAMYCIN	BLASTP	271	271	100.00	99.26	271	WP_000018329.1	aminoglycoside O-phosphotransferase APH(3')-Ia	NF051474.1	aminoglycoside O-phosphotransferase APH(3')-Ia
f40f2ad77e312ddc074f66bb658abfb1	blaTEM-190	class A beta-lactamase TEM-190	core	AMR	AMR	BETA-LACTAM	BETA-LACTAM	ALLELEP	286	286	100.00	100.00	286	WP_063864887.1	class A beta-lactamase TEM-190	NF000531.2	TEM family class A beta-lactamase
f42467a51de748386f41d5531e70e90e	oqxA2	multidrug efflux RND transporter periplasmic adaptor subunit OqxA2	core	AMR	AMR	PHENICOL/QUINOLONE	PHENICOL/QUINOLONE	ALLELEP	391	391	100.00	100.00	391	WP_063865358.1	multidrug efflux RND transporter periplasmic adaptor subunit OqxA2	NF000272.1	multidrug efflux RND transporter periplasmic adaptor subunit OqxA
f43c5aba86d1ed6e3f2e2a6d77dfb8bd	lnu(F)	lincosamide nucleotidyltransferase Lnu(F)	core	AMR	AMR	LINCOSAMIDE	LINCOSAMIDE	EXACTP	273	273	100.00	100.00	273	WP_070342367.1	lincosamide nucleotidyltransferase Lnu(F)	NF000119.1	lincosamide nucleotidyltransferase Lnu(F)
f4cc895df1459e03b31b8cbeef2823be	armA	16S rRNA (guanine(1405)-N(7))-methyltransferase ArmA	core	AMR	AMR	AMINOGLYCOSIDE	GENTAMICIN	BLASTP	257	257	100.00	99.61	257	WP_000359986.1	16S rRNA (guanine(1405)-N(7))-methyltransferase ArmA	NF000466.2	Rmt family 16S rRNA (guanine(1405)-N(7))-methyltransferase
f4f2f11515118e8c5efcf35c8c3b3959	aac(6')	aminoglycoside 6'-N-acetyltransferase	core	AMR	AMR	AMINOGLYCOSIDE	AMINOGLYCOSIDE	HMM	156	148	96.62	56.64	143	WP_026868862.1	aminoglycoside 6'-N-acetyltransferase	NF043067.1	aminoglycoside 6'-N-acetyltransferase
f501d109a474645f082f18d8288da666	blaIMP-4	subclass B1 metallo-beta-lactamase IMP-4	core	AMR	AMR	BETA-LACTAM	CARBAPENEM	ALLELEP	246	246	100.00	100.00	246	WP_015060105.1	subclass B1 metallo-beta-lactamase IMP-4	NF012147.1	IMP family subclass B1 metallo-beta-lactamase
f5836796a86d25c1d7a880d9e9a0b524	catA1	type A-1 chloramphenicol O-acetyltransferase	core	AMR	AMR	PHENICOL	CHLORAMPHENICOL	BLASTP	215	219	98.17	99.53	215	WP_000412211.1	type A-1 chloramphenicol O-acetyltransferase	NF000491.1	type A chloramphenicol O-acetyltransferase
f59a1b210442a81b17a9ca78a1d5bd20	vat(E)	streptogramin A O-acetyltransferase Vat(E)	core	AMR	AMR	STREPTOGRAMIN	STREPTOGRAMIN	BLASTP	214	214	100.00	99.53	214	WP_063856929.1	streptogramin A O-acetyltransferase Vat(E)	NF000020.1	streptogramin A O-acetyltransferase Vat(E)
f5d59aa3806a83ff6ff5cc94d863a0bf	aac(6')-Ib-cr	fluoroquinolone-acetylating aminoglycoside 6'-N-acetyltransferase AAC(6')-Ib-cr	core	AMR	AMR	AMINOGLYCOSIDE/QUINOLONE	AMIKACIN/KANAMYCIN/QUINOLONE/TOBRAMYCIN	BLASTP	183	184	100.00	99.46	184	WP_063840321.1	fluoroquinolone-acetylating aminoglycoside 6'-N-acetyltransferase AAC(6')-Ib-cr5	NF033074.0	AAC(6')-Ib family aminoglycoside 6'-N-acetyltransferase
f5e78b7d73fe435809ab0a6ca5915ddd	floR	chloramphenicol/florfenicol efflux MFS transporter FloR	core	AMR	AMR	PHENICOL	CHLORAMPHENICOL/FLORFENICOL	BLASTP	404	404	100.00	99.50	404	WP_000214119.1	chloramphenicol/florfenicol efflux MFS transporter FloR	NF000219.1	chloramphenicol/florfenicol efflux MFS transporter FloR
f5ebd40c46fdbb253072e057b177bcc1	ble	BLMT family bleomycin binding protein	core	AMR	AMR	BLEOMYCIN	BLEOMYCIN	HMM	119	126	92.86	74.36	117	WP_000131935.1	BLMT family bleomycin binding protein	NF000005.4	BLMT family bleomycin binding protein
f5f4884d5abf99f1a75bcb99c8ed6b9f	oqxB	multidrug efflux RND transporter permease subunit OqxB	core	AMR	AMR	PHENICOL/QUINOLONE	PHENICOL/QUINOLONE	BLASTP	1050	1050	99.90	98.00	1049	WP_004174783.1	multidrug efflux RND transporter permease subunit OqxB5	NF000037.1	multidrug efflux RND transporter permease subunit OqxB
f5ff28639ffba5240482aac9dd5afeb7	qacC	quaternary ammonium compound efflux SMR transporter QacC	core	STRESS	BIOCIDE	QUATERNARY AMMONIUM	QUATERNARY AMMONIUM	BLASTP	107	107	100.00	99.07	107	WP_001146389.1	quaternary ammonium compound efflux SMR transporter QacC	NF000023.1	quaternary ammonium compound efflux SMR transporter QacC
f5fffac96d7f4a75b37c43c6182f8968	lnu(G)	lincosamide nucleotidyltransferase Lnu(G)	core	AMR	AMR	LINCOSAMIDE	LINCOSAMIDE	EXACTP	267	267	100.00	100.00	267	WP_002333496.1	lincosamide nucleotidyltransferase Lnu(G)	NF033182.0	lincosamide nucleotidyltransferase Lnu(G)
f604980f7022bf78881db7595bb4ae74	aadA1	ANT(3'')-Ia family aminoglycoside nucleotidyltransferase AadA1	core	AMR	AMR	AMINOGLYCOSIDE	STREPTOMYCIN	BLASTP	263	263	100.00	99.62	263	WP_001206316.1	ANT(3'')-Ia family aminoglycoside nucleotidyltransferase AadA1	NF033126.1	ANT(3'')-Ia family aminoglycoside nucleotidyltransferase AadA1
f62827a5b920b51f5426248bf82f1633	blaZ	penicillin-hydrolyzing class A beta-lactamase BlaZ	core	AMR	AMR	BETA-LACTAM	BETA-LACTAM	BLASTP	281	281	100.00	98.93	281	WP_000733283.1	BlaZ family penicillin-hydrolyzing class A beta-lactamase PC1	NF033139.1	penicillin-hydrolyzing class A beta-lactamase BlaZ
f666a3039aa3f6f70a90306e056a0807	bleO	bleomycin binding protein	core	AMR	AMR	BLEOMYCIN	BLEOMYCIN	BLASTP	128	134	95.52	97.66	128	WP_001242578.1	bleomycin binding protein	NF000027.1	bleomycin binding protein
f6c1af24995e734e4586857f3f44c845	bla	class A beta-lactamase	core	AMR	AMR	BETA-LACTAM	BETA-LACTAM	HMM	312	306	100.00	78.10	306	WP_003171307.1	class A beta-lactamase	NF012167.0	class A beta-lactamase
f6c658edba74900256c040a11b462f41	blaOXA	class D beta-lactamase	core	AMR	AMR	BETA-LACTAM	BETA-LACTAM	HMM	262	262	99.62	61.74	264	WP_420354141.1	class D beta-lactamase	NF012161.0	class D beta-lactamase
f6da70cb15a570d7aefe8592d895d756	tet(Y)	tetracycline efflux MFS transporter Tet(Y)	core	AMR	AMR	TETRACYCLINE	TETRACYCLINE	BLASTP	391	391	100.00	99.74	391	WP_063856459.1	tetracycline efflux MFS transporter Tet(Y)	NF012188.1	tetracycline efflux MFS transporter Tet(Y)
f6ebde3857794f5067df63615f37859b	mupA	mupirocin-resistant isoleucine--tRNA ligase MupA	core	AMR	AMR	MUPIROCIN	MUPIROCIN	BLASTP	1024	1024	100.00	99.90	1024	WP_000163435.1	mupirocin-resistant isoleucine--tRNA ligase MupA	NF000257.1	mupirocin-resistant isoleucine--tRNA ligase MupA
f743014a8ad41831db0e5284fb95a4ba	blaSHV-11	broad-spectrum class A beta-lactamase SHV-11	core	AMR	AMR	BETA-LACTAM	BETA-LACTAM	ALLELEP	286	286	100.00	100.00	286	WP_004176269.1	broad-spectrum class A beta-lactamase SHV-11	NF000285.3	SHV family class A beta-lactamase
f7a973154c7f7fc443d1911b706b55e1	aph(4)-Ia	aminoglycoside O-phosphotransferase APH(4)-Ia	core	AMR	AMR	AMINOGLYCOSIDE	HYGROMYCIN	BLASTP	341	341	100.00	99.71	341	WP_000742814.1	aminoglycoside O-phosphotransferase APH(4)-Ia	NF000107.2	aminoglycoside O-phosphotransferase APH(4)-Ia
f7c9c0653d15b3627c161ed9cca1cc18	erm	23S ribosomal RNA methyltransferase Erm	core	AMR	AMR	MACROLIDE	MACROLIDE	HMM	290	301	94.68	48.25	286	WP_052259183.1	23S ribosomal RNA methyltransferase Erm	NF000499.2	23S ribosomal RNA methyltransferase Erm
f836f520e5924a2d0dee0ba64af93f6b	blaI	penicillinase repressor BlaI	core	AMR	AMR	BETA-LACTAM	BETA-LACTAM	EXACTP	126	126	100.00	100.00	126	WP_001284656.1	penicillinase repressor BlaI	NF000186.1	penicillinase repressor BlaI
f87db4b1139e9c86962eb797c592b6cf	tmexC	multidrug efflux RND transporter periplasmic adaptor subunit TMexC	core	AMR	AMR	TETRACYCLINE	TIGECYCLINE	BLASTP	387	387	100.00	98.97	387	WP_118842626.1	multidrug efflux RND transporter periplasmic adaptor subunit TMexC1	NA	NA
f8ab5a3822520d8997f1ef28bc62925a	rmtF1	16S rRNA (guanine(1405)-N(7))-methyltransferase RmtF1	core	AMR	AMR	AMINOGLYCOSIDE	AMINOGLYCOSIDE	ALLELEP	259	259	100.00	100.00	259	WP_015632396.1	16S rRNA (guanine(1405)-N(7))-methyltransferase RmtF1	NF000113.1	RmtF family 16S rRNA (guanine(1405)-N(7))-methyltransferase
f8f51323c364a1ff877f1bbd236a9775	tet(X5)	tetracycline-inactivating monooxygenase Tet(X5)	core	AMR	AMR	TETRACYCLINE	TIGECYCLINE	BLASTP	388	388	100.00	98.71	388	WP_150378267.1	tetracycline-inactivating monooxygenase Tet(X5)	NF033111.2	tetracycline-inactivating monooxygenase Tet(X)
f904f5d2c8a82f7315918fe0d9c9c3b4	qnrD1	quinolone resistance pentapeptide repeat protein QnrD1	core	AMR	AMR	QUINOLONE	QUINOLONE	ALLELEP	214	214	100.00	100.00	214	WP_012634451.1	quinolone resistance pentapeptide repeat protein QnrD1	NF000139.2	QnrD family quinolone resistance pentapeptide repeat protein
f95f68025ae6d10758cd7ed7f5b4b19f	ant(2'')-Ia	aminoglycoside nucleotidyltransferase ANT(2'')-Ia	core	AMR	AMR	AMINOGLYCOSIDE	GENTAMICIN/KANAMYCIN/TOBRAMYCIN	EXACTP	177	177	100.00	100.00	177	WP_000381802.1	aminoglycoside nucleotidyltransferase ANT(2'')-Ia	NF000064.3	aminoglycoside nucleotidyltransferase ANT(2'')-Ia
f975cb49305ac5df479c5429c65e5fa2	blaCTX-M-90	extended-spectrum class A beta-lactamase CTX-M-90	core	AMR	AMR	BETA-LACTAM	CEPHALOSPORIN	ALLELEP	291	291	100.00	100.00	291	WP_063860088.1	extended-spectrum class A beta-lactamase CTX-M-90	NF033089.1	CTX-M family extended-spectrum class A beta-lactamase
f9c24343343fe1b42e7c5dcbcc71f77c	tet(L)	tetracycline efflux MFS transporter Tet(L)	core	AMR	AMR	TETRACYCLINE	TETRACYCLINE	BLASTP	458	458	100.00	98.69	458	WP_002294500.1	tetracycline efflux MFS transporter Tet(L)	NF012185.0	tetracycline efflux MFS transporter Tet(L)
fa01588525846f5fe9de1c3ccf23b1bc	qnrS2	quinolone resistance pentapeptide repeat protein QnrS2	core	AMR	AMR	QUINOLONE	QUINOLONE	ALLELEP	218	218	100.00	100.00	218	WP_012537714.1	quinolone resistance pentapeptide repeat protein QnrS2	NF000056.3	QnrS family quinolone resistance pentapeptide repeat protein
fa02a62305c573a6d18f1bb87247cb3b	aac(3)-IVa	aminoglycoside N-acetyltransferase AAC(3)-IVa	core	AMR	AMR	AMINOGLYCOSIDE	APRAMYCIN/GENTAMICIN/TOBRAMYCIN	BLASTP	258	258	100.00	99.61	258	WP_001199192.1	aminoglycoside N-acetyltransferase AAC(3)-IVa	NF033081.0	AAC(3)-IV family aminoglycoside N-acetyltransferase
fa06a7eb9b70ce2267bde057b0da1aa8	mrx(A)	phosphorylated macrolide efflux MFS transporter Mrx(A)	core	AMR	AMR	MACROLIDE	AZITHROMYCIN/ERYTHROMYCIN/SPIRAMYCIN/TELITHROMYCIN	BLASTP	423	412	98.79	98.03	407	WP_000004159.1	phosphorylated macrolide efflux MFS transporter Mrx(A)	NA	NA
fa3d034720614ea5bbb6ff98e51a067a	blaR1	beta-lactam sensor/signal transducer BlaR1	core	AMR	AMR	BETA-LACTAM	BETA-LACTAM	BLASTP	585	585	100.00	98.80	585	WP_001096392.1	beta-lactam sensor/signal transducer BlaR1	NF033108.1	beta-lactam sensor/signal transducer BlaR1
fa4d7b1b9650eaff659ef5ae015e7580	oqxA	multidrug efflux RND transporter periplasmic adaptor subunit OqxA	core	AMR	AMR	PHENICOL/QUINOLONE	PHENICOL/QUINOLONE	EXACTP	391	391	100.00	100.00	391	WP_002914189.1	multidrug efflux RND transporter periplasmic adaptor subunit OqxA	NF000272.1	multidrug efflux RND transporter periplasmic adaptor subunit OqxA
fa7308b3901d8a353ffd82c54a3953c1	vanA	D-alanine--(R)-lactate ligase VanA	core	AMR	AMR	GLYCOPEPTIDE	VANCOMYCIN	PARTIALP	228	343	66.47	100.00	228	WP_001079845.1	D-alanine--(R)-lactate ligase VanA	NA	NA
fa9669e62b94a33dbc833703480d093a	tet(M)	tetracycline resistance ribosomal protection protein Tet(M)	core	AMR	AMR	TETRACYCLINE	TETRACYCLINE	PARTIALP	346	639	54.15	100.00	346	WP_000691727.1	tetracycline resistance ribosomal protection protein Tet(M)	NA	NA
fabe23ab91fcb0b264170bcab7162d34	vanY-A	D-Ala-D-Ala carboxypeptidase VanY-A	core	AMR	AMR	GLYCOPEPTIDE	VANCOMYCIN	EXACTP	303	303	100.00	100.00	303	WP_001812592.1	D-Ala-D-Ala carboxypeptidase VanY-A	NF000472.1	VanY-A/VanY-F/VanY-M family D-Ala-D-Ala carboxypeptidase
fadadc465612de9909ffa213ff7064ce	tet(X4)	tetracycline-inactivating monooxygenase Tet(X4)	core	AMR	AMR	TETRACYCLINE	TIGECYCLINE	EXACTP	385	385	100.00	100.00	385	WP_094309310.1	tetracycline-inactivating monooxygenase Tet(X4)	NF033111.2	tetracycline-inactivating monooxygenase Tet(X)
fb0c08534e7e71f0b99ad9fadd0b017d	blaNDM-4	subclass B1 metallo-beta-lactamase NDM-4	core	AMR	AMR	BETA-LACTAM	CARBAPENEM	ALLELEP	270	270	100.00	100.00	270	WP_063860861.1	subclass B1 metallo-beta-lactamase NDM-4	NF000259.2	NDM family subclass B1 metallo-beta-lactamase
fb887cdf9917640b8ecd50446239badb	aph(3')-XV	aminoglycoside O-phosphotransferase APH(3')-XV	core	AMR	AMR	AMINOGLYCOSIDE	AMIKACIN/KANAMYCIN	EXACTP	264	264	100.00	100.00	264	WP_019407932.1	aminoglycoside O-phosphotransferase APH(3')-XV	NF033063.0	aminoglycoside O-phosphotransferase APH(3')-XV
fba294cd77b9db0c7c628ae1eb0c4561	blaZ	penicillin-hydrolyzing class A beta-lactamase BlaZ	core	AMR	AMR	BETA-LACTAM	BETA-LACTAM	BLASTP	281	281	100.00	99.64	281	WP_000733274.1	penicillin-hydrolyzing class A beta-lactamase BlaZ	NF033139.1	penicillin-hydrolyzing class A beta-lactamase BlaZ
fbb2ce69c1e6f9a78f4a5d8f6da27569	tet(E)	tetracycline efflux MFS transporter Tet(E)	core	AMR	AMR	TETRACYCLINE	TETRACYCLINE	EXACTP	405	405	100.00	100.00	405	WP_032490168.1	tetracycline efflux MFS transporter Tet(E)	NF012187.0	tetracycline efflux MFS transporter Tet(E)
fbcf0b7cff8f320cdfb797f17ce017be	qacA	quaternary ammonium compound efflux MFS transporter QacA	core	STRESS	BIOCIDE	QUATERNARY AMMONIUM	QUATERNARY AMMONIUM	EXACTP	514	514	100.00	100.00	514	WP_000622776.1	quaternary ammonium compound efflux MFS transporter QacA	NF000089.1	QacA/B family quaternary ammonium compound efflux MFS transporter
fbd431c21014d3b2944b378e2f3a4600	aph(6)-Ic	aminoglycoside O-phosphotransferase APH(6)-Ic	core	AMR	AMR	AMINOGLYCOSIDE	STREPTOMYCIN	PARTIALP	258	280	66.07	99.46	185	WP_000116906.1	aminoglycoside O-phosphotransferase APH(6)-Ic	NA	NA
fc5d0ce56605931c8ec7aa6ca9fa36be	mph(E)	Mph(E) family macrolide 2'-phosphotransferase	core	AMR	AMR	MACROLIDE	ERYTHROMYCIN	BLASTP	294	294	100.00	99.66	294	WP_000155092.1	Mph(E) family macrolide 2'-phosphotransferase	NF012158.1	Mph(E) family macrolide 2'-phosphotransferase
fc912fe2be85ccc981d0384ccc4dbfcf	dfrA17	trimethoprim-resistant dihydrofolate reductase DfrA17	core	AMR	AMR	TRIMETHOPRIM	TRIMETHOPRIM	EXACTP	157	157	100.00	100.00	157	WP_001389366.1	trimethoprim-resistant dihydrofolate reductase DfrA17	NF000330.1	trimethoprim-resistant dihydrofolate reductase DfrA
fcae84b9bd053300daee6c7710871925	qacA	quaternary ammonium compound efflux MFS transporter QacA	core	STRESS	BIOCIDE	QUATERNARY AMMONIUM	QUATERNARY AMMONIUM	BLASTP	514	514	100.00	99.61	514	WP_000622776.1	quaternary ammonium compound efflux MFS transporter QacA	NF000089.1	QacA/B family quaternary ammonium compound efflux MFS transporter
fd2a1e4266c3617f087b8f2bca65e616	aac(6')-Ie/aph(2'')-Ia	bifunctional aminoglycoside N-acetyltransferase AAC(6')-Ie/aminoglycoside O-phosphotransferase APH(2'')-Ia	core	AMR	AMR	AMINOGLYCOSIDE	AMIKACIN/GENTAMICIN/KANAMYCIN/TOBRAMYCIN	EXACTP	479	479	100.00	100.00	479	WP_001028144.1	bifunctional aminoglycoside N-acetyltransferase AAC(6')-Ie/aminoglycoside O-phosphotransferase APH(2'')-Ia	NF000508.1	aminoglycoside O-phosphotransferase APH(2'')-Ia
fd6db61df60443f5b0f7ff41038a618a	tet(K)	tetracycline efflux MFS transporter Tet(K)	core	AMR	AMR	TETRACYCLINE	TETRACYCLINE	BLASTP	459	459	100.00	99.78	459	WP_000492283.1	tetracycline efflux MFS transporter Tet(K)	NF012183.0	tetracycline efflux MFS transporter Tet(K)
fd96c2134524b9e3f48a1c8d0124f8d2	mph(E)	Mph(E) family macrolide 2'-phosphotransferase	core	AMR	AMR	MACROLIDE	ERYTHROMYCIN	BLASTP	294	294	100.00	99.66	294	WP_000155092.1	Mph(E) family macrolide 2'-phosphotransferase	NF012158.1	Mph(E) family macrolide 2'-phosphotransferase
fd9e7de28626c74e90a965deaa75a613	tet(L)	tetracycline efflux MFS transporter Tet(L)	core	AMR	AMR	TETRACYCLINE	TETRACYCLINE	BLASTP	458	458	100.00	99.56	458	WP_001574277.1	tetracycline efflux MFS transporter Tet(L)	NF012185.0	tetracycline efflux MFS transporter Tet(L)
fe0b7d540e862843dfd9e2afd0015932	catA	type A-8 chloramphenicol O-acetyltransferase	core	AMR	AMR	PHENICOL	CHLORAMPHENICOL	BLASTP	215	215	100.00	97.21	215	WP_002352254.1	type A-8 chloramphenicol O-acetyltransferase	NF000491.1	type A chloramphenicol O-acetyltransferase
fe2705064ca94d58cfd3f52f6deff668	blaOXA	class D beta-lactamase	core	AMR	AMR	BETA-LACTAM	BETA-LACTAM	BLASTP	264	264	100.00	99.62	264	WP_231869649.1	carbapenem-hydrolyzing class D beta-lactamase OXA-1041	NF000270.1	class D beta-lactamase
fe3955dd5b2fb5181ad61d9da843d232	optrA	ABC-F type ribosomal protection protein OptrA	core	AMR	AMR	OXAZOLIDINONE/PHENICOL	FLORFENICOL/OXAZOLIDINONE	BLASTP	655	655	100.00	99.54	655	WP_063854496.1	ABC-F type ribosomal protection protein OptrA	NF000514.1	ABC-F type ribosomal protection protein OptrA
fe550068eb8fd0ffa51375d766ed9e30	rmtB1	16S rRNA (guanine(1405)-N(7))-methyltransferase RmtB1	core	AMR	AMR	AMINOGLYCOSIDE	AMINOGLYCOSIDE	ALLELEP	251	251	100.00	100.00	251	WP_012372818.1	16S rRNA (guanine(1405)-N(7))-methyltransferase RmtB1	NF033209.1	RmtB family 16S rRNA (guanine(1405)-N(7))-methyltransferase
fe567fbc38778de6528706835c9d0d5c	tmexC2	multidrug efflux RND transporter periplasmic adaptor subunit TMexC2	core	AMR	AMR	TETRACYCLINE	TIGECYCLINE	ALLELEP	387	387	100.00	100.00	387	WP_088903431.1	multidrug efflux RND transporter periplasmic adaptor subunit TMexC2	NA	NA
fea452b771e1f921927be9b2d5c8c04b	floR	chloramphenicol/florfenicol efflux MFS transporter FloR	core	AMR	AMR	PHENICOL	CHLORAMPHENICOL/FLORFENICOL	EXACTP	404	404	100.00	100.00	404	WP_000214122.1	chloramphenicol/florfenicol efflux MFS transporter FloR	NF000219.1	chloramphenicol/florfenicol efflux MFS transporter FloR
feb8d4d14f9800f94ae3745c62ffd6d7	qnrB2	quinolone resistance pentapeptide repeat protein QnrB2	core	AMR	AMR	QUINOLONE	QUINOLONE	ALLELEP	214	214	100.00	100.00	214	WP_012695489.1	quinolone resistance pentapeptide repeat protein QnrB2	NF000420.1	QnrB family quinolone resistance pentapeptide repeat protein
feb9b20f774ebce7cc7271b22a9dbd5b	mef(C)	macrolide efflux MFS transporter Mef(C)	core	AMR	AMR	MACROLIDE	ERYTHROMYCIN	EXACTP	407	407	100.00	100.00	407	WP_014386804.1	macrolide efflux MFS transporter Mef(C)	NF000246.1	macrolide efflux MFS transporter Mef(C)
fef3e6d20146d4ea556eb89990c55951	fosA	FosA3/FosA4 family fosfomycin resistance glutathione transferase	core	AMR	AMR	FOSFOMYCIN	FOSFOMYCIN	PARTIALP	121	138	86.23	100.00	119	WP_014839980.1	fosfomycin resistance glutathione transferase FosA3	NF000075.1	FosA3/FosA4 family fosfomycin resistance glutathione transferase
ff61246fa81c939d99ea5d24bd743cb6	blaAFM-4	subclass B1 metallo-beta-lactamase AFM-4	core	AMR	AMR	BETA-LACTAM	CARBAPENEM	ALLELEP	267	267	100.00	100.00	267	WP_240067717.1	subclass B1 metallo-beta-lactamase AFM-4	NF033736.2	AFM family subclass B1 metallo-beta-lactamase
ff859da1c9d0bc95d24495778984a967	catB8	type B-3 chloramphenicol O-acetyltransferase CatB8	core	AMR	AMR	PHENICOL	CHLORAMPHENICOL	BLASTP	210	210	100.00	99.52	210	WP_048608591.1	type B-3 chloramphenicol O-acetyltransferase CatB8	NF000490.1	type B chloramphenicol O-acetyltransferase
ff89013d0d2c32800e5714c92bafa903	lsa(E)	ABC-F type ribosomal protection protein Lsa(E)	core	AMR	AMR	LINCOSAMIDE/STREPTOGRAMIN	LINCOSAMIDE/STREPTOGRAMIN	BLASTP	484	494	97.77	99.59	483	WP_002294513.1	ABC-F type ribosomal protection protein Lsa(E)	NF000167.2	Lsa family ABC-F type ribosomal protection protein
ffd3c312aef6f31d0cfd65c5d736e669	bla	class A beta-lactamase	core	AMR	AMR	BETA-LACTAM	BETA-LACTAM	HMM	308	313	100.00	59.18	316	WP_003657002.1	class A beta-lactamase	NF033103.1	class A beta-lactamase
ffd671bc6c18ae2022635dcd0aac84b3	aph(4)-Ia	aminoglycoside O-phosphotransferase APH(4)-Ia	core	AMR	AMR	AMINOGLYCOSIDE	HYGROMYCIN	BLASTP	341	341	100.00	99.71	341	WP_000742814.1	aminoglycoside O-phosphotransferase APH(4)-Ia	NF000107.2	aminoglycoside O-phosphotransferase APH(4)-Ia
