Protein id	Element symbol	Element name	Scope	Type	Subtype	Class	Subclass	Method	Target length	Reference sequence length	% Coverage of reference	% Identity to reference	Alignment length	Closest reference accession	Closest reference name	HMM accession	HMM description
02553c3b28c433b3bf71675570ee3e68	aadA16	ANT(3'')-Ia family aminoglycoside nucleotidyltransferase AadA16	core	AMR	AMR	AMINOGLYCOSIDE	STREPTOMYCIN	EXACTP	281	281	100.00	100.00	281	WP_001749984.1	ANT(3'')-Ia family aminoglycoside nucleotidyltransferase AadA16	NF012157.0	ANT(3'')-I family aminoglycoside nucleotidyltransferase
0276fa4a5dc5006f5d7039a215b8d334	blaCMY-6	extended-spectrum class C beta-lactamase CMY-6	core	AMR	AMR	BETA-LACTAM	CEPHALOSPORIN	ALLELEP	381	381	100.00	100.00	381	WP_015058212.1	extended-spectrum class C beta-lactamase CMY-6	NF000191.1	CMY-2 family class C beta-lactamase
02cdade1da7a8d5feeed3ff1a72717c3	estT	macrolide hydrolase EstT	core	AMR	AMR	MACROLIDE	TYLOSIN	HMM	281	282	100.00	89.01	282	WP_185148407.1	macrolide hydrolase EstT	NF041759.1	macrolide hydrolase EstT
0357e156ff2a13d56815747d014ce248	cmlA5	chloramphenicol efflux MFS transporter CmlA5	core	AMR	AMR	PHENICOL	CHLORAMPHENICOL	EXACTP	419	419	100.00	100.00	419	WP_012300772.1	chloramphenicol efflux MFS transporter CmlA5	NF000509.1	CmlA family chloramphenicol efflux MFS transporter
03b15da18f31f88b96c4ff14032d9e24	bcrB	quaternary ammonium compound efflux SMR transporter BcrB	core	STRESS	BIOCIDE	BACITRACIN	BACITRACIN	EXACTP	105	105	100.00	100.00	105	WP_003725293.1	quaternary ammonium compound efflux SMR transporter BcrB	NF033469.1	quaternary ammonium compound efflux SMR transporter BcrB
04bbda7a366b39690aa4e892f2217c02	tet(A)	tetracycline efflux MFS transporter Tet(A)	core	AMR	AMR	TETRACYCLINE	TETRACYCLINE	EXACTP	399	399	100.00	100.00	399	WP_000804063.1	tetracycline efflux MFS transporter Tet(A)	NF012193.0	tetracycline efflux MFS transporter Tet(A)
05389f29e3a25048256efde8c2757bd8	qacEdelta1	quaternary ammonium compound efflux SMR transporter QacE delta 1	core	STRESS	BIOCIDE	QUATERNARY AMMONIUM	QUATERNARY AMMONIUM	ALLELEP	115	115	100.00	100.00	115	WP_000679427.1	quaternary ammonium compound efflux SMR transporter QacE delta 1	NF000276.2	quaternary ammonium compound efflux SMR transporter QacE
0677543426f133e6b838b8645e904bf7	blaOXA-10	oxacillin-hydrolyzing class D beta-lactamase OXA-10	core	AMR	AMR	BETA-LACTAM	CEPHALOSPORIN	ALLELEP	266	266	100.00	100.00	266	WP_000846390.1	oxacillin-hydrolyzing class D beta-lactamase OXA-10	NF000386.2	OXA-10 family class D beta-lactamase
07e26b392c0d6755220a22c73ff649ab	dfrA19	trimethoprim-resistant dihydrofolate reductase DfrA19	core	AMR	AMR	TRIMETHOPRIM	TRIMETHOPRIM	EXACTP	189	189	100.00	100.00	189	WP_000019304.1	trimethoprim-resistant dihydrofolate reductase DfrA19	NF000041.1	trimethoprim-resistant dihydrofolate reductase DfrA19
08d5505a7335f62f3e65bfb369f65249	dfrA14	trimethoprim-resistant dihydrofolate reductase DfrA14	core	AMR	AMR	TRIMETHOPRIM	TRIMETHOPRIM	EXACTP	157	157	100.00	100.00	157	WP_004201280.1	trimethoprim-resistant dihydrofolate reductase DfrA14	NF000330.1	trimethoprim-resistant dihydrofolate reductase DfrA
0bee0ca2d39a6e1721f0ae1b018aaa45	dfrA41	trimethoprim-resistant dihydrofolate reductase DfrA41	core	AMR	AMR	TRIMETHOPRIM	TRIMETHOPRIM	BLASTP	170	170	100.00	99.41	170	WP_004729503.1	trimethoprim-resistant dihydrofolate reductase DfrA41	NA	NA
0ce66f4582389c662fe8cabc8adf60df	floR	chloramphenicol/florfenicol efflux MFS transporter FloR	core	AMR	AMR	PHENICOL	CHLORAMPHENICOL/FLORFENICOL	BLASTP	407	404	99.01	99.50	400	WP_000214119.1	chloramphenicol/florfenicol efflux MFS transporter FloR	NF000219.1	chloramphenicol/florfenicol efflux MFS transporter FloR
0f2c9bfcd5aff4409d2b3348d7577646	aph(3')-VIa	aminoglycoside O-phosphotransferase APH(3')-VIa	core	AMR	AMR	AMINOGLYCOSIDE	AMIKACIN/KANAMYCIN	BLASTP	259	259	100.00	99.23	259	WP_000422636.1	aminoglycoside O-phosphotransferase APH(3')-VIa	NF033062.0	APH(3')-VI family aminoglycoside O-phosphotransferase
10a2f7faa7b26cb34df64bc7ea7e54a6	bla	class A beta-lactamase	core	AMR	AMR	BETA-LACTAM	BETA-LACTAM	HMM	296	302	97.02	52.68	298	WP_158386862.1	class A beta-lactamase	NF033103.1	class A beta-lactamase
11a14165b9f48e49cb97408b9e6b17f1	sul2	sulfonamide-resistant dihydropteroate synthase Sul2	core	AMR	AMR	SULFONAMIDE	SULFONAMIDE	EXACTP	271	271	100.00	100.00	271	WP_001043260.1	sulfonamide-resistant dihydropteroate synthase Sul2	NF000295.1	sulfonamide-resistant dihydropteroate synthase Sul2
11e11470b005245c39f0baac15ac4cac	blaCMY-4	extended-spectrum class C beta-lactamase CMY-4	core	AMR	AMR	BETA-LACTAM	CEPHALOSPORIN	ALLELEP	381	381	100.00	100.00	381	WP_015056382.1	extended-spectrum class C beta-lactamase CMY-4	NF000191.1	CMY-2 family class C beta-lactamase
174afb4fcfc9171296f8d6003095ecb8	aac(3)-IId	aminoglycoside N-acetyltransferase AAC(3)-IId	core	AMR	AMR	AMINOGLYCOSIDE	GENTAMICIN	EXACTP	286	286	100.00	100.00	286	WP_000557454.1	aminoglycoside N-acetyltransferase AAC(3)-IId	NF033080.0	AAC(3)-II family aminoglycoside N-acetyltransferase
179c7889eb24ec9d031de34b35db5381	qacG2	quaternary ammonium compound efflux SMR transporter QacG2	core	STRESS	BIOCIDE	QUATERNARY AMMONIUM	QUATERNARY AMMONIUM	EXACTP	110	110	100.00	100.00	110	WP_015063357.1	quaternary ammonium compound efflux SMR transporter QacG2	NF000278.1	quaternary ammonium compound efflux SMR transporter QacG2
193abf70a5648abe2c8d93c30c433494	aac(6')-Ib	AAC(6')-Ib family aminoglycoside 6'-N-acetyltransferase	core	AMR	AMR	AMINOGLYCOSIDE	GENTAMICIN	EXACTP	184	184	100.00	100.00	184	WP_012695458.1	AAC(6')-Ib family aminoglycoside 6'-N-acetyltransferase	NF033074.0	AAC(6')-Ib family aminoglycoside 6'-N-acetyltransferase
1b3af3691bc1c8ff7991efa6613970e6	estX	macrolide esterase EstX	core	AMR	AMR	MACROLIDE	TYLOSIN	BLASTP	280	280	100.00	99.64	280	WP_001456218.1	macrolide esterase EstX-3	NF033124.1	macrolide esterase EstX
1cfb77dbd785789a1194e23ec8f44b3d	aac(6')-Ib'	aminoglycoside N-acetyltransferase AAC(6')-Ib'	core	AMR	AMR	AMINOGLYCOSIDE	GENTAMICIN	EXACTP	184	184	100.00	100.00	184	WP_014454105.1	aminoglycoside N-acetyltransferase AAC(6')-Ib'	NF033074.0	AAC(6')-Ib family aminoglycoside 6'-N-acetyltransferase
1d292c864f8e257a60c68520e98c4be0	ble	bleomycin binding protein Ble-MBL	core	AMR	AMR	BLEOMYCIN	BLEOMYCIN	EXACTP	121	121	100.00	100.00	121	WP_004201167.1	bleomycin binding protein Ble-MBL	NF012202.0	bleomycin binding protein Ble-MBL
1dc899ecff2c5b8ee53991e7c973cd49	aac(6')-IIc	aminoglycoside N-acetyltransferase AAC(6')-IIc	core	AMR	AMR	AMINOGLYCOSIDE	GENTAMICIN/KANAMYCIN/TOBRAMYCIN	EXACTP	193	193	100.00	100.00	193	WP_012695484.1	aminoglycoside N-acetyltransferase AAC(6')-IIc	NF000135.2	aminoglycoside N-acetyltransferase AAC(6')-IIc
1f7584b66edffa9ac05c84ae33970e63	tet(C)	tetracycline efflux MFS transporter Tet(C)	core	AMR	AMR	TETRACYCLINE	TETRACYCLINE	EXACTP	396	396	100.00	100.00	396	WP_000841446.1	tetracycline efflux MFS transporter Tet(C)	NF012191.0	tetracycline efflux MFS transporter Tet(C)
205b417b5b59f3bba3a3abb22628d22d	ampC	class C beta-lactamase	core	AMR	AMR	BETA-LACTAM	BETA-LACTAM	HMM	396	390	99.74	59.90	389	WP_029376317.1	class C beta-lactamase	NF033085.1	class C beta-lactamase
21e84af00ebe755d7541f11ce747e3f5	bcrC	quaternary ammonium compound efflux SMR transporter BcrC	core	STRESS	BIOCIDE	BACITRACIN	BACITRACIN	BLASTP	114	114	100.00	99.12	114	WP_003725292.1	quaternary ammonium compound efflux SMR transporter BcrC	NF033470.1	quaternary ammonium compound efflux SMR transporter BcrC
2276478c40b34c7a6e7727d1f377ee7a	aph(3')-Ia	aminoglycoside O-phosphotransferase APH(3')-Ia	core	AMR	AMR	AMINOGLYCOSIDE	KANAMYCIN	EXACTP	271	271	100.00	100.00	271	WP_000018330.1	aminoglycoside O-phosphotransferase APH(3')-Ia	NF051474.1	aminoglycoside O-phosphotransferase APH(3')-Ia
23a46283fec25661944ccead2bc49b32	aac(6')-Ib	AAC(6')-Ib family aminoglycoside 6'-N-acetyltransferase	core	AMR	AMR	AMINOGLYCOSIDE	AMIKACIN/KANAMYCIN/TOBRAMYCIN	BLASTP	192	184	100.00	100.00	184	WP_032488579.1	aminoglycoside N-acetyltransferase AAC(6')-Ib3	NF033074.0	AAC(6')-Ib family aminoglycoside 6'-N-acetyltransferase
24207d442dd6d2bd4a7df82c5455e560	aadA10	ANT(3'')-Ia family aminoglycoside nucleotidyltransferase AadA10	core	AMR	AMR	AMINOGLYCOSIDE	STREPTOMYCIN	BLASTP	281	281	100.00	99.29	281	WP_070342359.1	ANT(3'')-Ia family aminoglycoside nucleotidyltransferase AadA10	NF012157.0	ANT(3'')-I family aminoglycoside nucleotidyltransferase
26200084f9ab0492e9d68c0e849bd615	blaSHV-30	extended-spectrum class A beta-lactamase SHV-30	core	AMR	AMR	BETA-LACTAM	CEPHALOSPORIN	ALLELEP	286	286	100.00	100.00	286	WP_032491180.1	extended-spectrum class A beta-lactamase SHV-30	NF000285.3	SHV family class A beta-lactamase
285ed34de1e34401121b61c709f5992d	blaNDM-1	subclass B1 metallo-beta-lactamase NDM-1	core	AMR	AMR	BETA-LACTAM	CARBAPENEM	ALLELEP	270	270	100.00	100.00	270	WP_004201164.1	subclass B1 metallo-beta-lactamase NDM-1	NF000259.2	NDM family subclass B1 metallo-beta-lactamase
29266bf596a75690ba7d80e0e8c69470	erm(F)	23S rRNA (adenine(2058)-N(6))-methyltransferase Erm(F)	core	AMR	AMR	LINCOSAMIDE/MACROLIDE/STREPTOGRAMIN	CLINDAMYCIN/MACROLIDE/STREPTOGRAMIN	BLASTP	266	266	100.00	99.25	266	WP_002682030.1	23S rRNA (adenine(2058)-N(6))-methyltransferase Erm(F)	NF012223.0	23S rRNA (adenine(2058)-N(6))-methyltransferase Erm(F)
29ce0585c1d3375401f46317988d4855	dfrA5	trimethoprim-resistant dihydrofolate reductase DfrA5	core	AMR	AMR	TRIMETHOPRIM	TRIMETHOPRIM	EXACTP	157	157	100.00	100.00	157	WP_001317507.1	trimethoprim-resistant dihydrofolate reductase DfrA5	NF000330.1	trimethoprim-resistant dihydrofolate reductase DfrA
2add83d3c97964b4841fef2dad492375	blaCTX-M-1	extended-spectrum class A beta-lactamase CTX-M-1	core	AMR	AMR	BETA-LACTAM	CEPHALOSPORIN	ALLELEP	291	291	100.00	100.00	291	WP_013188473.1	extended-spectrum class A beta-lactamase CTX-M-1	NF033089.1	CTX-M family extended-spectrum class A beta-lactamase
2dc104ac448b66261bcfcb336fd41b19	qnrVC4	quinolone resistance pentapeptide repeat protein QnrVC4	core	AMR	AMR	QUINOLONE	QUINOLONE	ALLELEP	218	218	100.00	100.00	218	WP_000361704.1	quinolone resistance pentapeptide repeat protein QnrVC4	NF000421.1	QnrVC family quinolone resistance pentapeptide repeat protein
2e729e5510427b9fa9abff179277710d	blaOXA-181	OXA-48 family carbapenem-hydrolyzing class D beta-lactamase OXA-181	core	AMR	AMR	BETA-LACTAM	CARBAPENEM	ALLELEP	265	265	100.00	100.00	265	WP_015060052.1	OXA-48 family carbapenem-hydrolyzing class D beta-lactamase OXA-181	NF000387.2	OXA-48 family class D beta-lactamase
2fc95a6126479b0ca33f174e98a0130e	catB3	type B-3 chloramphenicol O-acetyltransferase CatB3	core	AMR	AMR	PHENICOL	CHLORAMPHENICOL	EXACTP	210	210	100.00	100.00	210	WP_000186237.1	type B-3 chloramphenicol O-acetyltransferase CatB3	NF000490.1	type B chloramphenicol O-acetyltransferase
2fd5b6d4a95a390254d6b43930d23dc2	cmlA1	chloramphenicol efflux MFS transporter CmlA1	core	AMR	AMR	PHENICOL	CHLORAMPHENICOL	EXACTP	419	419	100.00	100.00	419	WP_000095725.1	chloramphenicol efflux MFS transporter CmlA1	NF000509.1	CmlA family chloramphenicol efflux MFS transporter
31292d015a93df9c12d81155242e01a9	erm(Q)	23S rRNA (adenine(2058)-N(6))-methyltransferase Erm(Q)	core	AMR	AMR	LINCOSAMIDE/MACROLIDE/STREPTOGRAMIN	ERYTHROMYCIN/LINCOSAMIDE/STREPTOGRAMIN	EXACTP	257	257	100.00	100.00	257	WP_007286427.1	23S rRNA (adenine(2058)-N(6))-methyltransferase Erm(Q)	NF000499.2	23S ribosomal RNA methyltransferase Erm
3150d7d4d325278f872ebc08c02a0a45	tet(A)	tetracycline efflux MFS transporter Tet(A)	core	AMR	AMR	TETRACYCLINE	TETRACYCLINE	EXACTP	399	399	100.00	100.00	399	WP_000804064.1	tetracycline efflux MFS transporter Tet(A)	NF012193.0	tetracycline efflux MFS transporter Tet(A)
323b6abaa06d647be6cb0df5a7e913c3	aph(6)-Id	aminoglycoside O-phosphotransferase APH(6)-Id	core	AMR	AMR	AMINOGLYCOSIDE	STREPTOMYCIN	EXACTP	278	278	100.00	100.00	278	WP_000480968.1	aminoglycoside O-phosphotransferase APH(6)-Id	NF012171.0	APH(6)-I family aminoglycoside O-phosphotransferase
327b4443c3be7a22c2e29f7cb2efac25	aac(6')-Ib-cr5	fluoroquinolone-acetylating aminoglycoside 6'-N-acetyltransferase AAC(6')-Ib-cr5	core	AMR	AMR	AMINOGLYCOSIDE/QUINOLONE	AMIKACIN/KANAMYCIN/QUINOLONE/TOBRAMYCIN	ALLELEP	184	184	100.00	100.00	184	WP_063840321.1	fluoroquinolone-acetylating aminoglycoside 6'-N-acetyltransferase AAC(6')-Ib-cr5	NF033074.0	AAC(6')-Ib family aminoglycoside 6'-N-acetyltransferase
332d46b1e3cb592a116d778a19b5f82d	vanR-A	vancomycin resistance response regulator transcription factor VanR-A	core	AMR	AMR	GLYCOPEPTIDE	VANCOMYCIN	BLASTP	231	231	100.00	92.21	231	WP_063856721.1	vancomycin resistance response regulator transcription factor VanR-A	NF000401.1	vancomycin resistance response regulator transcription factor VanR-A
35dba3333b32d95ec4aa6a6cb1600a9e	bla	class A beta-lactamase	core	AMR	AMR	BETA-LACTAM	BETA-LACTAM	HMM	296	305	95.74	53.36	298	WP_010926363.1	class A beta-lactamase	NF033103.1	class A beta-lactamase
3962bb3e85a8f1cade1a138250d0602f	bla	class A beta-lactamase	core	AMR	AMR	BETA-LACTAM	BETA-LACTAM	HMM	283	286	99.30	61.62	284	WP_063860521.1	class A beta-lactamase	NF033103.1	class A beta-lactamase
39eaeffbd96610299061b58b69ccd5fb	fosD	fosfomycin resistance bacillithiol transferase FosD	core	AMR	AMR	FOSFOMYCIN	FOSFOMYCIN	EXACTP	139	139	100.00	100.00	139	WP_000616116.1	fosfomycin resistance bacillithiol transferase FosD	NF000493.1	FosB/FosD family fosfomycin resistance bacillithiol transferase
3def0eee866e42e3f07b77e039167a44	ant(4')-I	ANT(4')-I family aminoglycoside nucleotidyltransferase	core	AMR	AMR	AMINOGLYCOSIDE	KANAMYCIN/TOBRAMYCIN	HMM	256	253	99.60	49.60	252	WP_001014230.1	ANT(4')-I family aminoglycoside nucleotidyltransferase	NF033061.1	ANT(4')-I family aminoglycoside nucleotidyltransferase
3e438cc5ebe97183889b890ceb477f4c	aph(3')-I	APH(3')-I family aminoglycoside O-phosphotransferase	core	AMR	AMR	AMINOGLYCOSIDE	GENTAMICIN/KANAMYCIN	HMM	271	271	100.00	74.54	271	WP_117342872.1	APH(3')-I family aminoglycoside O-phosphotransferase	NF033059.2	APH(3')-I family aminoglycoside O-phosphotransferase
3e886a40da63734e4aad09cd391aa18f	blaTEM-6	extended-spectrum class A beta-lactamase TEM-6	core	AMR	AMR	BETA-LACTAM	CEPHALOSPORIN	ALLELEP	286	286	100.00	100.00	286	WP_063864949.1	extended-spectrum class A beta-lactamase TEM-6	NF000531.2	TEM family class A beta-lactamase
3f551a5f8c120c0e81fd8a8580e2c52b	bla	class A beta-lactamase	core	AMR	AMR	BETA-LACTAM	BETA-LACTAM	HMM	287	295	89.83	61.51	265	WP_075226241.1	class A beta-lactamase	NF033103.1	class A beta-lactamase
4050e9161648e4931c4969f029d0b6d2	ampC	class C beta-lactamase	core	AMR	AMR	BETA-LACTAM	BETA-LACTAM	HMM	384	380	96.84	50.68	369	WP_011339581.1	class C beta-lactamase	NF033085.1	class C beta-lactamase
41ee4b3db4f2a58f07f4bf2683b161ac	tet(M)	tetracycline resistance ribosomal protection protein Tet(M)	core	AMR	AMR	TETRACYCLINE	TETRACYCLINE	BLASTP	639	639	100.00	98.12	639	WP_063856397.1	tetracycline resistance ribosomal protection protein Tet(M)	NF012155.1	tetracycline resistance ribosomal protection protein Tet(M)
42c8f14ce0bd31d77426ff2063960760	tet(B)	tetracycline efflux MFS transporter Tet(B)	core	AMR	AMR	TETRACYCLINE	TETRACYCLINE	EXACTP	401	401	100.00	100.00	401	WP_001089068.1	tetracycline efflux MFS transporter Tet(B)	NF012190.1	tetracycline efflux MFS transporter Tet(B)
437bc7262deb933a5fef532cb8d1ece1	lnu(G)	lincosamide nucleotidyltransferase Lnu(G)	core	AMR	AMR	LINCOSAMIDE	LINCOSAMIDE	BLASTP	267	267	100.00	99.63	267	WP_002333496.1	lincosamide nucleotidyltransferase Lnu(G)	NF033182.0	lincosamide nucleotidyltransferase Lnu(G)
44c71931d96797ffba8fcc60ecef5851	blaCTX-M-55	extended-spectrum class A beta-lactamase CTX-M-55	core	AMR	AMR	BETA-LACTAM	CEPHALOSPORIN	ALLELEP	291	291	100.00	100.00	291	WP_015387340.1	extended-spectrum class A beta-lactamase CTX-M-55	NF033089.1	CTX-M family extended-spectrum class A beta-lactamase
46a600336b6679c9629194cec1151338	qnrB4	quinolone resistance pentapeptide repeat protein QnrB4	core	AMR	AMR	QUINOLONE	QUINOLONE	ALLELEP	214	214	100.00	100.00	214	WP_017900990.1	quinolone resistance pentapeptide repeat protein QnrB4	NF000420.1	QnrB family quinolone resistance pentapeptide repeat protein
48c31b12945292f24156ab05df85e0ad	blaCTX-M-14	extended-spectrum class A beta-lactamase CTX-M-14	core	AMR	AMR	BETA-LACTAM	CEPHALOSPORIN	ALLELEP	291	291	100.00	100.00	291	WP_001617865.1	extended-spectrum class A beta-lactamase CTX-M-14	NF033089.1	CTX-M family extended-spectrum class A beta-lactamase
49538dd2103c0be33c3afab3596d9a8b	mcr-10.1	phosphoethanolamine--lipid A transferase MCR-10.1	core	AMR	AMR	COLISTIN	COLISTIN	ALLELEP	539	539	100.00	100.00	539	WP_023332837.1	phosphoethanolamine--lipid A transferase MCR-10.1	NF033862.2	MCR-10 family phosphoethanolamine--lipid A transferase
4b4005e1f5f45f11661f2f79949fb437	sul1	sulfonamide-resistant dihydropteroate synthase Sul1	core	AMR	AMR	SULFONAMIDE	SULFONAMIDE	EXACTP	279	279	100.00	100.00	279	WP_000259031.1	sulfonamide-resistant dihydropteroate synthase Sul1	NF000294.1	sulfonamide-resistant dihydropteroate synthase Sul1
51d46183ec2af38c74f5704fbcc15480	erm(B)	23S rRNA (adenine(2058)-N(6))-methyltransferase Erm(B)	core	AMR	AMR	LINCOSAMIDE/MACROLIDE/STREPTOGRAMIN	CLINDAMYCIN/ERYTHROMYCIN/STREPTOGRAMIN B	EXACTP	245	245	100.00	100.00	245	WP_002292226.1	23S rRNA (adenine(2058)-N(6))-methyltransferase Erm(B)	NF012220.1	23S rRNA (adenine(2058)-N(6))-methyltransferase Erm(B)
523a3411377b2e628ad25bd3d33668c8	blaCMY	CMY-2 family class C beta-lactamase	core	AMR	AMR	BETA-LACTAM	CEPHALOSPORIN	BLASTP	381	381	100.00	99.74	381	WP_039023136.1	extended-spectrum class C beta-lactamase CMY-42	NF000191.1	CMY-2 family class C beta-lactamase
5418973fc0e6b837c762acaac063f2e8	msr(E)	ABC-F type ribosomal protection protein Msr(E)	core	AMR	AMR	MACROLIDE/STREPTOGRAMIN	AZITHROMYCIN/ERYTHROMYCIN/STREPTOGRAMIN	EXACTP	491	491	100.00	100.00	491	WP_000052512.1	ABC-F type ribosomal protection protein Msr(E)	NF000168.2	Msr family ABC-F type ribosomal protection protein
54db2b0bf4d334f2abb47c6eab6b9b59	dfrA50	trimethoprim-resistant dihydrofolate reductase DfrA50	core	AMR	AMR	TRIMETHOPRIM	TRIMETHOPRIM	BLASTP	158	158	100.00	98.73	158	WP_040203768.1	trimethoprim-resistant dihydrofolate reductase DfrA50	NF047323.1	trimethoprim-resistant dihydrofolate reductase DfrA50
551f2b6883bb4fadd39ca5f3bb4f4586	blaCTX-M-15	extended-spectrum class A beta-lactamase CTX-M-15	core	AMR	AMR	BETA-LACTAM	CEPHALOSPORIN	ALLELEP	291	291	100.00	100.00	291	WP_000239590.1	extended-spectrum class A beta-lactamase CTX-M-15	NF033089.1	CTX-M family extended-spectrum class A beta-lactamase
56b05343209d03b279442e023326eb9d	mph(A)	Mph(A) family macrolide 2'-phosphotransferase	core	AMR	AMR	MACROLIDE	AZITHROMYCIN/ERYTHROMYCIN/SPIRAMYCIN/TELITHROMYCIN	EXACTP	301	301	100.00	100.00	301	WP_000219391.1	Mph(A) family macrolide 2'-phosphotransferase	NF000254.1	Mph(A) family macrolide 2'-phosphotransferase
572366e3b10847493c457ed25f07701f	aac(6')-Ib4	aminoglycoside N-acetyltransferase AAC(6')-Ib4	core	AMR	AMR	AMINOGLYCOSIDE	GENTAMICIN	ALLELEP	184	184	100.00	100.00	184	WP_003159191.1	aminoglycoside N-acetyltransferase AAC(6')-Ib4	NF033074.0	AAC(6')-Ib family aminoglycoside 6'-N-acetyltransferase
5d920f1150cbd594ffe8048d4c37d9c1	aph(6)-Id	aminoglycoside O-phosphotransferase APH(6)-Id	core	AMR	AMR	AMINOGLYCOSIDE	STREPTOMYCIN	BLASTP	278	278	100.00	99.64	278	WP_000480968.1	aminoglycoside O-phosphotransferase APH(6)-Id	NF012171.0	APH(6)-I family aminoglycoside O-phosphotransferase
603770c79994187fda62eeb422a150e6	bla	class A beta-lactamase	core	AMR	AMR	BETA-LACTAM	BETA-LACTAM	HMM	295	295	100.00	64.07	295	WP_010108817.1	class A beta-lactamase	NF033103.1	class A beta-lactamase
60f2ef74d287f67c7ed3ab39d35619da	blaKPC-3	carbapenem-hydrolyzing class A beta-lactamase KPC-3	core	AMR	AMR	BETA-LACTAM	CARBAPENEM	ALLELEP	293	293	100.00	100.00	293	WP_004152396.1	carbapenem-hydrolyzing class A beta-lactamase KPC-3	NF012141.1	KPC family carbapenem-hydrolyzing class A beta-lactamase
63319c2422cce5c657ee5962e08d5016	floR2	chloramphenicol/florfenicol efflux MFS transporter FloR2	core	AMR	AMR	PHENICOL	CHLORAMPHENICOL/FLORFENICOL	EXACTP	404	404	100.00	100.00	404	WP_000214125.1	chloramphenicol/florfenicol efflux MFS transporter FloR2	NF000219.1	chloramphenicol/florfenicol efflux MFS transporter FloR
64f0b3cb5c5b91e846481954c83414a9	mrx(A)	phosphorylated macrolide efflux MFS transporter Mrx(A)	core	AMR	AMR	MACROLIDE	AZITHROMYCIN/ERYTHROMYCIN/SPIRAMYCIN/TELITHROMYCIN	EXACTP	412	412	100.00	100.00	412	WP_000004159.1	phosphorylated macrolide efflux MFS transporter Mrx(A)	NA	NA
685e2c7297cf5dc158507eabb6ae63cb	tet(M)	tetracycline resistance ribosomal protection protein Tet(M)	core	AMR	AMR	TETRACYCLINE	TETRACYCLINE	EXACTP	639	639	100.00	100.00	639	WP_001574275.1	tetracycline resistance ribosomal protection protein Tet(M)	NF012155.1	tetracycline resistance ribosomal protection protein Tet(M)
6867dc993ceb66cda4005b9346b35fe9	dfrA1	trimethoprim-resistant dihydrofolate reductase DfrA1	core	AMR	AMR	TRIMETHOPRIM	TRIMETHOPRIM	EXACTP	157	157	100.00	100.00	157	WP_000777554.1	trimethoprim-resistant dihydrofolate reductase DfrA1	NF000330.1	trimethoprim-resistant dihydrofolate reductase DfrA
6b230e137e4752f33b778b703a5004f0	tet(G)	tetracycline efflux MFS transporter Tet(G)	core	AMR	AMR	TETRACYCLINE	TETRACYCLINE	EXACTP	391	391	100.00	100.00	391	WP_001257840.1	tetracycline efflux MFS transporter Tet(G)	NF012192.0	tetracycline efflux MFS transporter Tet(G)
6e68fab5fcb34e57473a1bf580e56051	mph(A)	Mph(A) family macrolide 2'-phosphotransferase	core	AMR	AMR	MACROLIDE	AZITHROMYCIN/ERYTHROMYCIN/SPIRAMYCIN/TELITHROMYCIN	BLASTP	301	301	100.00	99.67	301	WP_000219391.1	Mph(A) family macrolide 2'-phosphotransferase	NF000254.1	Mph(A) family macrolide 2'-phosphotransferase
6f85b794c707de77a85cb4c924aa9c2d	ant(4')-I	ANT(4')-I family aminoglycoside nucleotidyltransferase	core	AMR	AMR	AMINOGLYCOSIDE	KANAMYCIN/TOBRAMYCIN	HMM	243	256	92.19	80.93	236	WP_087346196.1	ANT(4')-I family aminoglycoside nucleotidyltransferase	NF033061.1	ANT(4')-I family aminoglycoside nucleotidyltransferase
70cec43fcfe4045f49f54b44ebda82b9	mcr-1.1	phosphoethanolamine--lipid A transferase MCR-1.1	core	AMR	AMR	COLISTIN	COLISTIN	ALLELEP	541	541	100.00	100.00	541	WP_049589868.1	phosphoethanolamine--lipid A transferase MCR-1.1	NF000465.1	MCR-1 family phosphoethanolamine--lipid A transferase
714f1defd75ab1bc4409595a63321e01	aac(3)	aminoglycoside 3-N-acetyltransferase	core	AMR	AMR	AMINOGLYCOSIDE	GENTAMICIN	HMM	269	272	97.06	67.42	264	WP_058179966.1	aminoglycoside 3-N-acetyltransferase	NF033082.0	aminoglycoside 3-N-acetyltransferase
71bcf101b5ad0d9d3c45376b2f551352	blaNDM-5	subclass B1 metallo-beta-lactamase NDM-5	core	AMR	AMR	BETA-LACTAM	CARBAPENEM	ALLELEP	270	270	100.00	100.00	270	WP_023408309.1	subclass B1 metallo-beta-lactamase NDM-5	NF000259.2	NDM family subclass B1 metallo-beta-lactamase
728c1f631615253fb4e9b80672488966	qnrB6	quinolone resistance pentapeptide repeat protein QnrB6	core	AMR	AMR	QUINOLONE	QUINOLONE	ALLELEP	214	214	100.00	100.00	214	WP_001749994.1	quinolone resistance pentapeptide repeat protein QnrB6	NF000420.1	QnrB family quinolone resistance pentapeptide repeat protein
7356416af9f66ad6abfacff2089119fc	aac(6')-Ib	AAC(6')-Ib family aminoglycoside 6'-N-acetyltransferase	core	AMR	AMR	AMINOGLYCOSIDE	GENTAMICIN	EXACTP	184	184	100.00	100.00	184	WP_022631510.1	AAC(6')-Ib family aminoglycoside 6'-N-acetyltransferase	NF033074.0	AAC(6')-Ib family aminoglycoside 6'-N-acetyltransferase
736ad144c05102c209f26e41ec12b3d1	blaKPC-2	carbapenem-hydrolyzing class A beta-lactamase KPC-2	core	AMR	AMR	BETA-LACTAM	CARBAPENEM	ALLELEP	293	293	100.00	100.00	293	WP_004199234.1	carbapenem-hydrolyzing class A beta-lactamase KPC-2	NF012141.1	KPC family carbapenem-hydrolyzing class A beta-lactamase
7844b915693dd66dd09b5c82ae1a4a1f	blaZ	penicillin-hydrolyzing class A beta-lactamase BlaZ	core	AMR	AMR	BETA-LACTAM	BETA-LACTAM	BLASTP	281	281	100.00	98.58	281	WP_000733285.1	penicillin-hydrolyzing class A beta-lactamase BlaZ	NF033139.1	penicillin-hydrolyzing class A beta-lactamase BlaZ
7a33ea9e8988c2d664f38e5d909d8ab8	blaCMY-2	extended-spectrum class C beta-lactamase CMY-2	core	AMR	AMR	BETA-LACTAM	CEPHALOSPORIN	ALLELEP	381	381	100.00	100.00	381	WP_000976514.1	extended-spectrum class C beta-lactamase CMY-2	NF000191.1	CMY-2 family class C beta-lactamase
7c72404d6fbdcec3683b1a258c00472a	qacF	quaternary ammonium compound efflux SMR transporter QacF	core	STRESS	BIOCIDE	QUATERNARY AMMONIUM	QUATERNARY AMMONIUM	EXACTP	110	110	100.00	100.00	110	WP_015243636.1	quaternary ammonium compound efflux SMR transporter QacF	NF000067.2	QacF/QacL family quaternary ammonium compound efflux SMR transporter
7e4f569c4983952bf330382fa639d206	blaSHV-12	extended-spectrum class A beta-lactamase SHV-12	core	AMR	AMR	BETA-LACTAM	CEFIDEROCOL/CEPHALOSPORIN	ALLELEP	286	286	100.00	100.00	286	WP_002904004.1	extended-spectrum class A beta-lactamase SHV-12	NF000285.3	SHV family class A beta-lactamase
7f6010ec0740fa2690acc3ee3525e09c	aadA1	ANT(3'')-Ia family aminoglycoside nucleotidyltransferase AadA1	core	AMR	AMR	AMINOGLYCOSIDE	STREPTOMYCIN	EXACTP	263	263	100.00	100.00	263	WP_001209508.1	ANT(3'')-Ia family aminoglycoside nucleotidyltransferase AadA1	NF033126.1	ANT(3'')-Ia family aminoglycoside nucleotidyltransferase AadA1
800b6f4fb6388a8a21dec5419ab32d06	dfrA1	trimethoprim-resistant dihydrofolate reductase DfrA1	core	AMR	AMR	TRIMETHOPRIM	TRIMETHOPRIM	EXACTP	157	157	100.00	100.00	157	WP_000777555.1	trimethoprim-resistant dihydrofolate reductase DfrA1	NF000330.1	trimethoprim-resistant dihydrofolate reductase DfrA
8212da8c370d4558a8e7b51a1f0ff8d7	aph(3')-VIb	aminoglycoside O-phosphotransferase APH(3')-VIb	core	AMR	AMR	AMINOGLYCOSIDE	AMIKACIN/KANAMYCIN	BLASTP	259	259	100.00	98.84	259	WP_000422633.1	aminoglycoside O-phosphotransferase APH(3')-VIb	NF033062.0	APH(3')-VI family aminoglycoside O-phosphotransferase
82b089f97802254b691689bdafb34689	armA	16S rRNA (guanine(1405)-N(7))-methyltransferase ArmA	core	AMR	AMR	AMINOGLYCOSIDE	GENTAMICIN	EXACTP	257	257	100.00	100.00	257	WP_000359986.1	16S rRNA (guanine(1405)-N(7))-methyltransferase ArmA	NF000466.2	Rmt family 16S rRNA (guanine(1405)-N(7))-methyltransferase
834f152eb1526667ebc0be7a23b63f2c	aph(6)-Id	aminoglycoside O-phosphotransferase APH(6)-Id	core	AMR	AMR	AMINOGLYCOSIDE	STREPTOMYCIN	PARTIALP	262	278	88.85	100.00	247	WP_000480968.1	aminoglycoside O-phosphotransferase APH(6)-Id	NF012171.0	APH(6)-I family aminoglycoside O-phosphotransferase
88f43a17200568a349edcf0a0e68adf2	qacE	quaternary ammonium compound efflux SMR transporter QacE	core	STRESS	BIOCIDE	QUATERNARY AMMONIUM	QUATERNARY AMMONIUM	PARTIALP	111	115	82.61	95.79	95	WP_000679427.1	quaternary ammonium compound efflux SMR transporter QacE delta 1	NA	NA
893c5234953a5aa991fa1a6b1d51e3a1	aph(3'')-Ib	aminoglycoside O-phosphotransferase APH(3'')-Ib	core	AMR	AMR	AMINOGLYCOSIDE	STREPTOMYCIN	EXACTP	267	267	100.00	100.00	267	WP_001082319.1	aminoglycoside O-phosphotransferase APH(3'')-Ib	NF032895.1	aminoglycoside O-phosphotransferase APH(3'')-Ib
894e1f0ad6ba9ed50160bb983b4c7ca4	mph(E)	Mph(E) family macrolide 2'-phosphotransferase	core	AMR	AMR	MACROLIDE	ERYTHROMYCIN	EXACTP	294	294	100.00	100.00	294	WP_000155092.1	Mph(E) family macrolide 2'-phosphotransferase	NF012158.1	Mph(E) family macrolide 2'-phosphotransferase
8ab20bf779a501dd93198150c42189de	dfrA12	trimethoprim-resistant dihydrofolate reductase DfrA12	core	AMR	AMR	TRIMETHOPRIM	TRIMETHOPRIM	EXACTP	165	165	100.00	100.00	165	WP_001083725.1	trimethoprim-resistant dihydrofolate reductase DfrA12	NF000053.2	trimethoprim-resistant dihydrofolate reductase DfrA12
8bf6ecd17e7b8ff4027b5fdb882dd9c8	sul1	sulfonamide-resistant dihydropteroate synthase Sul1	core	AMR	AMR	SULFONAMIDE	SULFONAMIDE	PARTIALP	323	275	64.00	100.00	176	WP_063855066.1	sulfonamide-resistant dihydropteroate synthase Sul1	NA	NA
8c57bc599e352efb1e62590452ab717f	vat(E)	streptogramin A O-acetyltransferase Vat(E)	core	AMR	AMR	STREPTOGRAMIN	STREPTOGRAMIN	EXACTP	214	214	100.00	100.00	214	WP_002328813.1	streptogramin A O-acetyltransferase Vat(E)	NF000020.1	streptogramin A O-acetyltransferase Vat(E)
8cc921d190a7371d55ea2a2fe28e8a0b	estT	macrolide hydrolase EstT	core	AMR	AMR	MACROLIDE	TYLOSIN	EXACTP	282	282	100.00	100.00	282	WP_185148407.1	macrolide hydrolase EstT	NF041759.1	macrolide hydrolase EstT
8e50876f9b3c7a9cd166bacff99081d3	tet(X2)	tetracycline-inactivating monooxygenase Tet(X2)	core	AMR	AMR	TETRACYCLINE	TIGECYCLINE	EXACTP	388	388	100.00	100.00	388	WP_008651082.1	tetracycline-inactivating monooxygenase Tet(X2)	NF033111.2	tetracycline-inactivating monooxygenase Tet(X)
8eb03e93d5d48dcaf437f6fe109a6b55	fosB	FosB family fosfomycin resistance bacillithiol transferase	core	AMR	AMR	FOSFOMYCIN	FOSFOMYCIN	BLASTP	138	138	100.00	99.28	138	WP_063851229.1	FosB family fosfomycin resistance bacillithiol transferase	NF000098.1	FosB family fosfomycin resistance bacillithiol transferase
8eea2fc8e058d236690a90ad23cf107c	tet(A)	tetracycline efflux MFS transporter Tet(A)	core	AMR	AMR	TETRACYCLINE	TETRACYCLINE	BLASTP	399	399	100.00	99.75	399	WP_000804064.1	tetracycline efflux MFS transporter Tet(A)	NF012193.0	tetracycline efflux MFS transporter Tet(A)
8f79b7a46df55b6fcbc3350d6608d899	qnrB	QnrB family quinolone resistance pentapeptide repeat protein	core	AMR	AMR	QUINOLONE	QUINOLONE	PARTIALP	154	214	71.96	100.00	154	WP_017900990.1	quinolone resistance pentapeptide repeat protein QnrB4	NA	NA
9066200b3019dda045550f8f21dd04de	toprJ2	multidrug efflux transporter outer membrane subunit TOprJ2	core	AMR	AMR	TETRACYCLINE	TIGECYCLINE	ALLELEP	477	477	100.00	100.00	477	WP_088903432.1	multidrug efflux transporter outer membrane subunit TOprJ2	NA	NA
918d2fc43f5ed19e5d58a99834551b14	arr	NAD(+)--rifampin ADP-ribosyltransferase	core	AMR	AMR	RIFAMYCIN	RIFAMYCIN	EXACTP	137	137	100.00	100.00	137	WP_012695486.1	NAD(+)--rifampin ADP-ribosyltransferase	NF000066.1	NAD(+)--rifampin ADP-ribosyltransferase
92b249b585d54594768bcfe3b507c3d7	blaR1	beta-lactam sensor/signal transducer BlaR1	core	AMR	AMR	BETA-LACTAM	BETA-LACTAM	BLASTP	585	585	100.00	99.15	585	WP_001096376.1	beta-lactam sensor/signal transducer BlaR1	NF033108.1	beta-lactam sensor/signal transducer BlaR1
933e40ba3a6065f9a0c16c52b9b7066f	blaCMY-16	extended-spectrum class C beta-lactamase CMY-16	core	AMR	AMR	BETA-LACTAM	CEPHALOSPORIN	ALLELEP	381	381	100.00	100.00	381	WP_014386387.1	extended-spectrum class C beta-lactamase CMY-16	NF000191.1	CMY-2 family class C beta-lactamase
942915d286e65aa66f916d7c4033cb83	cml	CmlA/FloR family chloramphenicol efflux MFS transporter	core	AMR	AMR	PHENICOL	CHLORAMPHENICOL	HMM	404	404	98.76	75.25	400	WP_000214125.1	CmlA/FloR family chloramphenicol efflux MFS transporter	NF033134.0	CmlA/FloR family chloramphenicol efflux MFS transporter
9d6e351a996e2ff88ca21349da219523	blaOXA-347	class D beta-lactamase OXA-347	core	AMR	AMR	BETA-LACTAM	BETA-LACTAM	ALLELEP	274	274	100.00	100.00	274	WP_004295324.1	class D beta-lactamase OXA-347	NF012161.0	class D beta-lactamase
a0aa349601927dda168aee48dd5906c2	tet(A)	tetracycline efflux MFS transporter Tet(A)	core	AMR	AMR	TETRACYCLINE	TETRACYCLINE	EXACTP	399	399	100.00	100.00	399	WP_012579085.1	tetracycline efflux MFS transporter Tet(A)	NF012193.0	tetracycline efflux MFS transporter Tet(A)
a116e6810e7b49038b8a1cf15e403bc6	tmexD	multidrug efflux RND transporter permease subunit TMexD	core	AMR	AMR	TETRACYCLINE	TIGECYCLINE	BLASTP	1044	1044	100.00	99.90	1044	WP_027591160.1	multidrug efflux RND transporter permease subunit TMexD2	NA	NA
a410ea8d7b5ed3d9fabd0e0668524381	qnrS1	quinolone resistance pentapeptide repeat protein QnrS1	core	AMR	AMR	QUINOLONE	QUINOLONE	ALLELEP	218	218	100.00	100.00	218	WP_001516695.1	quinolone resistance pentapeptide repeat protein QnrS1	NF000056.3	QnrS family quinolone resistance pentapeptide repeat protein
a57302ca27229fb06a22728ba4bd7aca	blaTEM-1	broad-spectrum class A beta-lactamase TEM-1	core	AMR	AMR	BETA-LACTAM	BETA-LACTAM	ALLELEP	286	286	100.00	100.00	286	WP_000027057.1	broad-spectrum class A beta-lactamase TEM-1	NF000531.2	TEM family class A beta-lactamase
a58f5f7efb5216f2b2da1d2b5301c3be	aadD1	aminoglycoside O-nucleotidyltransferase ANT(4')-Ia	core	AMR	AMR	AMINOGLYCOSIDE	KANAMYCIN/TOBRAMYCIN	BLASTP	253	253	100.00	96.84	253	WP_001014230.1	aminoglycoside O-nucleotidyltransferase ANT(4')-Ia	NF000181.1	aminoglycoside O-nucleotidyltransferase ANT(4')-Ia
aaac81985bff9c3598281bc5df7d9d7a	rmtC	RmtC family 16S rRNA (guanine(1405)-N(7))-methyltransferase	core	AMR	AMR	AMINOGLYCOSIDE	AMINOGLYCOSIDE	EXACTP	281	281	100.00	100.00	281	WP_000855769.1	RmtC family 16S rRNA (guanine(1405)-N(7))-methyltransferase	NF000150.1	RmtC family 16S rRNA (guanine(1405)-N(7))-methyltransferase
ad03c72905ebd8dfdc9442bc516593f0	blaOXA-9	oxacillin-hydrolyzing class D beta-lactamase OXA-9	core	AMR	AMR	BETA-LACTAM	BETA-LACTAM	ALLELEP	274	274	100.00	100.00	274	WP_000722315.1	oxacillin-hydrolyzing class D beta-lactamase OXA-9	NF040532.1	OXA-9 family oxacillin-hydrolyzing class D beta-lactamase
aea97ddcc2c587f9c60ab8b377acb6ad	aadA1	ANT(3'')-Ia family aminoglycoside nucleotidyltransferase AadA1	core	AMR	AMR	AMINOGLYCOSIDE	STREPTOMYCIN	EXACTP	262	262	100.00	100.00	262	WP_001206315.1	ANT(3'')-Ia family aminoglycoside nucleotidyltransferase AadA1	NF033126.1	ANT(3'')-Ia family aminoglycoside nucleotidyltransferase AadA1
b1994276829f8f28e91902641a96faab	erm(B)	23S rRNA (adenine(2058)-N(6))-methyltransferase Erm(B)	core	AMR	AMR	LINCOSAMIDE/MACROLIDE/STREPTOGRAMIN	CLINDAMYCIN/ERYTHROMYCIN/STREPTOGRAMIN B	EXACTP	245	245	100.00	100.00	245	WP_001038790.1	23S rRNA (adenine(2058)-N(6))-methyltransferase Erm(B)	NF012220.1	23S rRNA (adenine(2058)-N(6))-methyltransferase Erm(B)
b3f883c651ab6eafa9f1fa20008d47a0	blaVIM-1	subclass B1 metallo-beta-lactamase VIM-1	core	AMR	AMR	BETA-LACTAM	CARBAPENEM	ALLELEP	266	266	100.00	100.00	266	WP_013263789.1	subclass B1 metallo-beta-lactamase VIM-1	NF012100.0	VIM family subclass B1 metallo-beta-lactamase
b5389ad5cee01935e8a893847dffe830	catA1	type A-1 chloramphenicol O-acetyltransferase	core	AMR	AMR	PHENICOL	CHLORAMPHENICOL	EXACTP	219	219	100.00	100.00	219	WP_000412211.1	type A-1 chloramphenicol O-acetyltransferase	NF000491.1	type A chloramphenicol O-acetyltransferase
b5ca1ae81249de7a7f1c5c3e7ec93151	erm	23S ribosomal RNA methyltransferase Erm	core	AMR	AMR	MACROLIDE	MACROLIDE	HMM	253	322	77.33	56.18	251	WP_063844492.1	23S ribosomal RNA methyltransferase Erm	NF000499.2	23S ribosomal RNA methyltransferase Erm
bb83078afc25d4c7db0fc1899e9cdf0d	erm(B)	23S rRNA (adenine(2058)-N(6))-methyltransferase Erm(B)	core	AMR	AMR	LINCOSAMIDE/MACROLIDE/STREPTOGRAMIN	CLINDAMYCIN/ERYTHROMYCIN/STREPTOGRAMIN B	BLASTP	245	245	100.00	99.59	245	WP_002321849.1	23S rRNA (adenine(2058)-N(6))-methyltransferase Erm(B)	NF012220.1	23S rRNA (adenine(2058)-N(6))-methyltransferase Erm(B)
bc0f5e523dc2fe37162eca78759bee73	sul3	sulfonamide-resistant dihydropteroate synthase Sul3	core	AMR	AMR	SULFONAMIDE	SULFONAMIDE	EXACTP	263	263	100.00	100.00	263	WP_000034420.1	sulfonamide-resistant dihydropteroate synthase Sul3	NF000296.1	sulfonamide-resistant dihydropteroate synthase Sul3
bc1cce359876cd7aeb8afce152a7ff3d	catA2	type A-2 chloramphenicol O-acetyltransferase CatII	core	AMR	AMR	PHENICOL	CHLORAMPHENICOL	BLASTP	213	213	100.00	99.53	213	WP_012477888.1	type A-2 chloramphenicol O-acetyltransferase CatII	NF000491.1	type A chloramphenicol O-acetyltransferase
c5823efddb916ba7ae976d8b83b90728	sat2	streptothricin N-acetyltransferase Sat2	core	AMR	AMR	STREPTOTHRICIN	STREPTOTHRICIN	EXACTP	174	174	100.00	100.00	174	WP_000704156.1	streptothricin N-acetyltransferase Sat2	NF000358.1	streptothricin N-acetyltransferase Sat2
c9503bcac243a9c3f5d447d822625c20	aadA1	ANT(3'')-Ia family aminoglycoside nucleotidyltransferase AadA1	core	AMR	AMR	AMINOGLYCOSIDE	STREPTOMYCIN	EXACTP	263	263	100.00	100.00	263	WP_001206316.1	ANT(3'')-Ia family aminoglycoside nucleotidyltransferase AadA1	NF033126.1	ANT(3'')-Ia family aminoglycoside nucleotidyltransferase AadA1
cd2d1209a9270f51ce0e1847b46fec80	aph(3')-VI	APH(3')-VI family aminoglycoside O-phosphotransferase	core	AMR	AMR	AMINOGLYCOSIDE	AMIKACIN/KANAMYCIN	EXACTP	259	259	100.00	100.00	259	WP_014386410.1	APH(3')-VI family aminoglycoside O-phosphotransferase	NF033062.0	APH(3')-VI family aminoglycoside O-phosphotransferase
cd70f430a96e502f417b4d95125bf627	aadA2	ANT(3'')-Ia family aminoglycoside nucleotidyltransferase AadA2	core	AMR	AMR	AMINOGLYCOSIDE	STREPTOMYCIN	EXACTP	263	263	100.00	100.00	263	WP_001206356.1	ANT(3'')-Ia family aminoglycoside nucleotidyltransferase AadA2	NF012157.0	ANT(3'')-I family aminoglycoside nucleotidyltransferase
ce1f773b066f7b58785722d6df9c4012	arr-3	NAD(+)--rifampin ADP-ribosyltransferase Arr-3	core	AMR	AMR	RIFAMYCIN	RIFAMYCIN	EXACTP	150	150	100.00	100.00	150	WP_001749986.1	NAD(+)--rifampin ADP-ribosyltransferase Arr-3	NF033144.1	NAD(+)--rifampin ADP-ribosyltransferase
cf523568cf0fc0b821994f02eabd6f18	aph(3'')-Ib	aminoglycoside O-phosphotransferase APH(3'')-Ib	core	AMR	AMR	AMINOGLYCOSIDE	STREPTOMYCIN	BLASTP	267	267	100.00	99.63	267	WP_001082319.1	aminoglycoside O-phosphotransferase APH(3'')-Ib	NF032895.1	aminoglycoside O-phosphotransferase APH(3'')-Ib
d0590bc85f4e34cf1d5b9a7353eda0ba	tet(L)	tetracycline efflux MFS transporter Tet(L)	core	AMR	AMR	TETRACYCLINE	TETRACYCLINE	EXACTP	458	458	100.00	100.00	458	WP_001574277.1	tetracycline efflux MFS transporter Tet(L)	NF012185.0	tetracycline efflux MFS transporter Tet(L)
d069429ed145f71ec2bab654b89ee28a	dfrA27	trimethoprim-resistant dihydrofolate reductase DfrA27	core	AMR	AMR	TRIMETHOPRIM	TRIMETHOPRIM	EXACTP	157	157	100.00	100.00	157	WP_001749985.1	trimethoprim-resistant dihydrofolate reductase DfrA27	NF000330.1	trimethoprim-resistant dihydrofolate reductase DfrA
d1988a7a2d5eeb916a0a2227c63c1f3f	blaIMP-1	subclass B1 metallo-beta-lactamase IMP-1	core	AMR	AMR	BETA-LACTAM	CARBAPENEM	ALLELEP	246	246	100.00	100.00	246	WP_003159548.1	subclass B1 metallo-beta-lactamase IMP-1	NF012147.1	IMP family subclass B1 metallo-beta-lactamase
d239c3043d1d72f4ad6a5bd19cec91a1	blaKPC-12	extended-spectrum class A beta-lactamase KPC-12	core	AMR	AMR	BETA-LACTAM	CEPHALOSPORIN	ALLELEP	293	293	100.00	100.00	293	WP_063860634.1	extended-spectrum class A beta-lactamase KPC-12	NF012141.1	KPC family carbapenem-hydrolyzing class A beta-lactamase
d7b8e6c114fc9382e608200b3d914e6a	qnrB19	quinolone resistance pentapeptide repeat protein QnrB19	core	AMR	AMR	QUINOLONE	QUINOLONE	ALLELEP	214	214	100.00	100.00	214	WP_012954666.1	quinolone resistance pentapeptide repeat protein QnrB19	NF000420.1	QnrB family quinolone resistance pentapeptide repeat protein
d9bc359b4f27cdb0acfef24dc9cc3c5c	aadA2	ANT(3'')-Ia family aminoglycoside nucleotidyltransferase AadA2	core	AMR	AMR	AMINOGLYCOSIDE	STREPTOMYCIN	EXACTP	263	263	100.00	100.00	263	WP_001261740.1	ANT(3'')-Ia family aminoglycoside nucleotidyltransferase AadA2	NF012157.0	ANT(3'')-I family aminoglycoside nucleotidyltransferase
da19d7802b651569f713558007be25ed	estX-3	macrolide esterase EstX-3	core	AMR	AMR	MACROLIDE	TYLOSIN	ALLELEP	280	280	100.00	100.00	280	WP_001456218.1	macrolide esterase EstX-3	NF033124.1	macrolide esterase EstX
db4c78045a2829b0a99a9891d02f1a68	blaNDM-7	subclass B1 metallo-beta-lactamase NDM-7	core	AMR	AMR	BETA-LACTAM	CARBAPENEM	ALLELEP	270	270	100.00	100.00	270	WP_032495622.1	subclass B1 metallo-beta-lactamase NDM-7	NF000259.2	NDM family subclass B1 metallo-beta-lactamase
dbf13b5eb16953ef966c0b5468730bb6	cfr	23S rRNA (adenine(2503)-C(8))-methyltransferase Cfr	core	AMR	AMR	LINCOSAMIDE/OXAZOLIDINONE/PHENICOL/PLEUROMUTILIN/STREPTOGRAMIN	CHLORAMPHENICOL/CLINDAMYCIN/FLORFENICOL/LINEZOLID/STREPTOGRAMIN B/TIAMULIN/VIRGINIAMYCIN	EXACTP	349	349	100.00	100.00	349	WP_001010505.1	23S rRNA (adenine(2503)-C(8))-methyltransferase Cfr	NF000424.4	Cfr family 23S rRNA (adenine(2503)-C(8))-methyltransferase
dc63b815644ce4ce1dc056446973b134	blaCTX-M-65	extended-spectrum class A beta-lactamase CTX-M-65	core	AMR	AMR	BETA-LACTAM	CEPHALOSPORIN	ALLELEP	291	291	100.00	100.00	291	WP_013188475.1	extended-spectrum class A beta-lactamase CTX-M-65	NF033089.1	CTX-M family extended-spectrum class A beta-lactamase
dc7ec29ade4c8ce326f034bd86e3b09c	qnrB1	quinolone resistance pentapeptide repeat protein QnrB1	core	AMR	AMR	QUINOLONE	QUINOLONE	ALLELEP	214	214	100.00	100.00	214	WP_014386481.1	quinolone resistance pentapeptide repeat protein QnrB1	NF000420.1	QnrB family quinolone resistance pentapeptide repeat protein
e0f2a231534b32ea534f65674266906f	blaIII	class A beta-lactamase BlaIII	core	AMR	AMR	BETA-LACTAM	BETA-LACTAM	HMM	316	316	100.00	89.24	316	WP_000497840.1	class A beta-lactamase BlaIII	NF041270.1	class A beta-lactamase BlaIII
e1fd831d869c9c6fb4347db0db75c8bb	blaDHA-1	extended-spectrum class C beta-lactamase DHA-1	core	AMR	AMR	BETA-LACTAM	CEPHALOSPORIN	ALLELEP	379	379	100.00	100.00	379	WP_004236386.1	extended-spectrum class C beta-lactamase DHA-1	NF012102.1	DHA family class C beta-lactamase
e519f7eb141b1b345ae6f197ac7c498d	aadA1	ANT(3'')-Ia family aminoglycoside nucleotidyltransferase AadA1	core	AMR	AMR	AMINOGLYCOSIDE	STREPTOMYCIN	EXACTP	263	263	100.00	100.00	263	WP_001206317.1	ANT(3'')-Ia family aminoglycoside nucleotidyltransferase AadA1	NF033126.1	ANT(3'')-Ia family aminoglycoside nucleotidyltransferase AadA1
e8e2f331fd963a8f9db98edc617c784e	blaLAP-2	class A beta-lactamase LAP-2	core	AMR	AMR	BETA-LACTAM	BETA-LACTAM	ALLELEP	285	285	100.00	100.00	285	WP_012477595.1	class A beta-lactamase LAP-2	NF000383.2	LAP family class A beta-lactamase
ef98981d9458f7768dac90933f4403e0	vanS	vancomycin resistance histidine kinase VanS	core	AMR	AMR	GLYCOPEPTIDE	VANCOMYCIN	HMM	384	386	99.48	89.58	384	WP_063856741.1	vancomycin resistance histidine kinase VanS	NF033091.0	vancomycin resistance histidine kinase VanS
f1fdb424674306a0793d642134cea5d7	blaCTX-M-32	extended-spectrum class A beta-lactamase CTX-M-32	core	AMR	AMR	BETA-LACTAM	CEPHALOSPORIN	ALLELEP	291	291	100.00	100.00	291	WP_000239591.1	extended-spectrum class A beta-lactamase CTX-M-32	NF033089.1	CTX-M family extended-spectrum class A beta-lactamase
f3020c5ca5370f249d0f1eab05e055fb	qacL	quaternary ammonium compound efflux SMR transporter QacL	core	STRESS	BIOCIDE	QUATERNARY AMMONIUM	QUATERNARY AMMONIUM	EXACTP	110	110	100.00	100.00	110	WP_000800531.1	quaternary ammonium compound efflux SMR transporter QacL	NF000067.2	QacF/QacL family quaternary ammonium compound efflux SMR transporter
f501d109a474645f082f18d8288da666	blaIMP-4	subclass B1 metallo-beta-lactamase IMP-4	core	AMR	AMR	BETA-LACTAM	CARBAPENEM	ALLELEP	246	246	100.00	100.00	246	WP_015060105.1	subclass B1 metallo-beta-lactamase IMP-4	NF012147.1	IMP family subclass B1 metallo-beta-lactamase
f5fffac96d7f4a75b37c43c6182f8968	lnu(G)	lincosamide nucleotidyltransferase Lnu(G)	core	AMR	AMR	LINCOSAMIDE	LINCOSAMIDE	EXACTP	267	267	100.00	100.00	267	WP_002333496.1	lincosamide nucleotidyltransferase Lnu(G)	NF033182.0	lincosamide nucleotidyltransferase Lnu(G)
f63c0a09eaacf74ba4be3b859c3a2565	aph(3')-II	APH(3')-II family aminoglycoside O-phosphotransferase	core	AMR	AMR	AMINOGLYCOSIDE	KANAMYCIN	HMM	265	267	94.01	58.96	251	WP_087587933.1	APH(3')-II family aminoglycoside O-phosphotransferase	NF032898.2	APH(3')-II family aminoglycoside O-phosphotransferase
f743014a8ad41831db0e5284fb95a4ba	blaSHV-11	broad-spectrum class A beta-lactamase SHV-11	core	AMR	AMR	BETA-LACTAM	BETA-LACTAM	ALLELEP	286	286	100.00	100.00	286	WP_004176269.1	broad-spectrum class A beta-lactamase SHV-11	NF000285.3	SHV family class A beta-lactamase
f836f520e5924a2d0dee0ba64af93f6b	blaI	penicillinase repressor BlaI	core	AMR	AMR	BETA-LACTAM	BETA-LACTAM	EXACTP	126	126	100.00	100.00	126	WP_001284656.1	penicillinase repressor BlaI	NF000186.1	penicillinase repressor BlaI
f95f68025ae6d10758cd7ed7f5b4b19f	ant(2'')-Ia	aminoglycoside nucleotidyltransferase ANT(2'')-Ia	core	AMR	AMR	AMINOGLYCOSIDE	GENTAMICIN/KANAMYCIN/TOBRAMYCIN	EXACTP	177	177	100.00	100.00	177	WP_000381802.1	aminoglycoside nucleotidyltransferase ANT(2'')-Ia	NF000064.3	aminoglycoside nucleotidyltransferase ANT(2'')-Ia
fadadc465612de9909ffa213ff7064ce	tet(X4)	tetracycline-inactivating monooxygenase Tet(X4)	core	AMR	AMR	TETRACYCLINE	TIGECYCLINE	EXACTP	385	385	100.00	100.00	385	WP_094309310.1	tetracycline-inactivating monooxygenase Tet(X4)	NF033111.2	tetracycline-inactivating monooxygenase Tet(X)
fd2a1e4266c3617f087b8f2bca65e616	aac(6')-Ie/aph(2'')-Ia	bifunctional aminoglycoside N-acetyltransferase AAC(6')-Ie/aminoglycoside O-phosphotransferase APH(2'')-Ia	core	AMR	AMR	AMINOGLYCOSIDE	AMIKACIN/GENTAMICIN/KANAMYCIN/TOBRAMYCIN	EXACTP	479	479	100.00	100.00	479	WP_001028144.1	bifunctional aminoglycoside N-acetyltransferase AAC(6')-Ie/aminoglycoside O-phosphotransferase APH(2'')-Ia	NF000508.1	aminoglycoside O-phosphotransferase APH(2'')-Ia
fe567fbc38778de6528706835c9d0d5c	tmexC2	multidrug efflux RND transporter periplasmic adaptor subunit TMexC2	core	AMR	AMR	TETRACYCLINE	TIGECYCLINE	ALLELEP	387	387	100.00	100.00	387	WP_088903431.1	multidrug efflux RND transporter periplasmic adaptor subunit TMexC2	NA	NA
feb8d4d14f9800f94ae3745c62ffd6d7	qnrB2	quinolone resistance pentapeptide repeat protein QnrB2	core	AMR	AMR	QUINOLONE	QUINOLONE	ALLELEP	214	214	100.00	100.00	214	WP_012695489.1	quinolone resistance pentapeptide repeat protein QnrB2	NF000420.1	QnrB family quinolone resistance pentapeptide repeat protein
02745304384240135dbb3ef44e6cbb80	tet(M)	tetracycline resistance ribosomal protection protein Tet(M)	core	AMR	AMR	TETRACYCLINE	TETRACYCLINE	EXACTP	639	639	100.00	100.00	639	WP_000691727.1	tetracycline resistance ribosomal protection protein Tet(M)	NF012155.1	tetracycline resistance ribosomal protection protein Tet(M)
059089ff4f1ad1c7ec6efa9c068f19e4	cmlA8	chloramphenicol efflux MFS transporter CmlA8	core	AMR	AMR	PHENICOL	CHLORAMPHENICOL	ALLELEP	419	419	100.00	100.00	419	WP_032492104.1	chloramphenicol efflux MFS transporter CmlA8	NF000509.1	CmlA family chloramphenicol efflux MFS transporter
0622178da2b73a69d82d0d3099b81104	qacF	quaternary ammonium compound efflux SMR transporter QacF	core	STRESS	BIOCIDE	QUATERNARY AMMONIUM	QUATERNARY AMMONIUM	EXACTP	110	110	100.00	100.00	110	WP_032492097.1	quaternary ammonium compound efflux SMR transporter QacF	NF000067.2	QacF/QacL family quaternary ammonium compound efflux SMR transporter
0dfedc0d9abd2ed7fc3685b90368ec65	aac(6')	aminoglycoside 6'-N-acetyltransferase	core	AMR	AMR	AMINOGLYCOSIDE	AMINOGLYCOSIDE	HMM	167	146	99.32	44.97	149	WP_063840328.1	aminoglycoside 6'-N-acetyltransferase	NF043067.1	aminoglycoside 6'-N-acetyltransferase
0e3411dcbd9fc6345e8879bf46a15931	tmexD1	multidrug efflux RND transporter permease subunit TMexD1	core	AMR	AMR	TETRACYCLINE	TIGECYCLINE	ALLELEP	1044	1044	100.00	100.00	1044	WP_118842627.1	multidrug efflux RND transporter permease subunit TMexD1	NA	NA
114a0553e607f393af0f05adf27c6fa3	aac(6')-IIa	aminoglycoside N-acetyltransferase AAC(6')-IIa	core	AMR	AMR	AMINOGLYCOSIDE	GENTAMICIN/KANAMYCIN/TOBRAMYCIN	EXACTP	184	184	100.00	100.00	184	WP_023622803.1	aminoglycoside N-acetyltransferase AAC(6')-IIa	NF012165.0	aminoglycoside 6'-N-acetyltransferase
13f480cc6c0b86f59eff81de2b326e6a	aac(6')	aminoglycoside 6'-N-acetyltransferase	core	AMR	AMR	AMINOGLYCOSIDE	AMINOGLYCOSIDE	HMM	150	148	98.65	67.12	146	WP_026868862.1	aminoglycoside 6'-N-acetyltransferase	NF043067.1	aminoglycoside 6'-N-acetyltransferase
155005a0d7081f240d9b08db0b37283e	blaZ	penicillin-hydrolyzing class A beta-lactamase BlaZ	core	AMR	AMR	BETA-LACTAM	BETA-LACTAM	BLASTP	281	281	100.00	98.58	281	WP_000733274.1	penicillin-hydrolyzing class A beta-lactamase BlaZ	NF033139.1	penicillin-hydrolyzing class A beta-lactamase BlaZ
1665c374f15ca6bf399ced614256e3e8	cfr(B)	23S rRNA (adenine(2503)-C(8))-methyltransferase Cfr(B)	core	AMR	AMR	LINCOSAMIDE/OXAZOLIDINONE/PHENICOL/PLEUROMUTILIN/STREPTOGRAMIN	CHLORAMPHENICOL/CLINDAMYCIN/LINEZOLID/RETAPAMULIN/STREPTOGRAMIN B/VIRGINIAMYCIN	BLASTP	349	349	100.00	99.71	349	WP_002405682.1	23S rRNA (adenine(2503)-C(8))-methyltransferase Cfr(B)	NF000424.4	Cfr family 23S rRNA (adenine(2503)-C(8))-methyltransferase
2079dc75b60d9c7e7c33cd9b05690208	cfr(D)	23S rRNA (adenine(2503)-C(8))-methyltransferase Cfr(D)	core	AMR	AMR	LINCOSAMIDE/OXAZOLIDINONE/PHENICOL/PLEUROMUTILIN/STREPTOGRAMIN	CHLORAMPHENICOL/CLINDAMYCIN/LINEZOLID/STREPTOGRAMIN B/TEDIZOLID/TIAMULIN	BLASTP	357	357	100.00	99.72	357	WP_105459893.1	23S rRNA (adenine(2503)-C(8))-methyltransferase Cfr(D)	NF000424.4	Cfr family 23S rRNA (adenine(2503)-C(8))-methyltransferase
207f1c64f45e702b7d9784e3f103673e	aac(6')-Ib	AAC(6')-Ib family aminoglycoside 6'-N-acetyltransferase	core	AMR	AMR	AMINOGLYCOSIDE	GENTAMICIN	BLASTP	197	184	100.00	100.00	184	WP_012695458.1	AAC(6')-Ib family aminoglycoside 6'-N-acetyltransferase	NF033074.0	AAC(6')-Ib family aminoglycoside 6'-N-acetyltransferase
209a5633a772110a73f3509f875a154c	blaAFM-2	subclass B1 metallo-beta-lactamase AFM-2	core	AMR	AMR	BETA-LACTAM	CARBAPENEM	ALLELEP	267	267	100.00	100.00	267	WP_204376224.1	subclass B1 metallo-beta-lactamase AFM-2	NF033736.2	AFM family subclass B1 metallo-beta-lactamase
21b65c21be85f56f277988453a75dd2b	sul1	sulfonamide-resistant dihydropteroate synthase Sul1	core	AMR	AMR	SULFONAMIDE	SULFONAMIDE	EXACTP	279	279	100.00	100.00	279	WP_000259032.1	sulfonamide-resistant dihydropteroate synthase Sul1	NF000294.1	sulfonamide-resistant dihydropteroate synthase Sul1
24ba1c9eda8b20e348bfad34fa70ded5	blaKHM-1	subclass B1 metallo-beta-lactamase KHM-1	core	AMR	AMR	BETA-LACTAM	CARBAPENEM	ALLELEP	241	241	100.00	100.00	241	WP_032492430.1	subclass B1 metallo-beta-lactamase KHM-1	NF041632.1	KHM family subclass B1 metallo-beta-lactamase
295e2a17cf409580be1e6fd4dab66632	arr	NAD(+)--rifampin ADP-ribosyltransferase	core	AMR	AMR	RIFAMYCIN	RIFAMYCIN	HMM	137	137	99.27	69.12	136	WP_012695486.1	NAD(+)--rifampin ADP-ribosyltransferase	NF033144.1	NAD(+)--rifampin ADP-ribosyltransferase
3259006c32adc9c3998ab76b9d3db5dd	arr-3	NAD(+)--rifampin ADP-ribosyltransferase Arr-3	core	AMR	AMR	RIFAMYCIN	RIFAMYCIN	BLASTP	150	150	100.00	99.33	150	WP_001749986.1	NAD(+)--rifampin ADP-ribosyltransferase Arr-3	NF033144.1	NAD(+)--rifampin ADP-ribosyltransferase
34a9ecc093ad1f00c4b7e5b6d27fb8d0	aac(6')-Ib-cr7	fluoroquinolone-acetylating aminoglycoside 6'-N-acetyltransferase AAC(6')-Ib-cr7	core	AMR	AMR	AMINOGLYCOSIDE/QUINOLONE	AMIKACIN/KANAMYCIN/QUINOLONE/TOBRAMYCIN	ALLELEP	184	184	100.00	100.00	184	WP_071766399.1	fluoroquinolone-acetylating aminoglycoside 6'-N-acetyltransferase AAC(6')-Ib-cr7	NF033074.0	AAC(6')-Ib family aminoglycoside 6'-N-acetyltransferase
39a4143421a057ff7d14de7120fb394f	blaTEM-256	class A beta-lactamase TEM-256	core	AMR	AMR	BETA-LACTAM	BETA-LACTAM	ALLELEP	286	286	100.00	100.00	286	WP_110924831.1	class A beta-lactamase TEM-256	NF000531.2	TEM family class A beta-lactamase
3c5bd354dcf445acfa31bab11b1befd2	blaGMA	GMA family class A beta-lactamase	core	AMR	AMR	BETA-LACTAM	BETA-LACTAM	BLASTP	278	282	98.58	99.64	278	WP_012774820.1	GMA family class A beta-lactamase GMA-1	NF040812.1	GMA family class A beta-lactamase
3d11be170eb7c293a99e044c2cbf2aa2	qnrB7	quinolone resistance pentapeptide repeat protein QnrB7	core	AMR	AMR	QUINOLONE	QUINOLONE	ALLELEP	214	214	100.00	100.00	214	WP_063866276.1	quinolone resistance pentapeptide repeat protein QnrB7	NF000420.1	QnrB family quinolone resistance pentapeptide repeat protein
3ed55f1e5f34a2ec1787b5dab4dc8587	fosX	FosX/FosE/FosI family fosfomycin resistance hydrolase	core	AMR	AMR	FOSFOMYCIN	FOSFOMYCIN	HMM	139	154	88.31	62.50	136	WP_015860243.1	FosX/FosE/FosI family fosfomycin resistance hydrolase	NF000222.1	FosX/FosE/FosI family fosfomycin resistance hydrolase
448afb161585518bb71859c9078530dd	dfrA50	trimethoprim-resistant dihydrofolate reductase DfrA50	core	AMR	AMR	TRIMETHOPRIM	TRIMETHOPRIM	BLASTP	158	158	100.00	98.10	158	WP_040203768.1	trimethoprim-resistant dihydrofolate reductase DfrA50	NF047323.1	trimethoprim-resistant dihydrofolate reductase DfrA50
47e91d42bf516b8b46f2770ff9aeb06a	fexA	chloramphenicol/florfenicol efflux MFS transporter FexA	core	AMR	AMR	PHENICOL	CHLORAMPHENICOL/FLORFENICOL	BLASTP	475	475	100.00	98.95	475	WP_015585966.1	chloramphenicol/florfenicol efflux MFS transporter FexA	NF000218.1	chloramphenicol/florfenicol efflux MFS transporter FexA
4b3e0c022348d9307c018cc1bb9e8dd8	toprJ1	multidrug efflux transporter outer membrane subunit TOprJ1	core	AMR	AMR	TETRACYCLINE	TIGECYCLINE	ALLELEP	477	477	100.00	100.00	477	WP_003152694.1	multidrug efflux transporter outer membrane subunit TOprJ1	NA	NA
4c25e324a8cc18e1f776b540b0fd00e4	fosB	FosB/FosD family fosfomycin resistance bacillithiol transferase	core	AMR	AMR	FOSFOMYCIN	FOSFOMYCIN	BLASTP	139	139	99.28	95.65	138	WP_000938987.1	fosfomycin resistance bacillithiol transferase FosB2	NF000493.1	FosB/FosD family fosfomycin resistance bacillithiol transferase
4fd16a8316a134a6af658de231bddf6e	tmexC1	multidrug efflux RND transporter periplasmic adaptor subunit TMexC1	core	AMR	AMR	TETRACYCLINE	TIGECYCLINE	ALLELEP	387	387	100.00	100.00	387	WP_118842626.1	multidrug efflux RND transporter periplasmic adaptor subunit TMexC1	NA	NA
530199309893bcdc95f56153d3535f64	tet(M)	tetracycline resistance ribosomal protection protein Tet(M)	core	AMR	AMR	TETRACYCLINE	TETRACYCLINE	BLASTP	639	639	100.00	99.84	639	WP_001574275.1	tetracycline resistance ribosomal protection protein Tet(M)	NF012155.1	tetracycline resistance ribosomal protection protein Tet(M)
538219b6b81d3752424bfe3ef77b7227	qnrB10	quinolone resistance pentapeptide repeat protein QnrB10	core	AMR	AMR	QUINOLONE	QUINOLONE	ALLELEP	214	214	100.00	100.00	214	WP_032492467.1	quinolone resistance pentapeptide repeat protein QnrB10	NF000420.1	QnrB family quinolone resistance pentapeptide repeat protein
56535009fd30841e5b1f6fa583cb35ce	aph(6)-Id	aminoglycoside O-phosphotransferase APH(6)-Id	core	AMR	AMR	AMINOGLYCOSIDE	STREPTOMYCIN	BLASTP	278	278	100.00	99.64	278	WP_000480968.1	aminoglycoside O-phosphotransferase APH(6)-Id	NF012171.0	APH(6)-I family aminoglycoside O-phosphotransferase
5a13d4fe79978d393d73bb6f201bf44e	aac(6')-Iae	aminoglycoside 6'-N-acetyltransferase AAC(6')-Iae	core	AMR	AMR	AMINOGLYCOSIDE	AMINOGLYCOSIDE	ALLELEP	183	183	100.00	100.00	183	WP_003159545.1	aminoglycoside 6'-N-acetyltransferase AAC(6')-Iae	NF033078.2	AAC(6')-Ia family aminoglycoside 6'-N-acetyltransferase
5ec7e81bfb201859956466d6cf046ed6	floR	chloramphenicol/florfenicol efflux MFS transporter FloR	core	AMR	AMR	PHENICOL	CHLORAMPHENICOL/FLORFENICOL	BLASTP	404	404	100.00	99.75	404	WP_000214122.1	chloramphenicol/florfenicol efflux MFS transporter FloR	NF000219.1	chloramphenicol/florfenicol efflux MFS transporter FloR
6084206d012d213283e39cb952d52792	aadA13	ANT(3'')-Ia family aminoglycoside nucleotidyltransferase AadA13	core	AMR	AMR	AMINOGLYCOSIDE	STREPTOMYCIN	EXACTP	265	265	100.00	100.00	265	WP_001424636.1	ANT(3'')-Ia family aminoglycoside nucleotidyltransferase AadA13	NF012157.0	ANT(3'')-I family aminoglycoside nucleotidyltransferase
61f8a2689431301645151ef6878b7701	mph	Mph(E)/Mph(G) family macrolide 2'-phosphotransferase	core	AMR	AMR	MACROLIDE	MACROLIDE	HMM	295	294	100.00	60.20	294	WP_014325835.1	Mph(E)/Mph(G) family macrolide 2'-phosphotransferase	NF000241.1	Mph(E)/Mph(G) family macrolide 2'-phosphotransferase
63641ce5490f895552959f50d887dab6	blaOXA-1	oxacillin-hydrolyzing class D beta-lactamase OXA-1	core	AMR	AMR	BETA-LACTAM	CEPHALOSPORIN	ALLELEP	276	276	100.00	100.00	276	WP_001334766.1	oxacillin-hydrolyzing class D beta-lactamase OXA-1	NF000388.2	OXA-1 family class D beta-lactamase
63a4843de528b1d73c5293003188009a	ant(3'')	ANT(3'')-I family aminoglycoside nucleotidyltransferase	core	AMR	AMR	AMINOGLYCOSIDE	SPECTINOMYCIN/STREPTOMYCIN	HMM	268	262	97.33	64.31	255	WP_004356282.1	ANT(3'')-I family aminoglycoside nucleotidyltransferase	NF012157.0	ANT(3'')-I family aminoglycoside nucleotidyltransferase
643eb3654b632f11779f2abe7f0e35c7	blaCMY-42	extended-spectrum class C beta-lactamase CMY-42	core	AMR	AMR	BETA-LACTAM	CEPHALOSPORIN	ALLELEP	381	381	100.00	100.00	381	WP_039023136.1	extended-spectrum class C beta-lactamase CMY-42	NF000191.1	CMY-2 family class C beta-lactamase
6a7673a57c8dade5a2c2bd6637e7a281	tmexD2	multidrug efflux RND transporter permease subunit TMexD2	core	AMR	AMR	TETRACYCLINE	TIGECYCLINE	ALLELEP	1044	1044	100.00	100.00	1044	WP_027591160.1	multidrug efflux RND transporter permease subunit TMexD2	NA	NA
6ae64008a2d4cf0193de7d12d912b140	floR	chloramphenicol/florfenicol efflux MFS transporter FloR	core	AMR	AMR	PHENICOL	CHLORAMPHENICOL/FLORFENICOL	EXACTP	404	404	100.00	100.00	404	WP_000214119.1	chloramphenicol/florfenicol efflux MFS transporter FloR	NF000219.1	chloramphenicol/florfenicol efflux MFS transporter FloR
6c44bca63cdccc651cf3afa12a8a0437	aph(3'')-Ib	aminoglycoside O-phosphotransferase APH(3'')-Ib	core	AMR	AMR	AMINOGLYCOSIDE	STREPTOMYCIN	BLASTP	267	267	100.00	99.63	267	WP_001082319.1	aminoglycoside O-phosphotransferase APH(3'')-Ib	NF032895.1	aminoglycoside O-phosphotransferase APH(3'')-Ib
6c507c3b0da63408bcbc0814025c8b10	dfrA47	trimethoprim-resistant dihydrofolate reductase DfrA47	core	AMR	AMR	TRIMETHOPRIM	TRIMETHOPRIM	EXACTP	165	165	100.00	100.00	165	WP_034072810.1	trimethoprim-resistant dihydrofolate reductase DfrA47	NF000055.3	DfrA12/DfrA21 family trimethoprim-resistant dihydrofolate reductase
76a8ac62eb9b648767482205bc10d4aa	tmexC	multidrug efflux RND transporter periplasmic adaptor subunit TMexC	core	AMR	AMR	TETRACYCLINE	TIGECYCLINE	BLASTP	387	387	100.00	98.71	387	WP_034039546.1	multidrug efflux RND transporter periplasmic adaptor subunit TMexC3	NA	NA
7893902e671a3e678d93875d6e9159f8	blaOXA-246	OXA-10 family class D beta-lactamase OXA-246	core	AMR	AMR	BETA-LACTAM	BETA-LACTAM	ALLELEP	266	266	100.00	100.00	266	WP_063862394.1	OXA-10 family class D beta-lactamase OXA-246	NF000386.2	OXA-10 family class D beta-lactamase
7996c2718b7bead342994d1cd59d251c	dfrA7	trimethoprim-resistant dihydrofolate reductase DfrA7	core	AMR	AMR	TRIMETHOPRIM	TRIMETHOPRIM	EXACTP	157	157	100.00	100.00	157	WP_000703418.1	trimethoprim-resistant dihydrofolate reductase DfrA7	NF000330.1	trimethoprim-resistant dihydrofolate reductase DfrA
7c455765cde04187306ce0d1b115c0d0	blaOXA	OXA-1206 family carbapenem-hydrolyzing class D beta-lactamase	core	AMR	AMR	BETA-LACTAM	CARBAPENEM	HMM	277	279	99.64	64.64	280	WP_284495840.1	OXA-1206 family carbapenem-hydrolyzing class D beta-lactamase	NF041812.1	OXA-1206 family carbapenem-hydrolyzing class D beta-lactamase
7c63eb1d300c6682a82c7d0b0b30702f	cmx	chloramphenicol efflux MFS transporter Cmx	core	AMR	AMR	PHENICOL	CHLORAMPHENICOL	BLASTP	391	391	100.00	99.74	391	WP_005297378.1	chloramphenicol efflux MFS transporter Cmx	NF000510.1	chloramphenicol efflux MFS transporter Cmx
80b3a43e7a53cfb45751704e4a4556c1	blaCTX-M-2	extended-spectrum class A beta-lactamase CTX-M-2	core	AMR	AMR	BETA-LACTAM	CEPHALOSPORIN	ALLELEP	291	291	100.00	100.00	291	WP_025368620.1	extended-spectrum class A beta-lactamase CTX-M-2	NF033089.1	CTX-M family extended-spectrum class A beta-lactamase
86fad8f56886dbbe3269741bceeda6f8	bla	class A beta-lactamase	core	AMR	AMR	BETA-LACTAM	BETA-LACTAM	HMM	284	290	97.93	54.23	284	WP_002437128.1	class A beta-lactamase	NF033103.1	class A beta-lactamase
8abec377dc25409a17a778ce2f6a0b10	blaR1	beta-lactam sensor/signal transducer BlaR1	core	AMR	AMR	BETA-LACTAM	BETA-LACTAM	BLASTP	585	585	100.00	99.32	585	WP_001096392.1	beta-lactam sensor/signal transducer BlaR1	NF033108.1	beta-lactam sensor/signal transducer BlaR1
8c6f945189c70119a1db7c4af971c8ce	aac(3)-I	AAC(3)-I family aminoglycoside 3-N-acetyltransferase	core	AMR	AMR	AMINOGLYCOSIDE	GENTAMICIN	HMM	158	152	96.05	63.70	146	ABL71428.1	AAC(3)-I family aminoglycoside 3-N-acetyltransferase	NF033083.0	AAC(3)-I family aminoglycoside 3-N-acetyltransferase
8d723a3a47b6bb18ba655ecff25ffb48	cpt	chloramphenicol phosphotransferase CPT	core	AMR	AMR	PHENICOL	CHLORAMPHENICOL	BLASTP	176	176	100.00	95.45	176	WP_010982315.1	chloramphenicol phosphotransferase CPT	NF033114.1	chloramphenicol phosphotransferase CPT
8dd5363ff5e14cac6cd23a68b75de6f4	fosG	FosG family fosfomycin resistance glutathione transferase	core	AMR	AMR	FOSFOMYCIN	FOSFOMYCIN	BLASTP	132	132	100.00	91.67	132	WP_063851232.1	FosG family fosfomycin resistance glutathione transferase	NF000467.1	FosG family fosfomycin resistance glutathione transferase
91a285118debf8efcc565996dbefd8a4	poxtA2	ABC-F type ribosomal protection protein PoxtA2	core	AMR	AMR	OXAZOLIDINONE/PHENICOL	CHLORAMPHENICOL/FLORFENICOL/LINEZOLID	ALLELEP	544	544	100.00	100.00	544	WP_209691075.1	ABC-F type ribosomal protection protein PoxtA2	NA	NA
95ae45261a47237f865fe4efa1be337d	qnrVC1	quinolone resistance pentapeptide repeat protein QnrVC1	core	AMR	AMR	QUINOLONE	QUINOLONE	ALLELEP	218	218	100.00	100.00	218	WP_000415714.1	quinolone resistance pentapeptide repeat protein QnrVC1	NF000421.1	QnrVC family quinolone resistance pentapeptide repeat protein
964acee31c3efe9e1eb33b0cfd546dae	estT	macrolide hydrolase EstT	core	AMR	AMR	MACROLIDE	TYLOSIN	HMM	305	282	100.00	89.01	282	WP_185148407.1	macrolide hydrolase EstT	NF041759.1	macrolide hydrolase EstT
9a223653b7a5128ed62647496f2d00f7	catB	type B chloramphenicol O-acetyltransferase	core	AMR	AMR	PHENICOL	CHLORAMPHENICOL	EXACTP	210	210	100.00	100.00	210	WP_031281281.1	type B chloramphenicol O-acetyltransferase	NF000490.1	type B chloramphenicol O-acetyltransferase
9ffe80143497b17e51eeccc51fc70a0a	optrA	ABC-F type ribosomal protection protein OptrA	core	AMR	AMR	OXAZOLIDINONE/PHENICOL	FLORFENICOL/OXAZOLIDINONE	BLASTP	655	655	100.00	98.63	655	WP_063854496.1	ABC-F type ribosomal protection protein OptrA	NF000514.1	ABC-F type ribosomal protection protein OptrA
a53792d71a3fdc0328c81bc24419441b	sul2	sulfonamide-resistant dihydropteroate synthase Sul2	core	AMR	AMR	SULFONAMIDE	SULFONAMIDE	BLASTP	271	271	100.00	99.63	271	WP_001043260.1	sulfonamide-resistant dihydropteroate synthase Sul2	NF000295.1	sulfonamide-resistant dihydropteroate synthase Sul2
aea0ba86d4e3d3dffe7136e5c25d590f	ampC	class C beta-lactamase	core	AMR	AMR	BETA-LACTAM	BETA-LACTAM	HMM	384	380	98.42	56.65	376	WP_011339581.1	class C beta-lactamase	NF033085.1	class C beta-lactamase
aec5acb22e902f8e419de7e2fe1f5e64	tet(X5)	tetracycline-inactivating monooxygenase Tet(X5)	core	AMR	AMR	TETRACYCLINE	TIGECYCLINE	BLASTP	378	378	100.00	96.03	378	WP_063856444.1	tetracycline-inactivating monooxygenase Tet(X5)	NF033111.2	tetracycline-inactivating monooxygenase Tet(X)
af103e21846dd7b8412f458024c122cc	aac(3)-I	AAC(3)-I family aminoglycoside 3-N-acetyltransferase	core	AMR	AMR	AMINOGLYCOSIDE	GENTAMICIN	HMM	163	165	92.12	67.76	152	WP_063840260.1	AAC(3)-I family aminoglycoside 3-N-acetyltransferase	NF033083.0	AAC(3)-I family aminoglycoside 3-N-acetyltransferase
b5345f68963c451ec3444a9e579051ba	blaI	penicillinase repressor BlaI	core	AMR	AMR	BETA-LACTAM	BETA-LACTAM	BLASTP	126	126	100.00	98.41	126	WP_001284656.1	penicillinase repressor BlaI	NF000186.1	penicillinase repressor BlaI
b70420470351b1df97453ab6984ac254	aac(6')	aminoglycoside 6'-N-acetyltransferase	core	AMR	AMR	AMINOGLYCOSIDE	AMINOGLYCOSIDE	HMM	150	148	98.65	65.75	146	WP_026868862.1	aminoglycoside 6'-N-acetyltransferase	NF043067.1	aminoglycoside 6'-N-acetyltransferase
b86a8f30eb5c80abbee6daef11040ad7	ere(A)	EreA family erythromycin esterase	core	AMR	AMR	MACROLIDE	ERYTHROMYCIN	EXACTP	408	408	100.00	100.00	408	WP_021566672.1	EreA family erythromycin esterase	NF000208.1	EreA family erythromycin esterase
bb438a5a4fda5cf5aa37ac4c98becc81	aac(6')-Ib	AAC(6')-Ib family aminoglycoside 6'-N-acetyltransferase	core	AMR	AMR	AMINOGLYCOSIDE	GENTAMICIN	BLASTP	184	184	100.00	99.46	184	WP_012695458.1	AAC(6')-Ib family aminoglycoside 6'-N-acetyltransferase	NF033074.0	AAC(6')-Ib family aminoglycoside 6'-N-acetyltransferase
bf075c9029f812b732c21a0d04e1a88d	blaOXA	class D beta-lactamase	core	AMR	AMR	BETA-LACTAM	BETA-LACTAM	HMM	272	275	98.18	65.56	270	WP_102607464.1	class D beta-lactamase	NF000270.1	class D beta-lactamase
c02b54c55134083bac44c86fff031b8f	catA	type A chloramphenicol O-acetyltransferase	core	AMR	AMR	PHENICOL	CHLORAMPHENICOL	HMM	213	207	99.52	53.40	206	WP_040564913.1	type A chloramphenicol O-acetyltransferase	NF000491.1	type A chloramphenicol O-acetyltransferase
c5b8fd0ba1c5024917bc234e92853516	blaOXA	class D beta-lactamase	core	AMR	AMR	BETA-LACTAM	BETA-LACTAM	HMM	265	269	99.63	58.39	274	WP_063864094.1	class D beta-lactamase	NF012161.0	class D beta-lactamase
c9fc3ee49317da450b0f02123e4fa059	dfrG	trimethoprim-resistant dihydrofolate reductase DfrG	core	AMR	AMR	TRIMETHOPRIM	TRIMETHOPRIM	EXACTP	165	165	100.00	100.00	165	WP_000868795.1	trimethoprim-resistant dihydrofolate reductase DfrG	NF000143.1	trimethoprim-resistant dihydrofolate reductase DfrG
d48dc0d73118903113c45f6ff2e5469f	arr	NAD(+)--rifampin ADP-ribosyltransferase	core	AMR	AMR	RIFAMYCIN	RIFAMYCIN	HMM	230	143	93.71	60.45	134	WP_063842202.1	NAD(+)--rifampin ADP-ribosyltransferase	NF033144.1	NAD(+)--rifampin ADP-ribosyltransferase
dd9b8e23cd96075fb6b7a17a83c00cd8	blaTEM	TEM family class A beta-lactamase	core	AMR	AMR	BETA-LACTAM	BETA-LACTAM	PARTIALP	216	286	66.43	98.95	190	WP_015379489.1	inhibitor-resistant broad-spectrum class A beta-lactamase TEM-34	NF033103.1	class A beta-lactamase
df80276f914ce3bc00fda7109ad8284a	blaCTX-M-132	extended-spectrum class A beta-lactamase CTX-M-132	core	AMR	AMR	BETA-LACTAM	CEPHALOSPORIN	ALLELEP	291	291	100.00	100.00	291	WP_063859951.1	extended-spectrum class A beta-lactamase CTX-M-132	NF033089.1	CTX-M family extended-spectrum class A beta-lactamase
e32e609b290a019ff99ad3a80e865b1c	lsa	Lsa family ABC-F type ribosomal protection protein	core	AMR	AMR	LINCOSAMIDE/STREPTOGRAMIN	LINCOSAMIDE/STREPTOGRAMIN	HMM	492	494	99.60	62.60	492	WP_002294513.1	Lsa family ABC-F type ribosomal protection protein	NF000167.2	Lsa family ABC-F type ribosomal protection protein
e8852f0a4b8db529fbd6b084210f3960	blaOXA-2	oxacillin-hydrolyzing class D beta-lactamase OXA-2	core	AMR	AMR	BETA-LACTAM	BETA-LACTAM	ALLELEP	275	275	100.00	100.00	275	WP_001007673.1	oxacillin-hydrolyzing class D beta-lactamase OXA-2	NF000267.2	OXA-2 family class D beta-lactamase
e9541865207200189cb442c3f56719c2	arr-2	NAD(+)--rifampin ADP-ribosyltransferase Arr-2	core	AMR	AMR	RIFAMYCIN	RIFAMYCIN	ALLELEP	150	150	100.00	100.00	150	WP_000237816.1	NAD(+)--rifampin ADP-ribosyltransferase Arr-2	NF033144.1	NAD(+)--rifampin ADP-ribosyltransferase
e9d75c9fe6cc122a2b96733516693e1c	aac(6')-Ib	AAC(6')-Ib family aminoglycoside 6'-N-acetyltransferase	core	AMR	AMR	AMINOGLYCOSIDE	AMIKACIN/KANAMYCIN/TOBRAMYCIN	EXACTP	184	184	100.00	100.00	184	WP_063840280.1	AAC(6')-Ib family aminoglycoside 6'-N-acetyltransferase	NF033074.0	AAC(6')-Ib family aminoglycoside 6'-N-acetyltransferase
eb79cc88e05d15e684157730ea4c4273	tet(A)	tetracycline efflux MFS transporter Tet(A)	core	AMR	AMR	TETRACYCLINE	TETRACYCLINE	BLASTP	399	399	100.00	99.75	399	WP_000804064.1	tetracycline efflux MFS transporter Tet(A)	NF012193.0	tetracycline efflux MFS transporter Tet(A)
ebb789eb914a7a0a073cb84e8fb69732	aac(6')	aminoglycoside 6'-N-acetyltransferase	core	AMR	AMR	AMINOGLYCOSIDE	AMINOGLYCOSIDE	EXACTP	184	184	100.00	100.00	184	WP_071846239.1	aminoglycoside 6'-N-acetyltransferase	NF012165.0	aminoglycoside 6'-N-acetyltransferase
ec52194616b9a416c34fcf15e60efb5b	qnrS	QnrS family quinolone resistance pentapeptide repeat protein	core	AMR	AMR	QUINOLONE	QUINOLONE	BLASTP	218	218	100.00	95.41	218	WP_012537714.1	quinolone resistance pentapeptide repeat protein QnrS2	NF000056.3	QnrS family quinolone resistance pentapeptide repeat protein
ec5906e5fc355c48d1ecd72005133164	ampC	class C beta-lactamase	core	AMR	AMR	BETA-LACTAM	BETA-LACTAM	HMM	351	390	87.69	62.28	342	WP_063860894.1	class C beta-lactamase	NF033085.1	class C beta-lactamase
ec84fc9f52da7349abf5cde9936125b6	blaOXA-232	OXA-48 family carbapenem-hydrolyzing class D beta-lactamase OXA-232	core	AMR	AMR	BETA-LACTAM	CARBAPENEM	ALLELEP	265	265	100.00	100.00	265	WP_043907054.1	OXA-48 family carbapenem-hydrolyzing class D beta-lactamase OXA-232	NF000387.2	OXA-48 family class D beta-lactamase
f29373a168ca6501c30f0e7979a59163	ble	bleomycin binding protein Ble-MBL	core	AMR	AMR	BLEOMYCIN	BLEOMYCIN	BLASTP	121	121	100.00	97.52	121	WP_004201167.1	bleomycin binding protein Ble-MBL	NF012202.0	bleomycin binding protein Ble-MBL
f8ab5a3822520d8997f1ef28bc62925a	rmtF1	16S rRNA (guanine(1405)-N(7))-methyltransferase RmtF1	core	AMR	AMR	AMINOGLYCOSIDE	AMINOGLYCOSIDE	ALLELEP	259	259	100.00	100.00	259	WP_015632396.1	16S rRNA (guanine(1405)-N(7))-methyltransferase RmtF1	NF000113.1	RmtF family 16S rRNA (guanine(1405)-N(7))-methyltransferase
072eeefcfaaa9808927daccd35e0ead8	dfrA50	trimethoprim-resistant dihydrofolate reductase DfrA50	core	AMR	AMR	TRIMETHOPRIM	TRIMETHOPRIM	BLASTP	158	158	100.00	98.73	158	WP_040203768.1	trimethoprim-resistant dihydrofolate reductase DfrA50	NF047323.1	trimethoprim-resistant dihydrofolate reductase DfrA50
0ab657ca37bb529a6b2202813ea89e7d	mph(B)	Mph(B) family macrolide 2'-phosphotransferase	core	AMR	AMR	MACROLIDE	ERYTHROMYCIN/SPIRAMYCIN/TELITHROMYCIN	EXACTP	302	302	100.00	100.00	302	WP_000031017.1	Mph(B) family macrolide 2'-phosphotransferase	NF000242.2	Mph(B) family macrolide 2'-phosphotransferase
0bed6f59f5c2a60300021ed7b9be5d9e	dfrA23	trimethoprim-resistant dihydrofolate reductase DfrA23	core	AMR	AMR	TRIMETHOPRIM	TRIMETHOPRIM	EXACTP	186	186	100.00	100.00	186	WP_001143450.1	trimethoprim-resistant dihydrofolate reductase DfrA23	NF000134.2	trimethoprim-resistant dihydrofolate reductase DfrA23
0e8fb08ade052cda91ccd26246bfb899	cpt	chloramphenicol phosphotransferase CPT	core	AMR	AMR	PHENICOL	CHLORAMPHENICOL	HMM	177	176	97.73	76.74	172	WP_010982315.1	chloramphenicol phosphotransferase CPT	NF033114.1	chloramphenicol phosphotransferase CPT
1967498aa41f23162d4318516905c75b	ampC	class C beta-lactamase	core	AMR	AMR	BETA-LACTAM	BETA-LACTAM	HMM	377	381	99.48	86.54	379	WP_034051940.1	class C beta-lactamase	NF033085.1	class C beta-lactamase
1a79d907ec14bae880e98ca9aedb57fc	spw	ANT(9) family aminoglycoside nucleotidyltransferase Spw	core	AMR	AMR	AMINOGLYCOSIDE	AMINOGLYCOSIDE	EXACTP	269	269	100.00	100.00	269	WP_002294509.1	ANT(9) family aminoglycoside nucleotidyltransferase Spw	NF012212.1	ANT(9) family aminoglycoside nucleotidyltransferase
1c0f3225999dc890385ed15cecf41926	dfrB3	trimethoprim-resistant dihydrofolate reductase DfrB3	core	AMR	AMR	TRIMETHOPRIM	TRIMETHOPRIM	ALLELEP	78	78	100.00	100.00	78	WP_010890144.1	trimethoprim-resistant dihydrofolate reductase DfrB3	NF000331.2	trimethoprim-resistant dihydrofolate reductase DfrB
251367f6c4d4c69170a22989d2cc2331	vat(D)	streptogramin A O-acetyltransferase Vat(D)	core	AMR	AMR	STREPTOGRAMIN	STREPTOGRAMIN	EXACTP	209	209	100.00	100.00	209	WP_002295712.1	streptogramin A O-acetyltransferase Vat(D)	NF000111.1	streptogramin A O-acetyltransferase Vat(D)
25b9a7392d24c7a2b3ecd03a1f8e929c	dfrA50	trimethoprim-resistant dihydrofolate reductase DfrA50	core	AMR	AMR	TRIMETHOPRIM	TRIMETHOPRIM	EXACTP	158	158	100.00	100.00	158	WP_040203768.1	trimethoprim-resistant dihydrofolate reductase DfrA50	NF047323.1	trimethoprim-resistant dihydrofolate reductase DfrA50
2a9f0e52010c06b2a109235403f84a57	aadE	aminoglycoside 6-adenylyltransferase AadE	core	AMR	AMR	AMINOGLYCOSIDE	STREPTOMYCIN	EXACTP	288	288	100.00	100.00	288	WP_001255868.1	aminoglycoside 6-adenylyltransferase AadE	NF033084.2	aminoglycoside 6-nucleotidyltransferase
368d7ddd6585d9b167a2ec6c6316f830	tet(C)	tetracycline efflux MFS transporter Tet(C)	core	AMR	AMR	TETRACYCLINE	TETRACYCLINE	BLASTP	392	391	98.98	100.00	387	WP_000841448.1	tetracycline efflux MFS transporter Tet(C)	NF012191.0	tetracycline efflux MFS transporter Tet(C)
38e723a90b3751f30b20823c068ecce5	sul2	sulfonamide-resistant dihydropteroate synthase Sul2	core	AMR	AMR	SULFONAMIDE	SULFONAMIDE	EXACTP	271	271	100.00	100.00	271	WP_001043265.1	sulfonamide-resistant dihydropteroate synthase Sul2	NF000295.1	sulfonamide-resistant dihydropteroate synthase Sul2
400a1c34a07b7e0d4c63e9b2030673a2	dfrA16	trimethoprim-resistant dihydrofolate reductase DfrA16	core	AMR	AMR	TRIMETHOPRIM	TRIMETHOPRIM	EXACTP	157	157	100.00	100.00	157	WP_032490158.1	trimethoprim-resistant dihydrofolate reductase DfrA16	NF000330.1	trimethoprim-resistant dihydrofolate reductase DfrA
456a90419bb88a914592e8d62232afa8	aadA11	ANT(3'')-Ia family aminoglycoside nucleotidyltransferase AadA11	core	AMR	AMR	AMINOGLYCOSIDE	STREPTOMYCIN	BLASTP	281	281	100.00	99.64	281	WP_048608579.1	ANT(3'')-Ia family aminoglycoside nucleotidyltransferase AadA11	NF012157.0	ANT(3'')-I family aminoglycoside nucleotidyltransferase
4a26d87416daa37863dd80afe0edf2b7	blaGMA-1	GMA family class A beta-lactamase GMA-1	core	AMR	AMR	BETA-LACTAM	BETA-LACTAM	ALLELEP	282	282	100.00	100.00	282	WP_012774820.1	GMA family class A beta-lactamase GMA-1	NF040812.1	GMA family class A beta-lactamase
5032a95f2bdb07ded269994ab73cf023	blaBIM-1	subclass B1 metallo-beta-lactamase BIM-1	core	AMR	AMR	BETA-LACTAM	CARBAPENEM	ALLELEP	245	245	100.00	100.00	245	WP_099592735.1	subclass B1 metallo-beta-lactamase BIM-1	NF041846.1	BIM family subclass B1 metallo-beta-lactamase
538140e379956dfb8d3d33916b13c21d	ampC	class C beta-lactamase	core	AMR	AMR	BETA-LACTAM	BETA-LACTAM	HMM	396	396	95.96	62.37	380	WP_128268282.1	class C beta-lactamase	NF033085.1	class C beta-lactamase
57d3d4ce8dcf42daefee27fdc5721c3d	blaTEM-31	inhibitor-resistant broad-spectrum class A beta-lactamase TEM-31	core	AMR	AMR	BETA-LACTAM	BETA-LACTAM	ALLELEP	286	286	100.00	100.00	286	WP_165539487.1	inhibitor-resistant broad-spectrum class A beta-lactamase TEM-31	NF000531.2	TEM family class A beta-lactamase
5cfb1eda193192c3d1d67d96d1ca1e24	fos	fosfomycin resistance glutathione transferase	core	AMR	AMR	FOSFOMYCIN	FOSFOMYCIN	HMM	132	139	98.56	62.04	137	WP_009486251.1	fosfomycin resistance glutathione transferase	NF000496.1	fosfomycin resistance glutathione transferase
5ebb2177c9fda2cd0746385c4d8f61e3	blaTEM-30	inhibitor-resistant broad-spectrum class A beta-lactamase TEM-30	core	AMR	AMR	BETA-LACTAM	BETA-LACTAM	ALLELEP	286	286	100.00	100.00	286	WP_021561477.1	inhibitor-resistant broad-spectrum class A beta-lactamase TEM-30	NF000531.2	TEM family class A beta-lactamase
6664a1752978ba0761c530c3193b075b	lnu(F)	lincosamide nucleotidyltransferase Lnu(F)	core	AMR	AMR	LINCOSAMIDE	LINCOSAMIDE	EXACTP	281	281	100.00	100.00	281	WP_070342364.1	lincosamide nucleotidyltransferase Lnu(F)	NF000119.1	lincosamide nucleotidyltransferase Lnu(F)
66d2f29b0bba2e20322636f4bfb6483c	fosB	FosB family fosfomycin resistance bacillithiol transferase	core	AMR	AMR	FOSFOMYCIN	FOSFOMYCIN	BLASTP	138	138	100.00	97.83	138	WP_063851229.1	FosB family fosfomycin resistance bacillithiol transferase	NF000098.1	FosB family fosfomycin resistance bacillithiol transferase
693c6f1b81cf47f161bcf3e04fd94ef0	floR2	chloramphenicol/florfenicol efflux MFS transporter FloR2	core	AMR	AMR	PHENICOL	CHLORAMPHENICOL/FLORFENICOL	PARTIALP	255	404	63.12	100.00	255	WP_000214125.1	chloramphenicol/florfenicol efflux MFS transporter FloR2	NA	NA
6aea8e6c4e480c7fb6e84dcab0fc8431	blaCTX-M-9	extended-spectrum class A beta-lactamase CTX-M-9	core	AMR	AMR	BETA-LACTAM	CEPHALOSPORIN	ALLELEP	291	291	100.00	100.00	291	WP_032489926.1	extended-spectrum class A beta-lactamase CTX-M-9	NF033089.1	CTX-M family extended-spectrum class A beta-lactamase
6d44f5fe0dae49e5f31cd4d372a3b6aa	aph(6)-Id	aminoglycoside O-phosphotransferase APH(6)-Id	core	AMR	AMR	AMINOGLYCOSIDE	STREPTOMYCIN	EXACTP	278	278	100.00	100.00	278	WP_000480972.1	aminoglycoside O-phosphotransferase APH(6)-Id	NF012171.0	APH(6)-I family aminoglycoside O-phosphotransferase
6ddd27a9dca361fd890101a2391c3314	blaR1	beta-lactam sensor/signal transducer BlaR1	core	AMR	AMR	BETA-LACTAM	BETA-LACTAM	BLASTP	585	585	100.00	99.83	585	WP_001096376.1	beta-lactam sensor/signal transducer BlaR1	NF033108.1	beta-lactam sensor/signal transducer BlaR1
6e7f28f3c68690a08a45aa957aa2c97d	aph(3')-IIIa	aminoglycoside O-phosphotransferase APH(3')-IIIa	core	AMR	AMR	AMINOGLYCOSIDE	AMIKACIN/KANAMYCIN	EXACTP	264	264	100.00	100.00	264	WP_001096887.1	aminoglycoside O-phosphotransferase APH(3')-IIIa	NF033064.0	aminoglycoside O-phosphotransferase APH(3')-IIIa
747d6b869a5778894921e234f4e158f7	dfrA50	trimethoprim-resistant dihydrofolate reductase DfrA50	core	AMR	AMR	TRIMETHOPRIM	TRIMETHOPRIM	BLASTP	158	158	100.00	97.47	158	WP_040203768.1	trimethoprim-resistant dihydrofolate reductase DfrA50	NF047323.1	trimethoprim-resistant dihydrofolate reductase DfrA50
7862570f0b7767c7d2c6cfa5021c3b28	lnu(B)	lincosamide nucleotidyltransferase Lnu(B)	core	AMR	AMR	LINCOSAMIDE	LINCOSAMIDE	EXACTP	267	267	100.00	100.00	267	WP_002294514.1	lincosamide nucleotidyltransferase Lnu(B)	NF000235.3	lincosamide nucleotidyltransferase Lnu(B)
7ea71f5ef071b4d864657e1a098136fa	blaTEM-176	class A beta-lactamase TEM-176	core	AMR	AMR	BETA-LACTAM	BETA-LACTAM	ALLELEP	286	286	100.00	100.00	286	WP_038976851.1	class A beta-lactamase TEM-176	NF000531.2	TEM family class A beta-lactamase
82274d5987d00b2e305e7dc7d3f1011f	blaCTX-M-3	extended-spectrum class A beta-lactamase CTX-M-3	core	AMR	AMR	BETA-LACTAM	CEPHALOSPORIN	ALLELEP	291	291	100.00	100.00	291	WP_011091028.1	extended-spectrum class A beta-lactamase CTX-M-3	NF033089.1	CTX-M family extended-spectrum class A beta-lactamase
89d6be572dee8d5c4f674e070092062a	blaACC-1	cephalosporin-hydrolyzing class C beta-lactamase ACC-1	core	AMR	AMR	BETA-LACTAM	CEPHALOSPORIN	ALLELEP	390	390	100.00	100.00	390	WP_032491956.1	cephalosporin-hydrolyzing class C beta-lactamase ACC-1	NF000397.2	ACC family cephalosporin-hydrolyzing class C beta-lactamase
89d7f8ae631e5c90365464064ba140c2	lsa(E)	ABC-F type ribosomal protection protein Lsa(E)	core	AMR	AMR	LINCOSAMIDE/STREPTOGRAMIN	LINCOSAMIDE/STREPTOGRAMIN	EXACTP	494	494	100.00	100.00	494	WP_002294513.1	ABC-F type ribosomal protection protein Lsa(E)	NF000167.2	Lsa family ABC-F type ribosomal protection protein
8d47c07c0b6cf9c32d8ab6f8941e556a	aac(6')-Ib-cr	fluoroquinolone-acetylating aminoglycoside 6'-N-acetyltransferase AAC(6')-Ib-cr	core	AMR	AMR	AMINOGLYCOSIDE/QUINOLONE	AMIKACIN/KANAMYCIN/QUINOLONE/TOBRAMYCIN	BLASTP	184	184	100.00	99.46	184	WP_063840321.1	fluoroquinolone-acetylating aminoglycoside 6'-N-acetyltransferase AAC(6')-Ib-cr5	NF033074.0	AAC(6')-Ib family aminoglycoside 6'-N-acetyltransferase
94158eb7950fc10ec9ea532bf0e82bbc	erm(B)	23S rRNA (adenine(2058)-N(6))-methyltransferase Erm(B)	core	AMR	AMR	LINCOSAMIDE/MACROLIDE/STREPTOGRAMIN	CLINDAMYCIN/ERYTHROMYCIN/STREPTOGRAMIN B	EXACTP	245	245	100.00	100.00	245	WP_002321849.1	23S rRNA (adenine(2058)-N(6))-methyltransferase Erm(B)	NF012220.1	23S rRNA (adenine(2058)-N(6))-methyltransferase Erm(B)
95d4b0e82e26fbef31ea77b8a02f4a99	catA2	type A-2 chloramphenicol O-acetyltransferase CatII	core	AMR	AMR	PHENICOL	CHLORAMPHENICOL	EXACTP	213	213	100.00	100.00	213	WP_001011939.1	type A-2 chloramphenicol O-acetyltransferase CatII	NF000491.1	type A chloramphenicol O-acetyltransferase
971b6613676a456dd731957e30cd4827	blaIII	class A beta-lactamase BlaIII	core	AMR	AMR	BETA-LACTAM	BETA-LACTAM	HMM	316	316	100.00	89.56	316	WP_000497840.1	class A beta-lactamase BlaIII	NF041270.1	class A beta-lactamase BlaIII
97a85deb95b33525b81a81a92b087079	aph(6)-Id	aminoglycoside O-phosphotransferase APH(6)-Id	core	AMR	AMR	AMINOGLYCOSIDE	STREPTOMYCIN	BLASTP	278	278	100.00	99.64	278	WP_000480968.1	aminoglycoside O-phosphotransferase APH(6)-Id	NF012171.0	APH(6)-I family aminoglycoside O-phosphotransferase
a1d4491f9e38753ed5a2483d6f0db17f	aph(3')-Ia	aminoglycoside O-phosphotransferase APH(3')-Ia	core	AMR	AMR	AMINOGLYCOSIDE	KANAMYCIN	EXACTP	271	271	100.00	100.00	271	WP_000018321.1	aminoglycoside O-phosphotransferase APH(3')-Ia	NF051474.1	aminoglycoside O-phosphotransferase APH(3')-Ia
ab510a9a66d25b76eefdabc2de9aa765	sul2	sulfonamide-resistant dihydropteroate synthase Sul2	core	AMR	AMR	SULFONAMIDE	SULFONAMIDE	BLASTP	271	271	100.00	99.63	271	WP_001043260.1	sulfonamide-resistant dihydropteroate synthase Sul2	NF000295.1	sulfonamide-resistant dihydropteroate synthase Sul2
adc03f41fb45dcbcf3acdc8516ebc902	blaOXA-926	class D beta-lactamase OXA-926	core	AMR	AMR	BETA-LACTAM	BETA-LACTAM	ALLELEP	268	268	100.00	100.00	268	WP_114268491.1	class D beta-lactamase OXA-926	NF000270.1	class D beta-lactamase
adee384f55247ea4f92507d7035ba543	blaSHV-7	extended-spectrum class A beta-lactamase SHV-7	core	AMR	AMR	BETA-LACTAM	CEPHALOSPORIN	ALLELEP	286	286	100.00	100.00	286	WP_020316986.1	extended-spectrum class A beta-lactamase SHV-7	NF000285.3	SHV family class A beta-lactamase
af9e73135c0189c797787c81d14fb4a1	aac(3)	aminoglycoside 3-N-acetyltransferase	core	AMR	AMR	AMINOGLYCOSIDE	GENTAMICIN	HMM	279	279	93.55	70.88	261	WP_063840263.1	aminoglycoside 3-N-acetyltransferase	NF033082.0	aminoglycoside 3-N-acetyltransferase
b30d6e780f066c698910938da7563432	tet(W)	tetracycline resistance ribosomal protection protein Tet(W)	core	AMR	AMR	TETRACYCLINE	TETRACYCLINE	BLASTP	643	639	99.84	100.00	638	WP_052543100.1	tetracycline resistance ribosomal protection protein Tet(W)	NF033148.1	TetM/TetW/TetO/TetS family tetracycline resistance ribosomal protection protein
b8ae00666f978d4ba600ffac60f757d9	bla	class A beta-lactamase	core	AMR	AMR	BETA-LACTAM	BETA-LACTAM	HMM	303	302	97.02	53.82	301	WP_158386862.1	class A beta-lactamase	NF033103.1	class A beta-lactamase
c06d1f48a45f1110be2b1e465d6ee5bb	cml	CmlA/FloR family chloramphenicol efflux MFS transporter	core	AMR	AMR	PHENICOL	CHLORAMPHENICOL	HMM	421	421	100.00	88.60	421	WP_024160909.1	CmlA/FloR family chloramphenicol efflux MFS transporter	NF033134.0	CmlA/FloR family chloramphenicol efflux MFS transporter
c0b09605a4ef2160eb1da8c392e09ec7	aad9	ANT(9) family aminoglycoside nucleotidyltransferase	core	AMR	AMR	AMINOGLYCOSIDE	AMINOGLYCOSIDE	BLASTP	258	258	100.00	99.61	258	WP_002578722.1	ANT(9) family aminoglycoside nucleotidyltransferase	NF012212.1	ANT(9) family aminoglycoside nucleotidyltransferase
c524bc87e65f98ca1c236e2b30b15ed4	rox	rifampin monooxygenase	core	AMR	AMR	RIFAMYCIN	RIFAMPIN	HMM	486	476	99.16	74.79	472	WP_015031687.1	rifampin monooxygenase	NF033145.1	rifampin monooxygenase
c786920a36c666f58652c2c995f6e0d6	blaOXA	class D beta-lactamase	core	AMR	AMR	BETA-LACTAM	BETA-LACTAM	HMM	272	275	98.18	65.93	270	WP_102607464.1	class D beta-lactamase	NF000270.1	class D beta-lactamase
c9be9436aafee96d0b3fd2983cd65f8b	qnrA1	quinolone resistance pentapeptide repeat protein QnrA1	core	AMR	AMR	QUINOLONE	QUINOLONE	ALLELEP	218	218	100.00	100.00	218	WP_012579084.1	quinolone resistance pentapeptide repeat protein QnrA1	NF000071.4	QnrA family quinolone resistance pentapeptide repeat protein
cbb2cab61fa05ac74c306a0b7c79c659	qacG2	quaternary ammonium compound efflux SMR transporter QacG2	core	STRESS	BIOCIDE	QUATERNARY AMMONIUM	QUATERNARY AMMONIUM	EXACTP	110	110	100.00	100.00	110	WP_003830719.1	quaternary ammonium compound efflux SMR transporter QacG2	NF000278.1	quaternary ammonium compound efflux SMR transporter QacG2
cd1a35c3a7019b5da109b5dc9cd9f364	sat4	streptothricin N-acetyltransferase Sat4	core	AMR	AMR	STREPTOTHRICIN	STREPTOTHRICIN	EXACTP	180	180	100.00	100.00	180	WP_000627290.1	streptothricin N-acetyltransferase Sat4	NF000360.1	streptothricin N-acetyltransferase Sat4
d1153a5facb40a43d806482a4ae492b4	blaR1	BlaR1 family beta-lactam sensor/signal transducer	core	AMR	AMR	BETA-LACTAM	BETA-LACTAM	HMM	585	593	98.65	29.43	598	WP_012705551.1	BlaR1 family beta-lactam sensor/signal transducer	NF000326.1	BlaR1 family beta-lactam sensor/signal transducer
d7ddeb83b220e1dd0a71aea06d925b74	aac(3)-IIg	aminoglycoside N-acetyltransferase AAC(3)-IIg	core	AMR	AMR	AMINOGLYCOSIDE	GENTAMICIN	EXACTP	269	269	100.00	100.00	269	WP_012695485.1	aminoglycoside N-acetyltransferase AAC(3)-IIg	NF033080.0	AAC(3)-II family aminoglycoside N-acetyltransferase
d86a22675d3e6e595ebf0fdc0efdd7ee	aac(3)-VIa	aminoglycoside N-acetyltransferase AAC(3)-VIa	core	AMR	AMR	AMINOGLYCOSIDE	GENTAMICIN	EXACTP	299	299	100.00	100.00	299	WP_000131886.1	aminoglycoside N-acetyltransferase AAC(3)-VIa	NF033612.0	aminoglycoside N-acetyltransferase AAC(3)-VIa
dde0b1c5e6781f603a202278278d04b5	mcr-4.7	phosphoethanolamine--lipid A transferase MCR-4.7	core	AMR	AMR	COLISTIN	COLISTIN	ALLELEP	541	541	100.00	100.00	541	WP_223106954.1	phosphoethanolamine--lipid A transferase MCR-4.7	NF033462.1	MCR-4 family phosphoethanolamine--lipid A transferase
de010b30a10c88ee4db36079e9a67355	aac(6')-Ib3	aminoglycoside N-acetyltransferase AAC(6')-Ib3	core	AMR	AMR	AMINOGLYCOSIDE	AMIKACIN/KANAMYCIN/TOBRAMYCIN	ALLELEP	184	184	100.00	100.00	184	WP_032488579.1	aminoglycoside N-acetyltransferase AAC(6')-Ib3	NF033074.0	AAC(6')-Ib family aminoglycoside 6'-N-acetyltransferase
e8251b5dc9ccb015bfb1a814e13f4e43	blaPC1	BlaZ family penicillin-hydrolyzing class A beta-lactamase PC1	core	AMR	AMR	BETA-LACTAM	BETA-LACTAM	ALLELEP	281	281	100.00	100.00	281	WP_000733283.1	BlaZ family penicillin-hydrolyzing class A beta-lactamase PC1	NF033139.1	penicillin-hydrolyzing class A beta-lactamase BlaZ
f1c3aa427da8b0e0b6e1dc2ce537060d	ant(6)-Ia	aminoglycoside nucleotidyltransferase ANT(6)-Ia	core	AMR	AMR	AMINOGLYCOSIDE	STREPTOMYCIN	EXACTP	302	302	100.00	100.00	302	WP_001255866.1	aminoglycoside nucleotidyltransferase ANT(6)-Ia	NF033084.2	aminoglycoside 6-nucleotidyltransferase
fa0b86c3a2e8f85cac072788b5581263	aac(3)-I	AAC(3)-I family aminoglycoside 3-N-acetyltransferase	core	AMR	AMR	AMINOGLYCOSIDE	GENTAMICIN	HMM	169	152	97.37	60.14	148	ABL71428.1	AAC(3)-I family aminoglycoside 3-N-acetyltransferase	NF033083.0	AAC(3)-I family aminoglycoside 3-N-acetyltransferase
fdd8e7673a52ad2a880f3f550219d814	catA	type A chloramphenicol O-acetyltransferase	core	AMR	AMR	PHENICOL	CHLORAMPHENICOL	HMM	215	215	100.00	69.77	215	WP_035203840.1	type A chloramphenicol O-acetyltransferase	NF000491.1	type A chloramphenicol O-acetyltransferase
fe550068eb8fd0ffa51375d766ed9e30	rmtB1	16S rRNA (guanine(1405)-N(7))-methyltransferase RmtB1	core	AMR	AMR	AMINOGLYCOSIDE	AMINOGLYCOSIDE	ALLELEP	251	251	100.00	100.00	251	WP_012372818.1	16S rRNA (guanine(1405)-N(7))-methyltransferase RmtB1	NF033209.1	RmtB family 16S rRNA (guanine(1405)-N(7))-methyltransferase
0162a7c60a8a877399a89ff2711bf42b	blaPSE	PSE family carbenicillin-hydrolyzing class A beta-lactamase	core	AMR	AMR	BETA-LACTAM	BETA-LACTAM	BLASTP	288	288	100.00	99.65	288	WP_032489168.1	PSE family carbenicillin-hydrolyzing class A beta-lactamase CARB-4	NF000480.2	PSE family carbenicillin-hydrolyzing class A beta-lactamase
085bccdbb4859205955c2148e341869b	aac(6')-Ib	AAC(6')-Ib family aminoglycoside 6'-N-acetyltransferase	core	AMR	AMR	AMINOGLYCOSIDE	GENTAMICIN	EXACTP	184	184	100.00	100.00	184	WP_071984682.1	AAC(6')-Ib family aminoglycoside 6'-N-acetyltransferase	NF033074.0	AAC(6')-Ib family aminoglycoside 6'-N-acetyltransferase
0ed0892b8e9967bd923296c36729befe	catB	type B chloramphenicol O-acetyltransferase	core	AMR	AMR	PHENICOL	CHLORAMPHENICOL	HMM	212	209	100.00	74.64	209	WP_010974114.1	type B chloramphenicol O-acetyltransferase	NF000490.1	type B chloramphenicol O-acetyltransferase
139bc271d54ce0c12570721537352f23	dfrA46	trimethoprim-resistant dihydrofolate reductase DfrA46	core	AMR	AMR	TRIMETHOPRIM	TRIMETHOPRIM	BLASTP	157	157	100.00	98.73	157	WP_063844461.1	trimethoprim-resistant dihydrofolate reductase DfrA46	NF000330.1	trimethoprim-resistant dihydrofolate reductase DfrA
16a45caf7dbe33cfdb47908b03832098	tet(X3)	tetracycline-inactivating monooxygenase Tet(X3)	core	AMR	AMR	TETRACYCLINE	TIGECYCLINE	EXACTP	388	388	100.00	100.00	388	WP_024160783.1	tetracycline-inactivating monooxygenase Tet(X3)	NF033111.2	tetracycline-inactivating monooxygenase Tet(X)
1812716863f4f483716d9624d0226a3f	ant(6)-Ia	aminoglycoside nucleotidyltransferase ANT(6)-Ia	core	AMR	AMR	AMINOGLYCOSIDE	STREPTOMYCIN	EXACTP	287	287	100.00	100.00	287	WP_002294505.1	aminoglycoside nucleotidyltransferase ANT(6)-Ia	NF033084.2	aminoglycoside 6-nucleotidyltransferase
1dfdc2549d948ab9af1bded868bcb407	cmlA1	chloramphenicol efflux MFS transporter CmlA1	core	AMR	AMR	PHENICOL	CHLORAMPHENICOL	BLASTP	419	419	100.00	99.52	419	WP_001256776.1	chloramphenicol efflux MFS transporter CmlA1	NF000509.1	CmlA family chloramphenicol efflux MFS transporter
1ef1b11f54be3da134b6d41e52e370e8	blaGES-5	carbapenem-hydrolyzing class A beta-lactamase GES-5	core	AMR	AMR	BETA-LACTAM	CARBAPENEM	ALLELEP	287	287	100.00	100.00	287	WP_012658785.1	carbapenem-hydrolyzing class A beta-lactamase GES-5	NF012103.0	GES family class A beta-lactamase
23e22973944da4db626f7057c58c41bf	qacE	quaternary ammonium compound efflux SMR transporter QacE	core	STRESS	BIOCIDE	QUATERNARY AMMONIUM	QUATERNARY AMMONIUM	PARTIALP	105	115	87.83	92.08	101	WP_000679427.1	quaternary ammonium compound efflux SMR transporter QacE delta 1	NA	NA
26e9a87cfee7b62da0e33afdc908e560	vanA	D-alanine--(R)-lactate ligase VanA	core	AMR	AMR	GLYCOPEPTIDE	VANCOMYCIN	EXACTP	343	343	100.00	100.00	343	WP_001079845.1	D-alanine--(R)-lactate ligase VanA	NF012217.1	D-alanine--(R)-lactate ligase VanA
2a0d47e422307b68e40a8ee77c664e0b	ampC	CMY2/MIR/ACT/EC family class C beta-lactamase	core	AMR	AMR	BETA-LACTAM	BETA-LACTAM	HMM	380	377	100.00	91.58	380	WP_063610930.1	CMY2/MIR/ACT/EC family class C beta-lactamase	NF012173.1	CMY2/MIR/ACT/EC family class C beta-lactamase
2a930809cee23af9273353d87fe818a8	mleBCB	BCB family alpha/beta fold macrolide esterase	core	AMR	AMR	MACROLIDE	TYLOSIN	BLASTP	284	287	100.00	91.29	287	WP_459076516.1	BCB family alpha/beta fold macrolide esterase	NF052610.1	alpha/beta fold macrolide esterase
2af0cb05807137ec0673e1d84454eed6	qnrVC6	quinolone resistance pentapeptide repeat protein QnrVC6	core	AMR	AMR	QUINOLONE	QUINOLONE	ALLELEP	218	218	100.00	100.00	218	WP_032495607.1	quinolone resistance pentapeptide repeat protein QnrVC6	NF000421.1	QnrVC family quinolone resistance pentapeptide repeat protein
2bf4b8c694014fc280ce26cb08c5f29b	blaGES-11	extended-spectrum class A beta-lactamase GES-11	core	AMR	AMR	BETA-LACTAM	CEPHALOSPORIN	ALLELEP	287	287	100.00	100.00	287	WP_001211000.1	extended-spectrum class A beta-lactamase GES-11	NF012103.0	GES family class A beta-lactamase
2d0b13e99ca1498d03dc51352756de24	catA1	type A-1 chloramphenicol O-acetyltransferase	core	AMR	AMR	PHENICOL	CHLORAMPHENICOL	BLASTP	224	219	99.54	100.00	218	WP_000412211.1	type A-1 chloramphenicol O-acetyltransferase	NF000491.1	type A chloramphenicol O-acetyltransferase
315a3de417fe81e4ab64f60416b05e7b	aac(6')-Im	aminoglycoside N-acetyltransferase AAC(6')-Im	core	AMR	AMR	AMINOGLYCOSIDE	AMIKACIN/KANAMYCIN/TOBRAMYCIN	EXACTP	178	178	100.00	100.00	178	WP_010708502.1	aminoglycoside N-acetyltransferase AAC(6')-Im	NF000016.1	aminoglycoside N-acetyltransferase AAC(6')-Im
3a89abded060f44749fe0f1b7ea93405	fos	fosfomycin resistance glutathione transferase	core	AMR	AMR	FOSFOMYCIN	FOSFOMYCIN	HMM	134	132	100.00	60.61	132	WP_005475717.1	fosfomycin resistance glutathione transferase	NF000496.1	fosfomycin resistance glutathione transferase
3e5e6add9941991f3d9fff1a53d37dd3	sul1	sulfonamide-resistant dihydropteroate synthase Sul1	core	AMR	AMR	SULFONAMIDE	SULFONAMIDE	EXACTP	283	283	100.00	100.00	283	WP_000946487.1	sulfonamide-resistant dihydropteroate synthase Sul1	NF000294.1	sulfonamide-resistant dihydropteroate synthase Sul1
3e9104147922ae3dd5bc2084336356db	aac(6')-29	aminoglycoside 6'-N-acetyltransferase AAC(6')-29	core	AMR	AMR	AMINOGLYCOSIDE	AMINOGLYCOSIDE	BLASTP	133	133	100.00	99.25	133	WP_064190968.1	aminoglycoside N-acetyltransferase AAC(6')-29a	NF000050.2	aminoglycoside 6'-N-acetyltransferase AAC(6')-29
411e0749c9aea3615b736cb9fbb18223	blaVIM-2	subclass B1 metallo-beta-lactamase VIM-2	core	AMR	AMR	BETA-LACTAM	CARBAPENEM	ALLELEP	266	266	100.00	100.00	266	WP_003108247.1	subclass B1 metallo-beta-lactamase VIM-2	NF012100.0	VIM family subclass B1 metallo-beta-lactamase
42cd89d24c1436e6545db3a8935895ab	bla	class A beta-lactamase	core	AMR	AMR	BETA-LACTAM	BETA-LACTAM	HMM	334	345	94.49	36.56	331	WP_063842277.1	class A beta-lactamase	NF033103.1	class A beta-lactamase
430e619e0a372894f77b2ec4d143ecf2	aph(6)-Id	aminoglycoside O-phosphotransferase APH(6)-Id	core	AMR	AMR	AMINOGLYCOSIDE	STREPTOMYCIN	BLASTP	278	278	100.00	99.64	278	WP_000480972.1	aminoglycoside O-phosphotransferase APH(6)-Id	NF012171.0	APH(6)-I family aminoglycoside O-phosphotransferase
472496ed172005cc2e303a540f666c9d	bla	class A beta-lactamase	core	AMR	AMR	BETA-LACTAM	BETA-LACTAM	HMM	294	297	99.66	46.98	298	WP_068885073.1	class A beta-lactamase	NF033103.1	class A beta-lactamase
478698600b517d9886de9d3870e695c0	aph(6)-Id	aminoglycoside O-phosphotransferase APH(6)-Id	core	AMR	AMR	AMINOGLYCOSIDE	STREPTOMYCIN	BLASTP	278	278	100.00	99.64	278	WP_000480968.1	aminoglycoside O-phosphotransferase APH(6)-Id	NF012171.0	APH(6)-I family aminoglycoside O-phosphotransferase
48624ff90b0abac7c7a1567fe2973eb7	mcr-3	MCR-3-related phosphoethanolamine--lipid A transferase	core	AMR	AMR	COLISTIN	COLISTIN	BLASTP	541	541	100.00	91.50	541	WP_042649073.1	MCR-3-related phosphoethanolamine--lipid A transferase	NF033409.0	MCR-3-related phosphoethanolamine--lipid A transferase
4bbe5da05eaaf3b823e488937f891d65	blaFRI-9	carbapenem-hydrolyzing class A beta-lactamase FRI-9	core	AMR	AMR	BETA-LACTAM	CARBAPENEM	ALLELEP	294	294	100.00	100.00	294	WP_140423309.1	carbapenem-hydrolyzing class A beta-lactamase FRI-9	NF000428.4	FRI family carbapenem-hydrolyzing class A beta-lactamase
4d616702a4a19cacbf14fb898efadef1	sul1	sulfonamide-resistant dihydropteroate synthase Sul1	core	AMR	AMR	SULFONAMIDE	SULFONAMIDE	PARTIALP	327	283	63.60	100.00	180	WP_000946487.1	sulfonamide-resistant dihydropteroate synthase Sul1	NA	NA
4e48bcb47b82985737e85e24abb3d7c2	blaOXA-58	carbapenem-hydrolyzing class D beta-lactamase OXA-58	core	AMR	AMR	BETA-LACTAM	CARBAPENEM	ALLELEP	280	280	100.00	100.00	280	WP_002002480.1	carbapenem-hydrolyzing class D beta-lactamase OXA-58	NF000500.2	OXA-58 family carbapenem-hydrolyzing class D beta-lactamase
529ad4595ec66848c09e708c7e531cbe	blaTEM-169	extended-spectrum class A beta-lactamase TEM-169	core	AMR	AMR	BETA-LACTAM	CEPHALOSPORIN	ALLELEP	286	286	100.00	100.00	286	WP_060615518.1	extended-spectrum class A beta-lactamase TEM-169	NF000531.2	TEM family class A beta-lactamase
53399d2a09058fb11255bbf2856e6ae5	blaPER-4	inhibitor-resistant extended-spectrum class A beta-lactamase PER-4	core	AMR	AMR	BETA-LACTAM	CEPHALOSPORIN	ALLELEP	308	308	100.00	100.00	308	WP_063864593.1	inhibitor-resistant extended-spectrum class A beta-lactamase PER-4	NF000389.2	PER family extended-spectrum class A beta-lactamase
537241fcd7ad80c788b73a0860ee8813	blaNDM	NDM family subclass B1 metallo-beta-lactamase	core	AMR	AMR	BETA-LACTAM	CARBAPENEM	BLASTP	270	270	100.00	99.63	270	WP_223146983.1	subclass B1 metallo-beta-lactamase NDM-39	NF000259.2	NDM family subclass B1 metallo-beta-lactamase
547d8c2c938052ce8c8a049dce86439f	aac(6')-Ib	AAC(6')-Ib family aminoglycoside 6'-N-acetyltransferase	core	AMR	AMR	AMINOGLYCOSIDE	AMIKACIN/KANAMYCIN/TOBRAMYCIN	BLASTP	193	184	100.00	100.00	184	WP_159287722.1	AAC(6')-Ib family aminoglycoside 6'-N-acetyltransferase	NF033074.0	AAC(6')-Ib family aminoglycoside 6'-N-acetyltransferase
59c6d5cb651c805146548d41594193f9	aac(6')-31	aminoglycoside N-acetyltransferase AAC(6')-31	core	AMR	AMR	AMINOGLYCOSIDE	AMINOGLYCOSIDE	EXACTP	184	184	100.00	100.00	184	WP_044424439.1	aminoglycoside N-acetyltransferase AAC(6')-31	NF000118.3	aminoglycoside N-acetyltransferase AAC(6')-31
5dd7ece9a2960ca6932fe2910bcbd1bd	ampC	class C beta-lactamase	core	AMR	AMR	BETA-LACTAM	BETA-LACTAM	HMM	396	396	97.47	62.44	386	WP_128268282.1	class C beta-lactamase	NF033085.1	class C beta-lactamase
6049ee5fc94603cd6e7903f39f1fd245	aph(4)-Ia	aminoglycoside O-phosphotransferase APH(4)-Ia	core	AMR	AMR	AMINOGLYCOSIDE	HYGROMYCIN	EXACTP	341	341	100.00	100.00	341	WP_000742814.1	aminoglycoside O-phosphotransferase APH(4)-Ia	NF000107.2	aminoglycoside O-phosphotransferase APH(4)-Ia
64fef562bc9069c0eb1f2dfa640cae06	aadA1	ANT(3'')-Ia family aminoglycoside nucleotidyltransferase AadA1	core	AMR	AMR	AMINOGLYCOSIDE	STREPTOMYCIN	EXACTP	263	263	100.00	100.00	263	WP_046622360.1	ANT(3'')-Ia family aminoglycoside nucleotidyltransferase AadA1	NF033126.1	ANT(3'')-Ia family aminoglycoside nucleotidyltransferase AadA1
66014c086f0e68b71ddc6ac9f8cb25b8	blaCARB-2	PSE family carbenicillin-hydrolyzing class A beta-lactamase CARB-2	core	AMR	AMR	BETA-LACTAM	BETA-LACTAM	ALLELEP	288	288	100.00	100.00	288	WP_001931474.1	PSE family carbenicillin-hydrolyzing class A beta-lactamase CARB-2	NF000480.2	PSE family carbenicillin-hydrolyzing class A beta-lactamase
693f531ae4e5dc8be7253d5f78089368	aph(6)-Id	aminoglycoside O-phosphotransferase APH(6)-Id	core	AMR	AMR	AMINOGLYCOSIDE	STREPTOMYCIN	BLASTP	278	278	100.00	99.64	278	WP_000480972.1	aminoglycoside O-phosphotransferase APH(6)-Id	NF012171.0	APH(6)-I family aminoglycoside O-phosphotransferase
697bd06bf4074cf91037ff776a9a25f0	vanX-A	D-Ala-D-Ala dipeptidase VanX-A	core	AMR	AMR	GLYCOPEPTIDE	VANCOMYCIN	EXACTP	202	202	100.00	100.00	202	WP_000402347.1	D-Ala-D-Ala dipeptidase VanX-A	NF033115.1	D-Ala-D-Ala dipeptidase VanX
74233c8d7ad99db41c3bdcdb963b7b4e	lsa	Lsa family ABC-F type ribosomal protection protein	core	AMR	AMR	LINCOSAMIDE/STREPTOGRAMIN	LINCOSAMIDE/STREPTOGRAMIN	HMM	492	492	100.00	84.35	492	WP_011133547.1	Lsa family ABC-F type ribosomal protection protein	NF000167.2	Lsa family ABC-F type ribosomal protection protein
743a950d252f51a0d8da88c952e86de3	dfrA50	trimethoprim-resistant dihydrofolate reductase DfrA50	core	AMR	AMR	TRIMETHOPRIM	TRIMETHOPRIM	BLASTP	158	158	100.00	99.37	158	WP_040203768.1	trimethoprim-resistant dihydrofolate reductase DfrA50	NF047323.1	trimethoprim-resistant dihydrofolate reductase DfrA50
75415a1287a5d7ef6588ad427f85235c	mcr-3	MCR-3-related phosphoethanolamine--lipid A transferase	core	AMR	AMR	COLISTIN	COLISTIN	HMM	540	541	99.45	85.87	538	WP_099156049.1	MCR-3-related phosphoethanolamine--lipid A transferase	NF033409.0	MCR-3-related phosphoethanolamine--lipid A transferase
7cb98ca1d419d2ec5219509e57929bab	optrA	ABC-F type ribosomal protection protein OptrA	core	AMR	AMR	OXAZOLIDINONE/PHENICOL	FLORFENICOL/OXAZOLIDINONE	EXACTP	655	655	100.00	100.00	655	WP_063854496.1	ABC-F type ribosomal protection protein OptrA	NF000514.1	ABC-F type ribosomal protection protein OptrA
80e7a0d2470fb53fd58f5ede6d9a5282	erm(B)	23S rRNA (adenine(2058)-N(6))-methyltransferase Erm(B)	core	AMR	AMR	LINCOSAMIDE/MACROLIDE/STREPTOGRAMIN	CLINDAMYCIN/ERYTHROMYCIN/STREPTOGRAMIN B	EXACTP	245	245	100.00	100.00	245	WP_001038795.1	23S rRNA (adenine(2058)-N(6))-methyltransferase Erm(B)	NF012220.1	23S rRNA (adenine(2058)-N(6))-methyltransferase Erm(B)
871e0fbdbd3019a9f39f275f25c4872e	dfrA12	trimethoprim-resistant dihydrofolate reductase DfrA12	core	AMR	AMR	TRIMETHOPRIM	TRIMETHOPRIM	BLASTP	165	165	100.00	99.39	165	WP_001083725.1	trimethoprim-resistant dihydrofolate reductase DfrA12	NF000053.2	trimethoprim-resistant dihydrofolate reductase DfrA12
8a503b5371178cf411c42cbb3e3ae5a4	ampC	class C beta-lactamase	core	AMR	AMR	BETA-LACTAM	BETA-LACTAM	HMM	396	384	99.74	59.38	389	WP_311033294.1	class C beta-lactamase	NF033085.1	class C beta-lactamase
8dcfcbd9b32e4629cb235e99dda672c4	blaOXA	class D beta-lactamase	core	AMR	AMR	BETA-LACTAM	BETA-LACTAM	BLASTP	268	268	100.00	97.01	268	WP_114268491.1	class D beta-lactamase OXA-926	NF000270.1	class D beta-lactamase
931c5f9b525d3888a71100a93128b6ca	dfrA15	trimethoprim-resistant dihydrofolate reductase DfrA15	core	AMR	AMR	TRIMETHOPRIM	TRIMETHOPRIM	EXACTP	157	157	100.00	100.00	157	WP_001355915.1	trimethoprim-resistant dihydrofolate reductase DfrA15	NF000330.1	trimethoprim-resistant dihydrofolate reductase DfrA
93c10bfbc169a9921d01fedb6a0cc3c1	cmlA1	chloramphenicol efflux MFS transporter CmlA1	core	AMR	AMR	PHENICOL	CHLORAMPHENICOL	EXACTP	419	419	100.00	100.00	419	WP_001256776.1	chloramphenicol efflux MFS transporter CmlA1	NF000509.1	CmlA family chloramphenicol efflux MFS transporter
95b461617b393ad26edca9960d5dce2d	aph(3')-VIa	aminoglycoside O-phosphotransferase APH(3')-VIa	core	AMR	AMR	AMINOGLYCOSIDE	AMIKACIN/KANAMYCIN	BLASTP	259	259	100.00	98.46	259	WP_000422636.1	aminoglycoside O-phosphotransferase APH(3')-VIa	NF033062.0	APH(3')-VI family aminoglycoside O-phosphotransferase
9843b68dd58bfe3b97767be61f9e9735	blaZ	penicillin-hydrolyzing class A beta-lactamase BlaZ	core	AMR	AMR	BETA-LACTAM	BETA-LACTAM	EXACTP	281	281	100.00	100.00	281	WP_000733289.1	penicillin-hydrolyzing class A beta-lactamase BlaZ	NF033139.1	penicillin-hydrolyzing class A beta-lactamase BlaZ
a095cda242ad5cbd4d05ba3252f03ea6	blaTEM-215	class A beta-lactamase TEM-215	core	AMR	AMR	BETA-LACTAM	BETA-LACTAM	ALLELEP	286	286	100.00	100.00	286	WP_050190632.1	class A beta-lactamase TEM-215	NF000531.2	TEM family class A beta-lactamase
a11d08ec1886b847cc1c25c2684a60fd	catB	type B chloramphenicol O-acetyltransferase	core	AMR	AMR	PHENICOL	CHLORAMPHENICOL	BLASTP	210	210	100.00	99.52	210	WP_000800689.1	type B-2 chloramphenicol O-acetyltransferase CatB11	NF000490.1	type B chloramphenicol O-acetyltransferase
a65f0c94ffa56463015f7f2f1b963d23	catB	type B chloramphenicol O-acetyltransferase	core	AMR	AMR	PHENICOL	CHLORAMPHENICOL	HMM	211	209	97.61	74.51	204	WP_001009012.1	type B chloramphenicol O-acetyltransferase	NF000490.1	type B chloramphenicol O-acetyltransferase
ada1a4c8d78ae5010eff60eefa180ee2	blaOXA	class D beta-lactamase	core	AMR	AMR	BETA-LACTAM	BETA-LACTAM	HMM	272	275	98.18	65.93	270	WP_102607464.1	class D beta-lactamase	NF000270.1	class D beta-lactamase
aec24af34c158d7323f6e5ad686405d0	blaR1	beta-lactam sensor/signal transducer BlaR1	core	AMR	AMR	BETA-LACTAM	BETA-LACTAM	EXACTP	585	585	100.00	100.00	585	WP_001096376.1	beta-lactam sensor/signal transducer BlaR1	NF033108.1	beta-lactam sensor/signal transducer BlaR1
aee48765115e69c10e668eb90bfbdf1e	blaI	penicillinase repressor BlaI	core	AMR	AMR	BETA-LACTAM	BETA-LACTAM	BLASTP	126	126	100.00	99.21	126	WP_001284656.1	penicillinase repressor BlaI	NF000186.1	penicillinase repressor BlaI
b5d80cda969f5f3ca5ff5a38c601a955	blaOXA-29	oxacillin-hydrolyzing class D beta-lactamase OXA-29	core	AMR	AMR	BETA-LACTAM	BETA-LACTAM	ALLELEP	266	266	100.00	100.00	266	WP_014845076.1	oxacillin-hydrolyzing class D beta-lactamase OXA-29	NF000270.1	class D beta-lactamase
b61b5ddebfbfa50e5d60c1c48a407511	floR	chloramphenicol/florfenicol efflux MFS transporter FloR	core	AMR	AMR	PHENICOL	CHLORAMPHENICOL/FLORFENICOL	BLASTP	404	404	100.00	98.76	404	WP_001747811.1	chloramphenicol/florfenicol efflux MFS transporter FloR	NF000219.1	chloramphenicol/florfenicol efflux MFS transporter FloR
b7bda3803293b5d6302cf773a8fe0484	fexA	chloramphenicol/florfenicol efflux MFS transporter FexA	core	AMR	AMR	PHENICOL	CHLORAMPHENICOL/FLORFENICOL	EXACTP	475	475	100.00	100.00	475	WP_015585966.1	chloramphenicol/florfenicol efflux MFS transporter FexA	NF000218.1	chloramphenicol/florfenicol efflux MFS transporter FexA
b92be087e25300ca6ddf9ab90e06bc3e	aph(3'')-Ib	aminoglycoside O-phosphotransferase APH(3'')-Ib	core	AMR	AMR	AMINOGLYCOSIDE	STREPTOMYCIN	BLASTP	267	267	100.00	98.50	267	WP_001082319.1	aminoglycoside O-phosphotransferase APH(3'')-Ib	NF032895.1	aminoglycoside O-phosphotransferase APH(3'')-Ib
bbeb62624bfa53592ab50e22e1cbafbf	aph(3')-VIa	aminoglycoside O-phosphotransferase APH(3')-VIa	core	AMR	AMR	AMINOGLYCOSIDE	AMIKACIN/KANAMYCIN	BLASTP	259	259	100.00	98.46	259	WP_000422636.1	aminoglycoside O-phosphotransferase APH(3')-VIa	NF033062.0	APH(3')-VI family aminoglycoside O-phosphotransferase
bd8077855e51a6432d74aab673d46820	vanZ-A	glycopeptide resistance protein VanZ-A	core	AMR	AMR	GLYCOPEPTIDE	VANCOMYCIN	EXACTP	161	161	100.00	100.00	161	WP_000516404.1	glycopeptide resistance protein VanZ-A	NF033125.2	glycopeptide resistance protein VanZ-A
c6011cbc9bfbdd18664645c3d364eb01	tet(L)	tetracycline efflux MFS transporter Tet(L)	core	AMR	AMR	TETRACYCLINE	TETRACYCLINE	BLASTP	458	458	100.00	99.34	458	WP_002294500.1	tetracycline efflux MFS transporter Tet(L)	NF012185.0	tetracycline efflux MFS transporter Tet(L)
c8d3b36d1cc0eb7011b49f7a991ba4f3	blaCTX-M-123	extended-spectrum class A beta-lactamase CTX-M-123	core	AMR	AMR	BETA-LACTAM	CEPHALOSPORIN	ALLELEP	291	291	100.00	100.00	291	WP_031942271.1	extended-spectrum class A beta-lactamase CTX-M-123	NF033089.1	CTX-M family extended-spectrum class A beta-lactamase
ca5670a5cb94e26bb59093e5653883c4	estX	macrolide esterase EstX	core	AMR	AMR	MACROLIDE	TYLOSIN	BLASTP	296	280	100.00	100.00	280	WP_001456218.1	macrolide esterase EstX-3	NF033124.1	macrolide esterase EstX
cb4fe932e2eacbaae66df081b6876823	aph(2'')-IIa	aminoglycoside O-phosphotransferase APH(2'')-IIa	core	AMR	AMR	AMINOGLYCOSIDE	AMIKACIN/GENTAMICIN/KANAMYCIN/TOBRAMYCIN	BLASTP	299	299	100.00	99.67	299	WP_016439437.1	aminoglycoside O-phosphotransferase APH(2'')-IIa	NF000015.3	aminoglycoside O-phosphotransferase APH(2'')-IIa
cd92b94ae39875204a038f3ca517d7a7	fexA	chloramphenicol/florfenicol efflux MFS transporter FexA	core	AMR	AMR	PHENICOL	CHLORAMPHENICOL/FLORFENICOL	BLASTP	475	475	100.00	99.37	475	WP_015585966.1	chloramphenicol/florfenicol efflux MFS transporter FexA	NF000218.1	chloramphenicol/florfenicol efflux MFS transporter FexA
d32557d6670c117bc077979326ce53d6	tet(39)	tetracycline efflux MFS transporter Tet(39)	core	AMR	AMR	TETRACYCLINE	TETRACYCLINE	EXACTP	395	395	100.00	100.00	395	WP_004856455.1	tetracycline efflux MFS transporter Tet(39)	NF012174.0	Tet(A)/Tet(B)/Tet(C) family tetracycline efflux MFS transporter
d54821601c5029935bc6f4cc7af0b5d0	ampC	class C beta-lactamase	core	AMR	AMR	BETA-LACTAM	BETA-LACTAM	HMM	396	396	97.47	61.66	386	WP_128268282.1	class C beta-lactamase	NF033085.1	class C beta-lactamase
d5b9c50e41ff1c4a344f33ca4cbd7ecd	tet(O)	tetracycline resistance ribosomal protection protein Tet(O)	core	AMR	AMR	TETRACYCLINE	TETRACYCLINE	EXACTP	639	639	100.00	100.00	639	WP_002779752.1	tetracycline resistance ribosomal protection protein Tet(O)	NF033148.1	TetM/TetW/TetO/TetS family tetracycline resistance ribosomal protection protein
d738355da5dfcbe40724dbcb2b68a0c8	blaVEB-3	extended-spectrum class A beta-lactamase VEB-3	core	AMR	AMR	BETA-LACTAM	CEPHALOSPORIN	ALLELEP	299	299	100.00	100.00	299	WP_020956917.1	extended-spectrum class A beta-lactamase VEB-3	NF000390.2	VEB family extended-spectrum class A beta-lactamase
d83d4205f19cd8438a798d9cf9e83bff	ampC	class C beta-lactamase	core	AMR	AMR	BETA-LACTAM	BETA-LACTAM	HMM	389	408	96.32	54.82	394	WP_322881141.1	class C beta-lactamase	NF033085.1	class C beta-lactamase
da35649ab669f18746599ecdf087932f	blaCTX-M-236	extended-spectrum class A beta-lactamase CTX-M-236	core	AMR	AMR	BETA-LACTAM	CEPHALOSPORIN	ALLELEP	291	291	100.00	100.00	291	WP_156658722.1	extended-spectrum class A beta-lactamase CTX-M-236	NF033089.1	CTX-M family extended-spectrum class A beta-lactamase
dadd16431b3b0b4fd9e280e2ad1daf9b	bla	class A beta-lactamase	core	AMR	AMR	BETA-LACTAM	BETA-LACTAM	HMM	298	297	100.00	67.00	297	WP_068885073.1	class A beta-lactamase	NF033103.1	class A beta-lactamase
db06137898bc3a55270465ded78a4a1c	tet(E)	tetracycline efflux MFS transporter Tet(E)	core	AMR	AMR	TETRACYCLINE	TETRACYCLINE	BLASTP	405	405	100.00	98.77	405	WP_011899270.1	tetracycline efflux MFS transporter Tet(E)	NF012187.0	tetracycline efflux MFS transporter Tet(E)
dbbeae6fde2da4d1e56be8293da2a96e	blaVEB-1	inhibitor-resistant extended-spectrum class A beta-lactamase VEB-1	core	AMR	AMR	BETA-LACTAM	CEPHALOSPORIN	ALLELEP	299	299	100.00	100.00	299	WP_000706731.1	inhibitor-resistant extended-spectrum class A beta-lactamase VEB-1	NF000390.2	VEB family extended-spectrum class A beta-lactamase
dcde7a306160f1f48d56c03364df554a	mphM	macrolide 2'-phosphotransferase MphM	core	AMR	AMR	MACROLIDE	MACROLIDE	BLASTP	299	299	100.00	95.99	299	WP_016078774.1	macrolide 2'-phosphotransferase MphM	NF038056.1	macrolide 2'-phosphotransferase MphM
dd5289f155c1c299558931c8e27099cf	catB8	type B-3 chloramphenicol O-acetyltransferase CatB8	core	AMR	AMR	PHENICOL	CHLORAMPHENICOL	EXACTP	210	210	100.00	100.00	210	WP_048608591.1	type B-3 chloramphenicol O-acetyltransferase CatB8	NF000490.1	type B chloramphenicol O-acetyltransferase
ddc30409149b107be6c07f1d777c13ea	aadA25	ANT(3'')-Ia family aminoglycoside nucleotidyltransferase AadA25	core	AMR	AMR	AMINOGLYCOSIDE	STREPTOMYCIN	BLASTP	263	263	100.00	99.62	263	WP_011113049.1	ANT(3'')-Ia family aminoglycoside nucleotidyltransferase AadA25	NF012157.0	ANT(3'')-I family aminoglycoside nucleotidyltransferase
debc4be7a7beb66c0609041b94b19560	catB6	type B-3 chloramphenicol O-acetyltransferase CatB6	core	AMR	AMR	PHENICOL	CHLORAMPHENICOL	ALLELEP	210	210	100.00	100.00	210	WP_063843229.1	type B-3 chloramphenicol O-acetyltransferase CatB6	NF000490.1	type B chloramphenicol O-acetyltransferase
dfefeb46ff7dd70a2738e2c6c2b9238a	vanS-A	vancomycin resistance histidine kinase VanS-A	core	AMR	AMR	GLYCOPEPTIDE	VANCOMYCIN	EXACTP	384	384	100.00	100.00	384	WP_002305818.1	vancomycin resistance histidine kinase VanS-A	NF033091.0	vancomycin resistance histidine kinase VanS
e0e2f73c577fd3f8661e7107e10c140a	aac(3)-IVa	aminoglycoside N-acetyltransferase AAC(3)-IVa	core	AMR	AMR	AMINOGLYCOSIDE	APRAMYCIN/GENTAMICIN/TOBRAMYCIN	EXACTP	258	258	100.00	100.00	258	WP_001199192.1	aminoglycoside N-acetyltransferase AAC(3)-IVa	NF033081.0	AAC(3)-IV family aminoglycoside N-acetyltransferase
e12f895801859de6183442770658b5b0	vanR-A	vancomycin resistance response regulator transcription factor VanR-A	core	AMR	AMR	GLYCOPEPTIDE	VANCOMYCIN	EXACTP	231	231	100.00	100.00	231	WP_001280781.1	vancomycin resistance response regulator transcription factor VanR-A	NF000401.1	vancomycin resistance response regulator transcription factor VanR-A
e32c35855ccee0e9e62d466f1c71a3c6	sul1	sulfonamide-resistant dihydropteroate synthase Sul1	core	AMR	AMR	SULFONAMIDE	SULFONAMIDE	BLASTP	279	279	100.00	99.64	279	WP_000259031.1	sulfonamide-resistant dihydropteroate synthase Sul1	NF000294.1	sulfonamide-resistant dihydropteroate synthase Sul1
e750aad9febc3474faaeda8f057d9e6a	vanH-A	D-lactate dehydrogenase VanH-A	core	AMR	AMR	GLYCOPEPTIDE	VANCOMYCIN	EXACTP	322	322	100.00	100.00	322	WP_001059542.1	D-lactate dehydrogenase VanH-A	NF000371.1	VanH-A/VanH-Pt family D-lactate dehydrogenase
ecda8ba545e860e13bc15c2fef687796	aac(6')-Il	aminoglycoside N-acetyltransferase AAC(6')-Il	core	AMR	AMR	AMINOGLYCOSIDE	AMIKACIN/KANAMYCIN/TOBRAMYCIN	EXACTP	152	152	100.00	100.00	152	WP_013263788.1	aminoglycoside N-acetyltransferase AAC(6')-Il	NF000158.2	aminoglycoside N-acetyltransferase AAC(6')-Il
ef9ee84069b7cd5c6cf31cd00e5d5718	blaLAP-1	class A beta-lactamase LAP-1	core	AMR	AMR	BETA-LACTAM	BETA-LACTAM	ALLELEP	285	285	100.00	100.00	285	WP_031942394.1	class A beta-lactamase LAP-1	NF000383.2	LAP family class A beta-lactamase
f22d7d9525415662bf7927647072a808	aac(6')-Ib11	aminoglycoside N-acetyltransferase AAC(6')-Ib11	core	AMR	AMR	AMINOGLYCOSIDE	AMIKACIN/GENTAMICIN/KANAMYCIN/TOBRAMYCIN	BLASTP	186	189	93.65	96.67	180	WP_032490438.1	aminoglycoside N-acetyltransferase AAC(6')-Ib11	NF033074.0	AAC(6')-Ib family aminoglycoside 6'-N-acetyltransferase
f836e4d899660e9456923b35bf4b88d0	dfrA46	trimethoprim-resistant dihydrofolate reductase DfrA46	core	AMR	AMR	TRIMETHOPRIM	TRIMETHOPRIM	BLASTP	157	157	100.00	99.36	157	WP_063844461.1	trimethoprim-resistant dihydrofolate reductase DfrA46	NF000330.1	trimethoprim-resistant dihydrofolate reductase DfrA
fa6fa0bb2a48833b800c911116ce3c42	blaR1	beta-lactam sensor/signal transducer BlaR1	core	AMR	AMR	BETA-LACTAM	BETA-LACTAM	BLASTP	585	585	100.00	95.56	585	WP_001096386.1	beta-lactam sensor/signal transducer BlaR1	NF033108.1	beta-lactam sensor/signal transducer BlaR1
fabe23ab91fcb0b264170bcab7162d34	vanY-A	D-Ala-D-Ala carboxypeptidase VanY-A	core	AMR	AMR	GLYCOPEPTIDE	VANCOMYCIN	EXACTP	303	303	100.00	100.00	303	WP_001812592.1	D-Ala-D-Ala carboxypeptidase VanY-A	NF000472.1	VanY-A/VanY-F/VanY-M family D-Ala-D-Ala carboxypeptidase
fb0c08534e7e71f0b99ad9fadd0b017d	blaNDM-4	subclass B1 metallo-beta-lactamase NDM-4	core	AMR	AMR	BETA-LACTAM	CARBAPENEM	ALLELEP	270	270	100.00	100.00	270	WP_063860861.1	subclass B1 metallo-beta-lactamase NDM-4	NF000259.2	NDM family subclass B1 metallo-beta-lactamase
fea452b771e1f921927be9b2d5c8c04b	floR	chloramphenicol/florfenicol efflux MFS transporter FloR	core	AMR	AMR	PHENICOL	CHLORAMPHENICOL/FLORFENICOL	EXACTP	404	404	100.00	100.00	404	WP_000214122.1	chloramphenicol/florfenicol efflux MFS transporter FloR	NF000219.1	chloramphenicol/florfenicol efflux MFS transporter FloR
030ebfb6592bca4aec4224b19fb7abe9	tet(A)	tetracycline efflux MFS transporter Tet(A)	core	AMR	AMR	TETRACYCLINE	TETRACYCLINE	BLASTP	399	399	100.00	99.75	399	WP_000804064.1	tetracycline efflux MFS transporter Tet(A)	NF012193.0	tetracycline efflux MFS transporter Tet(A)
0427c6aa877a6a6c5f0cd51d5dd04f38	blaTEM-32	inhibitor-resistant broad-spectrum class A beta-lactamase TEM-32	core	AMR	AMR	BETA-LACTAM	BETA-LACTAM	ALLELEP	286	286	100.00	100.00	286	WP_052944427.1	inhibitor-resistant broad-spectrum class A beta-lactamase TEM-32	NF000531.2	TEM family class A beta-lactamase
088d0bb4f8f9d57b28217ddac7abae72	fosE	fosfomycin resistance hydrolase FosE	core	AMR	AMR	FOSFOMYCIN	FOSFOMYCIN	EXACTP	134	134	100.00	100.00	134	WP_054882068.1	fosfomycin resistance hydrolase FosE	NF000222.1	FosX/FosE/FosI family fosfomycin resistance hydrolase
0c657ae1ed3e1029f42f05288caf53be	bla	subclass B3 metallo-beta-lactamase	core	AMR	AMR	BETA-LACTAM	BETA-LACTAM	HMM	305	307	98.37	71.52	302	WP_007683232.1	subclass B3 metallo-beta-lactamase	NF033105.1	subclass B3 metallo-beta-lactamase
133a80728297f2570381a30de9ce0fec	blaIII	class A beta-lactamase BlaIII	core	AMR	AMR	BETA-LACTAM	BETA-LACTAM	HMM	316	316	100.00	89.56	316	WP_000497840.1	class A beta-lactamase BlaIII	NF041270.1	class A beta-lactamase BlaIII
13898721af48bf8a0fe9a8626bfd0326	ant(6)	aminoglycoside 6-nucleotidyltransferase	core	AMR	AMR	AMINOGLYCOSIDE	STREPTOMYCIN	HMM	286	284	98.59	58.57	280	WP_003229862.1	aminoglycoside 6-nucleotidyltransferase	NF033084.2	aminoglycoside 6-nucleotidyltransferase
19be472088817b924a14779a5a5188a7	bleO	bleomycin binding protein	core	AMR	AMR	BLEOMYCIN	BLEOMYCIN	BLASTP	128	134	95.52	99.22	128	WP_001242578.1	bleomycin binding protein	NF000027.1	bleomycin binding protein
1b241bce5455cb59eb340efe7c1ebd94	erm(42)	23S rRNA (adenine(2058)-N(6))-methyltransferase Erm(42)	core	AMR	AMR	LINCOSAMIDE/MACROLIDE	CLINDAMYCIN/ERYTHROMYCIN	BLASTP	301	301	100.00	99.67	301	WP_052259183.1	23S rRNA (adenine(2058)-N(6))-methyltransferase Erm(42)	NF000077.1	23S rRNA (adenine(2058)-N(6))-methyltransferase Erm(42)
1b9dd4cb8fb355decc30273294a2aaa7	tet(A)	tetracycline efflux MFS transporter Tet(A)	core	AMR	AMR	TETRACYCLINE	TETRACYCLINE	BLASTP	399	399	100.00	99.75	399	WP_000804064.1	tetracycline efflux MFS transporter Tet(A)	NF012193.0	tetracycline efflux MFS transporter Tet(A)
455290ecd6ef4bca974a774d78355d8d	qacE	quaternary ammonium compound efflux SMR transporter QacE	core	STRESS	BIOCIDE	QUATERNARY AMMONIUM	QUATERNARY AMMONIUM	BLASTP	110	110	100.00	98.18	110	WP_010890145.1	quaternary ammonium compound efflux SMR transporter QacE	NF000276.2	quaternary ammonium compound efflux SMR transporter QacE
4ac9160bdd567f1e9945ee246fa922f5	blaTEM-135	broad-spectrum class A beta-lactamase TEM-135	core	AMR	AMR	BETA-LACTAM	BETA-LACTAM	ALLELEP	286	286	100.00	100.00	286	WP_015058868.1	broad-spectrum class A beta-lactamase TEM-135	NF000531.2	TEM family class A beta-lactamase
4b6d9401f3b033ab03be623df761f5f2	blaOXA-101	OXA-10 family class D beta-lactamase OXA-101	core	AMR	AMR	BETA-LACTAM	CEPHALOSPORIN	ALLELEP	266	266	100.00	100.00	266	WP_063860937.1	OXA-10 family class D beta-lactamase OXA-101	NF000386.2	OXA-10 family class D beta-lactamase
4f648ddf3d81a5fb4ff23b6c0a856eb5	blaZ	penicillin-hydrolyzing class A beta-lactamase BlaZ	core	AMR	AMR	BETA-LACTAM	BETA-LACTAM	BLASTP	281	281	100.00	98.58	281	WP_000733274.1	penicillin-hydrolyzing class A beta-lactamase BlaZ	NF033139.1	penicillin-hydrolyzing class A beta-lactamase BlaZ
50977f203498764920ffa8d2af2c1789	tmexD3	multidrug efflux RND transporter permease subunit TMexD3	core	AMR	AMR	TETRACYCLINE	TIGECYCLINE	ALLELEP	1044	1044	100.00	100.00	1044	WP_034065037.1	multidrug efflux RND transporter permease subunit TMexD3	NA	NA
51245b02c2ec487458cf3dda5a3282fd	ampC	class C beta-lactamase	core	AMR	AMR	BETA-LACTAM	BETA-LACTAM	HMM	396	396	97.47	61.40	386	WP_128268282.1	class C beta-lactamase	NF033085.1	class C beta-lactamase
51277efa5fba80657255d39b64463960	arr-3	NAD(+)--rifampin ADP-ribosyltransferase Arr-3	core	AMR	AMR	RIFAMYCIN	RIFAMYCIN	BLASTP	150	150	100.00	98.67	150	WP_001749986.1	NAD(+)--rifampin ADP-ribosyltransferase Arr-3	NF033144.1	NAD(+)--rifampin ADP-ribosyltransferase
51a62781685bf039a4c4ed53992ee3dc	blaTEM-24	extended-spectrum class A beta-lactamase TEM-24	core	AMR	AMR	BETA-LACTAM	CEPHALOSPORIN	ALLELEP	286	286	100.00	100.00	286	WP_015365452.1	extended-spectrum class A beta-lactamase TEM-24	NF000531.2	TEM family class A beta-lactamase
53d4d44f30297cc4ecba3f87654d982e	blaR1	beta-lactam sensor/signal transducer BlaR1	core	AMR	AMR	BETA-LACTAM	BETA-LACTAM	EXACTP	585	585	100.00	100.00	585	WP_001096386.1	beta-lactam sensor/signal transducer BlaR1	NF033108.1	beta-lactam sensor/signal transducer BlaR1
58a1d2028b314a699395f76d793f45bf	tet(B)	tetracycline efflux MFS transporter Tet(B)	core	AMR	AMR	TETRACYCLINE	TETRACYCLINE	EXACTP	401	401	100.00	100.00	401	WP_001089072.1	tetracycline efflux MFS transporter Tet(B)	NF012190.1	tetracycline efflux MFS transporter Tet(B)
5913c01d7e5b93703e74e3c761b0a946	blaNDM	NDM family subclass B1 metallo-beta-lactamase	core	AMR	AMR	BETA-LACTAM	CARBAPENEM	BLASTP	270	270	100.00	99.63	270	WP_004201164.1	subclass B1 metallo-beta-lactamase NDM-1	NF000259.2	NDM family subclass B1 metallo-beta-lactamase
59a1ac2c7434e5a534e6e8d5530163a3	tmexD	multidrug efflux RND transporter permease subunit TMexD	core	AMR	AMR	TETRACYCLINE	TIGECYCLINE	BLASTP	1044	1044	100.00	99.43	1044	WP_118842627.1	multidrug efflux RND transporter permease subunit TMexD1	NA	NA
5fb86a8cf62820bcf3f19c808c5970dc	blaVIM-84	subclass B1 metallo-beta-lactamase VIM-84	core	AMR	AMR	BETA-LACTAM	CARBAPENEM	ALLELEP	266	266	100.00	100.00	266	WP_256823972.1	subclass B1 metallo-beta-lactamase VIM-84	NF012100.0	VIM family subclass B1 metallo-beta-lactamase
63b231873f05335f67a3f426c5a8b352	mcr-5.1	phosphoethanolamine--lipid A transferase MCR-5.1	core	AMR	AMR	COLISTIN	COLISTIN	ALLELEP	547	547	100.00	100.00	547	WP_053821788.1	phosphoethanolamine--lipid A transferase MCR-5.1	NF033463.1	MCR-5 family phosphoethanolamine--lipid A transferase
6662ee4aff32eb5d3577e45ce564b5f2	cpt	chloramphenicol phosphotransferase CPT	core	AMR	AMR	PHENICOL	CHLORAMPHENICOL	HMM	173	176	98.30	69.36	173	WP_010982315.1	chloramphenicol phosphotransferase CPT	NF033114.1	chloramphenicol phosphotransferase CPT
6664ab6488a483025c606eaf5029cfe5	optrA	ABC-F type ribosomal protection protein OptrA	core	AMR	AMR	OXAZOLIDINONE/PHENICOL	FLORFENICOL/OXAZOLIDINONE	BLASTP	655	655	100.00	99.54	655	WP_063854496.1	ABC-F type ribosomal protection protein OptrA	NF000514.1	ABC-F type ribosomal protection protein OptrA
67409c0070b275e519380d46897334ef	aac(3)-Ia	aminoglycoside N-acetyltransferase AAC(3)-Ia	core	AMR	AMR	AMINOGLYCOSIDE	GENTAMICIN	EXACTP	154	154	100.00	100.00	154	WP_002089484.1	aminoglycoside N-acetyltransferase AAC(3)-Ia	NF033083.0	AAC(3)-I family aminoglycoside 3-N-acetyltransferase
764040ae395ae7a430fd3633dc55990c	tmexC	multidrug efflux RND transporter periplasmic adaptor subunit TMexC	core	AMR	AMR	TETRACYCLINE	TIGECYCLINE	BLASTP	387	387	100.00	99.74	387	WP_034039546.1	multidrug efflux RND transporter periplasmic adaptor subunit TMexC3	NA	NA
771447b4d455f950366e2e74629c71d0	blaZ	penicillin-hydrolyzing class A beta-lactamase BlaZ	core	AMR	AMR	BETA-LACTAM	BETA-LACTAM	EXACTP	281	281	100.00	100.00	281	WP_000733274.1	penicillin-hydrolyzing class A beta-lactamase BlaZ	NF033139.1	penicillin-hydrolyzing class A beta-lactamase BlaZ
7cbba543531959f6d6e513605f89f1a8	erm(B)	23S rRNA (adenine(2058)-N(6))-methyltransferase Erm(B)	core	AMR	AMR	LINCOSAMIDE/MACROLIDE/STREPTOGRAMIN	CLINDAMYCIN/ERYTHROMYCIN/STREPTOGRAMIN B	BLASTP	245	245	100.00	99.59	245	WP_001038795.1	23S rRNA (adenine(2058)-N(6))-methyltransferase Erm(B)	NF012220.1	23S rRNA (adenine(2058)-N(6))-methyltransferase Erm(B)
8211cf1a32add9d416ec45d6c5ebf4c6	blaPSZ	PSZ family class C beta-lactamase	core	AMR	AMR	BETA-LACTAM	BETA-LACTAM	BLASTP	377	379	99.47	97.88	377	WP_290468365.1	class C beta-lactamase PSZ-1	NF041665.1	PSZ family class C beta-lactamase
85341ac499da2691c8c466686be2a1de	tet(39)	tetracycline efflux MFS transporter Tet(39)	core	AMR	AMR	TETRACYCLINE	TETRACYCLINE	BLASTP	395	395	100.00	99.75	395	WP_004856455.1	tetracycline efflux MFS transporter Tet(39)	NF012174.0	Tet(A)/Tet(B)/Tet(C) family tetracycline efflux MFS transporter
85968b61e769f75d8655a7a199d1db4c	ble	bleomycin binding protein BLMT	core	AMR	AMR	BLEOMYCIN	BLEOMYCIN	EXACTP	126	126	100.00	100.00	126	WP_000131935.1	bleomycin binding protein BLMT	NF000005.4	BLMT family bleomycin binding protein
878df74d1bd1573f14a7f99cff133e2c	estX	macrolide esterase EstX	core	AMR	AMR	MACROLIDE	TYLOSIN	EXACTP	280	280	100.00	100.00	280	WP_016242844.1	macrolide esterase EstX	NF033124.1	macrolide esterase EstX
8b3d96c2352f8b088c1212a84a86dacd	mphM	macrolide 2'-phosphotransferase MphM	core	AMR	AMR	MACROLIDE	MACROLIDE	BLASTP	299	299	100.00	93.65	299	WP_016078774.1	macrolide 2'-phosphotransferase MphM	NF038056.1	macrolide 2'-phosphotransferase MphM
8f27336a866f04ead837bea38bb53a9a	aac(3)-Ib	aminoglycoside N-acetyltransferase AAC(3)-Ib	core	AMR	AMR	AMINOGLYCOSIDE	GENTAMICIN	EXACTP	154	154	100.00	100.00	154	WP_010792467.1	aminoglycoside N-acetyltransferase AAC(3)-Ib	NF033083.0	AAC(3)-I family aminoglycoside 3-N-acetyltransferase
8f4a52c11c7b48034078374a247651f8	dfrA30	trimethoprim-resistant dihydrofolate reductase DfrA30	core	AMR	AMR	TRIMETHOPRIM	TRIMETHOPRIM	BLASTP	157	157	100.00	99.36	157	WP_063844408.1	trimethoprim-resistant dihydrofolate reductase DfrA30	NF000330.1	trimethoprim-resistant dihydrofolate reductase DfrA
9744822a4169309a4aa1491d5749135d	blaOXA	class D beta-lactamase	core	AMR	AMR	BETA-LACTAM	BETA-LACTAM	HMM	272	275	98.55	67.16	271	WP_102607464.1	class D beta-lactamase	NF000270.1	class D beta-lactamase
977c32063c7933da6a007ce22e5384ac	lnu(C)	lincosamide nucleotidyltransferase Lnu(C)	core	AMR	AMR	LINCOSAMIDE	LINCOSAMIDE	BLASTP	164	164	100.00	98.17	164	WP_063851341.1	lincosamide nucleotidyltransferase Lnu(C)	NF000141.1	lincosamide nucleotidyltransferase Lnu(C)
97dbb5a71e112bf0768239d216262cc3	blaVIM-4	subclass B1 metallo-beta-lactamase VIM-4	core	AMR	AMR	BETA-LACTAM	CARBAPENEM	ALLELEP	266	266	100.00	100.00	266	WP_032492008.1	subclass B1 metallo-beta-lactamase VIM-4	NF012100.0	VIM family subclass B1 metallo-beta-lactamase
9a7531a6ae71bc02b802ed1c9cc2ad06	blaCTX-M-24	extended-spectrum class A beta-lactamase CTX-M-24	core	AMR	AMR	BETA-LACTAM	CEPHALOSPORIN	ALLELEP	291	291	100.00	100.00	291	WP_012579082.1	extended-spectrum class A beta-lactamase CTX-M-24	NF033089.1	CTX-M family extended-spectrum class A beta-lactamase
a19b83bbfc6099e580d3f63b849f47bd	aac(3)	aminoglycoside 3-N-acetyltransferase	core	AMR	AMR	AMINOGLYCOSIDE	GENTAMICIN	HMM	275	269	98.51	60.00	265	WP_012695485.1	aminoglycoside 3-N-acetyltransferase	NF033082.0	aminoglycoside 3-N-acetyltransferase
a724af770846a18f82784085ec919493	blaOXA	class D beta-lactamase	core	AMR	AMR	BETA-LACTAM	BETA-LACTAM	HMM	272	275	98.55	67.90	271	WP_102607464.1	class D beta-lactamase	NF000270.1	class D beta-lactamase
aaee906866153e43984b0683cb5b5c3e	catA3	type A-3 chloramphenicol O-acetyltransferase CatIII	core	AMR	AMR	PHENICOL	CHLORAMPHENICOL	EXACTP	213	213	100.00	100.00	213	WP_005826111.1	type A-3 chloramphenicol O-acetyltransferase CatIII	NF000491.1	type A chloramphenicol O-acetyltransferase
ac819dbbb7ac7825385ed0fb8d2dcf7d	blaKPC-31	inhibitor-resistant extended-spectrum class A beta-lactamase KPC-31	core	AMR	AMR	BETA-LACTAM	CEFIDEROCOL/CEPHALOSPORIN	ALLELEP	293	293	100.00	100.00	293	WP_073668892.1	inhibitor-resistant extended-spectrum class A beta-lactamase KPC-31	NF012141.1	KPC family carbapenem-hydrolyzing class A beta-lactamase
af25052f24cc770e22ae186786ce20ac	blaR1	beta-lactam sensor/signal transducer BlaR1	core	AMR	AMR	BETA-LACTAM	BETA-LACTAM	BLASTP	585	585	100.00	98.80	585	WP_001096386.1	beta-lactam sensor/signal transducer BlaR1	NF033108.1	beta-lactam sensor/signal transducer BlaR1
b8176ab52d5e92589d0ce7aa06cb49c2	bla	class A beta-lactamase	core	AMR	AMR	BETA-LACTAM	BETA-LACTAM	HMM	334	345	94.49	36.56	331	WP_063842277.1	class A beta-lactamase	NF033103.1	class A beta-lactamase
c378b69c90029ea86b2df3e5a31acab4	floR2	chloramphenicol/florfenicol efflux MFS transporter FloR2	core	AMR	AMR	PHENICOL	CHLORAMPHENICOL/FLORFENICOL	BLASTP	404	404	100.00	99.75	404	WP_000214125.1	chloramphenicol/florfenicol efflux MFS transporter FloR2	NF000219.1	chloramphenicol/florfenicol efflux MFS transporter FloR
ceedd573900506cbe8ffeff2d33cc11c	bla	class A beta-lactamase	core	AMR	AMR	BETA-LACTAM	BETA-LACTAM	HMM	261	302	85.43	51.35	259	WP_158386862.1	class A beta-lactamase	NF033103.1	class A beta-lactamase
d4fab5563f0f31d3367a7e4baceab21f	aph(3')-Ia	aminoglycoside O-phosphotransferase APH(3')-Ia	core	AMR	AMR	AMINOGLYCOSIDE	KANAMYCIN	EXACTP	271	271	100.00	100.00	271	WP_000018329.1	aminoglycoside O-phosphotransferase APH(3')-Ia	NF051474.1	aminoglycoside O-phosphotransferase APH(3')-Ia
d83468e919d9e28c255f66184427123e	mle	alpha/beta fold macrolide esterase	core	AMR	AMR	MACROLIDE	TYLOSIN	HMM	282	280	100.00	85.71	280	WP_047660123.1	alpha/beta fold macrolide esterase	NF052610.1	alpha/beta fold macrolide esterase
e4bc9a2bdf7d5260c6e7c137c9e916c2	mcr-3.26	phosphoethanolamine--lipid A transferase MCR-3.26	core	AMR	AMR	COLISTIN	COLISTIN	ALLELEP	541	541	100.00	100.00	541	WP_140423331.1	phosphoethanolamine--lipid A transferase MCR-3.26	NF033408.5	MCR-3 family phosphoethanolamine--lipid A transferase
e56567c49b45562dff0e184b2cb056d4	msr(A)	ABC-F type ribosomal protection protein Msr(A)	core	AMR	AMR	MACROLIDE/STREPTOGRAMIN	ERYTHROMYCIN/STREPTOGRAMIN B	EXACTP	488	488	100.00	100.00	488	WP_002447408.1	ABC-F type ribosomal protection protein Msr(A)	NF000256.1	ABC-F type ribosomal protection protein Msr(A)
e8d090dc43934ed37f316d3e028d04e3	tet(D)	tetracycline efflux MFS transporter Tet(D)	core	AMR	AMR	TETRACYCLINE	TETRACYCLINE	EXACTP	394	394	100.00	100.00	394	WP_001039466.1	tetracycline efflux MFS transporter Tet(D)	NF012186.0	tetracycline efflux MFS transporter Tet(D)
f3a7173f1924b71d63ea93ea1c011476	fosA8	fosfomycin resistance glutathione transferase FosA8	core	AMR	AMR	FOSFOMYCIN	FOSFOMYCIN	ALLELEP	141	141	100.00	100.00	141	WP_063277905.1	fosfomycin resistance glutathione transferase FosA8	NF033933.0	FosA8 family fosfomycin resistance glutathione transferase
f3d221db346867f38447fb9ff9fbda7e	blaCTX-M-130	extended-spectrum class A beta-lactamase CTX-M-130	core	AMR	AMR	BETA-LACTAM	CEPHALOSPORIN	ALLELEP	291	291	100.00	100.00	291	WP_063859949.1	extended-spectrum class A beta-lactamase CTX-M-130	NF033089.1	CTX-M family extended-spectrum class A beta-lactamase
f5e78b7d73fe435809ab0a6ca5915ddd	floR	chloramphenicol/florfenicol efflux MFS transporter FloR	core	AMR	AMR	PHENICOL	CHLORAMPHENICOL/FLORFENICOL	BLASTP	404	404	100.00	99.50	404	WP_000214119.1	chloramphenicol/florfenicol efflux MFS transporter FloR	NF000219.1	chloramphenicol/florfenicol efflux MFS transporter FloR
fbd431c21014d3b2944b378e2f3a4600	aph(6)-Ic	aminoglycoside O-phosphotransferase APH(6)-Ic	core	AMR	AMR	AMINOGLYCOSIDE	STREPTOMYCIN	PARTIALP	258	280	66.07	99.46	185	WP_000116906.1	aminoglycoside O-phosphotransferase APH(6)-Ic	NA	NA
fc81a61cb5c57f76c151e80522377b6a	bla	class A beta-lactamase	core	AMR	AMR	BETA-LACTAM	BETA-LACTAM	HMM	298	297	100.00	67.34	297	WP_068885073.1	class A beta-lactamase	NF033103.1	class A beta-lactamase
fe0b7d540e862843dfd9e2afd0015932	catA	type A-8 chloramphenicol O-acetyltransferase	core	AMR	AMR	PHENICOL	CHLORAMPHENICOL	BLASTP	215	215	100.00	97.21	215	WP_002352254.1	type A-8 chloramphenicol O-acetyltransferase	NF000491.1	type A chloramphenicol O-acetyltransferase
027be880f047864fdb1470fe34c584dd	vanY-B	D-Ala-D-Ala carboxypeptidase VanY-B	core	AMR	AMR	GLYCOPEPTIDE	VANCOMYCIN	EXACTP	268	268	100.00	100.00	268	WP_002416070.1	D-Ala-D-Ala carboxypeptidase VanY-B	NF000473.1	VanY-B/VanY-G family D-Ala-D-Ala carboxypeptidase
04fb8a9bc28946ff7fc0fccf238b9361	erm	23S ribosomal RNA methyltransferase Erm	core	AMR	AMR	MACROLIDE	MACROLIDE	HMM	289	301	94.68	48.42	285	WP_052259183.1	23S ribosomal RNA methyltransferase Erm	NF000499.2	23S ribosomal RNA methyltransferase Erm
051b499318b25935ee93e4363f590fe7	catB3	type B-3 chloramphenicol O-acetyltransferase CatB3	core	AMR	AMR	PHENICOL	CHLORAMPHENICOL	BLASTP	210	210	100.00	98.57	210	WP_000186237.1	type B-3 chloramphenicol O-acetyltransferase CatB3	NF000490.1	type B chloramphenicol O-acetyltransferase
0714c062dae7f64c3dfffa9a53b39fba	optrA	ABC-F type ribosomal protection protein OptrA	core	AMR	AMR	OXAZOLIDINONE/PHENICOL	FLORFENICOL/OXAZOLIDINONE	BLASTP	640	655	97.10	98.58	636	WP_063854496.1	ABC-F type ribosomal protection protein OptrA	NF000514.1	ABC-F type ribosomal protection protein OptrA
0da74da9cb6a2abfe3d4a96312477609	vanS	vancomycin resistance histidine kinase VanS	core	AMR	AMR	GLYCOPEPTIDE	VANCOMYCIN	HMM	384	386	99.48	89.32	384	WP_063856741.1	vancomycin resistance histidine kinase VanS	NF033091.0	vancomycin resistance histidine kinase VanS
11e13066dfa8605f9004b01d3dc2bc1b	qnrE1	quinolone resistance pentapeptide repeat protein QnrE1	core	AMR	AMR	QUINOLONE	QUINOLONE	ALLELEP	214	214	100.00	100.00	214	WP_061586512.1	quinolone resistance pentapeptide repeat protein QnrE1	NF033375.2	QnrE family quinolone resistance pentapeptide repeat protein
190a4c48ddd47d4bec9652ca6511e9ac	blaSFO-1	extended-spectrum class A beta-lactamase SFO-1	core	AMR	AMR	BETA-LACTAM	CEPHALOSPORIN	ALLELEP	295	295	100.00	100.00	295	WP_032489477.1	extended-spectrum class A beta-lactamase SFO-1	NF000323.2	FONA family class A beta-lactamase
2046be448ea78bfa1a242c68cbbef22a	tet(M)	tetracycline resistance ribosomal protection protein Tet(M)	core	AMR	AMR	TETRACYCLINE	TETRACYCLINE	BLASTP	641	639	100.00	99.38	641	WP_000691736.1	tetracycline resistance ribosomal protection protein Tet(M)	NF012155.1	tetracycline resistance ribosomal protection protein Tet(M)
217ba4f1b8c428b8f75095a6a15689c9	blaTEM-52	extended-spectrum class A beta-lactamase TEM-52	core	AMR	AMR	BETA-LACTAM	CEPHALOSPORIN	ALLELEP	286	286	100.00	100.00	286	WP_015058977.1	extended-spectrum class A beta-lactamase TEM-52	NF000531.2	TEM family class A beta-lactamase
238b0548e0bc2005fabf2d8fb81c6d00	aac(6')-IIa	aminoglycoside N-acetyltransferase AAC(6')-IIa	core	AMR	AMR	AMINOGLYCOSIDE	GENTAMICIN/KANAMYCIN/TOBRAMYCIN	BLASTP	172	184	93.48	100.00	172	WP_023622803.1	aminoglycoside N-acetyltransferase AAC(6')-IIa	NF012165.0	aminoglycoside 6'-N-acetyltransferase
25b5f2ea8ee03e11f8f5d528f9368287	vanS-B	vancomycin resistance histidine kinase VanS-B	core	AMR	AMR	GLYCOPEPTIDE	VANCOMYCIN	EXACTP	447	447	100.00	100.00	447	WP_012579101.1	vancomycin resistance histidine kinase VanS-B	NF033090.1	vancomycin resistance histidine kinase VanS-B
26f0bc3ea541e8498b3730180b218c43	erm(A)	23S rRNA (adenine(2058)-N(6))-methyltransferase Erm(A)	core	AMR	AMR	LINCOSAMIDE/MACROLIDE	AZITHROMYCIN/CLARITHROMYCIN/CLINDAMYCIN/ERYTHROMYCIN/TELITHROMYCIN	HMM	243	243	99.59	85.54	242	WP_001072201.1	23S rRNA (adenine(2058)-N(6))-methyltransferase Erm(A)	NF012222.1	23S rRNA (adenine(2058)-N(6))-methyltransferase Erm(A)
2d0c74a78d24772a034ff143148e942a	vanY-A	D-Ala-D-Ala carboxypeptidase VanY-A	core	AMR	AMR	GLYCOPEPTIDE	VANCOMYCIN	BLASTP	303	303	100.00	99.67	303	WP_001812592.1	D-Ala-D-Ala carboxypeptidase VanY-A	NF000472.1	VanY-A/VanY-F/VanY-M family D-Ala-D-Ala carboxypeptidase
2f874eecd332ccb33a1e136ceba979f2	blaOXA-48	OXA-48 family carbapenem-hydrolyzing class D beta-lactamase OXA-48	core	AMR	AMR	BETA-LACTAM	CARBAPENEM	ALLELEP	265	265	100.00	100.00	265	WP_015059991.1	OXA-48 family carbapenem-hydrolyzing class D beta-lactamase OXA-48	NF000387.2	OXA-48 family class D beta-lactamase
36bca99b9e5a54b2d17b0e2fa19eb7c9	ampC	class C beta-lactamase	core	AMR	AMR	BETA-LACTAM	BETA-LACTAM	HMM	396	396	95.96	62.37	380	WP_128268282.1	class C beta-lactamase	NF033085.1	class C beta-lactamase
38677d867e6c2097146609a82d602ff9	msr(D)	ABC-F type ribosomal protection protein Msr(D)	core	AMR	AMR	MACROLIDE/STREPTOGRAMIN	AZITHROMYCIN/ERYTHROMYCIN/STREPTOGRAMIN B	BLASTP	487	487	99.59	91.13	485	WP_000420313.1	ABC-F type ribosomal protection protein Msr(D)	NF000168.2	Msr family ABC-F type ribosomal protection protein
3a6ab1ef77b348233326beed056a1708	dfrA21	trimethoprim-resistant dihydrofolate reductase DfrA21	core	AMR	AMR	TRIMETHOPRIM	TRIMETHOPRIM	EXACTP	165	165	100.00	100.00	165	WP_004187529.1	trimethoprim-resistant dihydrofolate reductase DfrA21	NF000055.3	DfrA12/DfrA21 family trimethoprim-resistant dihydrofolate reductase
43891036adf2959ba8ff1253a0e9aa67	bla	class A beta-lactamase	core	AMR	AMR	BETA-LACTAM	BETA-LACTAM	HMM	308	325	97.54	45.11	317	WP_030892446.1	class A beta-lactamase	NF033103.1	class A beta-lactamase
456e3d91bea853b40bdf0728d51211e9	blaGES-4	inhibitor-resistant carbapenem-hydrolyzing class A beta-lactamase GES-4	core	AMR	AMR	BETA-LACTAM	CARBAPENEM	ALLELEP	287	287	100.00	100.00	287	WP_063860518.1	inhibitor-resistant carbapenem-hydrolyzing class A beta-lactamase GES-4	NF012103.0	GES family class A beta-lactamase
4dda3de5f545284f0c2793944171b4d4	qnrB17	quinolone resistance pentapeptide repeat protein QnrB17	core	AMR	AMR	QUINOLONE	QUINOLONE	ALLELEP	214	214	100.00	100.00	214	WP_048216435.1	quinolone resistance pentapeptide repeat protein QnrB17	NF000420.1	QnrB family quinolone resistance pentapeptide repeat protein
4f3384a01dc2de0f8cfca98a00c4b8ec	dfrA15	trimethoprim-resistant dihydrofolate reductase DfrA15	core	AMR	AMR	TRIMETHOPRIM	TRIMETHOPRIM	EXACTP	157	157	100.00	100.00	157	WP_001830196.1	trimethoprim-resistant dihydrofolate reductase DfrA15	NF000330.1	trimethoprim-resistant dihydrofolate reductase DfrA
515a2b562a5cefde5d471280a1fe00d7	blaCTX-M-27	extended-spectrum class A beta-lactamase CTX-M-27	core	AMR	AMR	BETA-LACTAM	CEPHALOSPORIN	ALLELEP	291	291	100.00	100.00	291	WP_032277257.1	extended-spectrum class A beta-lactamase CTX-M-27	NF033089.1	CTX-M family extended-spectrum class A beta-lactamase
51dbaf4af1d5cbb75cdb1aa062abdc7d	bla	class A beta-lactamase	core	AMR	AMR	BETA-LACTAM	BETA-LACTAM	HMM	293	295	99.66	62.24	294	WP_010108817.1	class A beta-lactamase	NF033103.1	class A beta-lactamase
52a7978517785cefd5d7abd6a4449737	aac(6')-Ib	AAC(6')-Ib family aminoglycoside 6'-N-acetyltransferase	core	AMR	AMR	AMINOGLYCOSIDE	AMIKACIN/GENTAMICIN/KANAMYCIN/TOBRAMYCIN	EXACTP	184	184	100.00	100.00	184	WP_065187201.1	AAC(6')-Ib family aminoglycoside 6'-N-acetyltransferase	NF033074.0	AAC(6')-Ib family aminoglycoside 6'-N-acetyltransferase
54a9b876e4dc44a5bf11201ae837b8ec	optrA	ABC-F type ribosomal protection protein OptrA	core	AMR	AMR	OXAZOLIDINONE/PHENICOL	FLORFENICOL/OXAZOLIDINONE	BLASTP	655	655	100.00	99.69	655	WP_063854496.1	ABC-F type ribosomal protection protein OptrA	NF000514.1	ABC-F type ribosomal protection protein OptrA
599ab99e19280fb02b08c7ff883e0181	cfr(C)	23S rRNA (adenine(2503)-C(8))-methyltransferase Cfr(C)	core	AMR	AMR	LINCOSAMIDE/OXAZOLIDINONE/PHENICOL/PLEUROMUTILIN/STREPTOGRAMIN	CHLORAMPHENICOL/CLINDAMYCIN/FLORFENICOL/LINEZOLID/STREPTOGRAMIN/TIAMULIN	BLASTP	379	379	100.00	99.47	379	WP_111690898.1	23S rRNA (adenine(2503)-C(8))-methyltransferase Cfr(C)	NF000424.4	Cfr family 23S rRNA (adenine(2503)-C(8))-methyltransferase
5a0aa9c3aadf1cc8ef04e5232ad3fde9	blaOXA	OXA-9 family oxacillin-hydrolyzing class D beta-lactamase	core	AMR	AMR	BETA-LACTAM	BETA-LACTAM	BLASTP	288	274	99.64	99.63	273	WP_000722315.1	oxacillin-hydrolyzing class D beta-lactamase OXA-9	NF040532.1	OXA-9 family oxacillin-hydrolyzing class D beta-lactamase
5b369e3d6fb74b1c942400f11646d495	aph(3')-IIIa	aminoglycoside O-phosphotransferase APH(3')-IIIa	core	AMR	AMR	AMINOGLYCOSIDE	AMIKACIN/KANAMYCIN	BLASTP	264	264	100.00	99.62	264	WP_001096887.1	aminoglycoside O-phosphotransferase APH(3')-IIIa	NF033064.0	aminoglycoside O-phosphotransferase APH(3')-IIIa
5cb4b73d941d14a94f28fc651cea8e16	aac(6')	aminoglycoside 6'-N-acetyltransferase	core	AMR	AMR	AMINOGLYCOSIDE	AMINOGLYCOSIDE	HMM	147	144	100.00	53.74	147	WP_058699631.1	aminoglycoside 6'-N-acetyltransferase	NF043067.1	aminoglycoside 6'-N-acetyltransferase
5cea198641560a1e917062520159ea0c	floR	chloramphenicol/florfenicol efflux MFS transporter FloR	core	AMR	AMR	PHENICOL	CHLORAMPHENICOL/FLORFENICOL	EXACTP	404	404	100.00	100.00	404	WP_014386424.1	chloramphenicol/florfenicol efflux MFS transporter FloR	NF000219.1	chloramphenicol/florfenicol efflux MFS transporter FloR
609f336dd514da4f1bd5837c657086d9	mph(A)	Mph(A) family macrolide 2'-phosphotransferase	core	AMR	AMR	MACROLIDE	AZITHROMYCIN/ERYTHROMYCIN/SPIRAMYCIN/TELITHROMYCIN	BLASTP	304	301	100.00	100.00	301	WP_000219391.1	Mph(A) family macrolide 2'-phosphotransferase	NF000254.1	Mph(A) family macrolide 2'-phosphotransferase
65c94851416f9f254c90e784abc427d6	vanS-A	vancomycin resistance histidine kinase VanS-A	core	AMR	AMR	GLYCOPEPTIDE	VANCOMYCIN	BLASTP	384	384	100.00	99.22	384	WP_002305818.1	vancomycin resistance histidine kinase VanS-A	NF033091.0	vancomycin resistance histidine kinase VanS
66b9a0b2291713734738e985a404eed7	aac(6')-Ib	AAC(6')-Ib family aminoglycoside 6'-N-acetyltransferase	core	AMR	AMR	AMINOGLYCOSIDE	AMIKACIN/KANAMYCIN/TOBRAMYCIN	EXACTP	184	184	100.00	100.00	184	WP_064765190.1	AAC(6')-Ib family aminoglycoside 6'-N-acetyltransferase	NF033074.0	AAC(6')-Ib family aminoglycoside 6'-N-acetyltransferase
67da332e07f3c3bb5166b32bc1ff8090	tet(O)	tetracycline resistance ribosomal protection protein Tet(O)	core	AMR	AMR	TETRACYCLINE	TETRACYCLINE	BLASTP	639	639	100.00	99.53	639	WP_002779752.1	tetracycline resistance ribosomal protection protein Tet(O)	NF033148.1	TetM/TetW/TetO/TetS family tetracycline resistance ribosomal protection protein
69dbe273a597936c9c113ee076378559	blaIMP-45	subclass B1 metallo-beta-lactamase IMP-45	core	AMR	AMR	BETA-LACTAM	CARBAPENEM	ALLELEP	245	245	100.00	100.00	245	WP_063860608.1	subclass B1 metallo-beta-lactamase IMP-45	NF012147.1	IMP family subclass B1 metallo-beta-lactamase
6d1f2b0b6e7f3cb23dd9039d5f4374f8	tet(A)	tetracycline efflux MFS transporter Tet(A)	core	AMR	AMR	TETRACYCLINE	TETRACYCLINE	BLASTP	399	399	100.00	99.75	399	WP_000804064.1	tetracycline efflux MFS transporter Tet(A)	NF012193.0	tetracycline efflux MFS transporter Tet(A)
73dfc4c5d1c0c908ca1d8eb9cce749b5	aac(6')-29	aminoglycoside 6'-N-acetyltransferase AAC(6')-29	core	AMR	AMR	AMINOGLYCOSIDE	AMINOGLYCOSIDE	BLASTP	127	135	94.07	99.21	127	WP_039110076.1	aminoglycoside 6'-N-acetyltransferase AAC(6')-29	NF000050.2	aminoglycoside 6'-N-acetyltransferase AAC(6')-29
7a495bb590a3db412a679637253c3e4d	tet	Tet(L)/Tet(K)/Tet(45) family tetracycline efflux MFS transporter	core	AMR	AMR	TETRACYCLINE	TETRACYCLINE	HMM	458	458	100.00	91.92	458	WP_063855885.1	Tet(L)/Tet(K)/Tet(45) family tetracycline efflux MFS transporter	NF012175.1	Tet(L)/Tet(K)/Tet(45) family tetracycline efflux MFS transporter
7ed4c0bbad95921170affcf435c8ed1d	blaVEB	VEB family extended-spectrum class A beta-lactamase	core	AMR	AMR	BETA-LACTAM	CEPHALOSPORIN	BLASTP	299	299	100.00	99.67	299	WP_020956917.1	extended-spectrum class A beta-lactamase VEB-3	NF000390.2	VEB family extended-spectrum class A beta-lactamase
8108cacad9cb7559740493ffcf867268	blaNDM-29	subclass B1 metallo-beta-lactamase NDM-29	core	AMR	AMR	BETA-LACTAM	CARBAPENEM	ALLELEP	270	270	100.00	100.00	270	WP_156404656.1	subclass B1 metallo-beta-lactamase NDM-29	NF000259.2	NDM family subclass B1 metallo-beta-lactamase
85a7b668978b68eddbe246e2f8e2f18c	blaTEM	TEM family class A beta-lactamase	core	AMR	AMR	BETA-LACTAM	BETA-LACTAM	BLASTP	291	286	100.00	94.85	291	WP_063864902.1	class A beta-lactamase TEM-214	NF000531.2	TEM family class A beta-lactamase
8a2141083f737c3bda53daf0188cddf8	aadA1	ANT(3'')-Ia family aminoglycoside nucleotidyltransferase AadA1	core	AMR	AMR	AMINOGLYCOSIDE	STREPTOMYCIN	BLASTP	263	263	100.00	99.24	263	WP_001206316.1	ANT(3'')-Ia family aminoglycoside nucleotidyltransferase AadA1	NF033126.1	ANT(3'')-Ia family aminoglycoside nucleotidyltransferase AadA1
8aa2af716e2fec841f19e728501810ec	bla	class A beta-lactamase	core	AMR	AMR	BETA-LACTAM	BETA-LACTAM	HMM	296	302	98.01	52.82	301	WP_158386862.1	class A beta-lactamase	NF033103.1	class A beta-lactamase
8b6a63133843f6ed66b5acbf4db6b32c	blaKPC-4	carbapenem-hydrolyzing class A beta-lactamase KPC-4	core	AMR	AMR	BETA-LACTAM	CARBAPENEM	ALLELEP	293	293	100.00	100.00	293	WP_015062847.1	carbapenem-hydrolyzing class A beta-lactamase KPC-4	NF012141.1	KPC family carbapenem-hydrolyzing class A beta-lactamase
95e3ce8260b7c4d35b8952f67ed4dbc0	ampC	class C beta-lactamase	core	AMR	AMR	BETA-LACTAM	BETA-LACTAM	HMM	360	390	90.00	61.54	351	WP_063860894.1	class C beta-lactamase	NF033085.1	class C beta-lactamase
978a2a3b6d41511813a61aadcf2ad23e	ampC	class C beta-lactamase	core	AMR	AMR	BETA-LACTAM	BETA-LACTAM	HMM	391	390	98.72	53.63	386	WP_063860889.1	class C beta-lactamase	NF033085.1	class C beta-lactamase
9b5ec664b614d595c85e0cd92e80ab29	blaPSZ	PSZ family class C beta-lactamase	core	AMR	AMR	BETA-LACTAM	BETA-LACTAM	BLASTP	377	379	99.47	96.82	377	WP_290468365.1	class C beta-lactamase PSZ-1	NF041665.1	PSZ family class C beta-lactamase
9e1aaf83585f4aa363edbe3eb1848954	aph(2'')-IIa	aminoglycoside O-phosphotransferase APH(2'')-IIa	core	AMR	AMR	AMINOGLYCOSIDE	AMIKACIN/GENTAMICIN/KANAMYCIN/TOBRAMYCIN	BLASTP	299	299	100.00	99.33	299	WP_063840674.1	aminoglycoside O-phosphotransferase APH(2'')-IIa	NF000015.3	aminoglycoside O-phosphotransferase APH(2'')-IIa
9f32bf885e1b74643f2b5b1e2e482282	aph(3'')-Ib	aminoglycoside O-phosphotransferase APH(3'')-Ib	core	AMR	AMR	AMINOGLYCOSIDE	STREPTOMYCIN	EXACTP	267	267	100.00	100.00	267	WP_010794532.1	aminoglycoside O-phosphotransferase APH(3'')-Ib	NF032895.1	aminoglycoside O-phosphotransferase APH(3'')-Ib
a4faef998f2a00b7bad0289b7b8ca249	catA1	type A-1 chloramphenicol O-acetyltransferase	core	AMR	AMR	PHENICOL	CHLORAMPHENICOL	EXACTP	219	219	100.00	100.00	219	WP_011152976.1	type A-1 chloramphenicol O-acetyltransferase	NF000491.1	type A chloramphenicol O-acetyltransferase
aa605ee167a7a215e3338c41a7f111a9	vanR-B	vancomycin resistance response regulator transcription factor VanR-B	core	AMR	AMR	GLYCOPEPTIDE	VANCOMYCIN	BLASTP	219	219	100.00	99.54	219	WP_002317273.1	vancomycin resistance response regulator transcription factor VanR-B	NF000402.1	vancomycin resistance response regulator transcription factor VanR-B
ab077acac539ac08c85cd645a3178534	ant(6)	aminoglycoside 6-nucleotidyltransferase	core	AMR	AMR	AMINOGLYCOSIDE	STREPTOMYCIN	HMM	284	286	96.85	63.90	277	WP_087343787.1	aminoglycoside 6-nucleotidyltransferase	NF033084.2	aminoglycoside 6-nucleotidyltransferase
ae4d7a0866db2e6680f26bc81c3e6023	blaTEM-57	broad-spectrum class A beta-lactamase TEM-57	core	AMR	AMR	BETA-LACTAM	BETA-LACTAM	ALLELEP	286	286	100.00	100.00	286	WP_032492330.1	broad-spectrum class A beta-lactamase TEM-57	NF000531.2	TEM family class A beta-lactamase
af991c1a135ac3091fcc4afc07903a02	aadA5	ANT(3'')-Ia family aminoglycoside nucleotidyltransferase AadA5	core	AMR	AMR	AMINOGLYCOSIDE	STREPTOMYCIN	EXACTP	262	262	100.00	100.00	262	WP_000503573.1	ANT(3'')-Ia family aminoglycoside nucleotidyltransferase AadA5	NF012157.0	ANT(3'')-I family aminoglycoside nucleotidyltransferase
b11e7f383ea3270daa836fa5c61fe25c	blaCTX-M-199	inhibitor-resistant extended-spectrum class A beta-lactamase CTX-M-199	core	AMR	AMR	BETA-LACTAM	CEPHALOSPORIN	ALLELEP	291	291	100.00	100.00	291	WP_087587947.1	inhibitor-resistant extended-spectrum class A beta-lactamase CTX-M-199	NF033089.1	CTX-M family extended-spectrum class A beta-lactamase
b56f44b9b0f8128a8c86e086a40c7d10	aac(3)-VIa	aminoglycoside N-acetyltransferase AAC(3)-VIa	core	AMR	AMR	AMINOGLYCOSIDE	GENTAMICIN	BLASTP	295	299	100.00	98.66	299	WP_000131886.1	aminoglycoside N-acetyltransferase AAC(3)-VIa	NF033612.0	aminoglycoside N-acetyltransferase AAC(3)-VIa
b6bc9248cf107183e3cda74abff370db	arr	NAD(+)--rifampin ADP-ribosyltransferase	core	AMR	AMR	RIFAMYCIN	RIFAMYCIN	HMM	134	137	89.78	70.73	123	WP_012695486.1	NAD(+)--rifampin ADP-ribosyltransferase	NF033144.1	NAD(+)--rifampin ADP-ribosyltransferase
b9274bf4772ec1d469ecaf6953f38fa4	vanH-B	D-lactate dehydrogenase VanH-B	core	AMR	AMR	GLYCOPEPTIDE	VANCOMYCIN	EXACTP	323	323	100.00	100.00	323	WP_002317268.1	D-lactate dehydrogenase VanH-B	NF000492.1	D-lactate dehydrogenase VanH
b95080c4e2120338e562752e6b8e720e	bla	class A beta-lactamase	core	AMR	AMR	BETA-LACTAM	BETA-LACTAM	HMM	261	345	74.20	39.08	261	WP_063842277.1	class A beta-lactamase	NF033103.1	class A beta-lactamase
c30cb78ebae657e880bb5144dc377e3b	aadA4	ANT(3'')-Ia family aminoglycoside nucleotidyltransferase AadA4	core	AMR	AMR	AMINOGLYCOSIDE	STREPTOMYCIN	EXACTP	262	262	100.00	100.00	262	WP_004356282.1	ANT(3'')-Ia family aminoglycoside nucleotidyltransferase AadA4	NF012157.0	ANT(3'')-I family aminoglycoside nucleotidyltransferase
c5f75e9f9c6b3f712f4d9317f930b039	ere(B)	EreB family erythromycin esterase	core	AMR	AMR	MACROLIDE	AZITHROMYCIN/ERYTHROMYCIN	HMM	419	419	100.00	86.16	419	WP_032488343.1	EreB family erythromycin esterase	NF000209.1	EreB family erythromycin esterase
c5fb6c393f40e03d87c49f36291cd826	dfrE	trimethoprim-resistant dihydrofolate reductase DfrE	core	AMR	AMR	TRIMETHOPRIM	TRIMETHOPRIM	EXACTP	164	164	100.00	100.00	164	WP_012655890.1	trimethoprim-resistant dihydrofolate reductase DfrE	NF040541.1	trimethoprim-resistant dihydrofolate reductase DfrE
c610f2458d207761121c1a2b41ce0829	blaOXA-129	OXA-5 family class D beta-lactamase OXA-129	core	AMR	AMR	BETA-LACTAM	BETA-LACTAM	ALLELEP	267	267	100.00	100.00	267	WP_032492122.1	OXA-5 family class D beta-lactamase OXA-129	NF040527.2	OXA-5 family class D beta-lactamase
c6d2e506a62288cde00934413d4e5805	fosB	FosB family fosfomycin resistance bacillithiol transferase	core	AMR	AMR	FOSFOMYCIN	FOSFOMYCIN	BLASTP	138	138	100.00	92.75	138	WP_063851229.1	FosB family fosfomycin resistance bacillithiol transferase	NF000098.1	FosB family fosfomycin resistance bacillithiol transferase
cadf7fbd552c26047ed29b9e4ef4f63f	blaOXA-1203	OXA-10 family class D beta-lactamase OXA-1203	core	AMR	AMR	BETA-LACTAM	BETA-LACTAM	ALLELEP	266	266	100.00	100.00	266	WP_281441144.1	OXA-10 family class D beta-lactamase OXA-1203	NF000386.2	OXA-10 family class D beta-lactamase
caf1df8ff886050a3877560dedc84a9a	vanX-B	D-Ala-D-Ala dipeptidase VanX-B	core	AMR	AMR	GLYCOPEPTIDE	VANCOMYCIN	EXACTP	202	202	100.00	100.00	202	WP_012579102.1	D-Ala-D-Ala dipeptidase VanX-B	NF033115.1	D-Ala-D-Ala dipeptidase VanX
cf134358894cb3a9a6b2cc91afb2692e	vanR-A	vancomycin resistance response regulator transcription factor VanR-A	core	AMR	AMR	GLYCOPEPTIDE	VANCOMYCIN	BLASTP	231	231	100.00	93.07	231	WP_063856721.1	vancomycin resistance response regulator transcription factor VanR-A	NF000401.1	vancomycin resistance response regulator transcription factor VanR-A
d10ffd9505dd45c5a44ea2d822b07e76	vanW-B	glycopeptide resistance accessory protein VanW-B	core	AMR	AMR	GLYCOPEPTIDE	VANCOMYCIN	EXACTP	275	275	100.00	100.00	275	WP_010815683.1	glycopeptide resistance accessory protein VanW-B	NF033122.1	glycopeptide resistance accessory protein VanW-B
d1d74fafbd405dd4af8fa5270449713d	bla	class A beta-lactamase	core	AMR	AMR	BETA-LACTAM	BETA-LACTAM	HMM	287	288	96.88	52.84	282	WP_002153223.1	class A beta-lactamase	NF033103.1	class A beta-lactamase
d2ad3036376a11c8e152279b4fee5553	erm(42)	23S rRNA (adenine(2058)-N(6))-methyltransferase Erm(42)	core	AMR	AMR	LINCOSAMIDE/MACROLIDE	CLINDAMYCIN/ERYTHROMYCIN	EXACTP	301	301	100.00	100.00	301	WP_052259183.1	23S rRNA (adenine(2058)-N(6))-methyltransferase Erm(42)	NF000077.1	23S rRNA (adenine(2058)-N(6))-methyltransferase Erm(42)
d72b7b8d073522a1be8c2044cfdb1970	tet(A)	tetracycline efflux MFS transporter Tet(A)	core	AMR	AMR	TETRACYCLINE	TETRACYCLINE	BLASTP	399	399	100.00	99.75	399	WP_000804064.1	tetracycline efflux MFS transporter Tet(A)	NF012193.0	tetracycline efflux MFS transporter Tet(A)
d7b739fd3e373badac152ce563b90bc5	qnrB	QnrB family quinolone resistance pentapeptide repeat protein	core	AMR	AMR	QUINOLONE	QUINOLONE	BLASTP	214	214	100.00	94.39	214	WP_213133914.1	quinolone resistance pentapeptide repeat protein QnrB89	NF000420.1	QnrB family quinolone resistance pentapeptide repeat protein
d83e72a9f2561ff9e395e047f47ebdaf	blaOXA	class D beta-lactamase	core	AMR	AMR	BETA-LACTAM	BETA-LACTAM	HMM	273	269	98.14	59.09	264	WP_063862802.1	class D beta-lactamase	NF000270.1	class D beta-lactamase
dc1f60e96751541a81c4d8b97e599f48	dfrA14	trimethoprim-resistant dihydrofolate reductase DfrA14	core	AMR	AMR	TRIMETHOPRIM	TRIMETHOPRIM	EXACTP	157	157	100.00	100.00	157	WP_021529707.1	trimethoprim-resistant dihydrofolate reductase DfrA14	NF000330.1	trimethoprim-resistant dihydrofolate reductase DfrA
e134c23afde16d9d8ba19d52b473c532	blaOXA-72	OXA-24 family carbapenem-hydrolyzing class D beta-lactamase OXA-72	core	AMR	AMR	BETA-LACTAM	CARBAPENEM	ALLELEP	275	275	100.00	100.00	275	WP_000713530.1	OXA-24 family carbapenem-hydrolyzing class D beta-lactamase OXA-72	NF000434.2	OXA-24 family carbapenem-hydrolyzing class D beta-lactamase
e3e6be0856de2e6a30624d22004a75eb	blaCMY-8	CMY-1/MOX family extended-spectrum class C beta-lactamase CMY-8	core	AMR	AMR	BETA-LACTAM	CEPHALOSPORIN	ALLELEP	382	382	100.00	100.00	382	WP_012477380.1	CMY-1/MOX family extended-spectrum class C beta-lactamase CMY-8	NF000239.3	CMY-1/MOX family class C beta-lactamase
ed467c839e890301fa485bfe9f4f1635	blaIII	class A beta-lactamase BlaIII	core	AMR	AMR	BETA-LACTAM	BETA-LACTAM	BLASTP	316	316	100.00	97.47	316	WP_000497840.1	class A beta-lactamase BlaIII	NF041270.1	class A beta-lactamase BlaIII
f7038476a5863fe4c6fff32e6f0654fc	aac(3)-I	AAC(3)-I family aminoglycoside 3-N-acetyltransferase	core	AMR	AMR	AMINOGLYCOSIDE	GENTAMICIN	HMM	143	158	90.51	86.01	143	WP_038404949.1	AAC(3)-I family aminoglycoside 3-N-acetyltransferase	NF033083.0	AAC(3)-I family aminoglycoside 3-N-acetyltransferase
f9529f9344ccbcf2a7c3841d0f8666c7	vanB	D-alanine--(R)-lactate ligase VanB	core	AMR	AMR	GLYCOPEPTIDE	VANCOMYCIN	EXACTP	342	342	100.00	100.00	342	WP_002593938.1	D-alanine--(R)-lactate ligase VanB	NF012216.1	D-alanine--(R)-lactate ligase VanB
fac6cbb3ef97c78eadae1ad3a36f8074	aph(2'')-Ia	bifunctional aminoglycoside N-acetyltransferase AAC(6')-Ie/aminoglycoside O-phosphotransferase APH(2'')-Ia	core	AMR	AMR	AMINOGLYCOSIDE	AMIKACIN/GENTAMICIN/KANAMYCIN/TOBRAMYCIN	BLASTP	466	479	100.00	97.29	479	WP_001028144.1	bifunctional aminoglycoside N-acetyltransferase AAC(6')-Ie/aminoglycoside O-phosphotransferase APH(2'')-Ia	NF000508.1	aminoglycoside O-phosphotransferase APH(2'')-Ia
fb887cdf9917640b8ecd50446239badb	aph(3')-XV	aminoglycoside O-phosphotransferase APH(3')-XV	core	AMR	AMR	AMINOGLYCOSIDE	AMIKACIN/KANAMYCIN	EXACTP	264	264	100.00	100.00	264	WP_019407932.1	aminoglycoside O-phosphotransferase APH(3')-XV	NF033063.0	aminoglycoside O-phosphotransferase APH(3')-XV
fc912fe2be85ccc981d0384ccc4dbfcf	dfrA17	trimethoprim-resistant dihydrofolate reductase DfrA17	core	AMR	AMR	TRIMETHOPRIM	TRIMETHOPRIM	EXACTP	157	157	100.00	100.00	157	WP_001389366.1	trimethoprim-resistant dihydrofolate reductase DfrA17	NF000330.1	trimethoprim-resistant dihydrofolate reductase DfrA
016034724bcca83b99191e7df8c605a1	tet(K)	tetracycline efflux MFS transporter Tet(K)	core	AMR	AMR	TETRACYCLINE	TETRACYCLINE	EXACTP	459	459	100.00	100.00	459	WP_000492283.1	tetracycline efflux MFS transporter Tet(K)	NF012183.0	tetracycline efflux MFS transporter Tet(K)
07c0adc294be9710c3af75c0676c891d	blaOXA-935	OXA-10 family extended-spectrum class D beta-lactamase OXA-935	core	AMR	AMR	BETA-LACTAM	CEPHALOSPORIN	ALLELEP	266	266	100.00	100.00	266	WP_141989064.1	OXA-10 family extended-spectrum class D beta-lactamase OXA-935	NF000386.2	OXA-10 family class D beta-lactamase
0930437772e20fbb0028bae1fc50e336	ant(3'')	ANT(3'')-I family aminoglycoside nucleotidyltransferase	core	AMR	AMR	AMINOGLYCOSIDE	SPECTINOMYCIN/STREPTOMYCIN	HMM	254	263	100.00	96.58	263	WP_001206316.1	ANT(3'')-I family aminoglycoside nucleotidyltransferase	NF012157.0	ANT(3'')-I family aminoglycoside nucleotidyltransferase
0b6c23d828374cc38eb139d1b53fd35d	catB8	type B-3 chloramphenicol O-acetyltransferase CatB8	core	AMR	AMR	PHENICOL	CHLORAMPHENICOL	EXACTP	210	210	100.00	100.00	210	WP_002075262.1	type B-3 chloramphenicol O-acetyltransferase CatB8	NF000490.1	type B chloramphenicol O-acetyltransferase
19ea886e3ca7055cba44fd76781b8f33	mupA	mupirocin-resistant isoleucine--tRNA ligase MupA	core	AMR	AMR	MUPIROCIN	MUPIROCIN	EXACTP	1024	1024	100.00	100.00	1024	WP_000163435.1	mupirocin-resistant isoleucine--tRNA ligase MupA	NF000257.1	mupirocin-resistant isoleucine--tRNA ligase MupA
1b11431f226ad209b38d16c851812890	fos	fosfomycin resistance glutathione transferase	core	AMR	AMR	FOSFOMYCIN	FOSFOMYCIN	HMM	132	132	100.00	57.58	132	WP_032492605.1	fosfomycin resistance glutathione transferase	NF000496.1	fosfomycin resistance glutathione transferase
1c156c49eddfafc33374d9c8f78aed17	blaGES-6	inhibitor-resistant carbapenem-hydrolyzing class A beta-lactamase GES-6	core	AMR	AMR	BETA-LACTAM	CARBAPENEM	ALLELEP	287	287	100.00	100.00	287	WP_032490973.1	inhibitor-resistant carbapenem-hydrolyzing class A beta-lactamase GES-6	NF012103.0	GES family class A beta-lactamase
29f92a40037a0c0c8655b33b6a49e2e5	blaR1	beta-lactam sensor/signal transducer BlaR1	core	AMR	AMR	BETA-LACTAM	BETA-LACTAM	BLASTP	585	585	100.00	98.63	585	WP_001096386.1	beta-lactam sensor/signal transducer BlaR1	NF033108.1	beta-lactam sensor/signal transducer BlaR1
2bdbbecca9e0cbf2b37de31cbc3e3172	tmexD	multidrug efflux RND transporter permease subunit TMexD	core	AMR	AMR	TETRACYCLINE	TIGECYCLINE	BLASTP	1044	1044	100.00	99.90	1044	WP_034065037.1	multidrug efflux RND transporter permease subunit TMexD3	NA	NA
36f9e32f188b3b8fbd16c07c66dee8a4	mphM	macrolide 2'-phosphotransferase MphM	core	AMR	AMR	MACROLIDE	MACROLIDE	BLASTP	299	299	99.67	91.61	298	WP_016078774.1	macrolide 2'-phosphotransferase MphM	NF038056.1	macrolide 2'-phosphotransferase MphM
3ba369877fdb977b4ad7810ccc6b839a	blaDHA-7	extended-spectrum class C beta-lactamase DHA-7	core	AMR	AMR	BETA-LACTAM	CEPHALOSPORIN	ALLELEP	379	379	100.00	100.00	379	WP_058648119.1	extended-spectrum class C beta-lactamase DHA-7	NF012102.1	DHA family class C beta-lactamase
474cabff0eaab6fb6f2a21fdd32134fb	dfrB4	trimethoprim-resistant dihydrofolate reductase DfrB4	core	AMR	AMR	TRIMETHOPRIM	TRIMETHOPRIM	EXACTP	78	78	100.00	100.00	78	WP_024167031.1	trimethoprim-resistant dihydrofolate reductase DfrB4	NF000331.2	trimethoprim-resistant dihydrofolate reductase DfrB
4fa1a8d14ec736c791305a4b9149a7f3	msr	Msr family ABC-F type ribosomal protection protein	core	AMR	AMR	MACROLIDE	MACROLIDE	HMM	487	485	99.38	66.19	485	WP_198462967.1	Msr family ABC-F type ribosomal protection protein	NF000168.2	Msr family ABC-F type ribosomal protection protein
5a2c9dda68a52eab4118ad989e8bd5e0	blaR1	beta-lactam sensor/signal transducer BlaR1	core	AMR	AMR	BETA-LACTAM	BETA-LACTAM	BLASTP	585	585	100.00	95.38	585	WP_001096386.1	beta-lactam sensor/signal transducer BlaR1	NF033108.1	beta-lactam sensor/signal transducer BlaR1
5d9bfa7bdcdc5d24ad4232bc0c1829ce	aph(3'')-Ib	aminoglycoside O-phosphotransferase APH(3'')-Ib	core	AMR	AMR	AMINOGLYCOSIDE	STREPTOMYCIN	BLASTP	267	267	100.00	99.63	267	WP_001082319.1	aminoglycoside O-phosphotransferase APH(3'')-Ib	NF032895.1	aminoglycoside O-phosphotransferase APH(3'')-Ib
6176e301a6c9ae5ffcdcc8c3db267b01	dfrA3b	trimethoprim-resistant dihydrofolate reductase DfrA3b	core	AMR	AMR	TRIMETHOPRIM	TRIMETHOPRIM	EXACTP	159	159	100.00	100.00	159	WP_032491313.1	trimethoprim-resistant dihydrofolate reductase DfrA3b	NF000065.1	trimethoprim-resistant dihydrofolate reductase DfrA3b
675407ca8afb20af2b562b7f778d5aec	aadA10	ANT(3'')-Ia family aminoglycoside nucleotidyltransferase AadA10	core	AMR	AMR	AMINOGLYCOSIDE	STREPTOMYCIN	EXACTP	277	277	100.00	100.00	277	WP_025991879.1	ANT(3'')-Ia family aminoglycoside nucleotidyltransferase AadA10	NF012157.0	ANT(3'')-I family aminoglycoside nucleotidyltransferase
6bcbd6d3bf5482d738672703e8d144b3	rox	rifampin monooxygenase	core	AMR	AMR	RIFAMYCIN	RIFAMPIN	HMM	497	476	99.16	80.72	472	WP_015031687.1	rifampin monooxygenase	NF033145.1	rifampin monooxygenase
7106de51159d4037a0fb2d0b191ba97a	aac(3)-IId	aminoglycoside N-acetyltransferase AAC(3)-IId	core	AMR	AMR	AMINOGLYCOSIDE	GENTAMICIN	BLASTP	286	286	100.00	99.65	286	WP_000557454.1	aminoglycoside N-acetyltransferase AAC(3)-IId	NF033080.0	AAC(3)-II family aminoglycoside N-acetyltransferase
73dea7ac1a6e55785e0c8a8180b7136f	fosB3	fosfomycin resistance bacillithiol transferase FosB3	core	AMR	AMR	FOSFOMYCIN	FOSFOMYCIN	ALLELEP	139	139	100.00	100.00	139	WP_016922374.1	fosfomycin resistance bacillithiol transferase FosB3	NF000085.1	FosB1/FosB3 family fosfomycin resistance bacillithiol transferase
794d5256c7b6746846ba105a2e869898	sul1	sulfonamide-resistant dihydropteroate synthase Sul1	core	AMR	AMR	SULFONAMIDE	SULFONAMIDE	BLASTP	279	279	100.00	99.64	279	WP_000259031.1	sulfonamide-resistant dihydropteroate synthase Sul1	NF000294.1	sulfonamide-resistant dihydropteroate synthase Sul1
7b456898eb70b63914c85ef49597f936	tet(31)	tetracycline efflux MFS transporter Tet(31)	core	AMR	AMR	TETRACYCLINE	TETRACYCLINE	BLASTP	403	403	100.00	99.26	403	WP_031204920.1	tetracycline efflux MFS transporter Tet(31)	NF012174.0	Tet(A)/Tet(B)/Tet(C) family tetracycline efflux MFS transporter
7c5bc7718aceac8132baae583fd923c5	tet(A)	tetracycline efflux MFS transporter Tet(A)	core	AMR	AMR	TETRACYCLINE	TETRACYCLINE	EXACTP	399	399	100.00	100.00	399	WP_001973670.1	tetracycline efflux MFS transporter Tet(A)	NF012193.0	tetracycline efflux MFS transporter Tet(A)
814c742d764cab041eb3386bbd92fe93	fexA	chloramphenicol/florfenicol efflux MFS transporter FexA	core	AMR	AMR	PHENICOL	CHLORAMPHENICOL/FLORFENICOL	BLASTP	475	475	100.00	99.37	475	WP_015585966.1	chloramphenicol/florfenicol efflux MFS transporter FexA	NF000218.1	chloramphenicol/florfenicol efflux MFS transporter FexA
816a7876946efdd628f18880ef3d3ca6	tet(A)	tetracycline efflux MFS transporter Tet(A)	core	AMR	AMR	TETRACYCLINE	TETRACYCLINE	BLASTP	399	399	100.00	99.75	399	WP_000804063.1	tetracycline efflux MFS transporter Tet(A)	NF012193.0	tetracycline efflux MFS transporter Tet(A)
8450ee4f871fa65820a4265ef283d13c	blaZ	penicillin-hydrolyzing class A beta-lactamase BlaZ	core	AMR	AMR	BETA-LACTAM	BETA-LACTAM	BLASTP	281	281	100.00	98.22	281	WP_000733274.1	penicillin-hydrolyzing class A beta-lactamase BlaZ	NF033139.1	penicillin-hydrolyzing class A beta-lactamase BlaZ
8545041536b17918fcc3dde7b150070b	bla	class A beta-lactamase	core	AMR	AMR	BETA-LACTAM	BETA-LACTAM	HMM	338	282	100.00	50.00	284	WP_012774820.1	class A beta-lactamase	NF033103.1	class A beta-lactamase
8b5ef555b78503ace05390ad812fb2ee	smr	multidrug efflux SMR transporter Smr	core	STRESS	BIOCIDE	QUATERNARY AMMONIUM	QUATERNARY AMMONIUM	EXACTP	105	105	100.00	100.00	105	WP_032491400.1	multidrug efflux SMR transporter Smr	NF000280.1	multidrug efflux SMR transporter Smr
97241c5027b2dbc89e7307333951a147	blaZ	penicillin-hydrolyzing class A beta-lactamase BlaZ	core	AMR	AMR	BETA-LACTAM	BETA-LACTAM	BLASTP	281	281	100.00	99.29	281	WP_000733283.1	BlaZ family penicillin-hydrolyzing class A beta-lactamase PC1	NF033139.1	penicillin-hydrolyzing class A beta-lactamase BlaZ
99d7c52c479437a879f1f4a2d4a23132	aadA16	ANT(3'')-Ia family aminoglycoside nucleotidyltransferase AadA16	core	AMR	AMR	AMINOGLYCOSIDE	STREPTOMYCIN	BLASTP	281	281	100.00	99.64	281	WP_001749984.1	ANT(3'')-Ia family aminoglycoside nucleotidyltransferase AadA16	NF012157.0	ANT(3'')-I family aminoglycoside nucleotidyltransferase
a148485b4bc801c288eb0436527ccd37	blaI	penicillinase repressor BlaI	core	AMR	AMR	BETA-LACTAM	BETA-LACTAM	BLASTP	126	126	100.00	98.41	126	WP_001284656.1	penicillinase repressor BlaI	NF000186.1	penicillinase repressor BlaI
a24f9c725443cb262aa4aa4c963437b7	blaOXA	class D beta-lactamase	core	AMR	AMR	BETA-LACTAM	BETA-LACTAM	HMM	266	266	100.00	89.85	266	WP_014845076.1	class D beta-lactamase	NF000270.1	class D beta-lactamase
a3fcbe93a08d1078f772a129f74bfbe3	aac(6')-Ib	AAC(6')-Ib family aminoglycoside 6'-N-acetyltransferase	core	AMR	AMR	AMINOGLYCOSIDE	GENTAMICIN	BLASTP	195	184	100.00	100.00	184	WP_003159191.1	aminoglycoside N-acetyltransferase AAC(6')-Ib4	NF033074.0	AAC(6')-Ib family aminoglycoside 6'-N-acetyltransferase
a5dac5d68d0df3ad9cbf7b321e0c280a	mcr-10.2	phosphoethanolamine--lipid A transferase MCR-10.2	core	AMR	AMR	COLISTIN	COLISTIN	ALLELEP	539	539	100.00	100.00	539	WP_208557566.1	phosphoethanolamine--lipid A transferase MCR-10.2	NF033862.2	MCR-10 family phosphoethanolamine--lipid A transferase
a6e1c712c6cb5470156f06f8d0e4f8a3	vanY-A	D-Ala-D-Ala carboxypeptidase VanY-A	core	AMR	AMR	GLYCOPEPTIDE	VANCOMYCIN	BLASTP	296	303	97.69	99.66	296	WP_001812592.1	D-Ala-D-Ala carboxypeptidase VanY-A	NF000472.1	VanY-A/VanY-F/VanY-M family D-Ala-D-Ala carboxypeptidase
aa923776b117592ae3eff3f2a8ccefc7	ampC	class C beta-lactamase	core	AMR	AMR	BETA-LACTAM	BETA-LACTAM	HMM	387	408	95.59	52.94	391	WP_367187975.1	class C beta-lactamase	NF033085.1	class C beta-lactamase
b3b250838b4a04777a804f06c9f6fc61	ampC	CMY2/MIR/ACT/EC family class C beta-lactamase	core	AMR	AMR	BETA-LACTAM	BETA-LACTAM	HMM	381	383	99.22	80.79	380	WP_168370989.1	CMY2/MIR/ACT/EC family class C beta-lactamase	NF012173.1	CMY2/MIR/ACT/EC family class C beta-lactamase
b8cad1fd7fac91993c268a0b614fd94d	ampC	class C beta-lactamase	core	AMR	AMR	BETA-LACTAM	BETA-LACTAM	HMM	396	396	97.47	61.92	386	WP_128268282.1	class C beta-lactamase	NF033085.1	class C beta-lactamase
b8da2530f8a5cd0a201051eb3298d4d4	blaZ	penicillin-hydrolyzing class A beta-lactamase BlaZ	core	AMR	AMR	BETA-LACTAM	BETA-LACTAM	BLASTP	281	281	100.00	99.64	281	WP_000733287.1	penicillin-hydrolyzing class A beta-lactamase BlaZ	NF033139.1	penicillin-hydrolyzing class A beta-lactamase BlaZ
c1c13d0052c3deaa51f209df74ecfa13	qacK	quaternary ammonium compound efflux SMR transporter QacK	core	STRESS	BIOCIDE	QUATERNARY AMMONIUM	QUATERNARY AMMONIUM	BLASTP	110	110	100.00	96.36	110	WP_071593221.1	quaternary ammonium compound efflux SMR transporter QacK	NF033136.1	quaternary ammonium compound efflux SMR transporter QacK
c2c5c68d24625224a3fbc005ca12baec	ampC	class C beta-lactamase	core	AMR	AMR	BETA-LACTAM	BETA-LACTAM	HMM	396	396	95.96	62.37	380	WP_128268282.1	class C beta-lactamase	NF033085.1	class C beta-lactamase
ca8aee8bed18a0d75849b59c769b53a6	blaR1	beta-lactam sensor/signal transducer BlaR1	core	AMR	AMR	BETA-LACTAM	BETA-LACTAM	BLASTP	585	585	100.00	96.92	585	WP_001096376.1	beta-lactam sensor/signal transducer BlaR1	NF033108.1	beta-lactam sensor/signal transducer BlaR1
cf5bae828ee4c055aad5c5207e8736dc	aac(3)-II	AAC(3)-II family aminoglycoside N-acetyltransferase	core	AMR	AMR	AMINOGLYCOSIDE	GENTAMICIN	HMM	270	286	93.36	74.53	267	WP_015060297.1	AAC(3)-II family aminoglycoside N-acetyltransferase	NF033080.0	AAC(3)-II family aminoglycoside N-acetyltransferase
d87279248e5941f6e6c983fe906d29dd	blaGES-24	carbapenem-hydrolyzing class A beta-lactamase GES-24	core	AMR	AMR	BETA-LACTAM	CARBAPENEM	ALLELEP	287	287	100.00	100.00	287	WP_059385191.1	carbapenem-hydrolyzing class A beta-lactamase GES-24	NF012103.0	GES family class A beta-lactamase
dbd66ec0c6630d894cd162a9bd59c32b	blaCARB-12	PSE family carbenicillin-hydrolyzing class A beta-lactamase CARB-12	core	AMR	AMR	BETA-LACTAM	BETA-LACTAM	ALLELEP	288	288	100.00	100.00	288	WP_063857839.1	PSE family carbenicillin-hydrolyzing class A beta-lactamase CARB-12	NF000480.2	PSE family carbenicillin-hydrolyzing class A beta-lactamase
ddad4318a97681583b4127cb5c47762a	aadA1	ANT(3'')-Ia family aminoglycoside nucleotidyltransferase AadA1	core	AMR	AMR	AMINOGLYCOSIDE	STREPTOMYCIN	BLASTP	263	263	100.00	98.48	263	WP_071846270.1	ANT(3'')-Ia family aminoglycoside nucleotidyltransferase AadA1	NF012157.0	ANT(3'')-I family aminoglycoside nucleotidyltransferase
e707236354cd8b47609626f1a930977e	mef(B)	macrolide efflux MFS transporter Mef(B)	core	AMR	AMR	MACROLIDE	AZITHROMYCIN/ERYTHROMYCIN	EXACTP	409	409	100.00	100.00	409	WP_032492336.1	macrolide efflux MFS transporter Mef(B)	NF000051.1	macrolide efflux MFS transporter Mef(B)
f00b1da21d8ffa96922628df3b891dea	blaNDM-6	subclass B1 metallo-beta-lactamase NDM-6	core	AMR	AMR	BETA-LACTAM	CARBAPENEM	ALLELEP	270	270	100.00	100.00	270	WP_032495384.1	subclass B1 metallo-beta-lactamase NDM-6	NF000259.2	NDM family subclass B1 metallo-beta-lactamase
fbc511cfc05c70255d3057f513ca0a15	arr	NAD(+)--rifampin ADP-ribosyltransferase	core	AMR	AMR	RIFAMYCIN	RIFAMYCIN	HMM	143	137	93.43	57.03	128	WP_012695486.1	NAD(+)--rifampin ADP-ribosyltransferase	NF033144.1	NAD(+)--rifampin ADP-ribosyltransferase
fbcf0b7cff8f320cdfb797f17ce017be	qacA	quaternary ammonium compound efflux MFS transporter QacA	core	STRESS	BIOCIDE	QUATERNARY AMMONIUM	QUATERNARY AMMONIUM	EXACTP	514	514	100.00	100.00	514	WP_000622776.1	quaternary ammonium compound efflux MFS transporter QacA	NF000089.1	QacA/B family quaternary ammonium compound efflux MFS transporter
03a9f284ba33f900644b25c905874a17	tet(Y)	tetracycline efflux MFS transporter Tet(Y)	core	AMR	AMR	TETRACYCLINE	TETRACYCLINE	EXACTP	391	391	100.00	100.00	391	WP_011931119.1	tetracycline efflux MFS transporter Tet(Y)	NF012188.1	tetracycline efflux MFS transporter Tet(Y)
0968ae023e354176b1fa4aa3828da878	ampC	class C beta-lactamase	core	AMR	AMR	BETA-LACTAM	BETA-LACTAM	HMM	389	408	94.85	53.87	388	WP_367187975.1	class C beta-lactamase	NF033085.1	class C beta-lactamase
0af02f1182a1ec6319f7d9933ee8f071	bla	class A beta-lactamase	core	AMR	AMR	BETA-LACTAM	BETA-LACTAM	HMM	293	293	99.66	58.90	292	WP_028030786.1	class A beta-lactamase	NF033103.1	class A beta-lactamase
0dcfb2cd71b6d4b77af3237af5c5fff4	erm(B)	23S rRNA (adenine(2058)-N(6))-methyltransferase Erm(B)	core	AMR	AMR	LINCOSAMIDE/MACROLIDE/STREPTOGRAMIN	CLINDAMYCIN/ERYTHROMYCIN/STREPTOGRAMIN B	BLASTP	245	245	100.00	99.59	245	WP_002292226.1	23S rRNA (adenine(2058)-N(6))-methyltransferase Erm(B)	NF012220.1	23S rRNA (adenine(2058)-N(6))-methyltransferase Erm(B)
1063355686bfbd185d6408a8730ef592	vanH-B	D-lactate dehydrogenase VanH-B	core	AMR	AMR	GLYCOPEPTIDE	VANCOMYCIN	BLASTP	323	323	100.00	98.76	323	WP_099156040.1	D-lactate dehydrogenase VanH-B	NF000492.1	D-lactate dehydrogenase VanH
1d1c12ca69e7e049ff46b7e14781899c	bla	class A beta-lactamase	core	AMR	AMR	BETA-LACTAM	BETA-LACTAM	HMM	296	305	97.70	51.97	304	WP_010926363.1	class A beta-lactamase	NF033103.1	class A beta-lactamase
1fb0658c09c7b3548b89ff58aed8fc57	abc-f	TlrC/CarA/OleB/SrmB family ABC-F type ribosomal protection protein	core	AMR	AMR	MACROLIDE	MACROLIDE	HMM	553	551	100.00	77.03	553	WP_063843207.1	TlrC/CarA/OleB/SrmB family ABC-F type ribosomal protection protein	NF000171.1	TlrC/CarA/OleB/SrmB family ABC-F type ribosomal protection protein
20493dbdffef14c7181852814af73159	mleBCB	BCB family alpha/beta fold macrolide esterase	core	AMR	AMR	MACROLIDE	TYLOSIN	BLASTP	284	287	100.00	92.33	287	WP_459076516.1	BCB family alpha/beta fold macrolide esterase	NF052610.1	alpha/beta fold macrolide esterase
20f866e6fc43b00080af44b66fd77b12	erm(A)	23S rRNA (adenine(2058)-N(6))-methyltransferase Erm(A)	core	AMR	AMR	LINCOSAMIDE/MACROLIDE	AZITHROMYCIN/CLARITHROMYCIN/CLINDAMYCIN/ERYTHROMYCIN/TELITHROMYCIN	EXACTP	243	243	100.00	100.00	243	WP_001072201.1	23S rRNA (adenine(2058)-N(6))-methyltransferase Erm(A)	NF012222.1	23S rRNA (adenine(2058)-N(6))-methyltransferase Erm(A)
231ee483e3a7e7fc89e502fe4a7f782c	mcr-3.21	phosphoethanolamine--lipid A transferase MCR-3.21	core	AMR	AMR	COLISTIN	COLISTIN	ALLELEP	541	541	100.00	100.00	541	WP_094312656.1	phosphoethanolamine--lipid A transferase MCR-3.21	NF033408.5	MCR-3 family phosphoethanolamine--lipid A transferase
2664dcb03e58cc99b7703e203998d1db	tet(A)	tetracycline efflux MFS transporter Tet(A)	core	AMR	AMR	TETRACYCLINE	TETRACYCLINE	BLASTP	399	399	100.00	99.75	399	WP_000804063.1	tetracycline efflux MFS transporter Tet(A)	NF012193.0	tetracycline efflux MFS transporter Tet(A)
2f74b332a37fa998873d90e3fbf15e75	fosB	FosB1/FosB3 family fosfomycin resistance bacillithiol transferase	core	AMR	AMR	FOSFOMYCIN	FOSFOMYCIN	BLASTP	139	139	100.00	99.28	139	WP_032488468.1	fosfomycin resistance bacillithiol transferase FosB	NF000085.1	FosB1/FosB3 family fosfomycin resistance bacillithiol transferase
2f8d15ed06ff1f83f0caedabf1551db3	blaOXA-23	OXA-23 family carbapenem-hydrolyzing class D beta-lactamase OXA-23	core	AMR	AMR	BETA-LACTAM	CARBAPENEM	ALLELEP	273	273	100.00	100.00	273	WP_001046004.1	OXA-23 family carbapenem-hydrolyzing class D beta-lactamase OXA-23	NF000266.2	OXA-23 family carbapenem-hydrolyzing class D beta-lactamase
2fecea0f1995997cfb53751e83d7c11b	ampC	class C beta-lactamase	core	AMR	AMR	BETA-LACTAM	BETA-LACTAM	HMM	396	396	97.47	61.92	386	WP_128268282.1	class C beta-lactamase	NF033085.1	class C beta-lactamase
347de929e1070b3a9e1922954cd41ebe	blaR1	BlaR1 family beta-lactam sensor/signal transducer	core	AMR	AMR	BETA-LACTAM	BETA-LACTAM	HMM	590	585	99.32	36.39	588	WP_000952923.1	BlaR1 family beta-lactam sensor/signal transducer	NF000326.1	BlaR1 family beta-lactam sensor/signal transducer
378a2c95c93e8a46c533b793b874560c	tet(Z)	tetracycline efflux MFS transporter Tet(Z)	core	AMR	AMR	TETRACYCLINE	TETRACYCLINE	BLASTP	397	416	95.43	99.75	397	WP_064190967.1	tetracycline efflux MFS transporter Tet(Z)	NF012174.0	Tet(A)/Tet(B)/Tet(C) family tetracycline efflux MFS transporter
38c8cf2e04331fae8527153ae7dafc61	aac(3)-II	AAC(3)-II family aminoglycoside N-acetyltransferase	core	AMR	AMR	AMINOGLYCOSIDE	GENTAMICIN	HMM	286	286	100.00	85.31	286	WP_063840265.1	AAC(3)-II family aminoglycoside N-acetyltransferase	NF033080.0	AAC(3)-II family aminoglycoside N-acetyltransferase
3a005c5d9c3ea91391713fea7aede43a	ant(9)-Ia	aminoglycoside nucleotidyltransferase ANT(9)-Ia	core	AMR	AMR	AMINOGLYCOSIDE	SPECTINOMYCIN	EXACTP	260	260	100.00	100.00	260	WP_000067268.1	aminoglycoside nucleotidyltransferase ANT(9)-Ia	NF012212.1	ANT(9) family aminoglycoside nucleotidyltransferase
43fe9a9e03492702a1cac3c20ffe7f2a	blaCMY-166	extended-spectrum class C beta-lactamase CMY-166	core	AMR	AMR	BETA-LACTAM	CEPHALOSPORIN	ALLELEP	381	381	100.00	100.00	381	WP_148044407.1	extended-spectrum class C beta-lactamase CMY-166	NF000191.1	CMY-2 family class C beta-lactamase
4bc0969b0e80f79cb9a0af50acc6cdec	arr	NAD(+)--rifampin ADP-ribosyltransferase	core	AMR	AMR	RIFAMYCIN	RIFAMYCIN	HMM	138	150	93.33	52.11	142	WP_000237816.1	NAD(+)--rifampin ADP-ribosyltransferase	NF033144.1	NAD(+)--rifampin ADP-ribosyltransferase
4c53590c83aa59ab7fc501e0df34fb26	aph(3'')-Ib	aminoglycoside O-phosphotransferase APH(3'')-Ib	core	AMR	AMR	AMINOGLYCOSIDE	STREPTOMYCIN	BLASTP	267	267	100.00	99.63	267	WP_001082319.1	aminoglycoside O-phosphotransferase APH(3'')-Ib	NF032895.1	aminoglycoside O-phosphotransferase APH(3'')-Ib
4d04e430dec118f56b7a4723a711d943	msr(A)	ABC-F type ribosomal protection protein Msr(A)	core	AMR	AMR	MACROLIDE/STREPTOGRAMIN	ERYTHROMYCIN/STREPTOGRAMIN B	BLASTP	488	488	100.00	99.80	488	WP_000438874.1	ABC-F type ribosomal protection protein Msr(A)	NF000256.1	ABC-F type ribosomal protection protein Msr(A)
4fa24a338174dd527d25dd843f58eab4	blaTEM	TEM family class A beta-lactamase	core	AMR	AMR	BETA-LACTAM	BETA-LACTAM	PARTIALP	200	286	66.43	99.47	190	WP_000027057.1	broad-spectrum class A beta-lactamase TEM-1	NF033103.1	class A beta-lactamase
55c9916feb3b143723c892c9a103c29d	lnu(A)	lincosamide nucleotidyltransferase Lnu(A)	core	AMR	AMR	LINCOSAMIDE	LINCOSAMIDE	EXACTP	161	161	100.00	100.00	161	WP_001829870.1	lincosamide nucleotidyltransferase Lnu(A)	NF000236.1	lincosamide nucleotidyltransferase Lnu(A)
58028346b0fa941b6f379e22ac12ffd0	cml	Cmx/CmrA family chloramphenicol efflux MFS transporter	core	AMR	AMR	PHENICOL	CHLORAMPHENICOL	HMM	398	391	96.68	64.66	382	WP_063844243.1	Cmx/CmrA family chloramphenicol efflux MFS transporter	NF033135.1	Cmx/CmrA family chloramphenicol efflux MFS transporter
5f85fde1280cac2795d05025d95f5fd5	ampC	class C beta-lactamase	core	AMR	AMR	BETA-LACTAM	BETA-LACTAM	HMM	390	396	96.72	54.26	387	WP_128268282.1	class C beta-lactamase	NF033085.1	class C beta-lactamase
5ffb12263a2648b1e2f7298feaf5842d	aac(3)-IIe	aminoglycoside N-acetyltransferase AAC(3)-IIe	core	AMR	AMR	AMINOGLYCOSIDE	GENTAMICIN	EXACTP	286	286	100.00	100.00	286	WP_000557452.1	aminoglycoside N-acetyltransferase AAC(3)-IIe	NF033080.0	AAC(3)-II family aminoglycoside N-acetyltransferase
6840fece05a8843bd8c49de800b0c117	aadA2	ANT(3'')-Ia family aminoglycoside nucleotidyltransferase AadA2	core	AMR	AMR	AMINOGLYCOSIDE	STREPTOMYCIN	BLASTP	263	263	100.00	92.02	263	WP_071846319.1	ANT(3'')-Ia family aminoglycoside nucleotidyltransferase AadA2	NF012157.0	ANT(3'')-I family aminoglycoside nucleotidyltransferase
68d573446f66497c55c1ae36825c738a	catB	type B chloramphenicol O-acetyltransferase	core	AMR	AMR	PHENICOL	CHLORAMPHENICOL	HMM	229	210	98.10	73.79	206	WP_063843229.1	type B chloramphenicol O-acetyltransferase	NF000490.1	type B chloramphenicol O-acetyltransferase
6d3eaf8d04e0102504ceb7a94ecf27a4	cml	Cmx/CmrA family chloramphenicol efflux MFS transporter	core	AMR	AMR	PHENICOL	CHLORAMPHENICOL	HMM	393	391	99.74	63.36	393	WP_005297378.1	Cmx/CmrA family chloramphenicol efflux MFS transporter	NF033135.1	Cmx/CmrA family chloramphenicol efflux MFS transporter
6dcebd44588bd62132fd3d992e928b44	mph(C)	Mph(C) family macrolide 2'-phosphotransferase	core	AMR	AMR	MACROLIDE	ERYTHROMYCIN/SPIRAMYCIN/TELITHROMYCIN	EXACTP	299	299	100.00	100.00	299	WP_000196697.1	Mph(C) family macrolide 2'-phosphotransferase	NF000240.1	Mph(C) family macrolide 2'-phosphotransferase
7782eb9b0e14dfa44188391b326beac6	blaMCA	MCA family class C beta-lactamase	core	AMR	AMR	BETA-LACTAM	BETA-LACTAM	BLASTP	390	390	100.00	99.23	390	WP_057991970.1	MCA family class C beta-lactamase	NF033406.1	MCA family class C beta-lactamase
790bede49fbc5331d76f864d64e03117	vanW-B	glycopeptide resistance accessory protein VanW-B	core	AMR	AMR	GLYCOPEPTIDE	VANCOMYCIN	BLASTP	275	275	100.00	99.27	275	WP_002368694.1	glycopeptide resistance accessory protein VanW-B	NF033122.1	glycopeptide resistance accessory protein VanW-B
7dcb6ad7ae395dfe74a4a6e96648e75b	aadD1	aminoglycoside O-nucleotidyltransferase ANT(4')-Ia	core	AMR	AMR	AMINOGLYCOSIDE	KANAMYCIN/TOBRAMYCIN	EXACTP	253	253	100.00	100.00	253	WP_001014230.1	aminoglycoside O-nucleotidyltransferase ANT(4')-Ia	NF000181.1	aminoglycoside O-nucleotidyltransferase ANT(4')-Ia
8125626db8181dbf13280b617cca6e5a	blaNDM	NDM family subclass B1 metallo-beta-lactamase	core	AMR	AMR	BETA-LACTAM	CARBAPENEM	PARTIALP	222	270	82.22	99.55	222	WP_004201164.1	subclass B1 metallo-beta-lactamase NDM-1	NF033088.2	subclass B1 metallo-beta-lactamase
824410a16f17c0551f3a571cc15978a6	aac(3)-IId	aminoglycoside N-acetyltransferase AAC(3)-IId	core	AMR	AMR	AMINOGLYCOSIDE	GENTAMICIN	PARTIALP	231	286	80.77	100.00	231	WP_000557454.1	aminoglycoside N-acetyltransferase AAC(3)-IId	NF033082.0	aminoglycoside 3-N-acetyltransferase
85b703155f13cc20777dc1a014056193	mph(C)	Mph(C) family macrolide 2'-phosphotransferase	core	AMR	AMR	MACROLIDE	ERYTHROMYCIN/SPIRAMYCIN/TELITHROMYCIN	BLASTP	299	299	100.00	97.99	299	WP_000196697.1	Mph(C) family macrolide 2'-phosphotransferase	NF000240.1	Mph(C) family macrolide 2'-phosphotransferase
8d636dce190e99e950188fcf7c959e68	dfrA6	trimethoprim-resistant dihydrofolate reductase DfrA6	core	AMR	AMR	TRIMETHOPRIM	TRIMETHOPRIM	BLASTP	157	157	100.00	99.36	157	WP_063844458.1	trimethoprim-resistant dihydrofolate reductase DfrA6	NF000330.1	trimethoprim-resistant dihydrofolate reductase DfrA
8fee369e0151fc4ec096216e2ecdeee3	dfrA50	trimethoprim-resistant dihydrofolate reductase DfrA50	core	AMR	AMR	TRIMETHOPRIM	TRIMETHOPRIM	BLASTP	158	158	100.00	98.73	158	WP_040203768.1	trimethoprim-resistant dihydrofolate reductase DfrA50	NF047323.1	trimethoprim-resistant dihydrofolate reductase DfrA50
93aa37d91b9add68753a9395fe786f40	bla	class A beta-lactamase	core	AMR	AMR	BETA-LACTAM	BETA-LACTAM	HMM	280	291	96.56	60.85	281	WP_100663667.1	class A beta-lactamase	NF033103.1	class A beta-lactamase
9492bfd48fd0fce758bd90b5e1c80868	fexA	chloramphenicol/florfenicol efflux MFS transporter FexA	core	AMR	AMR	PHENICOL	CHLORAMPHENICOL/FLORFENICOL	BLASTP	475	475	100.00	97.47	475	WP_015585966.1	chloramphenicol/florfenicol efflux MFS transporter FexA	NF000218.1	chloramphenicol/florfenicol efflux MFS transporter FexA
9f8edcc5e57d4c2ab2d741e259871442	vanB	D-alanine--(R)-lactate ligase VanB	core	AMR	AMR	GLYCOPEPTIDE	VANCOMYCIN	BLASTP	342	342	100.00	97.66	342	WP_063856580.1	D-alanine--(R)-lactate ligase VanB	NF012216.1	D-alanine--(R)-lactate ligase VanB
a620c2a985f9f3f74eb8db4c4765fe21	vanR-B	vancomycin resistance response regulator transcription factor VanR-B	core	AMR	AMR	GLYCOPEPTIDE	VANCOMYCIN	EXACTP	219	219	100.00	100.00	219	WP_002317273.1	vancomycin resistance response regulator transcription factor VanR-B	NF000402.1	vancomycin resistance response regulator transcription factor VanR-B
ae46254d337762ec89259c848ff7fe49	blaNPS	NPS family class D beta-lactamase	core	AMR	AMR	BETA-LACTAM	BETA-LACTAM	BLASTP	260	260	100.00	98.85	260	WP_011013281.1	oxacillin-hydrolyzing class D beta-lactamase NPS-1	NF012161.0	class D beta-lactamase
aefcd7d0b1d3f45b5b46bc493a490625	floR	chloramphenicol/florfenicol efflux MFS transporter FloR	core	AMR	AMR	PHENICOL	CHLORAMPHENICOL/FLORFENICOL	EXACTP	404	404	100.00	100.00	404	WP_000214121.1	chloramphenicol/florfenicol efflux MFS transporter FloR	NF000219.1	chloramphenicol/florfenicol efflux MFS transporter FloR
afe2ff4a134582fdd0b0c7f3f48e6350	blaFRI-4	carbapenem-hydrolyzing class A beta-lactamase FRI-4	core	AMR	AMR	BETA-LACTAM	CARBAPENEM	ALLELEP	294	294	100.00	100.00	294	WP_088245210.1	carbapenem-hydrolyzing class A beta-lactamase FRI-4	NF000428.4	FRI family carbapenem-hydrolyzing class A beta-lactamase
b4883f6b954dd9739ea8190a8c67b437	blaMOX	CMY-1/MOX family class C beta-lactamase	core	AMR	AMR	BETA-LACTAM	CEPHALOSPORIN	BLASTP	382	383	100.00	95.04	383	WP_128343957.1	CMY-1/MOX family class C beta-lactamase MOX-25	NF000239.3	CMY-1/MOX family class C beta-lactamase
b8d226dd7773394091d0fbcba7e85621	tet(M)	tetracycline resistance ribosomal protection protein Tet(M)	core	AMR	AMR	TETRACYCLINE	TETRACYCLINE	BLASTP	639	639	100.00	98.90	639	WP_063856111.1	tetracycline resistance ribosomal protection protein Tet(M)	NF012155.1	tetracycline resistance ribosomal protection protein Tet(M)
ba3a1965377f4ad8a09d6d30fec312c1	vanS-B	vancomycin resistance histidine kinase VanS-B	core	AMR	AMR	GLYCOPEPTIDE	VANCOMYCIN	BLASTP	447	447	100.00	98.21	447	WP_002382867.1	vancomycin resistance histidine kinase VanS-B	NF033090.1	vancomycin resistance histidine kinase VanS-B
c5a03234d2e347d08ee52b1a14c25477	ampC	class C beta-lactamase	core	AMR	AMR	BETA-LACTAM	BETA-LACTAM	HMM	396	396	96.72	46.48	383	WP_280147732.1	class C beta-lactamase	NF033085.1	class C beta-lactamase
c7576014f5cef3750425d31597fd4377	bla	class A beta-lactamase	core	AMR	AMR	BETA-LACTAM	BETA-LACTAM	HMM	298	297	100.00	66.67	297	WP_068885073.1	class A beta-lactamase	NF033103.1	class A beta-lactamase
cf081e5103d0b09b60f855d790c91662	msr(A)	ABC-F type ribosomal protection protein Msr(A)	core	AMR	AMR	MACROLIDE/STREPTOGRAMIN	ERYTHROMYCIN/STREPTOGRAMIN B	BLASTP	488	488	100.00	99.59	488	WP_063854317.1	ABC-F type ribosomal protection protein Msr(A)	NF000256.1	ABC-F type ribosomal protection protein Msr(A)
d19bab0af5c5ab850b0ebfa12475a52d	blaKPC-33	inhibitor-resistant extended-spectrum class A beta-lactamase KPC-33	core	AMR	AMR	BETA-LACTAM	CEPHALOSPORIN	ALLELEP	293	293	100.00	100.00	293	WP_101140102.1	inhibitor-resistant extended-spectrum class A beta-lactamase KPC-33	NF012141.1	KPC family carbapenem-hydrolyzing class A beta-lactamase
d54ea58d19b5d85d671be44cb521bf86	optrA	ABC-F type ribosomal protection protein OptrA	core	AMR	AMR	OXAZOLIDINONE/PHENICOL	FLORFENICOL/OXAZOLIDINONE	BLASTP	637	655	97.25	99.69	637	WP_063854496.1	ABC-F type ribosomal protection protein OptrA	NF000514.1	ABC-F type ribosomal protection protein OptrA
d997464e18ee3db6743177789e8ccae6	blaTEM-40	inhibitor-resistant broad-spectrum class A beta-lactamase TEM-40	core	AMR	AMR	BETA-LACTAM	BETA-LACTAM	ALLELEP	286	286	100.00	100.00	286	WP_021526512.1	inhibitor-resistant broad-spectrum class A beta-lactamase TEM-40	NF000531.2	TEM family class A beta-lactamase
e07f6d22ee48bc5f638a84a59ed6d429	vanY-B	D-Ala-D-Ala carboxypeptidase VanY-B	core	AMR	AMR	GLYCOPEPTIDE	VANCOMYCIN	BLASTP	268	268	100.00	99.25	268	WP_002368695.1	D-Ala-D-Ala carboxypeptidase VanY-B	NF000473.1	VanY-B/VanY-G family D-Ala-D-Ala carboxypeptidase
e4406a9d242042af1e8e9ee55600238c	tet(33)	tetracycline efflux MFS transporter Tet(33)	core	AMR	AMR	TETRACYCLINE	TETRACYCLINE	BLASTP	407	407	100.00	98.28	407	WP_109545038.1	tetracycline efflux MFS transporter Tet(33)	NF012174.0	Tet(A)/Tet(B)/Tet(C) family tetracycline efflux MFS transporter
e5464c5b6276dc181de8fd5d9bb8bf2f	arr	NAD(+)--rifampin ADP-ribosyltransferase	core	AMR	AMR	RIFAMYCIN	RIFAMYCIN	HMM	148	137	94.89	65.38	130	WP_012695486.1	NAD(+)--rifampin ADP-ribosyltransferase	NF033144.1	NAD(+)--rifampin ADP-ribosyltransferase
e65c52724f633b004bf9313841e47b84	satA	streptothricin N-acetyltransferase SatA	core	AMR	AMR	STREPTOTHRICIN	STREPTOTHRICIN	BLASTP	184	184	98.91	79.23	183	WP_000054744.1	streptothricin N-acetyltransferase SatA	NA	NA
eb6a1f291c3db9edb2e62273b4cb2ef8	blaSHV-5	extended-spectrum class A beta-lactamase SHV-5	core	AMR	AMR	BETA-LACTAM	CEPHALOSPORIN	ALLELEP	286	286	100.00	100.00	286	WP_011117369.1	extended-spectrum class A beta-lactamase SHV-5	NF000285.3	SHV family class A beta-lactamase
f04c939bc652b6517f2d87059ebefbf3	dfrA25	trimethoprim-resistant dihydrofolate reductase DfrA25	core	AMR	AMR	TRIMETHOPRIM	TRIMETHOPRIM	EXACTP	157	157	100.00	100.00	157	WP_029391998.1	trimethoprim-resistant dihydrofolate reductase DfrA25	NF000330.1	trimethoprim-resistant dihydrofolate reductase DfrA
f8006ec427a07fa753864a3831a9f82c	ampC	class C beta-lactamase	core	AMR	AMR	BETA-LACTAM	BETA-LACTAM	HMM	389	408	94.36	56.74	386	WP_322881141.1	class C beta-lactamase	NF033085.1	class C beta-lactamase
fa01588525846f5fe9de1c3ccf23b1bc	qnrS2	quinolone resistance pentapeptide repeat protein QnrS2	core	AMR	AMR	QUINOLONE	QUINOLONE	ALLELEP	218	218	100.00	100.00	218	WP_012537714.1	quinolone resistance pentapeptide repeat protein QnrS2	NF000056.3	QnrS family quinolone resistance pentapeptide repeat protein
fbab4eb7bfca28edc024cd670bd13f31	bla	class A beta-lactamase	core	AMR	AMR	BETA-LACTAM	BETA-LACTAM	HMM	310	307	98.05	72.70	304	WP_003178584.1	class A beta-lactamase	NF012167.0	class A beta-lactamase
05489f58cac3c8cec673f08f23b6b8ab	ampC	class C beta-lactamase	core	AMR	AMR	BETA-LACTAM	BETA-LACTAM	HMM	392	408	96.32	52.39	397	WP_367187975.1	class C beta-lactamase	NF033085.1	class C beta-lactamase
106b826c00259d8541540d7371a26ae5	cmx	chloramphenicol efflux MFS transporter Cmx	core	AMR	AMR	PHENICOL	CHLORAMPHENICOL	EXACTP	391	391	100.00	100.00	391	WP_005297378.1	chloramphenicol efflux MFS transporter Cmx	NF000510.1	chloramphenicol efflux MFS transporter Cmx
1482af7e5a5117b0c8ca768723cb8d8a	tet(L)	tetracycline efflux MFS transporter Tet(L)	core	AMR	AMR	TETRACYCLINE	TETRACYCLINE	BLASTP	460	460	100.00	99.78	460	WP_012477450.1	tetracycline efflux MFS transporter Tet(L)	NF012185.0	tetracycline efflux MFS transporter Tet(L)
1765a16a04bd576eda30d8310e94a6ad	ant(3'')	ANT(3'')-I family aminoglycoside nucleotidyltransferase	core	AMR	AMR	AMINOGLYCOSIDE	SPECTINOMYCIN/STREPTOMYCIN	HMM	263	263	100.00	95.82	263	WP_071846340.1	ANT(3'')-I family aminoglycoside nucleotidyltransferase	NF012157.0	ANT(3'')-I family aminoglycoside nucleotidyltransferase
21db40fb905037bbec34ed14ddd1345b	blaOXA	class D beta-lactamase	core	AMR	AMR	BETA-LACTAM	BETA-LACTAM	HMM	272	275	99.27	68.13	273	WP_102607464.1	class D beta-lactamase	NF000270.1	class D beta-lactamase
25a21a6054779e4d7dd8785f431459d3	mle	alpha/beta fold macrolide esterase	core	AMR	AMR	MACROLIDE	TYLOSIN	HMM	279	279	100.00	75.63	279	ACE78319.1	alpha/beta fold macrolide esterase	NF052610.1	alpha/beta fold macrolide esterase
263b89f34a829c9aae94ef52befde371	blaNDM-19	subclass B1 metallo-beta-lactamase NDM-19	core	AMR	AMR	BETA-LACTAM	CARBAPENEM	ALLELEP	270	270	100.00	100.00	270	WP_094009810.1	subclass B1 metallo-beta-lactamase NDM-19	NF000259.2	NDM family subclass B1 metallo-beta-lactamase
2a4d21871bc2b97fe0b919664af5a0d3	vat	Vat family streptogramin A O-acetyltransferase	core	AMR	AMR	STREPTOGRAMIN	STREPTOGRAMIN	HMM	217	216	99.07	66.05	215	WP_063856935.1	Vat family streptogramin A O-acetyltransferase	NF000311.1	Vat family streptogramin A O-acetyltransferase
30bc74c884d55f5393baa0511c869bd1	blaOXA-204	OXA-48 family carbapenem-hydrolyzing class D beta-lactamase OXA-204	core	AMR	AMR	BETA-LACTAM	CARBAPENEM	ALLELEP	265	265	100.00	100.00	265	WP_032495449.1	OXA-48 family carbapenem-hydrolyzing class D beta-lactamase OXA-204	NF000387.2	OXA-48 family class D beta-lactamase
328872081ead0cc375a098409c8ddb44	blaPEN-A	PEN-A family class A beta-lactamase	core	AMR	AMR	BETA-LACTAM	BETA-LACTAM	BLASTP	302	302	100.00	98.68	302	WP_105781374.1	class A beta-lactamase PEN-A4	NF041143.1	PEN-A family class A beta-lactamase
37cb49ce21addda6d509d9bd1db69a7e	mphN	macrolide 2'-phosphotransferase MphN	core	AMR	AMR	MACROLIDE	ERYTHROMYCIN	BLASTP	296	296	100.00	99.66	296	WP_024127776.1	macrolide 2'-phosphotransferase MphN	NA	NA
419e0c7707be6b7fc2b6575f7fb181ae	floR	chloramphenicol/florfenicol efflux MFS transporter FloR	core	AMR	AMR	PHENICOL	CHLORAMPHENICOL/FLORFENICOL	BLASTP	404	404	100.00	99.50	404	WP_000214119.1	chloramphenicol/florfenicol efflux MFS transporter FloR	NF000219.1	chloramphenicol/florfenicol efflux MFS transporter FloR
44af17c10565a344e4341436744307da	sul1	sulfonamide-resistant dihydropteroate synthase Sul1	core	AMR	AMR	SULFONAMIDE	SULFONAMIDE	BLASTP	279	279	100.00	99.64	279	WP_000259031.1	sulfonamide-resistant dihydropteroate synthase Sul1	NF000294.1	sulfonamide-resistant dihydropteroate synthase Sul1
46286e1caff077cf67d3af4a46856da7	blaR1	BlaR1 family beta-lactam sensor/signal transducer	core	AMR	AMR	BETA-LACTAM	BETA-LACTAM	HMM	590	593	98.82	35.64	606	WP_012705551.1	BlaR1 family beta-lactam sensor/signal transducer	NF000326.1	BlaR1 family beta-lactam sensor/signal transducer
51676a6c47d5393243827cc48daa1b0f	mle	alpha/beta fold macrolide esterase	core	AMR	AMR	MACROLIDE	TYLOSIN	HMM	286	280	99.64	60.93	279	WP_047660123.1	alpha/beta fold macrolide esterase	NF052610.1	alpha/beta fold macrolide esterase
55ad53a06ecc63e60f49589bcfcacff0	aadA10	ANT(3'')-Ia family aminoglycoside nucleotidyltransferase AadA10	core	AMR	AMR	AMINOGLYCOSIDE	STREPTOMYCIN	BLASTP	295	277	98.92	98.91	274	WP_071846266.1	ANT(3'')-Ia family aminoglycoside nucleotidyltransferase AadA10	NF012157.0	ANT(3'')-I family aminoglycoside nucleotidyltransferase
697e32d2217397f2b330c8a9529f51f3	dfrA50	trimethoprim-resistant dihydrofolate reductase DfrA50	core	AMR	AMR	TRIMETHOPRIM	TRIMETHOPRIM	BLASTP	158	158	100.00	98.73	158	WP_040203768.1	trimethoprim-resistant dihydrofolate reductase DfrA50	NF047323.1	trimethoprim-resistant dihydrofolate reductase DfrA50
6a0eb01e7a0baf86a41b978210808f0c	aph(3'')-Ib	aminoglycoside O-phosphotransferase APH(3'')-Ib	core	AMR	AMR	AMINOGLYCOSIDE	STREPTOMYCIN	BLASTP	267	267	100.00	99.63	267	WP_001082319.1	aminoglycoside O-phosphotransferase APH(3'')-Ib	NF032895.1	aminoglycoside O-phosphotransferase APH(3'')-Ib
6c59ca65e1cecc7ea384676f9373199b	ampC	class C beta-lactamase	core	AMR	AMR	BETA-LACTAM	BETA-LACTAM	HMM	381	380	98.95	60.58	378	WP_011339581.1	class C beta-lactamase	NF033085.1	class C beta-lactamase
838804388b15c451954c7198eca6b194	tet	Tet(L)/Tet(K)/Tet(45) family tetracycline efflux MFS transporter	core	AMR	AMR	TETRACYCLINE	TETRACYCLINE	HMM	458	458	100.00	91.48	458	WP_063855885.1	Tet(L)/Tet(K)/Tet(45) family tetracycline efflux MFS transporter	NF012175.1	Tet(L)/Tet(K)/Tet(45) family tetracycline efflux MFS transporter
8ba3f4743c89a3bfe446a259ffa163af	bla	class A beta-lactamase	core	AMR	AMR	BETA-LACTAM	BETA-LACTAM	HMM	298	294	99.32	57.48	294	WP_025370306.1	class A beta-lactamase	NF033103.1	class A beta-lactamase
95e7d0c10c0fc1ff45fc60c954e7cc5d	blaOXA	class D beta-lactamase	core	AMR	AMR	BETA-LACTAM	BETA-LACTAM	HMM	272	275	99.27	67.77	273	WP_102607464.1	class D beta-lactamase	NF000270.1	class D beta-lactamase
9787cc6b8e9a740c10010eb864262298	aac(3)	aminoglycoside 3-N-acetyltransferase	core	AMR	AMR	AMINOGLYCOSIDE	GENTAMICIN	HMM	270	262	98.09	46.18	262	WP_034000523.1	aminoglycoside 3-N-acetyltransferase	NF033082.0	aminoglycoside 3-N-acetyltransferase
9b5c0693908c2438a5923261fa6f08dc	tet(A)	tetracycline efflux MFS transporter Tet(A)	core	AMR	AMR	TETRACYCLINE	TETRACYCLINE	BLASTP	399	399	100.00	99.75	399	WP_000804064.1	tetracycline efflux MFS transporter Tet(A)	NF012193.0	tetracycline efflux MFS transporter Tet(A)
9bf54b78fff8e41315c8066ab5c789ba	varG	VarG family subclass B1-like metallo-beta-lactamase	core	AMR	AMR	BETA-LACTAM	CARBAPENEM	HMM	370	374	100.00	82.89	374	WP_000778180.1	VarG family subclass B1-like metallo-beta-lactamase	NF033574.1	VarG family subclass B1-like metallo-beta-lactamase
a0a6c2a0f487cbaa5c56fcfe78c69913	dfrA15	trimethoprim-resistant dihydrofolate reductase DfrA15	core	AMR	AMR	TRIMETHOPRIM	TRIMETHOPRIM	BLASTP	157	157	100.00	99.36	157	WP_001355915.1	trimethoprim-resistant dihydrofolate reductase DfrA15	NF000330.1	trimethoprim-resistant dihydrofolate reductase DfrA
a266360240bd1f09ca21304c2011796f	tet(33)	tetracycline efflux MFS transporter Tet(33)	core	AMR	AMR	TETRACYCLINE	TETRACYCLINE	BLASTP	407	407	100.00	99.51	407	WP_010991840.1	tetracycline efflux MFS transporter Tet(33)	NF012174.0	Tet(A)/Tet(B)/Tet(C) family tetracycline efflux MFS transporter
aac424d58ab77517511fb5aaaa8b441a	tet(A)	tetracycline efflux MFS transporter Tet(A)	core	AMR	AMR	TETRACYCLINE	TETRACYCLINE	BLASTP	399	399	100.00	99.75	399	WP_000804063.1	tetracycline efflux MFS transporter Tet(A)	NF012193.0	tetracycline efflux MFS transporter Tet(A)
bde110251346efb747d4099d70b965c0	qepA8	fluoroquinolone efflux MFS transporter QepA8	core	AMR	AMR	QUINOLONE	QUINOLONE	ALLELEP	513	513	100.00	100.00	513	WP_109638756.1	fluoroquinolone efflux MFS transporter QepA8	NF012169.0	fluoroquinolone efflux MFS transporter QepA
c69bc50629ba0985033c41d463994e74	ampC	class C beta-lactamase	core	AMR	AMR	BETA-LACTAM	BETA-LACTAM	HMM	382	380	92.63	55.40	352	WP_011729443.1	class C beta-lactamase	NF033085.1	class C beta-lactamase
c74efacca7d1fbbcabf8d5a5e3d31c3f	blaOXA	OXA-10 family class D beta-lactamase	core	AMR	AMR	BETA-LACTAM	BETA-LACTAM	BLASTP	266	266	100.00	99.25	266	WP_000846390.1	oxacillin-hydrolyzing class D beta-lactamase OXA-10	NF000386.2	OXA-10 family class D beta-lactamase
cf610896f39f4dcaaf18855dcf5753bb	qacH	quaternary ammonium compound efflux SMR transporter QacH	core	STRESS	BIOCIDE	QUATERNARY AMMONIUM	QUATERNARY AMMONIUM	BLASTP	123	125	97.60	90.16	122	WP_000121134.1	quaternary ammonium compound efflux SMR transporter QacH	NA	NA
d081285f5b0943ec3e1e912b7fba585f	tet(L)	tetracycline efflux MFS transporter Tet(L)	core	AMR	AMR	TETRACYCLINE	TETRACYCLINE	BLASTP	467	458	98.91	97.79	453	WP_001574277.1	tetracycline efflux MFS transporter Tet(L)	NF012185.0	tetracycline efflux MFS transporter Tet(L)
d08e69f805f9d60bd642658c71a9c23e	blaR1	beta-lactam sensor/signal transducer BlaR1	core	AMR	AMR	BETA-LACTAM	BETA-LACTAM	BLASTP	585	585	100.00	95.04	585	WP_001096376.1	beta-lactam sensor/signal transducer BlaR1	NF033108.1	beta-lactam sensor/signal transducer BlaR1
d096050082f3239ac88586d32be22b55	bla	class A beta-lactamase	core	AMR	AMR	BETA-LACTAM	BETA-LACTAM	HMM	308	316	99.05	76.68	313	WP_000497840.1	class A beta-lactamase	NF012167.0	class A beta-lactamase
d6f3ecdcc9c6d90632e2b8053915111c	bla	class A beta-lactamase	core	AMR	AMR	BETA-LACTAM	BETA-LACTAM	HMM	310	307	100.00	71.61	310	WP_003178584.1	class A beta-lactamase	NF012167.0	class A beta-lactamase
de0edce6bf0fcaa6dccae408d9a4eb6c	erm(B)	23S rRNA (adenine(2058)-N(6))-methyltransferase Erm(B)	core	AMR	AMR	LINCOSAMIDE/MACROLIDE/STREPTOGRAMIN	CLINDAMYCIN/ERYTHROMYCIN/STREPTOGRAMIN B	BLASTP	245	245	100.00	99.59	245	WP_002292226.1	23S rRNA (adenine(2058)-N(6))-methyltransferase Erm(B)	NF012220.1	23S rRNA (adenine(2058)-N(6))-methyltransferase Erm(B)
deec647d7378b6a9ff84345b7eb98c9a	ampC	class C beta-lactamase	core	AMR	AMR	BETA-LACTAM	BETA-LACTAM	HMM	396	396	97.47	61.66	386	WP_128268282.1	class C beta-lactamase	NF033085.1	class C beta-lactamase
e353fe70424273d44c5df4efd09b43fc	blaZ	penicillin-hydrolyzing class A beta-lactamase BlaZ	core	AMR	AMR	BETA-LACTAM	BETA-LACTAM	EXACTP	281	281	100.00	100.00	281	WP_000733281.1	penicillin-hydrolyzing class A beta-lactamase BlaZ	NF033139.1	penicillin-hydrolyzing class A beta-lactamase BlaZ
e489704883c5c763ef0ba5e898bbaf50	blaVIM-6	subclass B1 metallo-beta-lactamase VIM-6	core	AMR	AMR	BETA-LACTAM	CARBAPENEM	ALLELEP	266	266	100.00	100.00	266	WP_063865201.1	subclass B1 metallo-beta-lactamase VIM-6	NF012100.0	VIM family subclass B1 metallo-beta-lactamase
f00884a658f2c00d8ce9c89d931d06cc	ampC	class C beta-lactamase	core	AMR	AMR	BETA-LACTAM	BETA-LACTAM	HMM	387	408	94.61	54.01	387	WP_367187975.1	class C beta-lactamase	NF033085.1	class C beta-lactamase
f279b5a3894efd9ba93d8d23b91c0eea	mph(B)	Mph(B) family macrolide 2'-phosphotransferase	core	AMR	AMR	MACROLIDE	ERYTHROMYCIN/SPIRAMYCIN/TELITHROMYCIN	HMM	302	302	99.01	83.28	299	WP_000031017.1	Mph(B) family macrolide 2'-phosphotransferase	NF000242.2	Mph(B) family macrolide 2'-phosphotransferase
fa437d308e930dd738e67c95d8b4dc38	blaOXA	OXA-10 family class D beta-lactamase	core	AMR	AMR	BETA-LACTAM	BETA-LACTAM	BLASTP	266	266	100.00	99.62	266	WP_000846390.1	oxacillin-hydrolyzing class D beta-lactamase OXA-10	NF000386.2	OXA-10 family class D beta-lactamase
fd5de228cb11d964fcd8302b37bbcd0c	tet(O/W/32/O)	tetracycline resistance ribosomal protection mosaic protein Tet(O/W/32/O)	core	AMR	AMR	TETRACYCLINE	TETRACYCLINE	EXACTP	639	639	100.00	100.00	639	WP_013646121.1	tetracycline resistance ribosomal protection mosaic protein Tet(O/W/32/O)	NF033148.1	TetM/TetW/TetO/TetS family tetracycline resistance ribosomal protection protein
fe6288314213876b3394ce394678325b	ampC	class C beta-lactamase	core	AMR	AMR	BETA-LACTAM	BETA-LACTAM	HMM	387	450	81.33	50.00	366	WP_232734851.1	class C beta-lactamase	NF033085.1	class C beta-lactamase
035c900f21c208962d3a6643996d9af9	toprJ	multidrug efflux transporter outer membrane subunit TOprJ	core	AMR	AMR	TETRACYCLINE	TIGECYCLINE	BLASTP	477	477	100.00	99.79	477	WP_088903432.1	multidrug efflux transporter outer membrane subunit TOprJ2	NA	NA
05bbfee52553209aa0d7aae9a674f4d7	qacC	quaternary ammonium compound efflux SMR transporter QacC	core	STRESS	BIOCIDE	QUATERNARY AMMONIUM	QUATERNARY AMMONIUM	EXACTP	107	107	100.00	100.00	107	WP_001146389.1	quaternary ammonium compound efflux SMR transporter QacC	NF000023.1	quaternary ammonium compound efflux SMR transporter QacC
0ee8de40a492c7d3734c665b0e109029	tet(L)	tetracycline efflux MFS transporter Tet(L)	core	AMR	AMR	TETRACYCLINE	TETRACYCLINE	BLASTP	458	458	100.00	95.41	458	WP_001574277.1	tetracycline efflux MFS transporter Tet(L)	NF012185.0	tetracycline efflux MFS transporter Tet(L)
1850b024eca5f3daa4ebee3a2f748f13	aac(6')	aminoglycoside 6'-N-acetyltransferase	core	AMR	AMR	AMINOGLYCOSIDE	AMINOGLYCOSIDE	HMM	150	148	98.65	66.44	146	WP_026868862.1	aminoglycoside 6'-N-acetyltransferase	NF043067.1	aminoglycoside 6'-N-acetyltransferase
1d2a66c12bcf89c2e1e04986aa12207f	blaVHH	VHH family class A beta-lactamase	core	AMR	AMR	BETA-LACTAM	BETA-LACTAM	BLASTP	283	283	100.00	94.70	283	WP_063865164.1	carbenicillin-hydrolyzing class A beta-lactamase VHH-1	NF000481.1	CARB/PSE/RTG family carbenicillin-hydrolyzing class A beta-lactamase
253a4f725d38b3f9d11c780dc619fe66	aad9	ANT(9) family aminoglycoside nucleotidyltransferase	core	AMR	AMR	AMINOGLYCOSIDE	AMINOGLYCOSIDE	EXACTP	258	258	100.00	100.00	258	WP_002578722.1	ANT(9) family aminoglycoside nucleotidyltransferase	NF012212.1	ANT(9) family aminoglycoside nucleotidyltransferase
27fd72fa65b0597023d9b6092a9eedce	blaOXA	class D beta-lactamase	core	AMR	AMR	BETA-LACTAM	BETA-LACTAM	HMM	271	275	98.18	65.93	270	WP_102607464.1	class D beta-lactamase	NF000270.1	class D beta-lactamase
28cc90b23561612fffad25d0029c42b8	blaOXA	OXA-1 family class D beta-lactamase	core	AMR	AMR	BETA-LACTAM	BETA-LACTAM	BLASTP	276	276	100.00	99.64	276	WP_001334766.1	oxacillin-hydrolyzing class D beta-lactamase OXA-1	NF000388.2	OXA-1 family class D beta-lactamase
2a126e0a201d25f8b68f561ae82b0a22	blaOXA-4	OXA-1 family oxacillin-hydrolyzing class D beta-lactamase OXA-4	core	AMR	AMR	BETA-LACTAM	BETA-LACTAM	ALLELEP	276	276	100.00	100.00	276	WP_032491311.1	OXA-1 family oxacillin-hydrolyzing class D beta-lactamase OXA-4	NF000388.2	OXA-1 family class D beta-lactamase
2e969ce88e616e4bfe3de95018531545	catB2	type B-2 chloramphenicol O-acetyltransferase CatB2	core	AMR	AMR	PHENICOL	CHLORAMPHENICOL	EXACTP	210	210	100.00	100.00	210	WP_012477387.1	type B-2 chloramphenicol O-acetyltransferase CatB2	NF000490.1	type B chloramphenicol O-acetyltransferase
2f66ecbf1d11e69719c4df2c22f97a5a	blaPER-1	inhibitor-resistant extended-spectrum class A beta-lactamase PER-1	core	AMR	AMR	BETA-LACTAM	CEPHALOSPORIN	ALLELEP	308	308	100.00	100.00	308	WP_001100753.1	inhibitor-resistant extended-spectrum class A beta-lactamase PER-1	NF000389.2	PER family extended-spectrum class A beta-lactamase
4f02c10112d34390fd8acfa0a6da6fed	blaPSZ	PSZ family class C beta-lactamase	core	AMR	AMR	BETA-LACTAM	BETA-LACTAM	BLASTP	377	379	99.47	92.31	377	WP_290468365.1	class C beta-lactamase PSZ-1	NF041665.1	PSZ family class C beta-lactamase
56feb92e6232e5d7e6b7eafeafe78641	qnrS	QnrS family quinolone resistance pentapeptide repeat protein	core	AMR	AMR	QUINOLONE	QUINOLONE	BLASTP	221	218	100.00	96.33	218	WP_012537714.1	quinolone resistance pentapeptide repeat protein QnrS2	NF000056.3	QnrS family quinolone resistance pentapeptide repeat protein
576f3c51953257bc6d95f119e3679808	mphM	macrolide 2'-phosphotransferase MphM	core	AMR	AMR	MACROLIDE	MACROLIDE	EXACTP	299	299	100.00	100.00	299	WP_001041372.1	macrolide 2'-phosphotransferase MphM	NF038056.1	macrolide 2'-phosphotransferase MphM
646bc00d08102bf120ccbe8d99496532	cfr(C)	23S rRNA (adenine(2503)-C(8))-methyltransferase Cfr(C)	core	AMR	AMR	LINCOSAMIDE/OXAZOLIDINONE/PHENICOL/PLEUROMUTILIN/STREPTOGRAMIN	CHLORAMPHENICOL/CLINDAMYCIN/FLORFENICOL/LINEZOLID/STREPTOGRAMIN/TIAMULIN	BLASTP	379	379	100.00	99.21	379	WP_111690898.1	23S rRNA (adenine(2503)-C(8))-methyltransferase Cfr(C)	NF000424.4	Cfr family 23S rRNA (adenine(2503)-C(8))-methyltransferase
66a8c46db6681a4b2c0a147513f34c8e	bla	class A beta-lactamase	core	AMR	AMR	BETA-LACTAM	BETA-LACTAM	HMM	294	297	99.66	47.32	298	WP_068885073.1	class A beta-lactamase	NF033103.1	class A beta-lactamase
69b50e9d61d4d6d51babe644b122441b	fosX	FosX/FosE/FosI family fosfomycin resistance hydrolase	core	AMR	AMR	FOSFOMYCIN	FOSFOMYCIN	HMM	139	154	88.31	62.50	136	WP_015860243.1	FosX/FosE/FosI family fosfomycin resistance hydrolase	NF000222.1	FosX/FosE/FosI family fosfomycin resistance hydrolase
6c304d7909e16d801a071ee756365262	blaIII	class A beta-lactamase BlaIII	core	AMR	AMR	BETA-LACTAM	BETA-LACTAM	BLASTP	316	316	100.00	99.05	316	WP_000497840.1	class A beta-lactamase BlaIII	NF041270.1	class A beta-lactamase BlaIII
7491bcd062bb3410797d0fd42d26063d	sat4	streptothricin N-acetyltransferase Sat4	core	AMR	AMR	STREPTOTHRICIN	STREPTOTHRICIN	BLASTP	180	180	100.00	99.44	180	WP_000627290.1	streptothricin N-acetyltransferase Sat4	NF000360.1	streptothricin N-acetyltransferase Sat4
77dad5693b3e919c0dc238856458aefa	qacH	quaternary ammonium compound efflux SMR transporter QacH	core	STRESS	BIOCIDE	QUATERNARY AMMONIUM	QUATERNARY AMMONIUM	EXACTP	125	125	100.00	100.00	125	WP_000121134.1	quaternary ammonium compound efflux SMR transporter QacH	NA	NA
7fa56d62ca55ae827a95c22e40d18d09	vat	Vat family streptogramin A O-acetyltransferase	core	AMR	AMR	STREPTOGRAMIN	STREPTOGRAMIN	HMM	221	210	98.57	82.13	207	WP_071218948.1	Vat family streptogramin A O-acetyltransferase	NF000311.1	Vat family streptogramin A O-acetyltransferase
8c1fe2f1c11cc15e565d40385f347435	arr	NAD(+)--rifampin ADP-ribosyltransferase	core	AMR	AMR	RIFAMYCIN	RIFAMYCIN	HMM	137	137	99.27	68.38	136	WP_012695486.1	NAD(+)--rifampin ADP-ribosyltransferase	NF033144.1	NAD(+)--rifampin ADP-ribosyltransferase
8f15fe5571e5c9fb2ef34d6ec655136e	blaOXA	OXA-1043 family class D beta-lactamase	core	AMR	AMR	BETA-LACTAM	BETA-LACTAM	HMM	269	268	100.00	84.39	269	WP_077021671.1	OXA-1043 family class D beta-lactamase	NF040600.1	OXA-1043 family class D beta-lactamase
9a8ba5baef1ae54f3292f25dc6c9d378	tet(O)	tetracycline resistance ribosomal protection protein Tet(O)	core	AMR	AMR	TETRACYCLINE	TETRACYCLINE	EXACTP	639	639	100.00	100.00	639	WP_002909882.1	tetracycline resistance ribosomal protection protein Tet(O)	NF033148.1	TetM/TetW/TetO/TetS family tetracycline resistance ribosomal protection protein
a14e866dca2a04496e3ab5f8440f2078	erm(B)	23S rRNA (adenine(2058)-N(6))-methyltransferase Erm(B)	core	AMR	AMR	LINCOSAMIDE/MACROLIDE/STREPTOGRAMIN	CLINDAMYCIN/ERYTHROMYCIN/STREPTOGRAMIN B	BLASTP	245	245	100.00	99.18	245	WP_002321849.1	23S rRNA (adenine(2058)-N(6))-methyltransferase Erm(B)	NF012220.1	23S rRNA (adenine(2058)-N(6))-methyltransferase Erm(B)
a4a692230e5431a0f157803ae84f360d	qacE	quaternary ammonium compound efflux SMR transporter QacE	core	STRESS	BIOCIDE	QUATERNARY AMMONIUM	QUATERNARY AMMONIUM	BLASTP	110	110	100.00	99.09	110	WP_010890145.1	quaternary ammonium compound efflux SMR transporter QacE	NF000276.2	quaternary ammonium compound efflux SMR transporter QacE
ab081fce5a2daba7d3535516fef168cb	tmexC	multidrug efflux RND transporter periplasmic adaptor subunit TMexC	core	AMR	AMR	TETRACYCLINE	TIGECYCLINE	BLASTP	387	387	100.00	98.45	387	WP_088903431.1	multidrug efflux RND transporter periplasmic adaptor subunit TMexC2	NA	NA
abbc01510421ca7d12e8f68317e61cc1	aph(3'')-Ib	aminoglycoside O-phosphotransferase APH(3'')-Ib	core	AMR	AMR	AMINOGLYCOSIDE	STREPTOMYCIN	BLASTP	267	267	100.00	99.63	267	WP_001082319.1	aminoglycoside O-phosphotransferase APH(3'')-Ib	NF032895.1	aminoglycoside O-phosphotransferase APH(3'')-Ib
adecea0a59896720db61bd7edc6c617f	tet(O)	tetracycline resistance ribosomal protection protein Tet(O)	core	AMR	AMR	TETRACYCLINE	TETRACYCLINE	BLASTP	639	639	100.00	99.37	639	WP_002779752.1	tetracycline resistance ribosomal protection protein Tet(O)	NF033148.1	TetM/TetW/TetO/TetS family tetracycline resistance ribosomal protection protein
b8996192d5ae7c0d024e2d56f92ee35d	blaSHV-1	broad-spectrum class A beta-lactamase SHV-1	core	AMR	AMR	BETA-LACTAM	BETA-LACTAM	ALLELEP	286	286	100.00	100.00	286	WP_001620095.1	broad-spectrum class A beta-lactamase SHV-1	NF000285.3	SHV family class A beta-lactamase
bb3b5c18d486873c28410216f63a909e	qepA4	fluoroquinolone efflux MFS transporter QepA4	core	AMR	AMR	QUINOLONE	QUINOLONE	ALLELEP	511	511	100.00	100.00	511	WP_064760451.1	fluoroquinolone efflux MFS transporter QepA4	NF012169.0	fluoroquinolone efflux MFS transporter QepA
bb57cfce5970a5f0340f59a5a12ec5c0	aadA2	ANT(3'')-Ia family aminoglycoside nucleotidyltransferase AadA2	core	AMR	AMR	AMINOGLYCOSIDE	STREPTOMYCIN	BLASTP	263	263	100.00	99.62	263	WP_001261740.1	ANT(3'')-Ia family aminoglycoside nucleotidyltransferase AadA2	NF012157.0	ANT(3'')-I family aminoglycoside nucleotidyltransferase
c05d7fd85b11905b911aa13ac99e27f0	blaOXA	class D beta-lactamase	core	AMR	AMR	BETA-LACTAM	BETA-LACTAM	HMM	265	269	99.63	58.76	274	WP_014932145.1	class D beta-lactamase	NF012161.0	class D beta-lactamase
c0a112fc2ca7fde2baf6aefa2647be62	tet(M)	tetracycline resistance ribosomal protection protein Tet(M)	core	AMR	AMR	TETRACYCLINE	TETRACYCLINE	BLASTP	639	639	100.00	98.12	639	WP_000691729.1	tetracycline resistance ribosomal protection protein Tet(M)	NF012155.1	tetracycline resistance ribosomal protection protein Tet(M)
d9b1db48b4ba054f13a56f5c7a0f4edf	blaOXA	class D beta-lactamase	core	AMR	AMR	BETA-LACTAM	BETA-LACTAM	HMM	269	261	98.08	47.55	265	WP_032835180.1	class D beta-lactamase	NF012161.0	class D beta-lactamase
dcb05551a364de51e4b5a26c856df6e3	rox	rifampin monooxygenase	core	AMR	AMR	RIFAMYCIN	RIFAMPIN	HMM	484	476	99.37	79.07	473	WP_015031687.1	rifampin monooxygenase	NF033145.1	rifampin monooxygenase
e2cc7e61a0ab515ee0dedfee2343102f	ant(3'')-IId	aminoglycoside nucleotidyltransferase ANT(3')-IId	core	AMR	AMR	AMINOGLYCOSIDE	SPECTINOMYCIN/STREPTOMYCIN	EXACTP	262	262	100.00	100.00	262	WP_038350081.1	aminoglycoside nucleotidyltransferase ANT(3')-IId	NA	NA
e70173add919e51b29cdac3ad751a89e	blaKPC-14	inhibitor-resistant extended-spectrum class A beta-lactamase KPC-14	core	AMR	AMR	BETA-LACTAM	CEPHALOSPORIN	ALLELEP	291	291	100.00	100.00	291	WP_063860636.1	inhibitor-resistant extended-spectrum class A beta-lactamase KPC-14	NF012141.1	KPC family carbapenem-hydrolyzing class A beta-lactamase
e923ffb4b49f09d7f3201b4b54feae05	dfrA41	trimethoprim-resistant dihydrofolate reductase DfrA41	core	AMR	AMR	TRIMETHOPRIM	TRIMETHOPRIM	EXACTP	170	170	100.00	100.00	170	WP_004729503.1	trimethoprim-resistant dihydrofolate reductase DfrA41	NA	NA
f713bf64f8ec8fa2ef570d7ae99ce5d7	cpt	chloramphenicol phosphotransferase CPT	core	AMR	AMR	PHENICOL	CHLORAMPHENICOL	HMM	177	176	97.73	75.58	172	WP_010982315.1	chloramphenicol phosphotransferase CPT	NF033114.1	chloramphenicol phosphotransferase CPT
f8d6a9dd5e1f41b9080d748dc17a2cae	toprJ	multidrug efflux transporter outer membrane subunit TOprJ	core	AMR	AMR	TETRACYCLINE	TIGECYCLINE	BLASTP	477	477	100.00	99.79	477	WP_088903432.1	multidrug efflux transporter outer membrane subunit TOprJ2	NA	NA
01403c5a7276ed82e688618a51880de8	ant(2'')-Ia	aminoglycoside nucleotidyltransferase ANT(2'')-Ia	core	AMR	AMR	AMINOGLYCOSIDE	GENTAMICIN/KANAMYCIN/TOBRAMYCIN	EXACTP	177	177	100.00	100.00	177	WP_000381803.1	aminoglycoside nucleotidyltransferase ANT(2'')-Ia	NF000064.3	aminoglycoside nucleotidyltransferase ANT(2'')-Ia
0a7050d16dcc1ccac76740d64892f766	tmexC	multidrug efflux RND transporter periplasmic adaptor subunit TMexC	core	AMR	AMR	TETRACYCLINE	TIGECYCLINE	BLASTP	387	387	100.00	99.74	387	WP_034039546.1	multidrug efflux RND transporter periplasmic adaptor subunit TMexC3	NA	NA
0e5c1032d8bca6a4f8a748b1783cb681	aac(3)-II	AAC(3)-II family aminoglycoside N-acetyltransferase	core	AMR	AMR	AMINOGLYCOSIDE	GENTAMICIN	HMM	289	269	97.77	77.19	263	WP_033147097.1	AAC(3)-II family aminoglycoside N-acetyltransferase	NF033080.0	AAC(3)-II family aminoglycoside N-acetyltransferase
1e321a92dc276ab44e61797e5cb54ee4	rox	rifampin monooxygenase	core	AMR	AMR	RIFAMYCIN	RIFAMPIN	HMM	514	476	98.95	66.88	471	WP_015031687.1	rifampin monooxygenase	NF033145.1	rifampin monooxygenase
2e979b70c07d74870fda24db305288b8	msr(A)	ABC-F type ribosomal protection protein Msr(A)	core	AMR	AMR	MACROLIDE/STREPTOGRAMIN	ERYTHROMYCIN/STREPTOGRAMIN B	BLASTP	488	488	100.00	99.80	488	WP_002447408.1	ABC-F type ribosomal protection protein Msr(A)	NF000256.1	ABC-F type ribosomal protection protein Msr(A)
2f7ab48cab60ae6fb48eb102b30977d3	sul1	sulfonamide-resistant dihydropteroate synthase Sul1	core	AMR	AMR	SULFONAMIDE	SULFONAMIDE	BLASTP	283	283	100.00	99.65	283	WP_000946487.1	sulfonamide-resistant dihydropteroate synthase Sul1	NF000294.1	sulfonamide-resistant dihydropteroate synthase Sul1
4c8abfe6584054c230246e4bdb4fc802	sul2	sulfonamide-resistant dihydropteroate synthase Sul2	core	AMR	AMR	SULFONAMIDE	SULFONAMIDE	BLASTP	271	271	100.00	99.63	271	WP_001043260.1	sulfonamide-resistant dihydropteroate synthase Sul2	NF000295.1	sulfonamide-resistant dihydropteroate synthase Sul2
53a11cddf3148ae522a336b69ef14edd	tet(M)	tetracycline resistance ribosomal protection protein Tet(M)	core	AMR	AMR	TETRACYCLINE	TETRACYCLINE	BLASTP	639	639	100.00	99.53	639	WP_063856111.1	tetracycline resistance ribosomal protection protein Tet(M)	NF012155.1	tetracycline resistance ribosomal protection protein Tet(M)
57b7df56be8e2575d02d46ef3a263c9a	blaOXA	class D beta-lactamase	core	AMR	AMR	BETA-LACTAM	BETA-LACTAM	HMM	272	275	99.27	67.77	273	WP_102607464.1	class D beta-lactamase	NF000270.1	class D beta-lactamase
59b0fa82e09f0abc429123bb141ea51b	aadA1	ANT(3'')-Ia family aminoglycoside nucleotidyltransferase AadA1	core	AMR	AMR	AMINOGLYCOSIDE	STREPTOMYCIN	BLASTP	263	263	100.00	99.62	263	WP_001209508.1	ANT(3'')-Ia family aminoglycoside nucleotidyltransferase AadA1	NF033126.1	ANT(3'')-Ia family aminoglycoside nucleotidyltransferase AadA1
5aadc13bb19917a56302664d82ea6122	aac(3)-II	AAC(3)-II family aminoglycoside N-acetyltransferase	core	AMR	AMR	AMINOGLYCOSIDE	GENTAMICIN	HMM	290	286	100.00	76.57	286	WP_063840265.1	AAC(3)-II family aminoglycoside N-acetyltransferase	NF033080.0	AAC(3)-II family aminoglycoside N-acetyltransferase
5d66ee804ad033adba548e4d6ddc671c	bla	class A beta-lactamase	core	AMR	AMR	BETA-LACTAM	BETA-LACTAM	HMM	279	291	92.44	64.58	271	WP_100663667.1	class A beta-lactamase	NF033103.1	class A beta-lactamase
60492336c3ffef49e591a0503c39a9ec	aph(3'')-Ib	aminoglycoside O-phosphotransferase APH(3'')-Ib	core	AMR	AMR	AMINOGLYCOSIDE	STREPTOMYCIN	BLASTP	267	267	100.00	99.63	267	WP_001082319.1	aminoglycoside O-phosphotransferase APH(3'')-Ib	NF032895.1	aminoglycoside O-phosphotransferase APH(3'')-Ib
63811f26e16caae573a5e47de2c3fe43	blaCTX-M-243	extended-spectrum class A beta-lactamase CTX-M-243	core	AMR	AMR	BETA-LACTAM	CEPHALOSPORIN	ALLELEP	291	291	100.00	100.00	291	WP_213994580.1	extended-spectrum class A beta-lactamase CTX-M-243	NF033089.1	CTX-M family extended-spectrum class A beta-lactamase
6622dae289496f2fac306f9e9eb9ee23	blaSIM-1	subclass B1 metallo-beta-lactamase SIM-1	core	AMR	AMR	BETA-LACTAM	CARBAPENEM	ALLELEP	246	246	100.00	100.00	246	WP_017901052.1	subclass B1 metallo-beta-lactamase SIM-1	NF000426.2	SIM family subclass B1 metallo-beta-lactamase
6a2bb85af021c6055ecef049fb2d36e9	catA	type A chloramphenicol O-acetyltransferase	core	AMR	AMR	PHENICOL	CHLORAMPHENICOL	HMM	207	216	95.37	64.08	206	WP_032488555.1	type A chloramphenicol O-acetyltransferase	NF000491.1	type A chloramphenicol O-acetyltransferase
7669aca9695936fc5475a07e66d928e8	mle	alpha/beta fold macrolide esterase	core	AMR	AMR	MACROLIDE	TYLOSIN	HMM	280	280	100.00	60.36	280	WP_047660123.1	alpha/beta fold macrolide esterase	NF052610.1	alpha/beta fold macrolide esterase
78551bbd7ad271aa32d1d6455b04ccf4	cmlA6	chloramphenicol efflux MFS transporter CmlA6	core	AMR	AMR	PHENICOL	CHLORAMPHENICOL	ALLELEP	419	419	100.00	100.00	419	WP_001256773.1	chloramphenicol efflux MFS transporter CmlA6	NF000509.1	CmlA family chloramphenicol efflux MFS transporter
78c5b026e0153f25979941c78bf4d06c	ampC	class C beta-lactamase	core	AMR	AMR	BETA-LACTAM	BETA-LACTAM	HMM	399	390	93.85	59.46	370	WP_029376317.1	class C beta-lactamase	NF033085.1	class C beta-lactamase
7a7172562e0bb6f39142605e0ee442c3	mcr-3.5	phosphoethanolamine--lipid A transferase MCR-3.5	core	AMR	AMR	COLISTIN	COLISTIN	ALLELEP	541	541	100.00	100.00	541	WP_089613755.1	phosphoethanolamine--lipid A transferase MCR-3.5	NF033408.5	MCR-3 family phosphoethanolamine--lipid A transferase
7ac980617e81de5593ada8d6244a7dc4	bla	class A beta-lactamase	core	AMR	AMR	BETA-LACTAM	BETA-LACTAM	HMM	334	345	94.49	36.25	331	WP_063842277.1	class A beta-lactamase	NF033103.1	class A beta-lactamase
7eac975ea0e400397d7f8752ea12c02a	blaTEM-54	inhibitor-resistant broad-spectrum class A beta-lactamase TEM-54	core	AMR	AMR	BETA-LACTAM	BETA-LACTAM	ALLELEP	286	286	100.00	100.00	286	WP_063864930.1	inhibitor-resistant broad-spectrum class A beta-lactamase TEM-54	NF000531.2	TEM family class A beta-lactamase
7f2cc29076e13bed9c9004143a407d41	lnu(F)	lincosamide nucleotidyltransferase Lnu(F)	core	AMR	AMR	LINCOSAMIDE	LINCOSAMIDE	BLASTP	273	281	97.15	99.63	273	WP_070342364.1	lincosamide nucleotidyltransferase Lnu(F)	NF000119.1	lincosamide nucleotidyltransferase Lnu(F)
83e7e7b9aa7ca7a73bc4d140b109aed1	aac(6')	aminoglycoside 6'-N-acetyltransferase	core	AMR	AMR	AMINOGLYCOSIDE	AMINOGLYCOSIDE	HMM	147	145	100.00	41.33	150	WP_005062866.1	aminoglycoside 6'-N-acetyltransferase	NF043067.1	aminoglycoside 6'-N-acetyltransferase
894d7adcd9b63b39bfcf6ec3164ae3e0	sul4	sulfonamide-resistant dihydropteroate synthase Sul4	core	AMR	AMR	SULFONAMIDE	SULFONAMIDE	BLASTP	297	287	100.00	100.00	287	WP_102607457.1	sulfonamide-resistant dihydropteroate synthase Sul4	NF033502.0	sulfonamide-resistant dihydropteroate synthase Sul4
89dc04fbd319de9109c12ba1987e33a4	varG	VarG family subclass B1-like metallo-beta-lactamase	core	AMR	AMR	BETA-LACTAM	CARBAPENEM	HMM	370	374	100.00	82.62	374	WP_000778180.1	VarG family subclass B1-like metallo-beta-lactamase	NF033574.1	VarG family subclass B1-like metallo-beta-lactamase
89fa563e4a7578faf981c49ed93b035c	blaTEM	TEM family class A beta-lactamase	core	AMR	AMR	BETA-LACTAM	BETA-LACTAM	BLASTP	286	286	100.00	99.65	286	WP_000027057.1	broad-spectrum class A beta-lactamase TEM-1	NF000531.2	TEM family class A beta-lactamase
8c1fb7db3bcf70147c895eb90e1f2f4e	blaZ	penicillin-hydrolyzing class A beta-lactamase BlaZ	core	AMR	AMR	BETA-LACTAM	BETA-LACTAM	EXACTP	281	281	100.00	100.00	281	WP_000733287.1	penicillin-hydrolyzing class A beta-lactamase BlaZ	NF033139.1	penicillin-hydrolyzing class A beta-lactamase BlaZ
9d48e9be894881c175c6a8aee0fef6ae	blaCMY	CMY-2 family class C beta-lactamase	core	AMR	AMR	BETA-LACTAM	CEPHALOSPORIN	BLASTP	381	381	100.00	99.74	381	WP_015056382.1	extended-spectrum class C beta-lactamase CMY-4	NF000191.1	CMY-2 family class C beta-lactamase
b2d81f727c641a3b1e21201338b09582	blaGES-14	carbapenem-hydrolyzing class A beta-lactamase GES-14	core	AMR	AMR	BETA-LACTAM	CARBAPENEM	ALLELEP	287	287	100.00	100.00	287	WP_063860502.1	carbapenem-hydrolyzing class A beta-lactamase GES-14	NF012103.0	GES family class A beta-lactamase
b3204ecad650b2f5cc92f8f4f3d7ecf7	bla	class A beta-lactamase	core	AMR	AMR	BETA-LACTAM	BETA-LACTAM	HMM	334	345	94.49	36.25	331	WP_063842277.1	class A beta-lactamase	NF033103.1	class A beta-lactamase
be4fa55e7585964e338659cf3ee3ea2f	ant(6)	aminoglycoside 6-nucleotidyltransferase	core	AMR	AMR	AMINOGLYCOSIDE	STREPTOMYCIN	HMM	286	284	98.59	58.21	280	WP_003229862.1	aminoglycoside 6-nucleotidyltransferase	NF033084.2	aminoglycoside 6-nucleotidyltransferase
c242be367603a436302c08d1790d3121	blaGES-1	extended-spectrum class A beta-lactamase GES-1	core	AMR	AMR	BETA-LACTAM	CEPHALOSPORIN	ALLELEP	287	287	100.00	100.00	287	WP_013250881.1	extended-spectrum class A beta-lactamase GES-1	NF012103.0	GES family class A beta-lactamase
c4458f40df3dbc1c47ad4d88c1d6c7ad	sul1	sulfonamide-resistant dihydropteroate synthase Sul1	core	AMR	AMR	SULFONAMIDE	SULFONAMIDE	BLASTP	279	279	100.00	99.64	279	WP_000259018.1	sulfonamide-resistant dihydropteroate synthase Sul1	NF000294.1	sulfonamide-resistant dihydropteroate synthase Sul1
c7d629f7e4228d017d959a19c4a89db4	tet(B)	tetracycline efflux MFS transporter Tet(B)	core	AMR	AMR	TETRACYCLINE	TETRACYCLINE	BLASTP	401	401	100.00	99.75	401	WP_001089072.1	tetracycline efflux MFS transporter Tet(B)	NF012190.1	tetracycline efflux MFS transporter Tet(B)
cf6e50d8944a8097534172df7c2a1225	mph	Mph(E)/Mph(G) family macrolide 2'-phosphotransferase	core	AMR	AMR	MACROLIDE	MACROLIDE	HMM	295	294	100.00	59.86	294	WP_014325835.1	Mph(E)/Mph(G) family macrolide 2'-phosphotransferase	NF000241.1	Mph(E)/Mph(G) family macrolide 2'-phosphotransferase
d26f6a87db1d6bcf57c46aa2645cafbc	nimE	5-nitroimidazole reductase NimE	core	AMR	AMR	NITROIMIDAZOLE	NITROIMIDAZOLE	EXACTP	170	170	100.00	100.00	170	WP_005812773.1	5-nitroimidazole reductase NimE	NF000261.1	NimABCDEF family 5-nitroimidazole reductase
db056d3783c5df7e26f3911f561b33e6	ampC	class C beta-lactamase	core	AMR	AMR	BETA-LACTAM	BETA-LACTAM	HMM	386	450	82.67	59.68	372	WP_232734851.1	class C beta-lactamase	NF033085.1	class C beta-lactamase
e7535fa5042d436d33352fda0dc43430	bla	class A beta-lactamase	core	AMR	AMR	BETA-LACTAM	BETA-LACTAM	HMM	285	308	91.23	40.35	285	WP_105796499.1	class A beta-lactamase	NF033103.1	class A beta-lactamase
ee9f77989b5559eb6065e5eccbb2011f	blaCTX-M-104	extended-spectrum class A beta-lactamase CTX-M-104	core	AMR	AMR	BETA-LACTAM	CEPHALOSPORIN	ALLELEP	291	291	100.00	100.00	291	WP_042004849.1	extended-spectrum class A beta-lactamase CTX-M-104	NF033089.1	CTX-M family extended-spectrum class A beta-lactamase
efa4b7bec70ec7511c53ce64d184b6f3	tet(O)	tetracycline resistance ribosomal protection protein Tet(O)	core	AMR	AMR	TETRACYCLINE	TETRACYCLINE	BLASTP	639	639	100.00	99.69	639	WP_002779752.1	tetracycline resistance ribosomal protection protein Tet(O)	NF033148.1	TetM/TetW/TetO/TetS family tetracycline resistance ribosomal protection protein
efa717ee92863d23410f965e085238e3	aph(6)-Id	aminoglycoside O-phosphotransferase APH(6)-Id	core	AMR	AMR	AMINOGLYCOSIDE	STREPTOMYCIN	BLASTP	278	278	100.00	99.64	278	WP_000480968.1	aminoglycoside O-phosphotransferase APH(6)-Id	NF012171.0	APH(6)-I family aminoglycoside O-phosphotransferase
f64b5b1a09bfd2c08bb9bc58b4478792	bla	class A beta-lactamase	core	AMR	AMR	BETA-LACTAM	BETA-LACTAM	HMM	334	345	86.09	38.74	302	WP_063842277.1	class A beta-lactamase	NF033103.1	class A beta-lactamase
06ca173a36f77cb096f5009e692f3a6c	mecR1	beta-lactam sensor/signal transducer MecR1	core	AMR	AMR	BETA-LACTAM	METHICILLIN	PARTIALP	328	585	55.56	100.00	325	WP_000952923.1	beta-lactam sensor/signal transducer MecR1	NA	NA
0a89bfe883d82bfb2deb04589f37c3b8	vanH-B	D-lactate dehydrogenase VanH-B	core	AMR	AMR	GLYCOPEPTIDE	VANCOMYCIN	BLASTP	323	323	100.00	99.69	323	WP_063856701.1	D-lactate dehydrogenase VanH-B	NF000492.1	D-lactate dehydrogenase VanH
0b6750932ef4df811d2cd91b93cb7997	vanB	D-alanine--(R)-lactate ligase VanB	core	AMR	AMR	GLYCOPEPTIDE	VANCOMYCIN	BLASTP	342	342	100.00	99.71	342	WP_002593938.1	D-alanine--(R)-lactate ligase VanB	NF012216.1	D-alanine--(R)-lactate ligase VanB
14d196ca51b8cc0af959728ba87670e4	ant(3'')	ANT(3'')-I family aminoglycoside nucleotidyltransferase	core	AMR	AMR	AMINOGLYCOSIDE	SPECTINOMYCIN/STREPTOMYCIN	HMM	281	281	100.00	87.19	281	WP_001749984.1	ANT(3'')-I family aminoglycoside nucleotidyltransferase	NF012157.0	ANT(3'')-I family aminoglycoside nucleotidyltransferase
30972e75740d0fe6efb9d91fd7b05130	fosB	FosB family fosfomycin resistance bacillithiol transferase	core	AMR	AMR	FOSFOMYCIN	FOSFOMYCIN	BLASTP	142	142	100.00	99.30	142	WP_002467687.1	FosB family fosfomycin resistance bacillithiol transferase	NF000063.1	FosB family fosfomycin resistance bacillithiol transferase
3ba63152f639663613f5c6a36f6a1053	blaIMP-10	xeruborbactam-resistant subclass B1 metallo-beta-lactamase IMP-10	core	AMR	AMR	BETA-LACTAM	CARBAPENEM/XERUBORBACTAM	ALLELEP	246	246	100.00	100.00	246	WP_032490175.1	xeruborbactam-resistant subclass B1 metallo-beta-lactamase IMP-10	NF012147.1	IMP family subclass B1 metallo-beta-lactamase
3bafa1acc824aa6397aff6ebbbd27c50	tet	Tet(L)/Tet(K)/Tet(45) family tetracycline efflux MFS transporter	core	AMR	AMR	TETRACYCLINE	TETRACYCLINE	HMM	458	458	100.00	91.70	458	WP_063855885.1	Tet(L)/Tet(K)/Tet(45) family tetracycline efflux MFS transporter	NF012175.1	Tet(L)/Tet(K)/Tet(45) family tetracycline efflux MFS transporter
3dca239818fd5fd24c1e659e0189eca4	cml	Cmx/CmrA family chloramphenicol efflux MFS transporter	core	AMR	AMR	PHENICOL	CHLORAMPHENICOL	HMM	394	391	97.95	66.41	384	WP_005297378.1	Cmx/CmrA family chloramphenicol efflux MFS transporter	NF033135.1	Cmx/CmrA family chloramphenicol efflux MFS transporter
47d8d8ad84e7cb523a87f5e8ddccf4f0	mcr-3.1	phosphoethanolamine--lipid A transferase MCR-3.1	core	AMR	AMR	COLISTIN	COLISTIN	ALLELEP	541	541	100.00	100.00	541	WP_039026394.1	phosphoethanolamine--lipid A transferase MCR-3.1	NF033408.5	MCR-3 family phosphoethanolamine--lipid A transferase
5181ec9d7085a792c798127bb5c901a7	catA	type A chloramphenicol O-acetyltransferase	core	AMR	AMR	PHENICOL	CHLORAMPHENICOL	HMM	215	215	100.00	86.05	215	WP_035203840.1	type A chloramphenicol O-acetyltransferase	NF000491.1	type A chloramphenicol O-acetyltransferase
585bc89ce16d4e4e6702e31fd47dd4a7	tet(H)	tetracycline efflux MFS transporter Tet(H)	core	AMR	AMR	TETRACYCLINE	TETRACYCLINE	EXACTP	400	400	100.00	100.00	400	WP_006248867.1	tetracycline efflux MFS transporter Tet(H)	NF012195.0	tetracycline efflux MFS transporter Tet(H)
5fcc8ec4b57ed8f0c995df3006f848ef	cmrA	chloramphenicol efflux MFS transporter CmrA	core	AMR	AMR	PHENICOL	CHLORAMPHENICOL	BLASTP	391	391	100.00	99.49	391	WP_063844243.1	chloramphenicol efflux MFS transporter CmrA	NF033135.1	Cmx/CmrA family chloramphenicol efflux MFS transporter
686a10cd0b2586eee42d02f8880d321c	aadA31	ANT(3'')-Ia family aminoglycoside nucleotidyltransferase AadA31	core	AMR	AMR	AMINOGLYCOSIDE	STREPTOMYCIN	BLASTP	262	262	100.00	99.62	262	WP_031192893.1	ANT(3'')-Ia family aminoglycoside nucleotidyltransferase AadA31	NF012157.0	ANT(3'')-I family aminoglycoside nucleotidyltransferase
6d73bda9123490f30694065be024d836	vanR-A	vancomycin resistance response regulator transcription factor VanR-A	core	AMR	AMR	GLYCOPEPTIDE	VANCOMYCIN	BLASTP	231	231	100.00	92.64	231	WP_063856721.1	vancomycin resistance response regulator transcription factor VanR-A	NF000401.1	vancomycin resistance response regulator transcription factor VanR-A
70ed7bfff73564b9ce10d5959e3cda78	tet(M)	tetracycline resistance ribosomal protection protein Tet(M)	core	AMR	AMR	TETRACYCLINE	TETRACYCLINE	BLASTP	639	639	100.00	99.84	639	WP_000691736.1	tetracycline resistance ribosomal protection protein Tet(M)	NF012155.1	tetracycline resistance ribosomal protection protein Tet(M)
7216fa483b22b97f329017e3c1b06700	dfrA14	trimethoprim-resistant dihydrofolate reductase DfrA14	core	AMR	AMR	TRIMETHOPRIM	TRIMETHOPRIM	BLASTP	157	157	99.36	100.00	156	WP_004201280.1	trimethoprim-resistant dihydrofolate reductase DfrA14	NF000330.1	trimethoprim-resistant dihydrofolate reductase DfrA
7676582a40c977fc09288231e882db59	cfr	23S rRNA (adenine(2503)-C(8))-methyltransferase Cfr	core	AMR	AMR	LINCOSAMIDE/OXAZOLIDINONE/PHENICOL/PLEUROMUTILIN/STREPTOGRAMIN	CHLORAMPHENICOL/CLINDAMYCIN/FLORFENICOL/LINEZOLID/STREPTOGRAMIN B/TIAMULIN/VIRGINIAMYCIN	BLASTP	349	349	100.00	99.71	349	WP_001010505.1	23S rRNA (adenine(2503)-C(8))-methyltransferase Cfr	NF000424.4	Cfr family 23S rRNA (adenine(2503)-C(8))-methyltransferase
78f5265f4f3e30cdef3aa245e0b50610	msr(E)	ABC-F type ribosomal protection protein Msr(E)	core	AMR	AMR	MACROLIDE/STREPTOGRAMIN	AZITHROMYCIN/ERYTHROMYCIN/STREPTOGRAMIN	BLASTP	487	491	99.19	100.00	487	WP_000052512.1	ABC-F type ribosomal protection protein Msr(E)	NF000168.2	Msr family ABC-F type ribosomal protection protein
7e2c4d266a136aa138586eb3eb390d79	vanS-Pt	vancomycin resistance histidine kinase VanS-Pt	core	AMR	AMR	GLYCOPEPTIDE	VANCOMYCIN	BLASTP	388	386	100.00	90.98	388	WP_063856741.1	vancomycin resistance histidine kinase VanS-Pt	NF033091.0	vancomycin resistance histidine kinase VanS
8162550f6e3a9b39bce18a5757f06b56	tet(A)	tetracycline efflux MFS transporter Tet(A)	core	AMR	AMR	TETRACYCLINE	TETRACYCLINE	BLASTP	399	399	100.00	99.00	399	WP_000804064.1	tetracycline efflux MFS transporter Tet(A)	NF012193.0	tetracycline efflux MFS transporter Tet(A)
87dad53dc3aea38ecabd191339884a1a	tet(33)	tetracycline efflux MFS transporter Tet(33)	core	AMR	AMR	TETRACYCLINE	TETRACYCLINE	BLASTP	407	407	100.00	99.26	407	WP_010991840.1	tetracycline efflux MFS transporter Tet(33)	NF012174.0	Tet(A)/Tet(B)/Tet(C) family tetracycline efflux MFS transporter
8bdc7b4525a4d38d4e770f2f02d0658e	dfrA22	trimethoprim-resistant dihydrofolate reductase DfrA22	core	AMR	AMR	TRIMETHOPRIM	TRIMETHOPRIM	EXACTP	165	165	100.00	100.00	165	WP_032667553.1	trimethoprim-resistant dihydrofolate reductase DfrA22	NF000055.3	DfrA12/DfrA21 family trimethoprim-resistant dihydrofolate reductase
8db17b33241aac418b54a9cb8fbec134	blaSHV-18	extended-spectrum class A beta-lactamase SHV-18	core	AMR	AMR	BETA-LACTAM	CEPHALOSPORIN	ALLELEP	286	286	100.00	100.00	286	WP_063864658.1	extended-spectrum class A beta-lactamase SHV-18	NF000285.3	SHV family class A beta-lactamase
90341d867df2dcadc6cd436a9a8c89a9	blaZ	penicillin-hydrolyzing class A beta-lactamase BlaZ	core	AMR	AMR	BETA-LACTAM	BETA-LACTAM	BLASTP	281	281	100.00	99.64	281	WP_000733274.1	penicillin-hydrolyzing class A beta-lactamase BlaZ	NF033139.1	penicillin-hydrolyzing class A beta-lactamase BlaZ
9261574bc3ee3e5b797be941ca3a22c9	mcr-4.3	phosphoethanolamine--lipid A transferase MCR-4.3	core	AMR	AMR	COLISTIN	COLISTIN	ALLELEP	541	541	100.00	100.00	541	WP_011638903.1	phosphoethanolamine--lipid A transferase MCR-4.3	NF033462.1	MCR-4 family phosphoethanolamine--lipid A transferase
9d1e3188ac0464dc9012adb5b30bd676	bla	class A beta-lactamase	core	AMR	AMR	BETA-LACTAM	BETA-LACTAM	HMM	334	345	94.49	36.25	331	WP_063842277.1	class A beta-lactamase	NF033103.1	class A beta-lactamase
9dca39a1834c234810ea90dbe4c60cd2	blaR1	beta-lactam sensor/signal transducer BlaR1	core	AMR	AMR	BETA-LACTAM	BETA-LACTAM	BLASTP	585	585	100.00	99.83	585	WP_001096386.1	beta-lactam sensor/signal transducer BlaR1	NF033108.1	beta-lactam sensor/signal transducer BlaR1
a6c2c3e7408f33a731cd54d43cf28e3f	blaOXA	class D beta-lactamase	core	AMR	AMR	BETA-LACTAM	BETA-LACTAM	HMM	275	279	98.92	66.30	276	WP_102607461.1	class D beta-lactamase	NF000270.1	class D beta-lactamase
abdefb49d627b4ef557f0c44dc7b420b	erm(B)	23S rRNA (adenine(2058)-N(6))-methyltransferase Erm(B)	core	AMR	AMR	LINCOSAMIDE/MACROLIDE/STREPTOGRAMIN	CLINDAMYCIN/ERYTHROMYCIN/STREPTOGRAMIN B	BLASTP	245	245	100.00	99.59	245	WP_001038790.1	23S rRNA (adenine(2058)-N(6))-methyltransferase Erm(B)	NF012220.1	23S rRNA (adenine(2058)-N(6))-methyltransferase Erm(B)
abec9f69f0125c1a3adfe26f2e2e0ba2	mecA	PBP2a family beta-lactam-resistant peptidoglycan transpeptidase MecA	core	AMR	AMR	BETA-LACTAM	METHICILLIN	BLASTP	669	668	100.00	100.00	668	WP_000721310.1	PBP2a family beta-lactam-resistant peptidoglycan transpeptidase MecA	NF000409.1	PBP2a family beta-lactam-resistant peptidoglycan transpeptidase MecA
b04f055c36f0ce9179c043c895a3e5ba	optrA	ABC-F type ribosomal protection protein OptrA	core	AMR	AMR	OXAZOLIDINONE/PHENICOL	FLORFENICOL/OXAZOLIDINONE	BLASTP	655	655	100.00	99.69	655	WP_063854496.1	ABC-F type ribosomal protection protein OptrA	NF000514.1	ABC-F type ribosomal protection protein OptrA
b3f8a42327b8b6fe099b5732ee0e9d0f	tmexC3	multidrug efflux RND transporter periplasmic adaptor subunit TMexC3	core	AMR	AMR	TETRACYCLINE	TIGECYCLINE	ALLELEP	387	387	100.00	100.00	387	WP_034039546.1	multidrug efflux RND transporter periplasmic adaptor subunit TMexC3	NA	NA
c42b1e45b7e0683359438a327deb86ac	aac(3)-II	AAC(3)-II family aminoglycoside N-acetyltransferase	core	AMR	AMR	AMINOGLYCOSIDE	GENTAMICIN	HMM	270	286	93.36	73.78	267	WP_015060297.1	AAC(3)-II family aminoglycoside N-acetyltransferase	NF033080.0	AAC(3)-II family aminoglycoside N-acetyltransferase
c6f64d02329b102db5c40e354f1e30bc	blaCMY	CMY-2 family class C beta-lactamase	core	AMR	AMR	BETA-LACTAM	CEPHALOSPORIN	BLASTP	381	381	100.00	99.74	381	WP_015056382.1	extended-spectrum class C beta-lactamase CMY-4	NF000191.1	CMY-2 family class C beta-lactamase
c8d7ed5b06b9117ea29c6db8a8da0812	aac(3)	aminoglycoside 3-N-acetyltransferase	core	AMR	AMR	AMINOGLYCOSIDE	GENTAMICIN	HMM	270	269	98.88	51.88	266	WP_033147097.1	aminoglycoside 3-N-acetyltransferase	NF033082.0	aminoglycoside 3-N-acetyltransferase
cc521d2245897a16a3a5c157c4efbe8b	fos	fosfomycin resistance glutathione transferase	core	AMR	AMR	FOSFOMYCIN	FOSFOMYCIN	HMM	132	139	98.56	64.23	137	WP_004214174.1	fosfomycin resistance glutathione transferase	NF000496.1	fosfomycin resistance glutathione transferase
d7ccbbfd0ece35159f7039fe02684b20	ampC	class C beta-lactamase	core	AMR	AMR	BETA-LACTAM	BETA-LACTAM	HMM	396	390	99.74	59.90	389	WP_063860890.1	class C beta-lactamase	NF033085.1	class C beta-lactamase
db0cacf24b6dc1d019790611f5556f9d	vanX-B	D-Ala-D-Ala dipeptidase VanX-B	core	AMR	AMR	GLYCOPEPTIDE	VANCOMYCIN	EXACTP	202	202	100.00	100.00	202	WP_002317266.1	D-Ala-D-Ala dipeptidase VanX-B	NF033115.1	D-Ala-D-Ala dipeptidase VanX
df9292bb206f35088ecfba8f9163996c	aphA16	APH(3') family aminoglycoside O-phosphotransferase AphA16	core	AMR	AMR	AMINOGLYCOSIDE	AMIKACIN/KANAMYCIN	EXACTP	262	262	100.00	100.00	262	WP_004206941.1	APH(3') family aminoglycoside O-phosphotransferase AphA16	NF033112.0	APH(3') family aminoglycoside O-phosphotransferase AphA16
e0e74932ad0f781bbb856d7a6808ae58	bleO	bleomycin binding protein	core	AMR	AMR	BLEOMYCIN	BLEOMYCIN	EXACTP	134	134	100.00	100.00	134	WP_001242578.1	bleomycin binding protein	NF000027.1	bleomycin binding protein
e1b75c7afa5b4b415b090752191fa6d1	bla	class A beta-lactamase	core	AMR	AMR	BETA-LACTAM	BETA-LACTAM	HMM	292	295	98.31	55.52	290	WP_075226241.1	class A beta-lactamase	NF033103.1	class A beta-lactamase
e528cda2967d2398c2ba147aacec87d8	cmlA1	chloramphenicol efflux MFS transporter CmlA1	core	AMR	AMR	PHENICOL	CHLORAMPHENICOL	BLASTP	419	419	100.00	99.76	419	WP_000095725.1	chloramphenicol efflux MFS transporter CmlA1	NF000509.1	CmlA family chloramphenicol efflux MFS transporter
e97c87dd9bcab046d93e6cd70827f553	ampC	class C beta-lactamase	core	AMR	AMR	BETA-LACTAM	BETA-LACTAM	HMM	396	396	97.47	61.66	386	WP_128268282.1	class C beta-lactamase	NF033085.1	class C beta-lactamase
e9925aa91e19ad51c79e0784a82b9771	cmlA1	chloramphenicol efflux MFS transporter CmlA1	core	AMR	AMR	PHENICOL	CHLORAMPHENICOL	BLASTP	419	419	100.00	99.76	419	WP_000095725.1	chloramphenicol efflux MFS transporter CmlA1	NF000509.1	CmlA family chloramphenicol efflux MFS transporter
ee984d3bac3bd715dc7f08467cb1a95e	catB11	type B-2 chloramphenicol O-acetyltransferase CatB11	core	AMR	AMR	PHENICOL	CHLORAMPHENICOL	ALLELEP	210	210	100.00	100.00	210	WP_000800689.1	type B-2 chloramphenicol O-acetyltransferase CatB11	NF000490.1	type B chloramphenicol O-acetyltransferase
efa324245f2ce63826c4f73124261015	msr(A)	ABC-F type ribosomal protection protein Msr(A)	core	AMR	AMR	MACROLIDE/STREPTOGRAMIN	ERYTHROMYCIN/STREPTOGRAMIN B	EXACTP	488	488	100.00	100.00	488	WP_000438874.1	ABC-F type ribosomal protection protein Msr(A)	NF000256.1	ABC-F type ribosomal protection protein Msr(A)
f24c6b3e181ed26899aae8cfdc5ec6ca	blaCMY-185	inhibitor-resistant extended spectrum class C beta-lactamase CMY-185	core	AMR	AMR	BETA-LACTAM	CEPHALOSPORIN/TANIBORBACTAM	ALLELEP	381	381	100.00	100.00	381	WP_274293082.1	inhibitor-resistant extended spectrum class C beta-lactamase CMY-185	NF000191.1	CMY-2 family class C beta-lactamase
f59e927622a1829fb807ddc29465dc46	tet(O)	tetracycline resistance ribosomal protection protein Tet(O)	core	AMR	AMR	TETRACYCLINE	TETRACYCLINE	BLASTP	639	639	100.00	99.06	639	WP_012669445.1	tetracycline resistance ribosomal protection protein Tet(O)	NF033148.1	TetM/TetW/TetO/TetS family tetracycline resistance ribosomal protection protein
f6c80191969590b3626aab39989cf5da	vanS-B	vancomycin resistance histidine kinase VanS-B	core	AMR	AMR	GLYCOPEPTIDE	VANCOMYCIN	BLASTP	447	447	100.00	99.55	447	WP_002382867.1	vancomycin resistance histidine kinase VanS-B	NF033090.1	vancomycin resistance histidine kinase VanS-B
fbc3188b287bdb4b454e6e6706be0b94	erm(B)	23S rRNA (adenine(2058)-N(6))-methyltransferase Erm(B)	core	AMR	AMR	LINCOSAMIDE/MACROLIDE/STREPTOGRAMIN	CLINDAMYCIN/ERYTHROMYCIN/STREPTOGRAMIN B	BLASTP	245	245	100.00	98.78	245	WP_002321849.1	23S rRNA (adenine(2058)-N(6))-methyltransferase Erm(B)	NF012220.1	23S rRNA (adenine(2058)-N(6))-methyltransferase Erm(B)
00ae4ba7f24e545bfc9a9894a5a2979f	aph(3')-Ib	aminoglycoside O-phosphotransferase APH(3')-Ib	core	AMR	AMR	AMINOGLYCOSIDE	KANAMYCIN	BLASTP	271	271	100.00	99.63	271	WP_011205810.1	aminoglycoside O-phosphotransferase APH(3')-Ib	NF033059.2	APH(3')-I family aminoglycoside O-phosphotransferase
0319dfaa80c66efb23462c0ac0a94bbf	vat	Vat family streptogramin A O-acetyltransferase	core	AMR	AMR	STREPTOGRAMIN	STREPTOGRAMIN	HMM	207	212	91.98	57.44	195	WP_047211550.1	Vat family streptogramin A O-acetyltransferase	NF000311.1	Vat family streptogramin A O-acetyltransferase
0cc6028a763ee329c70d1516c9488687	cml	CmlA/FloR family chloramphenicol efflux MFS transporter	core	AMR	AMR	PHENICOL	CHLORAMPHENICOL	HMM	401	404	97.52	74.87	394	WP_001747811.1	CmlA/FloR family chloramphenicol efflux MFS transporter	NF033134.0	CmlA/FloR family chloramphenicol efflux MFS transporter
104b4eab1826bb37f7980abf2680fb2b	cmx	chloramphenicol efflux MFS transporter Cmx	core	AMR	AMR	PHENICOL	CHLORAMPHENICOL	BLASTP	391	391	100.00	99.74	391	WP_005297378.1	chloramphenicol efflux MFS transporter Cmx	NF000510.1	chloramphenicol efflux MFS transporter Cmx
12f7f5607cfdf7e5f11c9533eab194a7	qacE	quaternary ammonium compound efflux SMR transporter QacE	core	STRESS	BIOCIDE	QUATERNARY AMMONIUM	QUATERNARY AMMONIUM	BLASTP	115	115	100.00	99.13	115	WP_000679427.1	quaternary ammonium compound efflux SMR transporter QacE delta 1	NF000276.2	quaternary ammonium compound efflux SMR transporter QacE
14f278e0d5008209d905a0134b0f0538	blaIMI-22	carbapenem-hydrolyzing class A beta-lactamase IMI-22	core	AMR	AMR	BETA-LACTAM	CARBAPENEM	ALLELEP	292	292	100.00	100.00	292	WP_223174988.1	carbapenem-hydrolyzing class A beta-lactamase IMI-22	NF000400.3	IMI family carbapenem-hydrolyzing class A beta-lactamase
18b9f9464182e44447fc5f95838841b4	tet(M)	tetracycline resistance ribosomal protection protein Tet(M)	core	AMR	AMR	TETRACYCLINE	TETRACYCLINE	BLASTP	641	639	100.00	98.28	641	WP_024052575.1	tetracycline resistance ribosomal protection protein Tet(M)	NF012155.1	tetracycline resistance ribosomal protection protein Tet(M)
1a0391bd7682597bd669224b601e33d7	aph(3'')	APH(3'') family aminoglycoside O-phosphotransferase	core	AMR	AMR	AMINOGLYCOSIDE	STREPTOMYCIN	HMM	267	267	96.63	66.28	258	WP_001082319.1	APH(3'') family aminoglycoside O-phosphotransferase	NF032896.1	APH(3'') family aminoglycoside O-phosphotransferase
1e5465589c51daa18a77e2530a469937	tet(L)	tetracycline efflux MFS transporter Tet(L)	core	AMR	AMR	TETRACYCLINE	TETRACYCLINE	BLASTP	458	458	100.00	99.78	458	WP_001574277.1	tetracycline efflux MFS transporter Tet(L)	NF012185.0	tetracycline efflux MFS transporter Tet(L)
2163fa515840a594f377ef179445f350	blaBEL-1	extended-spectrum class A beta-lactamase BEL-1	core	AMR	AMR	BETA-LACTAM	CEPHALOSPORIN	ALLELEP	283	283	100.00	100.00	283	WP_063857830.1	extended-spectrum class A beta-lactamase BEL-1	NF000398.2	BEL family extended-spectrum class A beta-lactamase
21995816c05b28739466cc670f0ff96e	blaOXA-1204	OXA-10 family class D beta-lactamase OXA-1204	core	AMR	AMR	BETA-LACTAM	BETA-LACTAM	ALLELEP	266	266	100.00	100.00	266	WP_309258826.1	OXA-10 family class D beta-lactamase OXA-1204	NF000386.2	OXA-10 family class D beta-lactamase
247e82f5a72ddd3d554f36c3f2c8d733	arr	NAD(+)--rifampin ADP-ribosyltransferase Arr-6	core	AMR	AMR	RIFAMYCIN	RIFAMYCIN	EXACTP	150	150	100.00	100.00	150	WP_063842214.1	NAD(+)--rifampin ADP-ribosyltransferase Arr-6	NF033144.1	NAD(+)--rifampin ADP-ribosyltransferase
249075006b2c5bf1e85c308696e76107	blaVIM-85	subclass B1 metallo-beta-lactamase VIM-85	core	AMR	AMR	BETA-LACTAM	CARBAPENEM	ALLELEP	266	266	100.00	100.00	266	WP_260890415.1	subclass B1 metallo-beta-lactamase VIM-85	NF012100.0	VIM family subclass B1 metallo-beta-lactamase
29019cc200e7a208e2859709f4f837df	tet(L)	tetracycline efflux MFS transporter Tet(L)	core	AMR	AMR	TETRACYCLINE	TETRACYCLINE	BLASTP	458	458	100.00	99.13	458	WP_002294500.1	tetracycline efflux MFS transporter Tet(L)	NF012185.0	tetracycline efflux MFS transporter Tet(L)
2e47231d9ffe57f86ca1c162ae11eff4	blaOXA	class D beta-lactamase	core	AMR	AMR	BETA-LACTAM	BETA-LACTAM	HMM	272	275	98.18	66.30	270	WP_102607464.1	class D beta-lactamase	NF000270.1	class D beta-lactamase
36c2e6e810110c2422adadf99a98b59c	aac(3)-XI	aminoglycoside N-acetyltransferase AAC(3)-XI	core	AMR	AMR	AMINOGLYCOSIDE	AMINOGLYCOSIDE	EXACTP	148	148	100.00	100.00	148	WP_046095284.1	aminoglycoside N-acetyltransferase AAC(3)-XI	NF000482.1	aminoglycoside N-acetyltransferase AAC(3)-XI
374ed02b0a905bd882fe68c57866878e	dfrB6	trimethoprim-resistant dihydrofolate reductase DfrB6	core	AMR	AMR	TRIMETHOPRIM	TRIMETHOPRIM	ALLELEP	78	78	100.00	100.00	78	WP_063844479.1	trimethoprim-resistant dihydrofolate reductase DfrB6	NF000331.2	trimethoprim-resistant dihydrofolate reductase DfrB
3c0b5c2e38d04ea6297036d77382ccbe	qacB	quaternary ammonium compound efflux MFS transporter QacB	core	STRESS	BIOCIDE	QUATERNARY AMMONIUM	QUATERNARY AMMONIUM	EXACTP	514	514	100.00	100.00	514	WP_000622778.1	quaternary ammonium compound efflux MFS transporter QacB	NF000089.1	QacA/B family quaternary ammonium compound efflux MFS transporter
3f05c3d846207aab61783b5fe57ac68e	cml	CmlA/FloR family chloramphenicol efflux MFS transporter	core	AMR	AMR	PHENICOL	CHLORAMPHENICOL	HMM	398	404	98.02	71.21	396	WP_001747811.1	CmlA/FloR family chloramphenicol efflux MFS transporter	NF033134.0	CmlA/FloR family chloramphenicol efflux MFS transporter
42fa083eb1a9ab6791fb60cc7098e8ad	blaIMI-23	carbapenem-hydrolyzing class A beta-lactamase IMI-23	core	AMR	AMR	BETA-LACTAM	CARBAPENEM	ALLELEP	292	292	100.00	100.00	292	WP_223525081.1	carbapenem-hydrolyzing class A beta-lactamase IMI-23	NF000400.3	IMI family carbapenem-hydrolyzing class A beta-lactamase
4e473171c102300996823ab49656ca93	bla	class A beta-lactamase	core	AMR	AMR	BETA-LACTAM	BETA-LACTAM	HMM	296	297	94.28	42.66	286	WP_068885073.1	class A beta-lactamase	NF033103.1	class A beta-lactamase
5061929834d184f5729e893d6b3c7e23	cmrA	chloramphenicol efflux MFS transporter CmrA	core	AMR	AMR	PHENICOL	CHLORAMPHENICOL	BLASTP	391	391	100.00	98.72	391	WP_063844243.1	chloramphenicol efflux MFS transporter CmrA	NF033135.1	Cmx/CmrA family chloramphenicol efflux MFS transporter
521d5cdf6f4eb3908e77d90106c9ef3a	estX	macrolide esterase EstX	core	AMR	AMR	MACROLIDE	TYLOSIN	BLASTP	280	280	100.00	99.29	280	WP_001456218.1	macrolide esterase EstX-3	NF033124.1	macrolide esterase EstX
55bf4d0114f2d4add6e3b65079d077c0	ampC	class C beta-lactamase	core	AMR	AMR	BETA-LACTAM	BETA-LACTAM	HMM	396	396	95.96	62.37	380	WP_128268282.1	class C beta-lactamase	NF033085.1	class C beta-lactamase
585ded2341014e153190174d2851944a	fexA	chloramphenicol/florfenicol efflux MFS transporter FexA	core	AMR	AMR	PHENICOL	CHLORAMPHENICOL/FLORFENICOL	BLASTP	475	475	100.00	99.16	475	WP_015585966.1	chloramphenicol/florfenicol efflux MFS transporter FexA	NF000218.1	chloramphenicol/florfenicol efflux MFS transporter FexA
8422ecfb7e6115a8aa78c6c49910dfb5	bla	class A beta-lactamase	core	AMR	AMR	BETA-LACTAM	BETA-LACTAM	HMM	297	297	100.00	61.95	297	WP_109545074.1	class A beta-lactamase	NF033103.1	class A beta-lactamase
87ff431c0ea025559c70f84bae1be159	vanX-A	D-Ala-D-Ala dipeptidase VanX-A	core	AMR	AMR	GLYCOPEPTIDE	VANCOMYCIN	EXACTP	202	202	100.00	100.00	202	WP_000402348.1	D-Ala-D-Ala dipeptidase VanX-A	NF033115.1	D-Ala-D-Ala dipeptidase VanX
8df2587a76beaa5135ecf446172d68fd	abc-f	TlrC/CarA/OleB/SrmB family ABC-F type ribosomal protection protein	core	AMR	AMR	MACROLIDE	MACROLIDE	HMM	554	548	98.72	67.03	552	WP_063856491.1	TlrC/CarA/OleB/SrmB family ABC-F type ribosomal protection protein	NF000171.1	TlrC/CarA/OleB/SrmB family ABC-F type ribosomal protection protein
92028fdfc311d702b078a9dad26e39de	aac(3)-I	AAC(3)-I family aminoglycoside 3-N-acetyltransferase	core	AMR	AMR	AMINOGLYCOSIDE	GENTAMICIN	HMM	163	165	95.76	65.19	158	WP_063840260.1	AAC(3)-I family aminoglycoside 3-N-acetyltransferase	NF033083.0	AAC(3)-I family aminoglycoside 3-N-acetyltransferase
97341880bdf032ea1d51bfa58d7444a6	blaSCO-1	class A beta-lactamase SCO-1	core	AMR	AMR	BETA-LACTAM	BETA-LACTAM	ALLELEP	288	288	100.00	100.00	288	WP_004197546.1	class A beta-lactamase SCO-1	NF000327.2	SCO family class A beta-lactamase
9933ca935e968f25dcf5b69241035262	blaVIM-11	subclass B1 metallo-beta-lactamase VIM-11	core	AMR	AMR	BETA-LACTAM	CARBAPENEM	ALLELEP	266	266	100.00	100.00	266	WP_034080264.1	subclass B1 metallo-beta-lactamase VIM-11	NF012100.0	VIM family subclass B1 metallo-beta-lactamase
9b67f4345c8476e97dc97f0db27034df	tet(A)	tetracycline efflux MFS transporter Tet(A)	core	AMR	AMR	TETRACYCLINE	TETRACYCLINE	BLASTP	398	399	100.00	95.74	399	WP_000804064.1	tetracycline efflux MFS transporter Tet(A)	NF012193.0	tetracycline efflux MFS transporter Tet(A)
9e14406230382a1f7e6c46c00aaa22c7	mphN	macrolide 2'-phosphotransferase MphN	core	AMR	AMR	MACROLIDE	ERYTHROMYCIN	BLASTP	296	296	100.00	98.65	296	WP_024127776.1	macrolide 2'-phosphotransferase MphN	NA	NA
9e5b608ecc61bfc52b18ce80ab15b140	sul2	sulfonamide-resistant dihydropteroate synthase Sul2	core	AMR	AMR	SULFONAMIDE	SULFONAMIDE	BLASTP	271	271	100.00	99.26	271	WP_001043260.1	sulfonamide-resistant dihydropteroate synthase Sul2	NF000295.1	sulfonamide-resistant dihydropteroate synthase Sul2
a64738dad1beac13f50b49766406b2f3	cmlA1	chloramphenicol efflux MFS transporter CmlA1	core	AMR	AMR	PHENICOL	CHLORAMPHENICOL	BLASTP	419	419	100.00	99.76	419	WP_001256776.1	chloramphenicol efflux MFS transporter CmlA1	NF000509.1	CmlA family chloramphenicol efflux MFS transporter
a73f999e8a3b3f2068f565a82fd2896a	vanA	D-alanine--(R)-lactate ligase VanA	core	AMR	AMR	GLYCOPEPTIDE	VANCOMYCIN	BLASTP	343	343	100.00	99.71	343	WP_001079845.1	D-alanine--(R)-lactate ligase VanA	NF012217.1	D-alanine--(R)-lactate ligase VanA
aaf04de87aed0a71586eca5c0a2763e0	vanY-A	D-Ala-D-Ala carboxypeptidase VanY-A	core	AMR	AMR	GLYCOPEPTIDE	VANCOMYCIN	BLASTP	310	303	99.67	98.68	302	WP_001812592.1	D-Ala-D-Ala carboxypeptidase VanY-A	NF000472.1	VanY-A/VanY-F/VanY-M family D-Ala-D-Ala carboxypeptidase
c31b2d6ad859d6b8e164909140bd38bd	ampC	class C beta-lactamase	core	AMR	AMR	BETA-LACTAM	BETA-LACTAM	HMM	397	390	94.10	60.49	367	WP_063860894.1	class C beta-lactamase	NF033085.1	class C beta-lactamase
c743db0eb1e5521ba58c7d335d5956ee	bla	class A beta-lactamase	core	AMR	AMR	BETA-LACTAM	BETA-LACTAM	HMM	334	345	94.49	37.16	331	WP_063842277.1	class A beta-lactamase	NF033103.1	class A beta-lactamase
c9307af14537c06862a7509111332b99	ampC	class C beta-lactamase	core	AMR	AMR	BETA-LACTAM	BETA-LACTAM	HMM	393	384	99.48	59.33	386	WP_311033293.1	class C beta-lactamase	NF033085.1	class C beta-lactamase
cf2725fcf5f750e48a9f189ff1d2dc70	dfrA50	trimethoprim-resistant dihydrofolate reductase DfrA50	core	AMR	AMR	TRIMETHOPRIM	TRIMETHOPRIM	BLASTP	158	158	100.00	98.73	158	WP_040203768.1	trimethoprim-resistant dihydrofolate reductase DfrA50	NF047323.1	trimethoprim-resistant dihydrofolate reductase DfrA50
d2e8bde83018cad85a2e4d9d369e4469	aph(3')-VIb	aminoglycoside O-phosphotransferase APH(3')-VIb	core	AMR	AMR	AMINOGLYCOSIDE	AMIKACIN/KANAMYCIN	BLASTP	259	259	100.00	98.07	259	WP_000422633.1	aminoglycoside O-phosphotransferase APH(3')-VIb	NF033062.0	APH(3')-VI family aminoglycoside O-phosphotransferase
d2fcc0ddbe27e31ba9514558d70abad4	optrA	ABC-F type ribosomal protection protein OptrA	core	AMR	AMR	OXAZOLIDINONE/PHENICOL	FLORFENICOL/OXAZOLIDINONE	BLASTP	655	655	100.00	99.54	655	WP_063854496.1	ABC-F type ribosomal protection protein OptrA	NF000514.1	ABC-F type ribosomal protection protein OptrA
d423fdb51816e09789fb0738215c34ba	tet(B)	tetracycline efflux MFS transporter Tet(B)	core	AMR	AMR	TETRACYCLINE	TETRACYCLINE	BLASTP	401	401	100.00	99.75	401	WP_001089068.1	tetracycline efflux MFS transporter Tet(B)	NF012190.1	tetracycline efflux MFS transporter Tet(B)
d4a6a1b27c0db3219ad588a74941aa8f	blaTEM	TEM family class A beta-lactamase	core	AMR	AMR	BETA-LACTAM	BETA-LACTAM	BLASTP	282	286	96.85	100.00	277	WP_063864902.1	class A beta-lactamase TEM-214	NF000531.2	TEM family class A beta-lactamase
dc7c5ddb37b30ba7a75d5da58099407b	erm(B)	23S rRNA (adenine(2058)-N(6))-methyltransferase Erm(B)	core	AMR	AMR	LINCOSAMIDE/MACROLIDE/STREPTOGRAMIN	CLINDAMYCIN/ERYTHROMYCIN/STREPTOGRAMIN B	BLASTP	245	245	100.00	99.59	245	WP_002292226.1	23S rRNA (adenine(2058)-N(6))-methyltransferase Erm(B)	NF012220.1	23S rRNA (adenine(2058)-N(6))-methyltransferase Erm(B)
e072ab05dfa748b7dea844185e28d4cd	arr	NAD(+)--rifampin ADP-ribosyltransferase	core	AMR	AMR	RIFAMYCIN	RIFAMYCIN	HMM	137	137	99.27	69.12	136	WP_012695486.1	NAD(+)--rifampin ADP-ribosyltransferase	NF033144.1	NAD(+)--rifampin ADP-ribosyltransferase
e410c46cc757fd699e9caf963a53c4e1	floR2	chloramphenicol/florfenicol efflux MFS transporter FloR2	core	AMR	AMR	PHENICOL	CHLORAMPHENICOL/FLORFENICOL	BLASTP	404	404	100.00	99.75	404	WP_000214125.1	chloramphenicol/florfenicol efflux MFS transporter FloR2	NF000219.1	chloramphenicol/florfenicol efflux MFS transporter FloR
e4dd8b530a21c12395ab5cc103de1721	cml	CmlA/FloR family chloramphenicol efflux MFS transporter	core	AMR	AMR	PHENICOL	CHLORAMPHENICOL	HMM	408	421	95.72	82.88	403	WP_024160909.1	CmlA/FloR family chloramphenicol efflux MFS transporter	NF033134.0	CmlA/FloR family chloramphenicol efflux MFS transporter
e4fd2f9ff8bffc0563216b10c4bb79c0	sul1	sulfonamide-resistant dihydropteroate synthase Sul1	core	AMR	AMR	SULFONAMIDE	SULFONAMIDE	BLASTP	279	279	100.00	99.64	279	WP_000259031.1	sulfonamide-resistant dihydropteroate synthase Sul1	NF000294.1	sulfonamide-resistant dihydropteroate synthase Sul1
e7490a56ccf5c3137bd214d48b92a4ce	cml	CmlA/FloR family chloramphenicol efflux MFS transporter	core	AMR	AMR	PHENICOL	CHLORAMPHENICOL	HMM	398	404	98.02	72.98	396	WP_000214125.1	CmlA/FloR family chloramphenicol efflux MFS transporter	NF033134.0	CmlA/FloR family chloramphenicol efflux MFS transporter
e9677bd1fe2816df942394beaa9a3e09	blaCTX-M-251	extended-spectrum class A beta-lactamase CTX-M-251	core	AMR	AMR	BETA-LACTAM	CEPHALOSPORIN	ALLELEP	291	291	100.00	100.00	291	WP_231869645.1	extended-spectrum class A beta-lactamase CTX-M-251	NF033089.1	CTX-M family extended-spectrum class A beta-lactamase
ee80a7567a306fb1427decbeb795265e	bla	class A beta-lactamase	core	AMR	AMR	BETA-LACTAM	BETA-LACTAM	HMM	308	316	99.05	76.04	313	WP_000497840.1	class A beta-lactamase	NF012167.0	class A beta-lactamase
f0c691e55116307bdc76baa4f6de6583	tet(A)	tetracycline efflux MFS transporter Tet(A)	core	AMR	AMR	TETRACYCLINE	TETRACYCLINE	BLASTP	410	399	98.50	100.00	393	WP_000804064.1	tetracycline efflux MFS transporter Tet(A)	NF012193.0	tetracycline efflux MFS transporter Tet(A)
f517bae967eca92c449bc514a94777ed	erm(X)	23S rRNA (adenine(2058)-N(6))-methyltransferase Erm(X)	core	AMR	AMR	LINCOSAMIDE/MACROLIDE/STREPTOGRAMIN	AZITHROMYCIN/CLINDAMYCIN/ERYTHROMYCIN/LINCOMYCIN/STREPTOGRAMIN B/TYLOSIN	BLASTP	284	284	100.00	98.94	284	WP_011117480.1	23S rRNA (adenine(2058)-N(6))-methyltransferase Erm(X)	NF000499.2	23S ribosomal RNA methyltransferase Erm
f57d60e1a657692fa01f053372e02c5c	bla	class A beta-lactamase	core	AMR	AMR	BETA-LACTAM	BETA-LACTAM	HMM	296	297	100.00	62.08	298	WP_109545074.1	class A beta-lactamase	NF033103.1	class A beta-lactamase
f8c9456778e28d218165b304dd1aff34	erm	23S ribosomal RNA methyltransferase Erm	core	AMR	AMR	MACROLIDE	MACROLIDE	HMM	253	322	77.33	54.58	251	WP_063844492.1	23S ribosomal RNA methyltransferase Erm	NF000499.2	23S ribosomal RNA methyltransferase Erm
fc46db5575085de47a21c272550284d0	aac(6')-Ib	AAC(6')-Ib family aminoglycoside 6'-N-acetyltransferase	core	AMR	AMR	AMINOGLYCOSIDE	GENTAMICIN	BLASTP	184	184	100.00	97.28	184	WP_003159191.1	aminoglycoside N-acetyltransferase AAC(6')-Ib4	NF033074.0	AAC(6')-Ib family aminoglycoside 6'-N-acetyltransferase
fdc2dc39787b9dc20e2de9b233fccd86	blaOXA	class D beta-lactamase	core	AMR	AMR	BETA-LACTAM	BETA-LACTAM	HMM	260	265	96.60	42.80	257	WP_011071128.1	class D beta-lactamase	NF012161.0	class D beta-lactamase
fde3e3d9fafcbf9f402546ce5bdde713	fosX	FosX/FosE/FosI family fosfomycin resistance hydrolase	core	AMR	AMR	FOSFOMYCIN	FOSFOMYCIN	HMM	139	154	92.86	59.44	143	WP_015860243.1	FosX/FosE/FosI family fosfomycin resistance hydrolase	NF000222.1	FosX/FosE/FosI family fosfomycin resistance hydrolase
fe51dcdeb9898ec4191b5817afc058ca	blaCMY	CMY-2 family class C beta-lactamase	core	AMR	AMR	BETA-LACTAM	CEPHALOSPORIN	BLASTP	381	381	100.00	99.74	381	WP_039023136.1	extended-spectrum class C beta-lactamase CMY-42	NF000191.1	CMY-2 family class C beta-lactamase
015933c4caa15bbc8256cecfdcf58260	qnrB52	quinolone resistance pentapeptide repeat protein QnrB52	core	AMR	AMR	QUINOLONE	QUINOLONE	ALLELEP	214	214	100.00	100.00	214	WP_063866158.1	quinolone resistance pentapeptide repeat protein QnrB52	NF000420.1	QnrB family quinolone resistance pentapeptide repeat protein
05388d70228263d6b2857a6638951728	erm(B)	23S rRNA (adenine(2058)-N(6))-methyltransferase Erm(B)	core	AMR	AMR	LINCOSAMIDE/MACROLIDE/STREPTOGRAMIN	CLINDAMYCIN/ERYTHROMYCIN/STREPTOGRAMIN B	BLASTP	245	245	100.00	99.59	245	WP_001038790.1	23S rRNA (adenine(2058)-N(6))-methyltransferase Erm(B)	NF012220.1	23S rRNA (adenine(2058)-N(6))-methyltransferase Erm(B)
0ec053b12dac52c8dec363bcf6983af3	blaIMP-100	subclass B1 metallo-beta-lactamase IMP-100	core	AMR	AMR	BETA-LACTAM	CARBAPENEM	ALLELEP	246	246	100.00	100.00	246	WP_285798245.1	subclass B1 metallo-beta-lactamase IMP-100	NF012147.1	IMP family subclass B1 metallo-beta-lactamase
0f4c2090403aba14ee25738bed074a43	blaVIM-86	subclass B1 metallo-beta-lactamase VIM-86	core	AMR	AMR	BETA-LACTAM	CARBAPENEM	ALLELEP	266	266	100.00	100.00	266	WP_274293093.1	subclass B1 metallo-beta-lactamase VIM-86	NF012100.0	VIM family subclass B1 metallo-beta-lactamase
130f80457570d5ee62296b3d7df4d87f	blaIMP-22	subclass B1 metallo-beta-lactamase IMP-22	core	AMR	AMR	BETA-LACTAM	CARBAPENEM	ALLELEP	246	246	100.00	100.00	246	WP_063860581.1	subclass B1 metallo-beta-lactamase IMP-22	NF012147.1	IMP family subclass B1 metallo-beta-lactamase
1fdde14489812114d9bbd7b74740b5ce	blaSHV-31	extended-spectrum class A beta-lactamase SHV-31	core	AMR	AMR	BETA-LACTAM	CEPHALOSPORIN	ALLELEP	286	286	100.00	100.00	286	WP_063864674.1	extended-spectrum class A beta-lactamase SHV-31	NF000285.3	SHV family class A beta-lactamase
210a59435e8f7349e0f92fa49e766c31	tet(B)	tetracycline efflux MFS transporter Tet(B)	core	AMR	AMR	TETRACYCLINE	TETRACYCLINE	EXACTP	401	401	100.00	100.00	401	WP_001089064.1	tetracycline efflux MFS transporter Tet(B)	NF012190.1	tetracycline efflux MFS transporter Tet(B)
22737ff893f257cd5078be2f8ce2eb2c	bla	class A beta-lactamase	core	AMR	AMR	BETA-LACTAM	BETA-LACTAM	HMM	312	306	100.00	71.90	306	WP_063842248.1	class A beta-lactamase	NF012167.0	class A beta-lactamase
25903594fc8d780d813c57b62d0608a8	aph(6)-Id	aminoglycoside O-phosphotransferase APH(6)-Id	core	AMR	AMR	AMINOGLYCOSIDE	STREPTOMYCIN	BLASTP	277	278	96.76	100.00	269	WP_000480968.1	aminoglycoside O-phosphotransferase APH(6)-Id	NF012171.0	APH(6)-I family aminoglycoside O-phosphotransferase
2c05280249daf0c0df3aa4da92d0981a	fexA	chloramphenicol/florfenicol efflux MFS transporter FexA	core	AMR	AMR	PHENICOL	CHLORAMPHENICOL/FLORFENICOL	BLASTP	475	475	100.00	98.74	475	WP_015585966.1	chloramphenicol/florfenicol efflux MFS transporter FexA	NF000218.1	chloramphenicol/florfenicol efflux MFS transporter FexA
33b7a0f7d5baa2389dd74c3a820304d9	aph(3'')-Ib	aminoglycoside O-phosphotransferase APH(3'')-Ib	core	AMR	AMR	AMINOGLYCOSIDE	STREPTOMYCIN	BLASTP	265	267	99.25	100.00	265	WP_001082319.1	aminoglycoside O-phosphotransferase APH(3'')-Ib	NF032895.1	aminoglycoside O-phosphotransferase APH(3'')-Ib
3fc0655ef3b62a219a85a1f9a12c27d9	aph(3')-VIIa	aminoglycoside O-phosphotransferase APH(3')-VIIa	core	AMR	AMR	AMINOGLYCOSIDE	AMIKACIN/KANAMYCIN	BLASTP	250	250	100.00	99.60	250	WP_063842175.1	aminoglycoside O-phosphotransferase APH(3')-VIIa	NF033067.1	aminoglycoside O-phosphotransferase APH(3')-VIIa
53079e0b413f4678118e7f01b694ecb5	arr	NAD(+)--rifampin ADP-ribosyltransferase	core	AMR	AMR	RIFAMYCIN	RIFAMYCIN	HMM	136	137	91.24	63.20	125	WP_012695486.1	NAD(+)--rifampin ADP-ribosyltransferase	NF033144.1	NAD(+)--rifampin ADP-ribosyltransferase
5c7beeabffbbdc81f0b8377e7e97c3aa	aac(3)-II	AAC(3)-II family aminoglycoside N-acetyltransferase	core	AMR	AMR	AMINOGLYCOSIDE	GENTAMICIN	HMM	270	286	93.36	74.16	267	WP_015060297.1	AAC(3)-II family aminoglycoside N-acetyltransferase	NF033080.0	AAC(3)-II family aminoglycoside N-acetyltransferase
76627eb14d4c679629c347e1bd4743d2	sul2	sulfonamide-resistant dihydropteroate synthase Sul2	core	AMR	AMR	SULFONAMIDE	SULFONAMIDE	EXACTP	283	283	100.00	100.00	283	WP_011270145.1	sulfonamide-resistant dihydropteroate synthase Sul2	NF000295.1	sulfonamide-resistant dihydropteroate synthase Sul2
7878043f5f0bb4b623d46009737a0246	qnrS	QnrS family quinolone resistance pentapeptide repeat protein	core	AMR	AMR	QUINOLONE	QUINOLONE	BLASTP	218	218	100.00	98.17	218	WP_032495094.1	quinolone resistance pentapeptide repeat protein QnrS5	NF000056.3	QnrS family quinolone resistance pentapeptide repeat protein
7ffddf407aa3db36c4a38236c8907bd8	sulX	sulfonamide monooxygenase SulX	core	AMR	AMR	SULFONAMIDE	SULFONAMIDE	PARTIALP	373	423	82.98	96.58	351	WP_103663397.1	sulfonamide monooxygenase SulX	NA	NA
9afce15f93efc4f7331d69056eb18e4d	blaOXA	class D beta-lactamase	core	AMR	AMR	BETA-LACTAM	BETA-LACTAM	HMM	266	269	94.05	46.67	255	WP_063862802.1	class D beta-lactamase	NF000270.1	class D beta-lactamase
a43eb5a212392fb4290718d02b5e74d0	blaKPC-125	inhibitor-resistant carbapenem-hydrolyzing class A beta-lactamase KPC-125	core	AMR	AMR	BETA-LACTAM	CARBAPENEM	ALLELEP	293	293	100.00	100.00	293	WP_248496376.1	inhibitor-resistant carbapenem-hydrolyzing class A beta-lactamase KPC-125	NF012141.1	KPC family carbapenem-hydrolyzing class A beta-lactamase
a9429c2754f3d00eff2e0db96d69e406	satA	streptothricin N-acetyltransferase SatA	core	AMR	AMR	STREPTOTHRICIN	STREPTOTHRICIN	BLASTP	184	184	98.91	81.42	183	WP_000054744.1	streptothricin N-acetyltransferase SatA	NA	NA
b1ef4ed4cd4e68d57b4cfd4b99cf2d79	catA1	type A-1 chloramphenicol O-acetyltransferase	core	AMR	AMR	PHENICOL	CHLORAMPHENICOL	BLASTP	219	219	100.00	99.54	219	WP_000412211.1	type A-1 chloramphenicol O-acetyltransferase	NF000491.1	type A chloramphenicol O-acetyltransferase
b9fa30f08b56bb1fcac2698ee90015e8	aac(6')-Ib	AAC(6')-Ib family aminoglycoside 6'-N-acetyltransferase	core	AMR	AMR	AMINOGLYCOSIDE	GENTAMICIN	BLASTP	212	184	98.37	100.00	181	WP_071846385.1	AAC(6')-Ib family aminoglycoside 6'-N-acetyltransferase	NF033074.0	AAC(6')-Ib family aminoglycoside 6'-N-acetyltransferase
be7f4f3827d38e3f06367fe6335dc732	blaFONA	FONA family class A beta-lactamase	core	AMR	AMR	BETA-LACTAM	BETA-LACTAM	BLASTP	295	295	100.00	98.98	295	WP_032489477.1	extended-spectrum class A beta-lactamase SFO-1	NF000323.2	FONA family class A beta-lactamase
c08330827b47d72535faa6a83e92352a	blaCMY-148	class C beta-lactamase CMY-148	core	AMR	AMR	BETA-LACTAM	CEPHALOSPORIN	ALLELEP	381	381	100.00	100.00	381	WP_085562395.1	class C beta-lactamase CMY-148	NF000191.1	CMY-2 family class C beta-lactamase
c1a781829227d0ebf35e0690d21a5d9e	floR	chloramphenicol/florfenicol efflux MFS transporter FloR	core	AMR	AMR	PHENICOL	CHLORAMPHENICOL/FLORFENICOL	EXACTP	404	404	100.00	100.00	404	WP_000214123.1	chloramphenicol/florfenicol efflux MFS transporter FloR	NF000219.1	chloramphenicol/florfenicol efflux MFS transporter FloR
c4aa360905c2e299f347ecede5a9eda5	ant(3'')-Ia	ANT(3'')-Ia family aminoglycoside nucleotidyltransferase AadA	core	AMR	AMR	AMINOGLYCOSIDE	SPECTINOMYCIN/STREPTOMYCIN	BLASTP	263	263	100.00	99.62	263	WP_063840416.1	ANT(3'')-Ia family aminoglycoside nucleotidyltransferase AadA17	NF012157.0	ANT(3'')-I family aminoglycoside nucleotidyltransferase
c673eecc409eeeabb865ccd6355e7b48	tet(A)	tetracycline efflux MFS transporter Tet(A)	core	AMR	AMR	TETRACYCLINE	TETRACYCLINE	BLASTP	399	399	100.00	99.75	399	WP_000804063.1	tetracycline efflux MFS transporter Tet(A)	NF012193.0	tetracycline efflux MFS transporter Tet(A)
cb8d7912fbc97cbe918f3d12d08530c3	aadA1	ANT(3'')-Ia family aminoglycoside nucleotidyltransferase AadA1	core	AMR	AMR	AMINOGLYCOSIDE	STREPTOMYCIN	BLASTP	251	263	95.44	100.00	251	WP_001209508.1	ANT(3'')-Ia family aminoglycoside nucleotidyltransferase AadA1	NF012157.0	ANT(3'')-I family aminoglycoside nucleotidyltransferase
ce19c867305788aaf2ccd4f967281f87	floR	chloramphenicol/florfenicol efflux MFS transporter FloR	core	AMR	AMR	PHENICOL	CHLORAMPHENICOL/FLORFENICOL	BLASTP	403	404	100.00	90.35	404	WP_001747811.1	chloramphenicol/florfenicol efflux MFS transporter FloR	NF000219.1	chloramphenicol/florfenicol efflux MFS transporter FloR
d5853122414e0aa32e34719ab5a94480	bla	class A beta-lactamase	core	AMR	AMR	BETA-LACTAM	BETA-LACTAM	HMM	284	286	99.65	60.35	285	WP_137138291.1	class A beta-lactamase	NF033103.1	class A beta-lactamase
d98eb7887e85b1cae8ccdf8c9f6a2d6c	dfrA50	trimethoprim-resistant dihydrofolate reductase DfrA50	core	AMR	AMR	TRIMETHOPRIM	TRIMETHOPRIM	BLASTP	156	158	98.73	98.08	156	WP_040203768.1	trimethoprim-resistant dihydrofolate reductase DfrA50	NF047323.1	trimethoprim-resistant dihydrofolate reductase DfrA50
da1f54bfbc66eb3748417cc43de3f799	ampC	class C beta-lactamase	core	AMR	AMR	BETA-LACTAM	BETA-LACTAM	HMM	398	390	93.08	60.61	363	WP_063860890.1	class C beta-lactamase	NF033085.1	class C beta-lactamase
eb5bed02ba9db9c1209774aeeb1f31e1	estDL136	chloramphenicol hydrolase	core	AMR	AMR	PHENICOL	CHLORAMPHENICOL/FLORFENICOL	HMM	311	308	99.68	71.38	311	WP_011906899.1	chloramphenicol hydrolase	NF033149.0	chloramphenicol hydrolase
ec1384a4f13b3cae699681d886adca7c	blaIII	class A beta-lactamase BlaIII	core	AMR	AMR	BETA-LACTAM	BETA-LACTAM	HMM	316	316	100.00	89.56	316	WP_000497840.1	class A beta-lactamase BlaIII	NF041270.1	class A beta-lactamase BlaIII
f04dca5867c73645d08139bffcda49f2	cfxA	CfxA family broad-spectrum class A beta-lactamase	core	AMR	AMR	BETA-LACTAM	BETA-LACTAM	BLASTP	324	321	99.69	99.38	320	WP_004339683.1	CfxA family broad-spectrum class A beta-lactamase	NF033100.1	CfxA family broad-spectrum class A beta-lactamase
fd65845a68deb1578f598bc5bd4db2bd	aph(3'')-Ib	aminoglycoside O-phosphotransferase APH(3'')-Ib	core	AMR	AMR	AMINOGLYCOSIDE	STREPTOMYCIN	BLASTP	267	267	100.00	99.63	267	WP_001082319.1	aminoglycoside O-phosphotransferase APH(3'')-Ib	NF032895.1	aminoglycoside O-phosphotransferase APH(3'')-Ib
febd7d2b2a38f96cf453f2172e45acf0	sulR	flavin reductase SulR	core	AMR	AMR	SULFONAMIDE	SULFONAMIDE	EXACTP	194	194	100.00	100.00	194	WP_036299413.1	flavin reductase SulR	NA	NA
03b04c096dac80de5ab1023b4270facb	ble	bleomycin binding protein Ble-MBL	core	AMR	AMR	BLEOMYCIN	BLEOMYCIN	BLASTP	121	121	100.00	99.17	121	WP_004201167.1	bleomycin binding protein Ble-MBL	NF012202.0	bleomycin binding protein Ble-MBL
0d02e99bb55337a33b1d835306c1fc80	tet(M)	tetracycline resistance ribosomal protection protein Tet(M)	core	AMR	AMR	TETRACYCLINE	TETRACYCLINE	BLASTP	639	639	100.00	99.84	639	WP_000691727.1	tetracycline resistance ribosomal protection protein Tet(M)	NF012155.1	tetracycline resistance ribosomal protection protein Tet(M)
0d964359e510f79a9a9cb66fb33d6e48	ampC	class C beta-lactamase	core	AMR	AMR	BETA-LACTAM	BETA-LACTAM	HMM	387	408	94.61	53.75	387	WP_367187975.1	class C beta-lactamase	NF033085.1	class C beta-lactamase
1bc217288d1b81a38c23ec67fe07d19f	tet(L)	tetracycline efflux MFS transporter Tet(L)	core	AMR	AMR	TETRACYCLINE	TETRACYCLINE	EXACTP	458	458	100.00	100.00	458	WP_002294500.1	tetracycline efflux MFS transporter Tet(L)	NF012185.0	tetracycline efflux MFS transporter Tet(L)
2dc9be36922b00276714a666754b79e9	aac(6')-Ian	aminoglycoside N-acetyltransferase AAC(6')-Ian	core	AMR	AMR	AMINOGLYCOSIDE	AMIKACIN/KANAMYCIN/TOBRAMYCIN	EXACTP	190	190	100.00	100.00	190	WP_000960976.1	aminoglycoside N-acetyltransferase AAC(6')-Ian	NF000431.1	aminoglycoside N-acetyltransferase AAC(6')-Ian
35eb959ed84f473da305cf9a89b5f64b	qnrE2	quinolone resistance pentapeptide repeat protein QnrE2	core	AMR	AMR	QUINOLONE	QUINOLONE	ALLELEP	214	214	100.00	100.00	214	WP_078207746.1	quinolone resistance pentapeptide repeat protein QnrE2	NF033375.2	QnrE family quinolone resistance pentapeptide repeat protein
3889cc5b0fc3829ca571dc8cdf07acde	mcr-8.1	phosphoethanolamine--lipid A transferase MCR-8.1	core	AMR	AMR	COLISTIN	COLISTIN	ALLELEP	565	565	100.00	100.00	565	WP_114699275.1	phosphoethanolamine--lipid A transferase MCR-8.1	NF033669.1	MCR-8 family phosphoethanolamine--lipid A transferase
434ad5a667bcfa873c9d30d66530d276	bla	class A beta-lactamase	core	AMR	AMR	BETA-LACTAM	BETA-LACTAM	HMM	300	293	97.27	60.00	290	WP_028030786.1	class A beta-lactamase	NF033103.1	class A beta-lactamase
43b5a2fc62248a5c6f206e67e95d8a93	cml	Cmx/CmrA family chloramphenicol efflux MFS transporter	core	AMR	AMR	PHENICOL	CHLORAMPHENICOL	HMM	395	391	98.21	67.53	385	WP_005297378.1	Cmx/CmrA family chloramphenicol efflux MFS transporter	NF033135.1	Cmx/CmrA family chloramphenicol efflux MFS transporter
5209b98a50d6f18e66babb0b1e9379f3	abc-f	TlrC/CarA/OleB/SrmB family ABC-F type ribosomal protection protein	core	AMR	AMR	MACROLIDE	MACROLIDE	HMM	566	569	99.30	70.80	565	WP_063854494.1	TlrC/CarA/OleB/SrmB family ABC-F type ribosomal protection protein	NF000171.1	TlrC/CarA/OleB/SrmB family ABC-F type ribosomal protection protein
5b75f0b0ca5d30db95b1ee5ec1bb9c08	ere(D)	EreD family erythromycin esterase	core	AMR	AMR	MACROLIDE	AZITHROMYCIN/ERYTHROMYCIN	BLASTP	408	408	100.00	95.34	408	WP_015345560.1	EreD family erythromycin esterase	NF000516.1	EreD family erythromycin esterase
651278a377fe021383302f958c86a9da	msr(A)	ABC-F type ribosomal protection protein Msr(A)	core	AMR	AMR	MACROLIDE/STREPTOGRAMIN	ERYTHROMYCIN/STREPTOGRAMIN B	BLASTP	488	488	100.00	99.80	488	WP_002447408.1	ABC-F type ribosomal protection protein Msr(A)	NF000256.1	ABC-F type ribosomal protection protein Msr(A)
6abd7532816455606eeec70aa68f2580	arr	NAD(+)--rifampin ADP-ribosyltransferase	core	AMR	AMR	RIFAMYCIN	RIFAMYCIN	HMM	156	150	84.00	53.17	126	WP_033959319.1	NAD(+)--rifampin ADP-ribosyltransferase	NF033144.1	NAD(+)--rifampin ADP-ribosyltransferase
7a5ce389e210977e7c5cd62fa6525d7a	erm	23S ribosomal RNA methyltransferase Erm	core	AMR	AMR	MACROLIDE	MACROLIDE	HMM	289	301	94.68	50.18	285	WP_052259183.1	23S ribosomal RNA methyltransferase Erm	NF000499.2	23S ribosomal RNA methyltransferase Erm
8362288d412bc8373a1bb12c0112a0d3	tet(A)	tetracycline efflux MFS transporter Tet(A)	core	AMR	AMR	TETRACYCLINE	TETRACYCLINE	BLASTP	399	399	100.00	99.75	399	WP_012579085.1	tetracycline efflux MFS transporter Tet(A)	NF012193.0	tetracycline efflux MFS transporter Tet(A)
873d41ad6f58d0553526b842ac88076f	blaNDM-13	subclass B1 metallo-beta-lactamase NDM-13	core	AMR	AMR	BETA-LACTAM	CARBAPENEM	ALLELEP	270	270	100.00	100.00	270	WP_063860856.1	subclass B1 metallo-beta-lactamase NDM-13	NF000259.2	NDM family subclass B1 metallo-beta-lactamase
8d151a01f18da3bb1bda64a3bc3ed14e	catB	type B chloramphenicol O-acetyltransferase	core	AMR	AMR	PHENICOL	CHLORAMPHENICOL	HMM	211	210	99.05	69.23	208	WP_011113045.1	type B chloramphenicol O-acetyltransferase	NF000490.1	type B chloramphenicol O-acetyltransferase
8ec7a2336b94239c714455f071682c6a	aph(6)-Id	aminoglycoside O-phosphotransferase APH(6)-Id	core	AMR	AMR	AMINOGLYCOSIDE	STREPTOMYCIN	BLASTP	278	278	100.00	99.64	278	WP_000480968.1	aminoglycoside O-phosphotransferase APH(6)-Id	NF012171.0	APH(6)-I family aminoglycoside O-phosphotransferase
8fdb99bf1428e1e1971da5814986d20e	sul1	sulfonamide-resistant dihydropteroate synthase Sul1	core	AMR	AMR	SULFONAMIDE	SULFONAMIDE	BLASTP	279	279	100.00	99.64	279	WP_000259031.1	sulfonamide-resistant dihydropteroate synthase Sul1	NF000294.1	sulfonamide-resistant dihydropteroate synthase Sul1
99e36b4b640811c0ad5237954c543a06	tet(A)	tetracycline efflux MFS transporter Tet(A)	core	AMR	AMR	TETRACYCLINE	TETRACYCLINE	BLASTP	399	399	100.00	99.50	399	WP_000804063.1	tetracycline efflux MFS transporter Tet(A)	NF012193.0	tetracycline efflux MFS transporter Tet(A)
9ab044e0284bd9fc0cde1cc96abf2fc3	vga	Vga family ABC-F type ribosomal protection protein	core	AMR	AMR	LINCOSAMIDE	LINCOSAMIDE	HMM	522	522	100.00	66.09	522	WP_012779620.1	Vga family ABC-F type ribosomal protection protein	NF000170.2	Vga family ABC-F type ribosomal protection protein
a64a8c6a71c3220ee4dd7adc3ef92613	msr(A)	ABC-F type ribosomal protection protein Msr(A)	core	AMR	AMR	MACROLIDE/STREPTOGRAMIN	ERYTHROMYCIN/STREPTOGRAMIN B	BLASTP	488	488	100.00	99.59	488	WP_000438874.1	ABC-F type ribosomal protection protein Msr(A)	NF000256.1	ABC-F type ribosomal protection protein Msr(A)
a7e5b3ff8b5e14dfc9daef3db5a23279	aph(3'')-Ib	aminoglycoside O-phosphotransferase APH(3'')-Ib	core	AMR	AMR	AMINOGLYCOSIDE	STREPTOMYCIN	BLASTP	267	267	100.00	99.63	267	WP_001082319.1	aminoglycoside O-phosphotransferase APH(3'')-Ib	NF032895.1	aminoglycoside O-phosphotransferase APH(3'')-Ib
aeab084078ca7053f9408efea0d77d5b	floR	chloramphenicol/florfenicol efflux MFS transporter FloR	core	AMR	AMR	PHENICOL	CHLORAMPHENICOL/FLORFENICOL	BLASTP	404	404	100.00	91.83	404	WP_014386424.1	chloramphenicol/florfenicol efflux MFS transporter FloR	NF000219.1	chloramphenicol/florfenicol efflux MFS transporter FloR
b151eaf86e6f6f4f76f3d5f197e27d14	erm(B)	23S rRNA (adenine(2058)-N(6))-methyltransferase Erm(B)	core	AMR	AMR	LINCOSAMIDE/MACROLIDE/STREPTOGRAMIN	CLINDAMYCIN/ERYTHROMYCIN/STREPTOGRAMIN B	BLASTP	245	245	100.00	99.59	245	WP_001038792.1	23S rRNA (adenine(2058)-N(6))-methyltransferase Erm(B)	NF012220.1	23S rRNA (adenine(2058)-N(6))-methyltransferase Erm(B)
bbeae97d066dd76a5c043b8fe646ca14	aac(6')-Ib	AAC(6')-Ib family aminoglycoside 6'-N-acetyltransferase	core	AMR	AMR	AMINOGLYCOSIDE	GENTAMICIN	EXACTP	184	184	100.00	100.00	184	WP_117044474.1	AAC(6')-Ib family aminoglycoside 6'-N-acetyltransferase	NF033074.0	AAC(6')-Ib family aminoglycoside 6'-N-acetyltransferase
c179751a9e01ed17e4d7f81348a64644	dfrA37	trimethoprim-resistant dihydrofolate reductase DfrA37	core	AMR	AMR	TRIMETHOPRIM	TRIMETHOPRIM	EXACTP	157	157	100.00	100.00	157	WP_132586462.1	trimethoprim-resistant dihydrofolate reductase DfrA37	NF000330.1	trimethoprim-resistant dihydrofolate reductase DfrA
c46dac05fc78b1b2cd833271c9f5b6e2	blaNPS	NPS family class D beta-lactamase	core	AMR	AMR	BETA-LACTAM	BETA-LACTAM	BLASTP	260	260	100.00	99.23	260	WP_011013281.1	oxacillin-hydrolyzing class D beta-lactamase NPS-1	NF012161.0	class D beta-lactamase
c515c8fab99e4ac07e96d5fb7517779e	blaVEB-5	extended-spectrum class A beta-lactamase VEB-5	core	AMR	AMR	BETA-LACTAM	CEPHALOSPORIN	ALLELEP	299	299	100.00	100.00	299	WP_063865160.1	extended-spectrum class A beta-lactamase VEB-5	NF000390.2	VEB family extended-spectrum class A beta-lactamase
c53f0386f35b85742254d6450b0dff87	lnu(G)	lincosamide nucleotidyltransferase Lnu(G)	core	AMR	AMR	LINCOSAMIDE	LINCOSAMIDE	BLASTP	267	267	100.00	99.63	267	WP_002333496.1	lincosamide nucleotidyltransferase Lnu(G)	NF033182.0	lincosamide nucleotidyltransferase Lnu(G)
ca82f59a588e0e2d39e535335c7cc0a1	vat	Vat family streptogramin A O-acetyltransferase	core	AMR	AMR	STREPTOGRAMIN	STREPTOGRAMIN	HMM	201	216	91.67	68.34	199	WP_063856935.1	Vat family streptogramin A O-acetyltransferase	NF000311.1	Vat family streptogramin A O-acetyltransferase
cd705c5dc967c15fd6d024ca67e13aa6	tet	Tet(L)/Tet(K)/Tet(45) family tetracycline efflux MFS transporter	core	AMR	AMR	TETRACYCLINE	TETRACYCLINE	HMM	458	458	100.00	91.70	458	WP_063855885.1	Tet(L)/Tet(K)/Tet(45) family tetracycline efflux MFS transporter	NF012175.1	Tet(L)/Tet(K)/Tet(45) family tetracycline efflux MFS transporter
d1cdfd5b39f62472f366a1646dd09459	qacE	quaternary ammonium compound efflux SMR transporter QacE	core	STRESS	BIOCIDE	QUATERNARY AMMONIUM	QUATERNARY AMMONIUM	BLASTP	115	115	100.00	99.13	115	WP_000679427.1	quaternary ammonium compound efflux SMR transporter QacE delta 1	NF000276.2	quaternary ammonium compound efflux SMR transporter QacE
dd35153193246b2f0cd15d8c94094301	blaR1	beta-lactam sensor/signal transducer BlaR1	core	AMR	AMR	BETA-LACTAM	BETA-LACTAM	BLASTP	585	585	100.00	97.61	585	WP_001096376.1	beta-lactam sensor/signal transducer BlaR1	NF033108.1	beta-lactam sensor/signal transducer BlaR1
e42d93895db8e7648cd3a6b321c2d067	vanY-A	D-Ala-D-Ala carboxypeptidase VanY-A	core	AMR	AMR	GLYCOPEPTIDE	VANCOMYCIN	BLASTP	303	303	100.00	99.67	303	WP_001812592.1	D-Ala-D-Ala carboxypeptidase VanY-A	NF000472.1	VanY-A/VanY-F/VanY-M family D-Ala-D-Ala carboxypeptidase
e46f0d9841973f85e0e184452eb0c0a6	dfrA12	trimethoprim-resistant dihydrofolate reductase DfrA12	core	AMR	AMR	TRIMETHOPRIM	TRIMETHOPRIM	BLASTP	165	165	100.00	98.18	165	WP_063844315.1	trimethoprim-resistant dihydrofolate reductase DfrA12	NF000053.2	trimethoprim-resistant dihydrofolate reductase DfrA12
ea634f00b5fb66c3a528f0cdf906bd91	aac(6')-29	aminoglycoside 6'-N-acetyltransferase AAC(6')-29	core	AMR	AMR	AMINOGLYCOSIDE	AMINOGLYCOSIDE	BLASTP	134	135	98.52	98.50	133	WP_039110076.1	aminoglycoside 6'-N-acetyltransferase AAC(6')-29	NF000050.2	aminoglycoside 6'-N-acetyltransferase AAC(6')-29
ea97d2d037ba53d3ad0fd4d7e79fa5fe	aadS	aminoglycoside 6-adenylyltransferase AadS	core	AMR	AMR	AMINOGLYCOSIDE	STREPTOMYCIN	EXACTP	287	287	100.00	100.00	287	WP_003013318.1	aminoglycoside 6-adenylyltransferase AadS	NF033387.1	AadS family aminoglycoside 6-adenylyltransferase
eb9b5716486f6eb51880e0ff9575795d	blaOXA	class D beta-lactamase	core	AMR	AMR	BETA-LACTAM	BETA-LACTAM	HMM	272	275	98.55	67.53	271	WP_102607464.1	class D beta-lactamase	NF000270.1	class D beta-lactamase
f293230dbba63ddb035a668fc34c04dc	tet(39)	tetracycline efflux MFS transporter Tet(39)	core	AMR	AMR	TETRACYCLINE	TETRACYCLINE	BLASTP	395	395	100.00	99.49	395	WP_004856455.1	tetracycline efflux MFS transporter Tet(39)	NF012174.0	Tet(A)/Tet(B)/Tet(C) family tetracycline efflux MFS transporter
00580edd49e913c52061193be2b4c9da	bla	class A beta-lactamase	core	AMR	AMR	BETA-LACTAM	BETA-LACTAM	HMM	282	291	95.53	62.59	278	WP_063860092.1	class A beta-lactamase	NF033103.1	class A beta-lactamase
0699d01fc93b6f3945592dae6d042696	blaMUN-1	MUN family extended-spectrum class A beta-lactamase MUN-1	core	AMR	AMR	BETA-LACTAM	CEPHALOSPORIN	ALLELEP	302	302	100.00	100.00	302	WP_206340447.1	MUN family extended-spectrum class A beta-lactamase MUN-1	NF045651.1	MUN family extended-spectrum class A beta-lactamase
1d605dfd68d0e3d8368523a135cf2a4a	tetB(P)	tetracycline resistance ribosomal protection protein TetB(P)	core	AMR	AMR	TETRACYCLINE	TETRACYCLINE	BLASTP	652	652	100.00	99.54	652	WP_012478245.1	tetracycline resistance ribosomal protection protein TetB(P)	NF012153.1	tetracycline resistance ribosomal protection protein
1e6786d298498b8493e4fafcb9c258a6	blaOXA	class D beta-lactamase	core	AMR	AMR	BETA-LACTAM	BETA-LACTAM	HMM	272	275	99.27	68.50	273	WP_102607464.1	class D beta-lactamase	NF000270.1	class D beta-lactamase
274a81578c7e02f159474a0408caa690	fosX	FosX/FosE/FosI family fosfomycin resistance hydrolase	core	AMR	AMR	FOSFOMYCIN	FOSFOMYCIN	HMM	136	134	100.00	68.66	134	WP_054882068.1	FosX/FosE/FosI family fosfomycin resistance hydrolase	NF000222.1	FosX/FosE/FosI family fosfomycin resistance hydrolase
2e068fc2ff0859160ef2214ef7c7ac77	blaIII	class A beta-lactamase BlaIII	core	AMR	AMR	BETA-LACTAM	BETA-LACTAM	BLASTP	316	316	100.00	93.99	316	WP_000497840.1	class A beta-lactamase BlaIII	NF041270.1	class A beta-lactamase BlaIII
329a3fd34ee11aad364df13f0b70cd1b	oqxB	multidrug efflux RND transporter permease subunit OqxB	core	AMR	AMR	PHENICOL/QUINOLONE	PHENICOL/QUINOLONE	BLASTP	1050	1050	100.00	96.95	1050	WP_004174783.1	multidrug efflux RND transporter permease subunit OqxB5	NF000037.1	multidrug efflux RND transporter permease subunit OqxB
39aa078b88e162af329299b66b15e2d4	fexA	chloramphenicol/florfenicol efflux MFS transporter FexA	core	AMR	AMR	PHENICOL	CHLORAMPHENICOL/FLORFENICOL	BLASTP	475	475	100.00	98.32	475	WP_015585966.1	chloramphenicol/florfenicol efflux MFS transporter FexA	NF000218.1	chloramphenicol/florfenicol efflux MFS transporter FexA
47377061d43788262fc2792287990e0a	fexA	chloramphenicol/florfenicol efflux MFS transporter FexA	core	AMR	AMR	PHENICOL	CHLORAMPHENICOL/FLORFENICOL	BLASTP	475	475	100.00	99.16	475	WP_015585966.1	chloramphenicol/florfenicol efflux MFS transporter FexA	NF000218.1	chloramphenicol/florfenicol efflux MFS transporter FexA
4806a801d3454bca41711de464cd83ca	vanH-B	D-lactate dehydrogenase VanH-B	core	AMR	AMR	GLYCOPEPTIDE	VANCOMYCIN	EXACTP	323	323	100.00	100.00	323	WP_002382874.1	D-lactate dehydrogenase VanH-B	NF000492.1	D-lactate dehydrogenase VanH
4ef89af74a7a28b52ee0cb8d465d8a18	aac(3)	aminoglycoside 3-N-acetyltransferase	core	AMR	AMR	AMINOGLYCOSIDE	GENTAMICIN	HMM	267	262	98.09	46.18	262	WP_034000523.1	aminoglycoside 3-N-acetyltransferase	NF033082.0	aminoglycoside 3-N-acetyltransferase
510823eada22a6ce973c60e3cf03a065	vanS-B	vancomycin resistance histidine kinase VanS-B	core	AMR	AMR	GLYCOPEPTIDE	VANCOMYCIN	BLASTP	447	447	100.00	99.78	447	WP_002382867.1	vancomycin resistance histidine kinase VanS-B	NF033090.1	vancomycin resistance histidine kinase VanS-B
5ef9ce5e1e515b07a72c09feb8008f05	aph(3')-Ia	aminoglycoside O-phosphotransferase APH(3')-Ia	core	AMR	AMR	AMINOGLYCOSIDE	KANAMYCIN	BLASTP	271	271	100.00	99.26	271	WP_012695470.1	aminoglycoside O-phosphotransferase APH(3')-Ia	NF051474.1	aminoglycoside O-phosphotransferase APH(3')-Ia
791ab8ca1803f84e9ec4575e536bd41a	aac(6')-Ib	AAC(6')-Ib family aminoglycoside 6'-N-acetyltransferase	core	AMR	AMR	AMINOGLYCOSIDE	AMIKACIN/KANAMYCIN/TOBRAMYCIN	BLASTP	185	184	100.00	99.46	185	WP_032488579.1	aminoglycoside N-acetyltransferase AAC(6')-Ib3	NF033074.0	AAC(6')-Ib family aminoglycoside 6'-N-acetyltransferase
7bd2ddeb9b21830d1c2c88f221672aa4	estT	macrolide hydrolase EstT	core	AMR	AMR	MACROLIDE	TYLOSIN	HMM	286	282	98.94	84.59	279	WP_185148407.1	macrolide hydrolase EstT	NF041759.1	macrolide hydrolase EstT
7c79a0fd31714e1817d83c6b30b716a3	bla	class A beta-lactamase	core	AMR	AMR	BETA-LACTAM	BETA-LACTAM	HMM	279	291	92.44	64.21	271	WP_100663667.1	class A beta-lactamase	NF033103.1	class A beta-lactamase
7eddcae363c2d43143bdba90d665f7ce	msr(D)	ABC-F type ribosomal protection protein Msr(D)	core	AMR	AMR	MACROLIDE/STREPTOGRAMIN	AZITHROMYCIN/ERYTHROMYCIN/STREPTOGRAMIN B	BLASTP	487	487	100.00	95.28	487	WP_000420313.1	ABC-F type ribosomal protection protein Msr(D)	NF000168.2	Msr family ABC-F type ribosomal protection protein
8638a2780b81bcce825d151af07009bc	qnrB9	quinolone resistance pentapeptide repeat protein QnrB9	core	AMR	AMR	QUINOLONE	QUINOLONE	ALLELEP	214	214	100.00	100.00	214	WP_004201260.1	quinolone resistance pentapeptide repeat protein QnrB9	NF000420.1	QnrB family quinolone resistance pentapeptide repeat protein
8bc42911542a832bdde8bb4c1e011d7e	erm(B)	23S rRNA (adenine(2058)-N(6))-methyltransferase Erm(B)	core	AMR	AMR	LINCOSAMIDE/MACROLIDE/STREPTOGRAMIN	CLINDAMYCIN/ERYTHROMYCIN/STREPTOGRAMIN B	BLASTP	245	245	100.00	99.59	245	WP_001038790.1	23S rRNA (adenine(2058)-N(6))-methyltransferase Erm(B)	NF012220.1	23S rRNA (adenine(2058)-N(6))-methyltransferase Erm(B)
8d4da1d82d0f919e10691d1196b1909a	catA	type A-8 chloramphenicol O-acetyltransferase	core	AMR	AMR	PHENICOL	CHLORAMPHENICOL	EXACTP	215	215	100.00	100.00	215	WP_002403315.1	type A-8 chloramphenicol O-acetyltransferase	NF000491.1	type A chloramphenicol O-acetyltransferase
8d7fc0371a976a80e757b6b2ba73a132	blaOXA	class D beta-lactamase	core	AMR	AMR	BETA-LACTAM	BETA-LACTAM	HMM	272	275	99.27	68.50	273	WP_102607464.1	class D beta-lactamase	NF000270.1	class D beta-lactamase
94b2a56da344bce6bf5c5bb52384eef0	blaKPC-110	inhibitor-resistant class A beta-lactamase KPC-110	core	AMR	AMR	BETA-LACTAM	CEPHALOSPORIN	ALLELEP	293	293	100.00	100.00	293	WP_257394580.1	inhibitor-resistant class A beta-lactamase KPC-110	NF012141.1	KPC family carbapenem-hydrolyzing class A beta-lactamase
97685c6ff4509ea63a361e1a91446ef9	lnu(F)	lincosamide nucleotidyltransferase Lnu(F)	core	AMR	AMR	LINCOSAMIDE	LINCOSAMIDE	BLASTP	273	273	100.00	99.27	273	WP_000939727.1	lincosamide nucleotidyltransferase Lnu(F)	NF000119.1	lincosamide nucleotidyltransferase Lnu(F)
a094f93316aaf9365b4802d72612294c	vanB	D-alanine--(R)-lactate ligase VanB	core	AMR	AMR	GLYCOPEPTIDE	VANCOMYCIN	BLASTP	342	342	100.00	99.71	342	WP_002593938.1	D-alanine--(R)-lactate ligase VanB	NF012216.1	D-alanine--(R)-lactate ligase VanB
a41479226190fe4290b8b16b61dbc846	optrA	ABC-F type ribosomal protection protein OptrA	core	AMR	AMR	OXAZOLIDINONE/PHENICOL	FLORFENICOL/OXAZOLIDINONE	BLASTP	655	655	100.00	99.08	655	WP_063854496.1	ABC-F type ribosomal protection protein OptrA	NF000514.1	ABC-F type ribosomal protection protein OptrA
a755784dc19b2e36ff8a9619406ce8e8	aac(6')	aminoglycoside 6'-N-acetyltransferase	core	AMR	AMR	AMINOGLYCOSIDE	AMINOGLYCOSIDE	HMM	150	148	98.65	65.75	146	WP_026868862.1	aminoglycoside 6'-N-acetyltransferase	NF043067.1	aminoglycoside 6'-N-acetyltransferase
ab75b65d9d65e71063154f11e104941d	qacB	quaternary ammonium compound efflux MFS transporter QacB	core	STRESS	BIOCIDE	QUATERNARY AMMONIUM	QUATERNARY AMMONIUM	BLASTP	514	514	100.00	99.61	514	WP_000622778.1	quaternary ammonium compound efflux MFS transporter QacB	NF000089.1	QacA/B family quaternary ammonium compound efflux MFS transporter
abb37fcfb121f6f217690e92c0159a3b	fexA	chloramphenicol/florfenicol efflux MFS transporter FexA	core	AMR	AMR	PHENICOL	CHLORAMPHENICOL/FLORFENICOL	BLASTP	475	475	100.00	98.95	475	WP_015585966.1	chloramphenicol/florfenicol efflux MFS transporter FexA	NF000218.1	chloramphenicol/florfenicol efflux MFS transporter FexA
b207201502846ff42234806711ff3452	ampC	class C beta-lactamase	core	AMR	AMR	BETA-LACTAM	BETA-LACTAM	HMM	397	408	93.63	51.16	387	WP_367187976.1	class C beta-lactamase	NF033085.1	class C beta-lactamase
b5239cb6ac5e7c0f135af3c85c250634	vanX-B	D-Ala-D-Ala dipeptidase VanX-B	core	AMR	AMR	GLYCOPEPTIDE	VANCOMYCIN	BLASTP	202	202	100.00	99.01	202	WP_063856770.1	D-Ala-D-Ala dipeptidase VanX-B	NF033115.1	D-Ala-D-Ala dipeptidase VanX
b9f3990035ebdb84c40909cc486d9899	tet(M)	tetracycline resistance ribosomal protection protein Tet(M)	core	AMR	AMR	TETRACYCLINE	TETRACYCLINE	BLASTP	639	639	100.00	98.75	639	WP_063856112.1	tetracycline resistance ribosomal protection protein Tet(M)	NF012155.1	tetracycline resistance ribosomal protection protein Tet(M)
c2f402c8963b1a31888c654d67fc855a	aac(3)	aminoglycoside 3-N-acetyltransferase	core	AMR	AMR	AMINOGLYCOSIDE	GENTAMICIN	HMM	277	272	98.16	68.91	267	WP_058179966.1	aminoglycoside 3-N-acetyltransferase	NF033082.0	aminoglycoside 3-N-acetyltransferase
c5a47c16a417eb2c3a75489a532a59ce	aadA22	ANT(3'')-Ia family aminoglycoside nucleotidyltransferase AadA22	core	AMR	AMR	AMINOGLYCOSIDE	STREPTOMYCIN	EXACTP	263	263	100.00	100.00	263	WP_032491824.1	ANT(3'')-Ia family aminoglycoside nucleotidyltransferase AadA22	NF012157.0	ANT(3'')-I family aminoglycoside nucleotidyltransferase
cb564a01c5c4d752c6938a3fb49c389f	mef(F)	macrolide efflux MFS transporter Mef(F)	core	AMR	AMR	MACROLIDE	AZITHROMYCIN/ERYTHROMYCIN	BLASTP	397	397	100.00	91.18	397	WP_101035418.1	macrolide efflux MFS transporter Mef(F)	NA	NA
cba3611a74fbbd2ea1f467a36a496b1e	catA	type A chloramphenicol O-acetyltransferase	core	AMR	AMR	PHENICOL	CHLORAMPHENICOL	HMM	221	217	94.47	66.99	206	WP_063843208.1	type A chloramphenicol O-acetyltransferase	NF000491.1	type A chloramphenicol O-acetyltransferase
d1b0c65b7dc78a0bac7a6bc1a9c7a12c	msr(G)	ABC-F type ribosomal protection protein Msr(G)	core	AMR	AMR	MACROLIDE/STREPTOGRAMIN	AZITHROMYCIN/ERYTHROMYCIN/PRISTINAMYCIN	BLASTP	485	485	99.79	91.94	484	WP_101035417.1	ABC-F type ribosomal protection protein Msr(G)	NF000168.2	Msr family ABC-F type ribosomal protection protein
d6c6d2df8127ac16b93938ae3188eb80	bla	class A beta-lactamase	core	AMR	AMR	BETA-LACTAM	BETA-LACTAM	HMM	301	312	97.76	50.65	306	WP_027789588.1	class A beta-lactamase	NF033103.1	class A beta-lactamase
d76def35d8a6a7bd12fa7c1fb5b335a4	sat4	streptothricin N-acetyltransferase Sat4	core	AMR	AMR	STREPTOTHRICIN	STREPTOTHRICIN	BLASTP	176	180	100.00	97.78	180	WP_000627290.1	streptothricin N-acetyltransferase Sat4	NF000360.1	streptothricin N-acetyltransferase Sat4
d8ee2136d56fdbb159ff81fcdb1d6501	fexA	chloramphenicol/florfenicol efflux MFS transporter FexA	core	AMR	AMR	PHENICOL	CHLORAMPHENICOL/FLORFENICOL	BLASTP	475	475	100.00	99.16	475	WP_015585966.1	chloramphenicol/florfenicol efflux MFS transporter FexA	NF000218.1	chloramphenicol/florfenicol efflux MFS transporter FexA
dc3279f379d3f00dbb83ab0d5e896f5c	tet(X5)	tetracycline-inactivating monooxygenase Tet(X5)	core	AMR	AMR	TETRACYCLINE	TIGECYCLINE	BLASTP	378	378	100.00	96.30	378	WP_063856444.1	tetracycline-inactivating monooxygenase Tet(X5)	NF033111.2	tetracycline-inactivating monooxygenase Tet(X)
e1e6500c76377dbe00a38971f74fa3b0	qnrB	QnrB family quinolone resistance pentapeptide repeat protein	core	AMR	AMR	QUINOLONE	QUINOLONE	BLASTP	214	214	100.00	97.20	214	WP_149691965.1	quinolone resistance pentapeptide repeat protein QnrB98	NF000420.1	QnrB family quinolone resistance pentapeptide repeat protein
e1e8191e698dc5a944c2b954462a0e2d	tet(M)	tetracycline resistance ribosomal protection protein Tet(M)	core	AMR	AMR	TETRACYCLINE	TETRACYCLINE	BLASTP	641	639	100.00	99.06	641	WP_000691727.1	tetracycline resistance ribosomal protection protein Tet(M)	NF012155.1	tetracycline resistance ribosomal protection protein Tet(M)
e819994e8f92818f8d7e4d40c93a270f	blaOXA-21	OXA-2 family oxacillin-hydrolyzing class D beta-lactamase OXA-21	core	AMR	AMR	BETA-LACTAM	BETA-LACTAM	ALLELEP	275	275	100.00	100.00	275	WP_014386432.1	OXA-2 family oxacillin-hydrolyzing class D beta-lactamase OXA-21	NF000267.2	OXA-2 family class D beta-lactamase
e84c94ee774e8cf87d64136cb9acadc5	tet(A)	tetracycline efflux MFS transporter Tet(A)	core	AMR	AMR	TETRACYCLINE	TETRACYCLINE	BLASTP	399	399	100.00	99.75	399	WP_000804064.1	tetracycline efflux MFS transporter Tet(A)	NF012193.0	tetracycline efflux MFS transporter Tet(A)
ef71c40ef73f8b077a9192089f94f456	msr(G)	ABC-F type ribosomal protection protein Msr(G)	core	AMR	AMR	MACROLIDE/STREPTOGRAMIN	AZITHROMYCIN/ERYTHROMYCIN/PRISTINAMYCIN	BLASTP	485	485	99.79	95.87	484	WP_101035417.1	ABC-F type ribosomal protection protein Msr(G)	NF000168.2	Msr family ABC-F type ribosomal protection protein
f2b5ec2bfaeb8f6aac10a26bae8db388	mef(A)	macrolide efflux MFS transporter Mef(A)	core	AMR	AMR	MACROLIDE	AZITHROMYCIN/ERYTHROMYCIN	BLASTP	405	405	100.00	98.52	405	WP_024127829.1	macrolide efflux MFS transporter Mef(A)	NF000245.1	macrolide efflux MFS transporter Mef(A)
f407726dc9e9deb5466d90daeef6c7db	aac(3)-VIa	aminoglycoside N-acetyltransferase AAC(3)-VIa	core	AMR	AMR	AMINOGLYCOSIDE	GENTAMICIN	BLASTP	299	299	100.00	99.67	299	WP_000131886.1	aminoglycoside N-acetyltransferase AAC(3)-VIa	NF033612.0	aminoglycoside N-acetyltransferase AAC(3)-VIa
f40f2ad77e312ddc074f66bb658abfb1	blaTEM-190	class A beta-lactamase TEM-190	core	AMR	AMR	BETA-LACTAM	BETA-LACTAM	ALLELEP	286	286	100.00	100.00	286	WP_063864887.1	class A beta-lactamase TEM-190	NF000531.2	TEM family class A beta-lactamase
f4dcf431520658044733b4f1d193cac2	tetA(P)	tetracycline efflux MFS transporter TetA(P)	core	AMR	AMR	TETRACYCLINE	TETRACYCLINE	EXACTP	420	420	100.00	100.00	420	WP_003479690.1	tetracycline efflux MFS transporter TetA(P)	NF000043.1	tetracycline efflux MFS transporter TetA(P)
f6ebde3857794f5067df63615f37859b	mupA	mupirocin-resistant isoleucine--tRNA ligase MupA	core	AMR	AMR	MUPIROCIN	MUPIROCIN	BLASTP	1024	1024	100.00	99.90	1024	WP_000163435.1	mupirocin-resistant isoleucine--tRNA ligase MupA	NF000257.1	mupirocin-resistant isoleucine--tRNA ligase MupA
fa495ce7bcbfae247e42f1a940f5a32d	blaIII	class A beta-lactamase BlaIII	core	AMR	AMR	BETA-LACTAM	BETA-LACTAM	HMM	316	316	100.00	89.56	316	WP_000497840.1	class A beta-lactamase BlaIII	NF041270.1	class A beta-lactamase BlaIII
0e9fc16f6a32702be86a7c352f8c03d9	sul4	sulfonamide-resistant dihydropteroate synthase Sul4	core	AMR	AMR	SULFONAMIDE	SULFONAMIDE	BLASTP	287	287	100.00	99.65	287	WP_102607457.1	sulfonamide-resistant dihydropteroate synthase Sul4	NF033502.0	sulfonamide-resistant dihydropteroate synthase Sul4
0ec6f8b63eedc23a83cde5b4bc5f5233	erm(B)	23S rRNA (adenine(2058)-N(6))-methyltransferase Erm(B)	core	AMR	AMR	LINCOSAMIDE/MACROLIDE/STREPTOGRAMIN	CLINDAMYCIN/ERYTHROMYCIN/STREPTOGRAMIN B	BLASTP	245	245	100.00	99.59	245	WP_001038795.1	23S rRNA (adenine(2058)-N(6))-methyltransferase Erm(B)	NF012220.1	23S rRNA (adenine(2058)-N(6))-methyltransferase Erm(B)
12a258d36a0b9ad79c3576b76e153792	tet(M)	tetracycline resistance ribosomal protection protein Tet(M)	core	AMR	AMR	TETRACYCLINE	TETRACYCLINE	BLASTP	641	639	100.00	98.91	641	WP_000691736.1	tetracycline resistance ribosomal protection protein Tet(M)	NF012155.1	tetracycline resistance ribosomal protection protein Tet(M)
17391618c7e976e2c8786bc6dc1f701f	mle	alpha/beta fold macrolide esterase	core	AMR	AMR	MACROLIDE	TYLOSIN	HMM	284	287	97.91	87.19	281	WP_459076516.1	alpha/beta fold macrolide esterase	NF052610.1	alpha/beta fold macrolide esterase
1988892265984000f347555a03a13fc2	tet	Tet(L)/Tet(K)/Tet(45) family tetracycline efflux MFS transporter	core	AMR	AMR	TETRACYCLINE	TETRACYCLINE	HMM	458	458	100.00	91.92	458	WP_063855885.1	Tet(L)/Tet(K)/Tet(45) family tetracycline efflux MFS transporter	NF012175.1	Tet(L)/Tet(K)/Tet(45) family tetracycline efflux MFS transporter
1bfed067ca199b9a184ad64ded568a9f	catB8	type B-3 chloramphenicol O-acetyltransferase CatB8	core	AMR	AMR	PHENICOL	CHLORAMPHENICOL	EXACTP	210	210	100.00	100.00	210	WP_010635894.1	type B-3 chloramphenicol O-acetyltransferase CatB8	NF000490.1	type B chloramphenicol O-acetyltransferase
1ee8dbff045785311df34d35bda860d4	cml	CmlA/FloR family chloramphenicol efflux MFS transporter	core	AMR	AMR	PHENICOL	CHLORAMPHENICOL	HMM	398	404	98.02	70.20	396	WP_001747811.1	CmlA/FloR family chloramphenicol efflux MFS transporter	NF033134.0	CmlA/FloR family chloramphenicol efflux MFS transporter
20f0beda0e714c771b50de7ba0cf8ade	tet(L)	tetracycline efflux MFS transporter Tet(L)	core	AMR	AMR	TETRACYCLINE	TETRACYCLINE	BLASTP	458	458	100.00	98.69	458	WP_002294500.1	tetracycline efflux MFS transporter Tet(L)	NF012185.0	tetracycline efflux MFS transporter Tet(L)
2dfb8a520e6687bdd6b18ae42351531e	blaTEM	TEM family class A beta-lactamase	core	AMR	AMR	BETA-LACTAM	BETA-LACTAM	PARTIALP	200	286	66.43	99.47	190	WP_110924831.1	class A beta-lactamase TEM-256	NF033103.1	class A beta-lactamase
2e25f6457850df27456edbdea2093570	oqxB	multidrug efflux RND transporter permease subunit OqxB	core	AMR	AMR	PHENICOL/QUINOLONE	PHENICOL/QUINOLONE	HMM	1050	1047	99.62	89.84	1043	AAO18187.2	multidrug efflux RND transporter permease subunit OqxB	NF000037.1	multidrug efflux RND transporter permease subunit OqxB
326573e881b953f0506f3ad6960e6481	tet(S)	tetracycline resistance ribosomal protection protein Tet(S)	core	AMR	AMR	TETRACYCLINE	TETRACYCLINE	BLASTP	646	641	100.00	100.00	641	WP_000691722.1	tetracycline resistance ribosomal protection protein Tet(S)	NF033148.1	TetM/TetW/TetO/TetS family tetracycline resistance ribosomal protection protein
33bc1793a81c3a4f5e69f933cfb265fd	blaGIM-1	subclass B1 metallo-beta-lactamase GIM-1	core	AMR	AMR	BETA-LACTAM	CARBAPENEM	ALLELEP	250	250	100.00	100.00	250	WP_015588753.1	subclass B1 metallo-beta-lactamase GIM-1	NF000396.3	GIM family subclass B1 metallo-beta-lactamase
3562b2684f603ec9f36a2ac3ae318a82	mcr-3.20	phosphoethanolamine--lipid A transferase MCR-3.20	core	AMR	AMR	COLISTIN	COLISTIN	ALLELEP	541	541	100.00	100.00	541	WP_065801616.1	phosphoethanolamine--lipid A transferase MCR-3.20	NF033408.5	MCR-3 family phosphoethanolamine--lipid A transferase
3752da7daaf2a18ec71973c0ef5fbba7	qacE	quaternary ammonium compound efflux SMR transporter QacE	core	STRESS	BIOCIDE	QUATERNARY AMMONIUM	QUATERNARY AMMONIUM	BLASTP	116	115	100.00	99.14	116	WP_000679427.1	quaternary ammonium compound efflux SMR transporter QacE delta 1	NF000276.2	quaternary ammonium compound efflux SMR transporter QacE
488d02e710694eb06bf84c46bfe42d18	tet(M)	tetracycline resistance ribosomal protection protein Tet(M)	core	AMR	AMR	TETRACYCLINE	TETRACYCLINE	BLASTP	641	639	100.00	99.38	641	WP_000691727.1	tetracycline resistance ribosomal protection protein Tet(M)	NF012155.1	tetracycline resistance ribosomal protection protein Tet(M)
49c1863cb2e6fdd90c24a176967fc8fd	aph(3')-Ia	aminoglycoside O-phosphotransferase APH(3')-Ia	core	AMR	AMR	AMINOGLYCOSIDE	KANAMYCIN	EXACTP	271	271	100.00	100.00	271	WP_000018326.1	aminoglycoside O-phosphotransferase APH(3')-Ia	NF051474.1	aminoglycoside O-phosphotransferase APH(3')-Ia
5649c45419e198cc279f14bdc282647e	qnrA6	quinolone resistance pentapeptide repeat protein QnrA6	core	AMR	AMR	QUINOLONE	QUINOLONE	ALLELEP	218	218	100.00	100.00	218	WP_020442395.1	quinolone resistance pentapeptide repeat protein QnrA6	NF000071.4	QnrA family quinolone resistance pentapeptide repeat protein
57ffd20887649c42c74ef73f5f39a55b	ant(2'')-Ia	aminoglycoside nucleotidyltransferase ANT(2'')-Ia	core	AMR	AMR	AMINOGLYCOSIDE	GENTAMICIN/KANAMYCIN/TOBRAMYCIN	EXACTP	177	177	100.00	100.00	177	WP_032490446.1	aminoglycoside nucleotidyltransferase ANT(2'')-Ia	NF000064.3	aminoglycoside nucleotidyltransferase ANT(2'')-Ia
5d82b5baf280b6353705d797756de3df	tet(L)	tetracycline efflux MFS transporter Tet(L)	core	AMR	AMR	TETRACYCLINE	TETRACYCLINE	BLASTP	458	458	100.00	99.34	458	WP_001574277.1	tetracycline efflux MFS transporter Tet(L)	NF012185.0	tetracycline efflux MFS transporter Tet(L)
689859478006b2dd69b41c34b5397c35	ampC	class C beta-lactamase	core	AMR	AMR	BETA-LACTAM	BETA-LACTAM	HMM	396	396	95.96	62.63	380	WP_128268282.1	class C beta-lactamase	NF033085.1	class C beta-lactamase
6b0bdbc3e533e5ec87d14468d53e1763	bla	class A beta-lactamase	core	AMR	AMR	BETA-LACTAM	BETA-LACTAM	HMM	334	345	92.46	39.20	324	WP_063842277.1	class A beta-lactamase	NF033103.1	class A beta-lactamase
6efe3f703786c58ae8237c688c36398f	blaTEM-84	inhibitor-resistant broad-spectrum class A beta-lactamase TEM-84	core	AMR	AMR	BETA-LACTAM	BETA-LACTAM	ALLELEP	286	286	100.00	100.00	286	WP_063865053.1	inhibitor-resistant broad-spectrum class A beta-lactamase TEM-84	NF000531.2	TEM family class A beta-lactamase
737e86470aab50d31b1e928e084f5dce	satA	streptothricin N-acetyltransferase SatA	core	AMR	AMR	STREPTOTHRICIN	STREPTOTHRICIN	BLASTP	184	184	98.91	80.33	183	WP_000054744.1	streptothricin N-acetyltransferase SatA	NA	NA
7d692e7e2de060bede139fd226cdc905	tet(C)	tetracycline efflux MFS transporter Tet(C)	core	AMR	AMR	TETRACYCLINE	TETRACYCLINE	EXACTP	396	396	100.00	100.00	396	WP_001297013.1	tetracycline efflux MFS transporter Tet(C)	NF012191.0	tetracycline efflux MFS transporter Tet(C)
82f7eae2b5bf2cd25c7a230085b53ea9	blaRAHN	RAHN family extended-spectrum class A beta-lactamase	core	AMR	AMR	BETA-LACTAM	CEPHALOSPORIN	BLASTP	295	295	100.00	95.25	295	WP_013578129.1	extended-spectrum class A beta-lactamase RAHN-3	NF040934.1	RAHN family extended-spectrum class A beta-lactamase
8441670a4139aac6cfae0bf612a2d9fb	bla	class A beta-lactamase	core	AMR	AMR	BETA-LACTAM	BETA-LACTAM	HMM	297	297	100.00	62.08	298	WP_109545074.1	class A beta-lactamase	NF033103.1	class A beta-lactamase
8f7001c9cd1e47f298b839cc896a4fc8	blaGES	GES family class A beta-lactamase	core	AMR	AMR	BETA-LACTAM	CEPHALOSPORIN	BLASTP	284	287	100.00	98.95	287	WP_059385191.1	carbapenem-hydrolyzing class A beta-lactamase GES-24	NF012103.0	GES family class A beta-lactamase
9316bd331b9b2880b1d813461101209b	sul1	sulfonamide-resistant dihydropteroate synthase Sul1	core	AMR	AMR	SULFONAMIDE	SULFONAMIDE	EXACTP	279	279	100.00	100.00	279	WP_000259018.1	sulfonamide-resistant dihydropteroate synthase Sul1	NF000294.1	sulfonamide-resistant dihydropteroate synthase Sul1
a24d65fec25bd9a488dc8df74f574cca	aph(6)-Id	aminoglycoside O-phosphotransferase APH(6)-Id	core	AMR	AMR	AMINOGLYCOSIDE	STREPTOMYCIN	BLASTP	278	278	100.00	99.64	278	WP_000480968.1	aminoglycoside O-phosphotransferase APH(6)-Id	NF012171.0	APH(6)-I family aminoglycoside O-phosphotransferase
a7bd73d1c906838effd572ddb525b75c	dfrE	trimethoprim-resistant dihydrofolate reductase DfrE	core	AMR	AMR	TRIMETHOPRIM	TRIMETHOPRIM	BLASTP	171	164	90.24	100.00	148	WP_012655890.1	trimethoprim-resistant dihydrofolate reductase DfrE	NA	NA
b09a297c8e9cbff0cfcee955be2b9a23	vanS-Pt	vancomycin resistance histidine kinase VanS-Pt	core	AMR	AMR	GLYCOPEPTIDE	VANCOMYCIN	BLASTP	384	386	99.48	90.10	384	WP_063856741.1	vancomycin resistance histidine kinase VanS-Pt	NF033091.0	vancomycin resistance histidine kinase VanS
b0ae8b2a9c317b51e8f82efbface7bde	ampC	class C beta-lactamase	core	AMR	AMR	BETA-LACTAM	BETA-LACTAM	HMM	395	384	100.00	58.61	389	WP_311033290.1	class C beta-lactamase	NF033085.1	class C beta-lactamase
b41f3fa0c5b27f9d3565a4b7f0935d78	ant(6)	aminoglycoside 6-nucleotidyltransferase	core	AMR	AMR	AMINOGLYCOSIDE	STREPTOMYCIN	HMM	286	284	98.59	58.21	280	WP_003229862.1	aminoglycoside 6-nucleotidyltransferase	NF033084.2	aminoglycoside 6-nucleotidyltransferase
c69409cb66b02aa1916e6c76591bed03	vanR-A	vancomycin resistance response regulator transcription factor VanR-A	core	AMR	AMR	GLYCOPEPTIDE	VANCOMYCIN	BLASTP	231	231	100.00	93.07	231	WP_063856721.1	vancomycin resistance response regulator transcription factor VanR-A	NF000401.1	vancomycin resistance response regulator transcription factor VanR-A
c774baf23e2b0086872af5aaeaeae645	bla	class A beta-lactamase	core	AMR	AMR	BETA-LACTAM	BETA-LACTAM	HMM	295	302	97.02	54.03	298	WP_158386862.1	class A beta-lactamase	NF033103.1	class A beta-lactamase
dbbc3ad5ed9217f4b570b533719d02f5	blaZ	penicillin-hydrolyzing class A beta-lactamase BlaZ	core	AMR	AMR	BETA-LACTAM	BETA-LACTAM	EXACTP	281	281	100.00	100.00	281	WP_000733285.1	penicillin-hydrolyzing class A beta-lactamase BlaZ	NF033139.1	penicillin-hydrolyzing class A beta-lactamase BlaZ
e12c0feeb24d24a5e4d7981d37b6ae23	sul2	sulfonamide-resistant dihydropteroate synthase Sul2	core	AMR	AMR	SULFONAMIDE	SULFONAMIDE	BLASTP	271	271	100.00	99.63	271	WP_001043260.1	sulfonamide-resistant dihydropteroate synthase Sul2	NF000295.1	sulfonamide-resistant dihydropteroate synthase Sul2
e3e62e18088097c5e0206cd4e79ef863	aac(3)-II	AAC(3)-II family aminoglycoside N-acetyltransferase	core	AMR	AMR	AMINOGLYCOSIDE	GENTAMICIN	HMM	281	269	97.77	77.19	263	WP_033147097.1	AAC(3)-II family aminoglycoside N-acetyltransferase	NF033080.0	AAC(3)-II family aminoglycoside N-acetyltransferase
ed2e2bf0e47af902a6eb428ad28277d0	blaCTX-M-64	extended-spectrum class A beta-lactamase CTX-M-64	core	AMR	AMR	BETA-LACTAM	CEPHALOSPORIN	ALLELEP	291	291	100.00	100.00	291	WP_032492042.1	extended-spectrum class A beta-lactamase CTX-M-64	NF033089.1	CTX-M family extended-spectrum class A beta-lactamase
f0601f272a36edb8eb1b89bd48a5b9e9	aac(6')	aminoglycoside 6'-N-acetyltransferase	core	AMR	AMR	AMINOGLYCOSIDE	AMINOGLYCOSIDE	HMM	150	148	98.65	65.75	146	WP_026868862.1	aminoglycoside 6'-N-acetyltransferase	NF043067.1	aminoglycoside 6'-N-acetyltransferase
10ee996b618332834c1c63cbd3835b6c	blaZ	penicillin-hydrolyzing class A beta-lactamase BlaZ	core	AMR	AMR	BETA-LACTAM	BETA-LACTAM	BLASTP	281	281	100.00	98.93	281	WP_000733275.1	penicillin-hydrolyzing class A beta-lactamase BlaZ	NF033139.1	penicillin-hydrolyzing class A beta-lactamase BlaZ
23e04a817e8091a96d27e187bbf2f04d	blaCTX-M-37	extended-spectrum class A beta-lactamase CTX-M-37	core	AMR	AMR	BETA-LACTAM	CEPHALOSPORIN	ALLELEP	291	291	100.00	100.00	291	WP_063860048.1	extended-spectrum class A beta-lactamase CTX-M-37	NF033089.1	CTX-M family extended-spectrum class A beta-lactamase
26b7d75d059987bb65025443850331fd	tmexC	multidrug efflux RND transporter periplasmic adaptor subunit TMexC	core	AMR	AMR	TETRACYCLINE	TIGECYCLINE	BLASTP	387	387	100.00	99.74	387	WP_118842626.1	multidrug efflux RND transporter periplasmic adaptor subunit TMexC1	NA	NA
27c5db168130c42ab75d9c3e44aeacde	bla	class A beta-lactamase	core	AMR	AMR	BETA-LACTAM	BETA-LACTAM	HMM	298	297	100.00	67.00	297	WP_068885073.1	class A beta-lactamase	NF033103.1	class A beta-lactamase
2c8d316a9b82ae66bdfa9ad1955bc4d4	aac(3)-II	AAC(3)-II family aminoglycoside N-acetyltransferase	core	AMR	AMR	AMINOGLYCOSIDE	GENTAMICIN	HMM	270	286	93.36	74.16	267	WP_015060297.1	AAC(3)-II family aminoglycoside N-acetyltransferase	NF033080.0	AAC(3)-II family aminoglycoside N-acetyltransferase
2ff8031a6d54ddc7aa5293f7baa9d374	aac(3)-IIe	aminoglycoside N-acetyltransferase AAC(3)-IIe	core	AMR	AMR	AMINOGLYCOSIDE	GENTAMICIN	BLASTP	286	286	100.00	99.65	286	WP_000557452.1	aminoglycoside N-acetyltransferase AAC(3)-IIe	NF033080.0	AAC(3)-II family aminoglycoside N-acetyltransferase
317c84cc1eef2b6dfedf3f40c394c6a4	blaPER	PER family extended-spectrum class A beta-lactamase	core	AMR	AMR	BETA-LACTAM	CEPHALOSPORIN	BLASTP	308	308	100.00	99.68	308	WP_001100753.1	inhibitor-resistant extended-spectrum class A beta-lactamase PER-1	NF000389.2	PER family extended-spectrum class A beta-lactamase
421b48b3e935c07438baebd16198c288	bla	class A beta-lactamase	core	AMR	AMR	BETA-LACTAM	BETA-LACTAM	HMM	285	302	81.79	45.67	254	WP_158386862.1	class A beta-lactamase	NF033103.1	class A beta-lactamase
43e0f8be8adfc2808affa6660e81c636	fosA	FosA family fosfomycin resistance glutathione transferase	core	AMR	AMR	FOSFOMYCIN	FOSFOMYCIN	HMM	139	138	100.00	81.88	138	WP_034169466.1	FosA family fosfomycin resistance glutathione transferase	NF000221.4	FosA family fosfomycin resistance glutathione transferase
4439d407e441ff311d53c40324e6fc58	qnrS	QnrS family quinolone resistance pentapeptide repeat protein	core	AMR	AMR	QUINOLONE	QUINOLONE	BLASTP	218	218	100.00	99.54	218	WP_001516695.1	quinolone resistance pentapeptide repeat protein QnrS1	NF000056.3	QnrS family quinolone resistance pentapeptide repeat protein
46c9d0874291f3a1e087510bd456796b	blaOXA-24	OXA-24 family carbapenem-hydrolyzing class D beta-lactamase OXA-24	core	AMR	AMR	BETA-LACTAM	CARBAPENEM	ALLELEP	275	275	100.00	100.00	275	WP_012754353.1	OXA-24 family carbapenem-hydrolyzing class D beta-lactamase OXA-24	NF000434.2	OXA-24 family carbapenem-hydrolyzing class D beta-lactamase
47b4e85af4bb0d25986d9952e014d3f0	tet(B)	tetracycline efflux MFS transporter Tet(B)	core	AMR	AMR	TETRACYCLINE	TETRACYCLINE	BLASTP	401	401	100.00	99.75	401	WP_001089068.1	tetracycline efflux MFS transporter Tet(B)	NF012190.1	tetracycline efflux MFS transporter Tet(B)
4d79dcacf3495e2db322b32f701eff25	bla	class A beta-lactamase	core	AMR	AMR	BETA-LACTAM	BETA-LACTAM	HMM	308	316	99.05	76.36	313	WP_000497840.1	class A beta-lactamase	NF012167.0	class A beta-lactamase
50650a8b3e3393981348baca5377ef99	qnrVC	QnrVC family quinolone resistance pentapeptide repeat protein	core	AMR	AMR	QUINOLONE	QUINOLONE	PARTIALP	165	218	75.69	99.39	165	WP_000415714.1	quinolone resistance pentapeptide repeat protein QnrVC1	NA	NA
538ce6d7de763f6bf414a35a2760d12c	tet	Tet(L)/Tet(K)/Tet(45) family tetracycline efflux MFS transporter	core	AMR	AMR	TETRACYCLINE	TETRACYCLINE	HMM	458	458	100.00	91.70	458	WP_063855885.1	Tet(L)/Tet(K)/Tet(45) family tetracycline efflux MFS transporter	NF012175.1	Tet(L)/Tet(K)/Tet(45) family tetracycline efflux MFS transporter
5f087c895315fac36562d1e4b06408b1	blaTEM-26	extended-spectrum class A beta-lactamase TEM-26	core	AMR	AMR	BETA-LACTAM	CEPHALOSPORIN	ALLELEP	286	286	100.00	100.00	286	WP_047028173.1	extended-spectrum class A beta-lactamase TEM-26	NF000531.2	TEM family class A beta-lactamase
5ff194985c9020f779efb9db1a2cb90b	blaCTX-M-121	extended-spectrum class A beta-lactamase CTX-M-121	core	AMR	AMR	BETA-LACTAM	CEPHALOSPORIN	ALLELEP	291	291	100.00	100.00	291	WP_032495378.1	extended-spectrum class A beta-lactamase CTX-M-121	NF033089.1	CTX-M family extended-spectrum class A beta-lactamase
60cb00968c089fe4810ab368e1e69b6c	aac(3)	aminoglycoside 3-N-acetyltransferase	core	AMR	AMR	AMINOGLYCOSIDE	GENTAMICIN	HMM	268	272	98.53	67.54	268	WP_058179966.1	aminoglycoside 3-N-acetyltransferase	NF033082.0	aminoglycoside 3-N-acetyltransferase
6325eb70d1c6feb1b310044a0238ac88	tet(59)	tetracycline efflux MFS transporter Tet(59)	core	AMR	AMR	TETRACYCLINE	TETRACYCLINE	BLASTP	400	400	100.00	99.75	400	WP_001031679.1	tetracycline efflux MFS transporter Tet(59)	NF012174.0	Tet(A)/Tet(B)/Tet(C) family tetracycline efflux MFS transporter
69cb484863c919cc54f7e39438d479c6	blaPER	PER family extended-spectrum class A beta-lactamase	core	AMR	AMR	BETA-LACTAM	CEPHALOSPORIN	BLASTP	308	308	100.00	99.68	308	WP_001100753.1	inhibitor-resistant extended-spectrum class A beta-lactamase PER-1	NF000389.2	PER family extended-spectrum class A beta-lactamase
77fb739659b33ec5ac763a19b40e64c0	qnrB	QnrB family quinolone resistance pentapeptide repeat protein	core	AMR	AMR	QUINOLONE	QUINOLONE	BLASTP	214	214	100.00	99.53	214	WP_017900990.1	quinolone resistance pentapeptide repeat protein QnrB4	NF000420.1	QnrB family quinolone resistance pentapeptide repeat protein
81b1382cc78473af15b6d73b62eb6dc9	aph(3'')-Ib	aminoglycoside O-phosphotransferase APH(3'')-Ib	core	AMR	AMR	AMINOGLYCOSIDE	STREPTOMYCIN	BLASTP	267	267	100.00	99.63	267	WP_001082319.1	aminoglycoside O-phosphotransferase APH(3'')-Ib	NF032895.1	aminoglycoside O-phosphotransferase APH(3'')-Ib
8774746121962d0cfe679be17c0389d7	aac(3)-I	AAC(3)-I family aminoglycoside 3-N-acetyltransferase	core	AMR	AMR	AMINOGLYCOSIDE	GENTAMICIN	HMM	163	165	91.52	66.23	151	WP_063840260.1	AAC(3)-I family aminoglycoside 3-N-acetyltransferase	NF033083.0	AAC(3)-I family aminoglycoside 3-N-acetyltransferase
8f8431b557ce42a0b32993aa2e4ae650	floR	chloramphenicol/florfenicol efflux MFS transporter FloR	core	AMR	AMR	PHENICOL	CHLORAMPHENICOL/FLORFENICOL	BLASTP	404	404	100.00	99.50	404	WP_000214123.1	chloramphenicol/florfenicol efflux MFS transporter FloR	NF000219.1	chloramphenicol/florfenicol efflux MFS transporter FloR
912d7c85ad5c5869f8549b0672443b9a	blaCMY-145	class C beta-lactamase CMY-145	core	AMR	AMR	BETA-LACTAM	CEPHALOSPORIN	ALLELEP	381	381	100.00	100.00	381	WP_075985684.1	class C beta-lactamase CMY-145	NF000191.1	CMY-2 family class C beta-lactamase
a379b99dda81d8f344046fb474059d1c	aadA5	ANT(3'')-Ia family aminoglycoside nucleotidyltransferase AadA5	core	AMR	AMR	AMINOGLYCOSIDE	STREPTOMYCIN	EXACTP	262	262	100.00	100.00	262	WP_000503574.1	ANT(3'')-Ia family aminoglycoside nucleotidyltransferase AadA5	NF012157.0	ANT(3'')-I family aminoglycoside nucleotidyltransferase
a3b5c0ef5807a05793406dc80252ba8e	vph	viomycin phosphotransferase	core	AMR	AMR	TUBERACTINOMYCIN	VIOMYCIN	HMM	287	287	100.00	67.25	287	WP_030275963.1	viomycin phosphotransferase	NF000088.1	viomycin phosphotransferase
a5a5817f48bc6b819ac8ad76f5fd3ffe	rox	rifampin monooxygenase	core	AMR	AMR	RIFAMYCIN	RIFAMPIN	HMM	475	476	98.95	72.82	471	WP_015031687.1	rifampin monooxygenase	NF033145.1	rifampin monooxygenase
ad9a20168f259aac6c380f9a6032f7df	blaMOX	CMY-1/MOX family class C beta-lactamase	core	AMR	AMR	BETA-LACTAM	CEPHALOSPORIN	BLASTP	382	382	100.00	99.74	382	WP_268871858.1	CMY-1/MOX family class C beta-lactamase MOX-18	NF000239.3	CMY-1/MOX family class C beta-lactamase
aecbb10689d9a9f4f7f811261f30f2ae	blaIMP-38	subclass B1 metallo-beta-lactamase IMP-38	core	AMR	AMR	BETA-LACTAM	CARBAPENEM	ALLELEP	246	246	100.00	100.00	246	WP_063860594.1	subclass B1 metallo-beta-lactamase IMP-38	NF012147.1	IMP family subclass B1 metallo-beta-lactamase
b48077cddd4c5d86a51d13da3568caae	lsa	Lsa family ABC-F type ribosomal protection protein	core	AMR	AMR	LINCOSAMIDE/STREPTOGRAMIN	LINCOSAMIDE/STREPTOGRAMIN	HMM	492	494	98.79	68.24	488	WP_002294513.1	Lsa family ABC-F type ribosomal protection protein	NF000167.2	Lsa family ABC-F type ribosomal protection protein
b585b7d6730b593a8ee7aa6e5fdf1115	aac(6')-Ib	AAC(6')-Ib family aminoglycoside 6'-N-acetyltransferase	core	AMR	AMR	AMINOGLYCOSIDE	AMIKACIN/KANAMYCIN/TOBRAMYCIN	EXACTP	184	184	100.00	100.00	184	WP_071846332.1	AAC(6')-Ib family aminoglycoside 6'-N-acetyltransferase	NF033074.0	AAC(6')-Ib family aminoglycoside 6'-N-acetyltransferase
b6cd63523f9927d38eed7b364d1ff769	ant(3'')	ANT(3'')-I family aminoglycoside nucleotidyltransferase	core	AMR	AMR	AMINOGLYCOSIDE	SPECTINOMYCIN/STREPTOMYCIN	HMM	269	262	97.71	64.45	256	WP_071846379.1	ANT(3'')-I family aminoglycoside nucleotidyltransferase	NF012157.0	ANT(3'')-I family aminoglycoside nucleotidyltransferase
bd829dc45357f21072977b226ca03316	catB3	type B-3 chloramphenicol O-acetyltransferase CatB3	core	AMR	AMR	PHENICOL	CHLORAMPHENICOL	EXACTP	210	210	100.00	100.00	210	WP_071846207.1	type B-3 chloramphenicol O-acetyltransferase CatB3	NF000490.1	type B chloramphenicol O-acetyltransferase
c2f88dc9adb65ee9414c129a62caa4cd	bla	class A beta-lactamase	core	AMR	AMR	BETA-LACTAM	BETA-LACTAM	HMM	298	302	98.68	42.47	299	WP_105837729.1	class A beta-lactamase	NF033103.1	class A beta-lactamase
c525acf6490dd8654b610654ff4f042c	blaCMY-141	class C beta-lactamase CMY-141	core	AMR	AMR	BETA-LACTAM	CEPHALOSPORIN	ALLELEP	381	381	100.00	100.00	381	WP_065644637.1	class C beta-lactamase CMY-141	NF000191.1	CMY-2 family class C beta-lactamase
ca0d028731734efcb2e623484492a5ca	bla	class A beta-lactamase	core	AMR	AMR	BETA-LACTAM	BETA-LACTAM	HMM	296	302	98.01	52.65	302	WP_158386862.1	class A beta-lactamase	NF033103.1	class A beta-lactamase
d2cd53b64a55ef23d4f75b7ac8c643ee	aac(3)	aminoglycoside 3-N-acetyltransferase	core	AMR	AMR	AMINOGLYCOSIDE	GENTAMICIN	HMM	277	269	98.88	62.78	266	WP_012695485.1	aminoglycoside 3-N-acetyltransferase	NF033082.0	aminoglycoside 3-N-acetyltransferase
d6fb0ee899bb2b8ce694cdffda7cec94	blaKPC-66	inhibitor-resistant extended-spectrum class A beta-lactamase KPC-66	core	AMR	AMR	BETA-LACTAM	CEPHALOSPORIN	ALLELEP	291	291	100.00	100.00	291	WP_188331871.1	inhibitor-resistant extended-spectrum class A beta-lactamase KPC-66	NF012141.1	KPC family carbapenem-hydrolyzing class A beta-lactamase
d7b32c75093638927b711908857f28a8	dfrA31	trimethoprim-resistant dihydrofolate reductase DfrA31	core	AMR	AMR	TRIMETHOPRIM	TRIMETHOPRIM	BLASTP	157	157	100.00	99.36	157	WP_000703246.1	trimethoprim-resistant dihydrofolate reductase DfrA31	NF000330.1	trimethoprim-resistant dihydrofolate reductase DfrA
e296ed008b1445eee32801c2e9759de2	aadA22	ANT(3'')-Ia family aminoglycoside nucleotidyltransferase AadA22	core	AMR	AMR	AMINOGLYCOSIDE	STREPTOMYCIN	BLASTP	263	263	100.00	95.06	263	WP_071846321.1	ANT(3'')-Ia family aminoglycoside nucleotidyltransferase AadA22	NF012157.0	ANT(3'')-I family aminoglycoside nucleotidyltransferase
e9f4dce5c144ede08f3e064752165db5	blaR1	beta-lactam sensor/signal transducer BlaR1	core	AMR	AMR	BETA-LACTAM	BETA-LACTAM	EXACTP	585	585	100.00	100.00	585	WP_001096392.1	beta-lactam sensor/signal transducer BlaR1	NF033108.1	beta-lactam sensor/signal transducer BlaR1
ebaa9dcffe1492da54b27b1a5381af74	ampC	class C beta-lactamase	core	AMR	AMR	BETA-LACTAM	BETA-LACTAM	HMM	394	390	99.49	60.05	388	WP_063860894.1	class C beta-lactamase	NF033085.1	class C beta-lactamase
f41eb15f623d31f8267e5549f94d5a09	catB	type B chloramphenicol O-acetyltransferase	core	AMR	AMR	PHENICOL	CHLORAMPHENICOL	HMM	211	209	97.13	75.37	203	WP_010974114.1	type B chloramphenicol O-acetyltransferase	NF000490.1	type B chloramphenicol O-acetyltransferase
fac53d09bced38e18ef0f101359bd1d7	blaZ	penicillin-hydrolyzing class A beta-lactamase BlaZ	core	AMR	AMR	BETA-LACTAM	BETA-LACTAM	BLASTP	281	281	100.00	98.58	281	WP_000733274.1	penicillin-hydrolyzing class A beta-lactamase BlaZ	NF033139.1	penicillin-hydrolyzing class A beta-lactamase BlaZ
01313db7916cf42bd70173acb6811c0f	dfrS1	trimethoprim-resistant dihydrofolate reductase DfrS1	core	AMR	AMR	TRIMETHOPRIM	TRIMETHOPRIM	ALLELEP	161	161	100.00	100.00	161	WP_000175735.1	trimethoprim-resistant dihydrofolate reductase DfrS1	NA	NA
085535dfe17f8b8dde7e04bf70735383	emtA	23S rRNA (guanine(2470)) methyltransferase EmtA	core	AMR	AMR	AVILAMYCIN	AVILAMYCIN	BLASTP	341	341	100.00	99.71	341	WP_088245209.1	23S rRNA (guanine(2470)) methyltransferase EmtA	NF033398.1	EmtA family 23S rRNA (guanine(2470)) methyltransferase
1356738085c64073db80bf7039dc71f1	lsa(E)	ABC-F type ribosomal protection protein Lsa(E)	core	AMR	AMR	LINCOSAMIDE/STREPTOGRAMIN	LINCOSAMIDE/STREPTOGRAMIN	BLASTP	494	494	100.00	99.80	494	WP_002294513.1	ABC-F type ribosomal protection protein Lsa(E)	NF000167.2	Lsa family ABC-F type ribosomal protection protein
30255366761d0171004f296eb18c6303	erm(B)	23S rRNA (adenine(2058)-N(6))-methyltransferase Erm(B)	core	AMR	AMR	LINCOSAMIDE/MACROLIDE/STREPTOGRAMIN	CLINDAMYCIN/ERYTHROMYCIN/STREPTOGRAMIN B	BLASTP	242	245	100.00	98.78	245	WP_001038790.1	23S rRNA (adenine(2058)-N(6))-methyltransferase Erm(B)	NF012220.1	23S rRNA (adenine(2058)-N(6))-methyltransferase Erm(B)
397e507523ded0650ee6bd297de2e052	catA	type A chloramphenicol O-acetyltransferase	core	AMR	AMR	PHENICOL	CHLORAMPHENICOL	HMM	225	217	94.01	65.85	205	WP_063843208.1	type A chloramphenicol O-acetyltransferase	NF000491.1	type A chloramphenicol O-acetyltransferase
3a8085e2c5006937ac4617d5a6e98564	blaNDM-16b	subclass B1 metallo-beta-lactamase NDM-16b	core	AMR	AMR	BETA-LACTAM	CARBAPENEM	ALLELEP	270	270	100.00	100.00	270	WP_133963898.1	subclass B1 metallo-beta-lactamase NDM-16b	NF000259.2	NDM family subclass B1 metallo-beta-lactamase
3b4cbf849d6b69e3c9676eb77b08bbb7	ampC	class C beta-lactamase	core	AMR	AMR	BETA-LACTAM	BETA-LACTAM	HMM	396	396	95.96	62.11	380	WP_128268282.1	class C beta-lactamase	NF033085.1	class C beta-lactamase
4125064e636abbcab5665e234c66bebd	blaIMP-69	subclass B1 metallo-beta-lactamase IMP-69	core	AMR	AMR	BETA-LACTAM	CARBAPENEM	ALLELEP	246	246	100.00	100.00	246	WP_099156051.1	subclass B1 metallo-beta-lactamase IMP-69	NF012147.1	IMP family subclass B1 metallo-beta-lactamase
4595c20aa60bff941734e4129d2f7193	blaCTX-M-44	extended-spectrum class A beta-lactamase CTX-M-44	core	AMR	AMR	BETA-LACTAM	CEPHALOSPORIN	ALLELEP	291	291	100.00	100.00	291	WP_063860054.1	extended-spectrum class A beta-lactamase CTX-M-44	NF033089.1	CTX-M family extended-spectrum class A beta-lactamase
4dcee8e7cb606eba09957e29991bd554	blaIII	class A beta-lactamase BlaIII	core	AMR	AMR	BETA-LACTAM	BETA-LACTAM	BLASTP	316	316	100.00	99.68	316	WP_000497840.1	class A beta-lactamase BlaIII	NF041270.1	class A beta-lactamase BlaIII
4f16b052b26105d83ed6b9367722c448	blaPAU-1	class A beta-lactamase PAU-1	core	AMR	AMR	BETA-LACTAM	BETA-LACTAM	ALLELEP	293	293	100.00	100.00	293	WP_148044424.1	class A beta-lactamase PAU-1	NF033867.1	PAU family class A beta-lactamase
63f72082f445c3ecec9dc8cad3dc1a1c	dfrA50	trimethoprim-resistant dihydrofolate reductase DfrA50	core	AMR	AMR	TRIMETHOPRIM	TRIMETHOPRIM	BLASTP	152	158	96.20	98.68	152	WP_040203768.1	trimethoprim-resistant dihydrofolate reductase DfrA50	NF047323.1	trimethoprim-resistant dihydrofolate reductase DfrA50
66e9d4655dee2eb6957b676c0fd71d60	blaCMY-172	inhibitor-resistant extended-spectrum class C beta-lactamase CMY-172	core	AMR	AMR	BETA-LACTAM	CEPHALOSPORIN	ALLELEP	378	378	100.00	100.00	378	WP_215824899.1	inhibitor-resistant extended-spectrum class C beta-lactamase CMY-172	NF000191.1	CMY-2 family class C beta-lactamase
67438608ceffde830f1e69b69a540f6e	ampC	class C beta-lactamase	core	AMR	AMR	BETA-LACTAM	BETA-LACTAM	HMM	381	380	97.89	60.16	374	WP_011339581.1	class C beta-lactamase	NF033085.1	class C beta-lactamase
6a86a31705a45f7789369db2815cc43b	vanS-Pt	vancomycin resistance histidine kinase VanS-Pt	core	AMR	AMR	GLYCOPEPTIDE	VANCOMYCIN	BLASTP	384	386	99.48	90.89	384	WP_063856741.1	vancomycin resistance histidine kinase VanS-Pt	NF033091.0	vancomycin resistance histidine kinase VanS
706c7ab0e83e0204e4749343d10c52af	ampC	class C beta-lactamase	core	AMR	AMR	BETA-LACTAM	BETA-LACTAM	HMM	396	384	99.74	59.38	389	WP_311033294.1	class C beta-lactamase	NF033085.1	class C beta-lactamase
7703aaa17371b01d238052f6c3037299	mcr-3.28	phosphoethanolamine--lipid A transferase MCR-3.28	core	AMR	AMR	COLISTIN	COLISTIN	ALLELEP	541	541	100.00	100.00	541	WP_150823496.1	phosphoethanolamine--lipid A transferase MCR-3.28	NF033408.5	MCR-3 family phosphoethanolamine--lipid A transferase
7b4aa4546125d5a1e05108cb675b8b7b	aph(3')	APH(3') family aminoglycoside O-phosphotransferase	core	AMR	AMR	AMINOGLYCOSIDE	AMINOGLYCOSIDE	HMM	270	267	100.00	61.76	272	WP_030183523.1	APH(3') family aminoglycoside O-phosphotransferase	NF033068.1	APH(3') family aminoglycoside O-phosphotransferase
83c5e117ea5bc39598bb93f99393624b	aac(3)-II	AAC(3)-II family aminoglycoside N-acetyltransferase	core	AMR	AMR	AMINOGLYCOSIDE	GENTAMICIN	HMM	289	269	97.77	77.95	263	WP_033147097.1	AAC(3)-II family aminoglycoside N-acetyltransferase	NF033080.0	AAC(3)-II family aminoglycoside N-acetyltransferase
85c55a41c80ef82d1f0a1e143068c8ee	erm(B)	23S rRNA (adenine(2058)-N(6))-methyltransferase Erm(B)	core	AMR	AMR	LINCOSAMIDE/MACROLIDE/STREPTOGRAMIN	CLINDAMYCIN/ERYTHROMYCIN/STREPTOGRAMIN B	BLASTP	250	245	98.78	99.59	242	WP_002321849.1	23S rRNA (adenine(2058)-N(6))-methyltransferase Erm(B)	NF012220.1	23S rRNA (adenine(2058)-N(6))-methyltransferase Erm(B)
960bdacc1a2bcaab7e1443f6863fd504	blaTEM	TEM family class A beta-lactamase	core	AMR	AMR	BETA-LACTAM	BETA-LACTAM	PARTIALP	216	286	66.43	99.47	190	WP_015379489.1	inhibitor-resistant broad-spectrum class A beta-lactamase TEM-34	NF033103.1	class A beta-lactamase
9ada3da8b614ab0ff3d271b885527910	fosA	FosA5 family fosfomycin resistance glutathione transferase	core	AMR	AMR	FOSFOMYCIN	FOSFOMYCIN	EXACTP	139	139	100.00	100.00	139	WP_004146118.1	FosA5 family fosfomycin resistance glutathione transferase	NF040540.1	FosA5 family fosfomycin resistance glutathione transferase
a8697b0b3820f4f4138ffe543179876d	blaGES-7	extended-spectrum class A beta-lactamase GES-7	core	AMR	AMR	BETA-LACTAM	CEPHALOSPORIN	ALLELEP	287	287	100.00	100.00	287	WP_032490683.1	extended-spectrum class A beta-lactamase GES-7	NF012103.0	GES family class A beta-lactamase
ba29a6c91dbc499c65f62cc4a1050968	qacE	quaternary ammonium compound efflux SMR transporter QacE	core	STRESS	BIOCIDE	QUATERNARY AMMONIUM	QUATERNARY AMMONIUM	EXACTP	110	110	100.00	100.00	110	WP_053515552.1	quaternary ammonium compound efflux SMR transporter QacE	NF000276.2	quaternary ammonium compound efflux SMR transporter QacE
c6bcc60b13bb486fbac2f4f97d756a70	blaIMP-8	subclass B1 metallo-beta-lactamase IMP-8	core	AMR	AMR	BETA-LACTAM	CARBAPENEM	ALLELEP	246	246	100.00	100.00	246	WP_012695457.1	subclass B1 metallo-beta-lactamase IMP-8	NF012147.1	IMP family subclass B1 metallo-beta-lactamase
cab1e0319d4ca492cfc45d7d824d13e6	blaOXA	class D beta-lactamase	core	AMR	AMR	BETA-LACTAM	BETA-LACTAM	HMM	272	275	98.55	68.27	271	WP_102607464.1	class D beta-lactamase	NF000270.1	class D beta-lactamase
cb3aba0f06aa91e722a3690f2a431240	bla	class A beta-lactamase	core	AMR	AMR	BETA-LACTAM	BETA-LACTAM	HMM	290	304	100.00	42.35	307	WP_060005294.1	class A beta-lactamase	NF033103.1	class A beta-lactamase
d6bbe935a6e0540c8629bb80ba2dcf02	catA	type A chloramphenicol O-acetyltransferase	core	AMR	AMR	PHENICOL	CHLORAMPHENICOL	HMM	215	215	100.00	86.51	215	WP_035203840.1	type A chloramphenicol O-acetyltransferase	NF000491.1	type A chloramphenicol O-acetyltransferase
d8134551c8bcb3e24a292c16fffb23fa	aacA16	AAC(6')-Ia family aminoglycoside 6'-N-acetyltransferase AacA16	core	AMR	AMR	AMINOGLYCOSIDE	AMINOGLYCOSIDE	ALLELEP	183	183	100.00	100.00	183	WP_001109644.1	AAC(6')-Ia family aminoglycoside 6'-N-acetyltransferase AacA16	NF033078.2	AAC(6')-Ia family aminoglycoside 6'-N-acetyltransferase
e61fc7c0f24c07720dd3a7778d6fe264	erm(B)	23S rRNA (adenine(2058)-N(6))-methyltransferase Erm(B)	core	AMR	AMR	LINCOSAMIDE/MACROLIDE/STREPTOGRAMIN	CLINDAMYCIN/ERYTHROMYCIN/STREPTOGRAMIN B	EXACTP	245	245	100.00	100.00	245	WP_001038792.1	23S rRNA (adenine(2058)-N(6))-methyltransferase Erm(B)	NF012220.1	23S rRNA (adenine(2058)-N(6))-methyltransferase Erm(B)
e72d69bd6ca05ef9358cf5c30b27f591	optrA	ABC-F type ribosomal protection protein OptrA	core	AMR	AMR	OXAZOLIDINONE/PHENICOL	FLORFENICOL/OXAZOLIDINONE	BLASTP	637	655	97.25	99.53	637	WP_063854496.1	ABC-F type ribosomal protection protein OptrA	NF000514.1	ABC-F type ribosomal protection protein OptrA
f9c24343343fe1b42e7c5dcbcc71f77c	tet(L)	tetracycline efflux MFS transporter Tet(L)	core	AMR	AMR	TETRACYCLINE	TETRACYCLINE	BLASTP	458	458	100.00	98.69	458	WP_002294500.1	tetracycline efflux MFS transporter Tet(L)	NF012185.0	tetracycline efflux MFS transporter Tet(L)
ffda6cb3e92fa6ecb525b1646a16f3ce	aac(6')-Ib11	aminoglycoside N-acetyltransferase AAC(6')-Ib11	core	AMR	AMR	AMINOGLYCOSIDE	AMIKACIN/GENTAMICIN/KANAMYCIN/TOBRAMYCIN	BLASTP	186	189	93.65	96.11	180	WP_032490438.1	aminoglycoside N-acetyltransferase AAC(6')-Ib11	NF033074.0	AAC(6')-Ib family aminoglycoside 6'-N-acetyltransferase
096a2d40c0f4e89df8e8631c00aee554	mphM	macrolide 2'-phosphotransferase MphM	core	AMR	AMR	MACROLIDE	MACROLIDE	BLASTP	299	299	100.00	96.32	299	WP_016078774.1	macrolide 2'-phosphotransferase MphM	NF038056.1	macrolide 2'-phosphotransferase MphM
0b085ce11b20ff0b96a9871e30808d3f	oqxA	multidrug efflux RND transporter periplasmic adaptor subunit OqxA	core	AMR	AMR	PHENICOL/QUINOLONE	PHENICOL/QUINOLONE	BLASTP	391	391	100.00	99.74	391	WP_063865358.1	multidrug efflux RND transporter periplasmic adaptor subunit OqxA2	NF000272.1	multidrug efflux RND transporter periplasmic adaptor subunit OqxA
0b39585e442726eb2681fefe05e7a101	blaCMY-111	extended-spectrum class C beta-lactamase CMY-111	core	AMR	AMR	BETA-LACTAM	CEPHALOSPORIN	ALLELEP	381	381	100.00	100.00	381	WP_063859698.1	extended-spectrum class C beta-lactamase CMY-111	NF000191.1	CMY-2 family class C beta-lactamase
180112ad585410af72e482b69ffdfd27	ant(3'')	ANT(3'')-I family aminoglycoside nucleotidyltransferase	core	AMR	AMR	AMINOGLYCOSIDE	SPECTINOMYCIN/STREPTOMYCIN	HMM	269	262	99.62	63.60	261	WP_004356282.1	ANT(3'')-I family aminoglycoside nucleotidyltransferase	NF012157.0	ANT(3'')-I family aminoglycoside nucleotidyltransferase
18a2c03a4ab10109e1eb50f9d5cf23e9	blaOXA	class D beta-lactamase	core	AMR	AMR	BETA-LACTAM	BETA-LACTAM	HMM	265	269	95.17	45.77	260	WP_277915723.1	class D beta-lactamase	NF000270.1	class D beta-lactamase
1add2f0505a22faf90653f405740bcd2	oqxB2	multidrug efflux RND transporter permease subunit OqxB2	core	AMR	AMR	PHENICOL/QUINOLONE	PHENICOL/QUINOLONE	ALLELEP	1050	1050	100.00	100.00	1050	WP_032495443.1	multidrug efflux RND transporter permease subunit OqxB2	NF000037.1	multidrug efflux RND transporter permease subunit OqxB
2000325572f7942c659cccc2c38b4ed1	satA	streptothricin N-acetyltransferase SatA	core	AMR	AMR	STREPTOTHRICIN	STREPTOTHRICIN	BLASTP	181	184	98.91	80.33	183	WP_000054744.1	streptothricin N-acetyltransferase SatA	NA	NA
2030970ac0a539e3ae7f18e8d3b734f3	qacA	quaternary ammonium compound efflux MFS transporter QacA	core	STRESS	BIOCIDE	QUATERNARY AMMONIUM	QUATERNARY AMMONIUM	BLASTP	514	514	100.00	99.61	514	WP_000622776.1	quaternary ammonium compound efflux MFS transporter QacA	NF000089.1	QacA/B family quaternary ammonium compound efflux MFS transporter
2cb34e9472417f7de2662677c6943dc2	aph(3'')-Ib	aminoglycoside O-phosphotransferase APH(3'')-Ib	core	AMR	AMR	AMINOGLYCOSIDE	STREPTOMYCIN	BLASTP	267	267	100.00	99.25	267	WP_001082319.1	aminoglycoside O-phosphotransferase APH(3'')-Ib	NF032895.1	aminoglycoside O-phosphotransferase APH(3'')-Ib
32207c5fed36487db416538cfdaea22d	bla	class A beta-lactamase	core	AMR	AMR	BETA-LACTAM	BETA-LACTAM	HMM	308	316	99.05	75.72	313	WP_000497840.1	class A beta-lactamase	NF012167.0	class A beta-lactamase
32b977d3be0c9ebf1cde30775f98dbf5	blaAFM-3	subclass B1 metallo-beta-lactamase AFM-3	core	AMR	AMR	BETA-LACTAM	CARBAPENEM	ALLELEP	267	267	100.00	100.00	267	WP_211862582.1	subclass B1 metallo-beta-lactamase AFM-3	NF033736.2	AFM family subclass B1 metallo-beta-lactamase
3341d890e2ee115dd3b1873df69efcb0	erm(F)	23S rRNA (adenine(2058)-N(6))-methyltransferase Erm(F)	core	AMR	AMR	LINCOSAMIDE/MACROLIDE/STREPTOGRAMIN	CLINDAMYCIN/MACROLIDE/STREPTOGRAMIN	BLASTP	266	266	100.00	98.87	266	WP_002682030.1	23S rRNA (adenine(2058)-N(6))-methyltransferase Erm(F)	NF012223.0	23S rRNA (adenine(2058)-N(6))-methyltransferase Erm(F)
341814ca6b1c509312fa67fb4b550a0e	ampC	class C beta-lactamase	core	AMR	AMR	BETA-LACTAM	BETA-LACTAM	HMM	396	384	99.74	59.38	389	WP_311033294.1	class C beta-lactamase	NF033085.1	class C beta-lactamase
3ec1de80a3fc466660296fb2b8813bd8	dfr	DfrD/DfrG/DfrK family trimethoprim-resistant dihydrofolate reductase	core	AMR	AMR	TRIMETHOPRIM	TRIMETHOPRIM	HMM	165	165	100.00	78.18	165	WP_000868795.1	DfrD/DfrG/DfrK family trimethoprim-resistant dihydrofolate reductase	NF000332.1	DfrD/DfrG/DfrK family trimethoprim-resistant dihydrofolate reductase
4efdeb93607e79627023dadc1813af16	bla	subclass B3 metallo-beta-lactamase	core	AMR	AMR	BETA-LACTAM	BETA-LACTAM	HMM	286	289	98.27	43.40	288	WP_063859390.1	subclass B3 metallo-beta-lactamase	NF033105.1	subclass B3 metallo-beta-lactamase
545fcf906e7251a64c35662b28992927	arr	NAD(+)--rifampin ADP-ribosyltransferase	core	AMR	AMR	RIFAMYCIN	RIFAMYCIN	HMM	131	143	84.62	53.72	121	WP_063842202.1	NAD(+)--rifampin ADP-ribosyltransferase	NF033144.1	NAD(+)--rifampin ADP-ribosyltransferase
54fdc9d47bff1154e11288373c6cc73f	arr	NAD(+)--rifampin ADP-ribosyltransferase	core	AMR	AMR	RIFAMYCIN	RIFAMYCIN	HMM	136	143	88.81	66.93	127	WP_063842202.1	NAD(+)--rifampin ADP-ribosyltransferase	NF033144.1	NAD(+)--rifampin ADP-ribosyltransferase
560207d7edf887e204e9b7954ab173f2	bla	class A beta-lactamase	core	AMR	AMR	BETA-LACTAM	BETA-LACTAM	HMM	250	319	79.00	59.13	252	WP_063842272.1	class A beta-lactamase	NF033103.1	class A beta-lactamase
604e9f696740bfb74866432878be8024	cmlA1	chloramphenicol efflux MFS transporter CmlA1	core	AMR	AMR	PHENICOL	CHLORAMPHENICOL	BLASTP	455	419	95.70	99.75	401	WP_000095725.1	chloramphenicol efflux MFS transporter CmlA1	NF000509.1	CmlA family chloramphenicol efflux MFS transporter
66885fbd70359ac30b8e42fa162092bd	mcr-8.2	phosphoethanolamine--lipid A transferase MCR-8.2	core	AMR	AMR	COLISTIN	COLISTIN	ALLELEP	565	565	100.00	100.00	565	WP_072310976.1	phosphoethanolamine--lipid A transferase MCR-8.2	NF033669.1	MCR-8 family phosphoethanolamine--lipid A transferase
67a73811d3e92669133d31128b45fcfb	aph(3'')-Ib	aminoglycoside O-phosphotransferase APH(3'')-Ib	core	AMR	AMR	AMINOGLYCOSIDE	STREPTOMYCIN	BLASTP	252	267	94.38	99.60	252	WP_001082319.1	aminoglycoside O-phosphotransferase APH(3'')-Ib	NF032896.1	APH(3'') family aminoglycoside O-phosphotransferase
6d0d73ab43f5ad16b76f83168d25939c	bla	subclass B3 metallo-beta-lactamase	core	AMR	AMR	BETA-LACTAM	BETA-LACTAM	HMM	286	289	98.27	49.30	284	WP_063859390.1	subclass B3 metallo-beta-lactamase	NF033105.1	subclass B3 metallo-beta-lactamase
6f22ad4f02a3e4980e1788b2aa41b0d7	dfrA16	trimethoprim-resistant dihydrofolate reductase DfrA16	core	AMR	AMR	TRIMETHOPRIM	TRIMETHOPRIM	BLASTP	144	157	91.08	100.00	143	WP_032490158.1	trimethoprim-resistant dihydrofolate reductase DfrA16	NF000330.1	trimethoprim-resistant dihydrofolate reductase DfrA
72f7139e1fbe134614fa001ebe93951f	qnrA	QnrA family quinolone resistance pentapeptide repeat protein	core	AMR	AMR	QUINOLONE	QUINOLONE	BLASTP	218	218	100.00	99.54	218	WP_012579084.1	quinolone resistance pentapeptide repeat protein QnrA1	NF000071.4	QnrA family quinolone resistance pentapeptide repeat protein
7768f253042a096eb5e4f4bac3accb85	vanR	VanR-ABDEGLN family response regulator transcription factor	core	AMR	AMR	GLYCOPEPTIDE	VANCOMYCIN	HMM	231	235	99.57	68.38	234	WP_021418928.1	VanR-ABDEGLN family response regulator transcription factor	NF033117.2	VanR-ABDEGLN family response regulator transcription factor
78184b2403b551fb5eb885536bac4de1	tet(B)	tetracycline efflux MFS transporter Tet(B)	core	AMR	AMR	TETRACYCLINE	TETRACYCLINE	EXACTP	401	401	100.00	100.00	401	WP_014386815.1	tetracycline efflux MFS transporter Tet(B)	NF012190.1	tetracycline efflux MFS transporter Tet(B)
79c5427f4b6bd98f02b29a3bef5d7422	blaCMY	CMY-2 family class C beta-lactamase	core	AMR	AMR	BETA-LACTAM	CEPHALOSPORIN	BLASTP	381	381	100.00	99.74	381	WP_015056382.1	extended-spectrum class C beta-lactamase CMY-4	NF000191.1	CMY-2 family class C beta-lactamase
7fda9bbcbb805acbea2fae5aad467d84	oqxB	multidrug efflux RND transporter permease subunit OqxB	core	AMR	AMR	PHENICOL/QUINOLONE	PHENICOL/QUINOLONE	BLASTP	1050	1050	100.00	99.90	1050	WP_000347934.1	multidrug efflux RND transporter permease subunit OqxB	NF000037.1	multidrug efflux RND transporter permease subunit OqxB
802816618d2c6490d4e6e681b8792ecc	aac(3)-II	AAC(3)-II family aminoglycoside N-acetyltransferase	core	AMR	AMR	AMINOGLYCOSIDE	GENTAMICIN	HMM	271	269	97.77	79.85	263	WP_033147097.1	AAC(3)-II family aminoglycoside N-acetyltransferase	NF033080.0	AAC(3)-II family aminoglycoside N-acetyltransferase
9056837aec152d3cb14c66b75d5282c5	fosM	FosM family fosfomycin resistance protein	core	AMR	AMR	FOSFOMYCIN	FOSFOMYCIN	HMM	141	142	95.77	82.35	136	WP_204376221.1	FosM family fosfomycin resistance protein	NF038306.1	FosM family fosfomycin resistance protein
9a7ec0827d5e5996243a1591ca569b97	aac(3)-II	AAC(3)-II family aminoglycoside N-acetyltransferase	core	AMR	AMR	AMINOGLYCOSIDE	GENTAMICIN	HMM	281	269	97.77	77.19	263	WP_033147097.1	AAC(3)-II family aminoglycoside N-acetyltransferase	NF033080.0	AAC(3)-II family aminoglycoside N-acetyltransferase
9d34b7d6a0c9b6c3925576786c414ebd	rox	rifampin monooxygenase	core	AMR	AMR	RIFAMYCIN	RIFAMPIN	HMM	504	476	99.16	70.53	475	WP_015031687.1	rifampin monooxygenase	NF033145.1	rifampin monooxygenase
9db7fe5b7fade52e24d8e56be1da59d5	ampC	class C beta-lactamase	core	AMR	AMR	BETA-LACTAM	BETA-LACTAM	HMM	394	396	95.45	59.79	378	WP_128268282.1	class C beta-lactamase	NF033085.1	class C beta-lactamase
9dcbc79e0342ca5589ba04f3c15ba1e7	vat	Vat family streptogramin A O-acetyltransferase	core	AMR	AMR	STREPTOGRAMIN	STREPTOGRAMIN	HMM	213	221	95.02	72.38	210	WP_005164767.1	Vat family streptogramin A O-acetyltransferase	NF000311.1	Vat family streptogramin A O-acetyltransferase
a505527a254369435d4bc61feebcc86e	blaOXA	OXA-1043 family class D beta-lactamase	core	AMR	AMR	BETA-LACTAM	BETA-LACTAM	HMM	270	268	100.00	89.18	268	WP_077021671.1	OXA-1043 family class D beta-lactamase	NF040600.1	OXA-1043 family class D beta-lactamase
aa75e099ddc06e791d4b7ba70dae5dac	sul1	sulfonamide-resistant dihydropteroate synthase Sul1	core	AMR	AMR	SULFONAMIDE	SULFONAMIDE	BLASTP	279	279	100.00	99.64	279	WP_000259031.1	sulfonamide-resistant dihydropteroate synthase Sul1	NF000294.1	sulfonamide-resistant dihydropteroate synthase Sul1
ac895ef32d63d70089bc67474e88d733	blaZ	penicillin-hydrolyzing class A beta-lactamase BlaZ	core	AMR	AMR	BETA-LACTAM	BETA-LACTAM	BLASTP	281	281	100.00	98.93	281	WP_000733274.1	penicillin-hydrolyzing class A beta-lactamase BlaZ	NF033139.1	penicillin-hydrolyzing class A beta-lactamase BlaZ
b37fab52fcea7e614021194cee7920c6	aph(3'')	APH(3'') family aminoglycoside O-phosphotransferase	core	AMR	AMR	AMINOGLYCOSIDE	STREPTOMYCIN	HMM	267	267	100.00	66.67	267	WP_010890156.1	APH(3'') family aminoglycoside O-phosphotransferase	NF032896.1	APH(3'') family aminoglycoside O-phosphotransferase
b8f6ce6943d8b7af7d74e4c8272d64d6	tmexD	multidrug efflux RND transporter permease subunit TMexD	core	AMR	AMR	TETRACYCLINE	TIGECYCLINE	BLASTP	1044	1044	100.00	99.81	1044	WP_027591160.1	multidrug efflux RND transporter permease subunit TMexD2	NA	NA
bad13e5e575c108acd030fd6027659fc	catB	type B chloramphenicol O-acetyltransferase	core	AMR	AMR	PHENICOL	CHLORAMPHENICOL	HMM	212	209	98.09	75.61	205	WP_010974114.1	type B chloramphenicol O-acetyltransferase	NF000490.1	type B chloramphenicol O-acetyltransferase
bcede55b049a59f4920e3d011d92fdbe	blaOXA	class D beta-lactamase	core	AMR	AMR	BETA-LACTAM	BETA-LACTAM	HMM	272	275	99.27	67.77	273	WP_102607464.1	class D beta-lactamase	NF000270.1	class D beta-lactamase
c925bb23f1b3e453603beecb2450bb52	blaR1	BlaR1 family beta-lactam sensor/signal transducer	core	AMR	AMR	BETA-LACTAM	BETA-LACTAM	HMM	599	593	98.65	35.06	599	WP_012705551.1	BlaR1 family beta-lactam sensor/signal transducer	NF000326.1	BlaR1 family beta-lactam sensor/signal transducer
cff7bb3909ef0f2fd81b3eae5af873bf	blaMYO-1	subclass B1 metallo-beta-lactamase MYO-1	core	AMR	AMR	BETA-LACTAM	CARBAPENEM	ALLELEP	266	266	100.00	100.00	266	WP_081048762.1	subclass B1 metallo-beta-lactamase MYO-1	NF033088.2	subclass B1 metallo-beta-lactamase
d2e2d5ce6c7c3e39d00c71393389029b	aac(3)-II	AAC(3)-II family aminoglycoside N-acetyltransferase	core	AMR	AMR	AMINOGLYCOSIDE	GENTAMICIN	HMM	272	269	99.63	70.15	268	WP_033147097.1	AAC(3)-II family aminoglycoside N-acetyltransferase	NF033080.0	AAC(3)-II family aminoglycoside N-acetyltransferase
e7d5bef03c171c6adb2082b223902dd0	fexA	chloramphenicol/florfenicol efflux MFS transporter FexA	core	AMR	AMR	PHENICOL	CHLORAMPHENICOL/FLORFENICOL	BLASTP	475	475	100.00	98.95	475	WP_015585966.1	chloramphenicol/florfenicol efflux MFS transporter FexA	NF000218.1	chloramphenicol/florfenicol efflux MFS transporter FexA
efd3fb6bdf45e404fb12661227906cf5	bla	class A beta-lactamase	core	AMR	AMR	BETA-LACTAM	BETA-LACTAM	HMM	299	294	99.32	59.18	294	WP_025370306.1	class A beta-lactamase	NF033103.1	class A beta-lactamase
efe99acb362cddd360c3e48ecbe21f22	tet(A)	tetracycline efflux MFS transporter Tet(A)	core	AMR	AMR	TETRACYCLINE	TETRACYCLINE	PARTIALP	307	399	76.94	100.00	307	WP_000804063.1	tetracycline efflux MFS transporter Tet(A)	NF012174.0	Tet(A)/Tet(B)/Tet(C) family tetracycline efflux MFS transporter
f192fa86407ab1beac3324d59e9aff3b	bla	class A beta-lactamase	core	AMR	AMR	BETA-LACTAM	BETA-LACTAM	HMM	308	325	97.54	49.06	320	WP_030892446.1	class A beta-lactamase	NF033103.1	class A beta-lactamase
f19c9923542e32c152d21059a83f8195	aph(3')-VIa	aminoglycoside O-phosphotransferase APH(3')-VIa	core	AMR	AMR	AMINOGLYCOSIDE	AMIKACIN/KANAMYCIN	BLASTP	259	259	100.00	98.07	259	WP_000422636.1	aminoglycoside O-phosphotransferase APH(3')-VIa	NF033062.0	APH(3')-VI family aminoglycoside O-phosphotransferase
f42467a51de748386f41d5531e70e90e	oqxA2	multidrug efflux RND transporter periplasmic adaptor subunit OqxA2	core	AMR	AMR	PHENICOL/QUINOLONE	PHENICOL/QUINOLONE	ALLELEP	391	391	100.00	100.00	391	WP_063865358.1	multidrug efflux RND transporter periplasmic adaptor subunit OqxA2	NF000272.1	multidrug efflux RND transporter periplasmic adaptor subunit OqxA
ff9ad1ba9a4237c12942c0b1e61c8ba2	blaPEN-B	PEN-B family class A beta-lactamase	core	AMR	AMR	BETA-LACTAM	BETA-LACTAM	BLASTP	312	312	100.00	96.47	312	WP_163122236.1	class A beta-lactamase PEN-B4	NF041138.1	PEN-B family class A beta-lactamase
0331c9875581cba63c347a36ac7fd5c8	bla	class A beta-lactamase	core	AMR	AMR	BETA-LACTAM	BETA-LACTAM	HMM	311	316	100.00	75.95	316	WP_000497840.1	class A beta-lactamase	NF012167.0	class A beta-lactamase
069f41dc9f580d45c5dc9c6d7f781488	aac(6')-Ib	AAC(6')-Ib family aminoglycoside 6'-N-acetyltransferase	core	AMR	AMR	AMINOGLYCOSIDE	AMIKACIN/KANAMYCIN/TOBRAMYCIN	EXACTP	184	184	100.00	100.00	184	WP_063612062.1	AAC(6')-Ib family aminoglycoside 6'-N-acetyltransferase	NF033074.0	AAC(6')-Ib family aminoglycoside 6'-N-acetyltransferase
103c6d0551cb11fe4b4c947af4809468	satA	streptothricin N-acetyltransferase SatA	core	AMR	AMR	STREPTOTHRICIN	STREPTOTHRICIN	BLASTP	184	184	98.91	79.78	183	WP_000054744.1	streptothricin N-acetyltransferase SatA	NA	NA
1bb0c0f1a31ff161edf8dd046f26b93e	arr	NAD(+)--rifampin ADP-ribosyltransferase	core	AMR	AMR	RIFAMYCIN	RIFAMYCIN	HMM	249	143	82.52	51.69	118	WP_063842202.1	NAD(+)--rifampin ADP-ribosyltransferase	NF033144.1	NAD(+)--rifampin ADP-ribosyltransferase
1fb76bc1cd04ccda537f98b4eb25fc4a	blaSHV	SHV family class A beta-lactamase	core	AMR	AMR	BETA-LACTAM	BETA-LACTAM	PARTIALP	193	286	62.59	91.21	182	WP_063864660.1	class A beta-lactamase SHV-182	NA	NA
229d2c168a1c8a150b7ad15b3edb030b	ampC	class C beta-lactamase	core	AMR	AMR	BETA-LACTAM	BETA-LACTAM	HMM	389	408	95.34	52.05	390	WP_322881141.1	class C beta-lactamase	NF033085.1	class C beta-lactamase
27c998dd9219e5dadbfc7090d438a8d8	blaI	penicillinase repressor BlaI	core	AMR	AMR	BETA-LACTAM	BETA-LACTAM	BLASTP	126	126	100.00	98.41	126	WP_001284656.1	penicillinase repressor BlaI	NF000186.1	penicillinase repressor BlaI
2c80f7564d96bc5ddccc7f17ee4aa25c	fexB	chloramphenicol/florfenicol efflux MFS transporter FexB	core	AMR	AMR	PHENICOL	CHLORAMPHENICOL/FLORFENICOL	EXACTP	469	469	100.00	100.00	469	WP_002415211.1	chloramphenicol/florfenicol efflux MFS transporter FexB	NF040856.1	chloramphenicol/florfenicol efflux MFS transporter FexB
2db241ae6b961d348b43228f4c337211	vanR-A	vancomycin resistance response regulator transcription factor VanR-A	core	AMR	AMR	GLYCOPEPTIDE	VANCOMYCIN	BLASTP	231	231	100.00	91.77	231	WP_063856721.1	vancomycin resistance response regulator transcription factor VanR-A	NF000401.1	vancomycin resistance response regulator transcription factor VanR-A
348b1368be74db5eeedbc724d50d40df	bleO	bleomycin binding protein	core	AMR	AMR	BLEOMYCIN	BLEOMYCIN	PARTIALP	121	134	89.55	99.17	120	WP_001242578.1	bleomycin binding protein	NF000027.1	bleomycin binding protein
38994791a911d71debfd1f5c8aed6083	blaR1	beta-lactam sensor/signal transducer BlaR1	core	AMR	AMR	BETA-LACTAM	BETA-LACTAM	BLASTP	585	585	100.00	95.21	585	WP_001096386.1	beta-lactam sensor/signal transducer BlaR1	NF033108.1	beta-lactam sensor/signal transducer BlaR1
43415e9c0dd0b6bfe3b16af9c89ec150	ampC	class C beta-lactamase	core	AMR	AMR	BETA-LACTAM	BETA-LACTAM	HMM	396	396	97.47	61.66	386	WP_128268282.1	class C beta-lactamase	NF033085.1	class C beta-lactamase
4a8b85a4de3ad2e77da32a72f2bcbc6f	aac(6')-Il	aminoglycoside N-acetyltransferase AAC(6')-Il	core	AMR	AMR	AMINOGLYCOSIDE	AMIKACIN/KANAMYCIN/TOBRAMYCIN	BLASTP	152	152	100.00	99.34	152	WP_013263788.1	aminoglycoside N-acetyltransferase AAC(6')-Il	NF000158.2	aminoglycoside N-acetyltransferase AAC(6')-Il
5814ab09b97974b335adc80e40651623	tet(L)	tetracycline efflux MFS transporter Tet(L)	core	AMR	AMR	TETRACYCLINE	TETRACYCLINE	BLASTP	458	458	100.00	99.78	458	WP_001574277.1	tetracycline efflux MFS transporter Tet(L)	NF012185.0	tetracycline efflux MFS transporter Tet(L)
58e8931a16a6023a506b3070f3861351	tet(O)	tetracycline resistance ribosomal protection protein Tet(O)	core	AMR	AMR	TETRACYCLINE	TETRACYCLINE	BLASTP	639	639	100.00	99.06	639	WP_011187228.1	tetracycline resistance ribosomal protection protein Tet(O)	NF033148.1	TetM/TetW/TetO/TetS family tetracycline resistance ribosomal protection protein
5ca8d224d78f70caafd191478d1f0426	dfrA12	trimethoprim-resistant dihydrofolate reductase DfrA12	core	AMR	AMR	TRIMETHOPRIM	TRIMETHOPRIM	BLASTP	165	165	100.00	99.39	165	WP_001083725.1	trimethoprim-resistant dihydrofolate reductase DfrA12	NF000053.2	trimethoprim-resistant dihydrofolate reductase DfrA12
608e17cc179b30072eba15065cb9e108	fosB	FosB/FosD family fosfomycin resistance bacillithiol transferase	core	AMR	AMR	FOSFOMYCIN	FOSFOMYCIN	HMM	139	139	100.00	86.33	139	WP_000616116.1	FosB/FosD family fosfomycin resistance bacillithiol transferase	NF000493.1	FosB/FosD family fosfomycin resistance bacillithiol transferase
6190f01a17dcbefc703a1be4866b7c09	tet(B)	tetracycline efflux MFS transporter Tet(B)	core	AMR	AMR	TETRACYCLINE	TETRACYCLINE	BLASTP	401	401	100.00	99.75	401	WP_001089068.1	tetracycline efflux MFS transporter Tet(B)	NF012190.1	tetracycline efflux MFS transporter Tet(B)
65336550049e48456643a9576f2a942c	mle	alpha/beta fold macrolide esterase	core	AMR	AMR	MACROLIDE	TYLOSIN	HMM	284	287	97.91	83.99	281	WP_459076516.1	alpha/beta fold macrolide esterase	NF052610.1	alpha/beta fold macrolide esterase
6863cf8195e27b022f45d3c12f5784b9	blaOXA-17	OXA-10 family extended-spectrum class D beta-lactamase OXA-17	core	AMR	AMR	BETA-LACTAM	CEPHALOSPORIN	ALLELEP	266	266	100.00	100.00	266	WP_032491804.1	OXA-10 family extended-spectrum class D beta-lactamase OXA-17	NF000386.2	OXA-10 family class D beta-lactamase
6fabff3c12e2b941d1684840bf9d4047	bla	class A beta-lactamase	core	AMR	AMR	BETA-LACTAM	BETA-LACTAM	HMM	298	297	100.00	66.33	297	WP_068885073.1	class A beta-lactamase	NF033103.1	class A beta-lactamase
706b7eba803979d85a4d6cd1c9137a89	tet(A)	tetracycline efflux MFS transporter Tet(A)	core	AMR	AMR	TETRACYCLINE	TETRACYCLINE	BLASTP	399	399	100.00	99.75	399	WP_012579085.1	tetracycline efflux MFS transporter Tet(A)	NF012193.0	tetracycline efflux MFS transporter Tet(A)
733ffa0505bc5b745758179225096193	bla	class A beta-lactamase	core	AMR	AMR	BETA-LACTAM	BETA-LACTAM	HMM	287	297	97.64	45.39	293	WP_109545074.1	class A beta-lactamase	NF033103.1	class A beta-lactamase
73942681e6e25e1a4d729ff321a9bfae	bla	class A beta-lactamase	core	AMR	AMR	BETA-LACTAM	BETA-LACTAM	HMM	292	290	99.31	61.03	290	WP_110273168.1	class A beta-lactamase	NF033103.1	class A beta-lactamase
7603054d8a64bf4c1e6fd77822935ebe	vanS	vancomycin resistance histidine kinase VanS	core	AMR	AMR	GLYCOPEPTIDE	VANCOMYCIN	HMM	384	386	99.48	89.32	384	WP_063856741.1	vancomycin resistance histidine kinase VanS	NF033091.0	vancomycin resistance histidine kinase VanS
77646b1a1be82b78a3a39956a6900005	catB	type B chloramphenicol O-acetyltransferase	core	AMR	AMR	PHENICOL	CHLORAMPHENICOL	HMM	212	209	98.09	76.59	205	WP_010974114.1	type B chloramphenicol O-acetyltransferase	NF000490.1	type B chloramphenicol O-acetyltransferase
78302f9ae4f1f8581c43f1a6dedd048b	aac(6')-Ib	AAC(6')-Ib family aminoglycoside 6'-N-acetyltransferase	core	AMR	AMR	AMINOGLYCOSIDE	GENTAMICIN	EXACTP	184	184	100.00	100.00	184	WP_126123880.1	AAC(6')-Ib family aminoglycoside 6'-N-acetyltransferase	NF033074.0	AAC(6')-Ib family aminoglycoside 6'-N-acetyltransferase
8713b7310bac60783811cbac1dee1636	blaGES-12	extended-spectrum class A beta-lactamase GES-12	core	AMR	AMR	BETA-LACTAM	CEPHALOSPORIN	ALLELEP	287	287	100.00	100.00	287	WP_063860500.1	extended-spectrum class A beta-lactamase GES-12	NF012103.0	GES family class A beta-lactamase
87afe6f85c37637fd244722b64ad1d46	mphM	macrolide 2'-phosphotransferase MphM	core	AMR	AMR	MACROLIDE	MACROLIDE	BLASTP	299	299	100.00	94.31	299	WP_016078774.1	macrolide 2'-phosphotransferase MphM	NF038056.1	macrolide 2'-phosphotransferase MphM
a0bcba19b9398bd7c0e00d1c09efc9bd	erm(B)	23S rRNA (adenine(2058)-N(6))-methyltransferase Erm(B)	core	AMR	AMR	LINCOSAMIDE/MACROLIDE/STREPTOGRAMIN	CLINDAMYCIN/ERYTHROMYCIN/STREPTOGRAMIN B	BLASTP	245	245	100.00	98.78	245	WP_002321849.1	23S rRNA (adenine(2058)-N(6))-methyltransferase Erm(B)	NF012220.1	23S rRNA (adenine(2058)-N(6))-methyltransferase Erm(B)
a29701529da7f7afc59f842e6eb238a8	aph(3'')-Ib	aminoglycoside O-phosphotransferase APH(3'')-Ib	core	AMR	AMR	AMINOGLYCOSIDE	STREPTOMYCIN	BLASTP	267	267	100.00	99.63	267	WP_001082319.1	aminoglycoside O-phosphotransferase APH(3'')-Ib	NF032895.1	aminoglycoside O-phosphotransferase APH(3'')-Ib
aa87d52fbe92e476b83566020c018e10	aac(6')-IIa	aminoglycoside N-acetyltransferase AAC(6')-IIa	core	AMR	AMR	AMINOGLYCOSIDE	GENTAMICIN/KANAMYCIN/TOBRAMYCIN	BLASTP	186	184	97.28	100.00	179	WP_023622803.1	aminoglycoside N-acetyltransferase AAC(6')-IIa	NF012165.0	aminoglycoside 6'-N-acetyltransferase
b63ccdc470c72b078ddaff4d4e843543	tet(A)	tetracycline efflux MFS transporter Tet(A)	core	AMR	AMR	TETRACYCLINE	TETRACYCLINE	BLASTP	399	399	100.00	99.50	399	WP_000804064.1	tetracycline efflux MFS transporter Tet(A)	NF012193.0	tetracycline efflux MFS transporter Tet(A)
b86eb75c0327fb9e6404ff82f8ca9f87	qacG2	quaternary ammonium compound efflux SMR transporter QacG2	core	STRESS	BIOCIDE	QUATERNARY AMMONIUM	QUATERNARY AMMONIUM	EXACTP	110	110	100.00	100.00	110	WP_057094859.1	quaternary ammonium compound efflux SMR transporter QacG2	NF000278.1	quaternary ammonium compound efflux SMR transporter QacG2
b950033a51a3326662b73d425cf8f2ef	mph(A)	Mph(A) family macrolide 2'-phosphotransferase	core	AMR	AMR	MACROLIDE	AZITHROMYCIN/ERYTHROMYCIN/SPIRAMYCIN/TELITHROMYCIN	BLASTP	301	301	100.00	99.67	301	WP_000219391.1	Mph(A) family macrolide 2'-phosphotransferase	NF000254.1	Mph(A) family macrolide 2'-phosphotransferase
bb962fff8159721e8683409d7de02c50	poxtA	ABC-F type ribosomal protection protein PoxtA	core	AMR	AMR	OXAZOLIDINONE/PHENICOL	CHLORAMPHENICOL/FLORFENICOL/LINEZOLID	EXACTP	542	542	100.00	100.00	542	WP_002415638.1	ABC-F type ribosomal protection protein PoxtA	NA	NA
c58f78949719c9addd1aebca893ba4cc	aph(6)-Id	aminoglycoside O-phosphotransferase APH(6)-Id	core	AMR	AMR	AMINOGLYCOSIDE	STREPTOMYCIN	BLASTP	278	278	100.00	99.28	278	WP_000480968.1	aminoglycoside O-phosphotransferase APH(6)-Id	NF012171.0	APH(6)-I family aminoglycoside O-phosphotransferase
cda9af08ba33b837f2dfe91d0b2efe47	ampC	class C beta-lactamase	core	AMR	AMR	BETA-LACTAM	BETA-LACTAM	HMM	391	408	96.57	52.64	397	WP_367187975.1	class C beta-lactamase	NF033085.1	class C beta-lactamase
e1d0710b67cab36216150b5ef0b560b6	blaIMP-6	subclass B1 metallo-beta-lactamase IMP-6	core	AMR	AMR	BETA-LACTAM	CARBAPENEM	ALLELEP	246	246	100.00	100.00	246	WP_032492096.1	subclass B1 metallo-beta-lactamase IMP-6	NF012147.1	IMP family subclass B1 metallo-beta-lactamase
e41c8ce4adf7d311f76fe20803c277b0	aadA2	ANT(3'')-Ia family aminoglycoside nucleotidyltransferase AadA2	core	AMR	AMR	AMINOGLYCOSIDE	STREPTOMYCIN	BLASTP	259	263	98.48	99.23	259	WP_001206356.1	ANT(3'')-Ia family aminoglycoside nucleotidyltransferase AadA2	NF012157.0	ANT(3'')-I family aminoglycoside nucleotidyltransferase
e4674bd9dafa675ecff9a7d9a41e913a	aph(3')-IIa	aminoglycoside O-phosphotransferase APH(3')-IIa	core	AMR	AMR	AMINOGLYCOSIDE	KANAMYCIN	EXACTP	264	264	100.00	100.00	264	WP_000572405.1	aminoglycoside O-phosphotransferase APH(3')-IIa	NF032898.2	APH(3')-II family aminoglycoside O-phosphotransferase
e6550801848a6268cd8132efbbb45540	blaFONA	FONA family class A beta-lactamase	core	AMR	AMR	BETA-LACTAM	BETA-LACTAM	BLASTP	295	295	100.00	99.66	295	WP_032489477.1	extended-spectrum class A beta-lactamase SFO-1	NF000323.2	FONA family class A beta-lactamase
eceb868b56918203bde17241dac4b13f	lnu(F)	lincosamide nucleotidyltransferase Lnu(F)	core	AMR	AMR	LINCOSAMIDE	LINCOSAMIDE	EXACTP	273	273	100.00	100.00	273	WP_070342360.1	lincosamide nucleotidyltransferase Lnu(F)	NF000119.1	lincosamide nucleotidyltransferase Lnu(F)
efce1f611d8db808ac5dadae364e867b	blaTEM-116	broad-spectrum class A beta-lactamase TEM-116	core	AMR	AMR	BETA-LACTAM	BETA-LACTAM	ALLELEP	286	286	100.00	100.00	286	WP_000027050.1	broad-spectrum class A beta-lactamase TEM-116	NF000531.2	TEM family class A beta-lactamase
f03f619a75d9dde1f15c2c22a5abb53d	blaNDM-36	subclass B1 metallo-beta-lactamase NDM-36	core	AMR	AMR	BETA-LACTAM	CARBAPENEM	ALLELEP	270	270	100.00	100.00	270	WP_214140123.1	subclass B1 metallo-beta-lactamase NDM-36	NF000259.2	NDM family subclass B1 metallo-beta-lactamase
fabd27901de7db26fbd33009bf21b31f	mcr-1.19	phosphoethanolamine--lipid A transferase MCR-1.19	core	AMR	AMR	COLISTIN	COLISTIN	ALLELEP	541	541	100.00	100.00	541	WP_129336087.1	phosphoethanolamine--lipid A transferase MCR-1.19	NF000465.1	MCR-1 family phosphoethanolamine--lipid A transferase
ff3ab36f00c9650494c9a0231f780082	bla	class A beta-lactamase	core	AMR	AMR	BETA-LACTAM	BETA-LACTAM	HMM	334	345	94.49	36.56	331	WP_063842277.1	class A beta-lactamase	NF033103.1	class A beta-lactamase
013b7be56c54522797f8227342e08687	ampC	class C beta-lactamase	core	AMR	AMR	BETA-LACTAM	BETA-LACTAM	HMM	399	390	93.85	60.00	370	WP_029376317.1	class C beta-lactamase	NF033085.1	class C beta-lactamase
01c0c6456fca3614b15916ee2e74f8a2	bla	class A beta-lactamase	core	AMR	AMR	BETA-LACTAM	BETA-LACTAM	HMM	324	319	96.24	54.95	313	WP_063842272.1	class A beta-lactamase	NF033103.1	class A beta-lactamase
1be91c42bcbaafab4ce0cf2dbff18cd6	tet(X5)	tetracycline-inactivating monooxygenase Tet(X5)	core	AMR	AMR	TETRACYCLINE	TIGECYCLINE	BLASTP	378	378	100.00	94.71	378	WP_063856444.1	tetracycline-inactivating monooxygenase Tet(X5)	NF033111.2	tetracycline-inactivating monooxygenase Tet(X)
2d848cbd1e36afa262d9578e3493918f	blaR1	BlaR1 family beta-lactam sensor/signal transducer	core	AMR	AMR	BETA-LACTAM	BETA-LACTAM	HMM	585	593	98.65	29.26	598	WP_012705551.1	BlaR1 family beta-lactam sensor/signal transducer	NF000326.1	BlaR1 family beta-lactam sensor/signal transducer
2e4c91cc0b3441a7aac11777d74844c6	cml	CmlA/FloR family chloramphenicol efflux MFS transporter	core	AMR	AMR	PHENICOL	CHLORAMPHENICOL	HMM	397	395	100.00	62.03	395	WP_031633255.1	CmlA/FloR family chloramphenicol efflux MFS transporter	NF033134.0	CmlA/FloR family chloramphenicol efflux MFS transporter
3040df29fdfa1b2a8e7e2be7fc1546ff	blaTEM	TEM family class A beta-lactamase	core	AMR	AMR	BETA-LACTAM	BETA-LACTAM	BLASTP	286	286	100.00	99.65	286	WP_000027057.1	broad-spectrum class A beta-lactamase TEM-1	NF000531.2	TEM family class A beta-lactamase
3e756efab9443d10b59612cbc09423ef	catB	type B chloramphenicol O-acetyltransferase	core	AMR	AMR	PHENICOL	CHLORAMPHENICOL	HMM	209	210	97.62	73.17	205	WP_032492194.1	type B chloramphenicol O-acetyltransferase	NF000490.1	type B chloramphenicol O-acetyltransferase
46874e570c7d070e82c65909aff9611f	blaI	penicillinase repressor BlaI	core	AMR	AMR	BETA-LACTAM	BETA-LACTAM	BLASTP	126	126	100.00	98.41	126	WP_001284656.1	penicillinase repressor BlaI	NF000186.1	penicillinase repressor BlaI
49b82adbb7bc6a4c8c6f0557bdbd9e4a	gar	garosamine-type aminoglycoside resistance ATP-binding protein	core	AMR	AMR	AMINOGLYCOSIDE	GENTAMICIN	HMM	172	168	100.00	68.24	170	WP_052905207.1	garosamine-type aminoglycoside resistance ATP-binding protein	NF038208.1	garosamine-type aminoglycoside resistance ATP-binding protein
4ace784914af4ef6ba12e8c8786cba03	mecB	PBP2a family beta-lactam-resistant peptidoglycan transpeptidase MecB	core	AMR	AMR	BETA-LACTAM	METHICILLIN	EXACTP	674	674	100.00	100.00	674	WP_012655867.1	PBP2a family beta-lactam-resistant peptidoglycan transpeptidase MecB	NF000406.1	PBP2a family beta-lactam-resistant peptidoglycan transpeptidase MecB
4e0dbdbdceac9b97a7e8a261bd88c8c7	blaOXA	class D beta-lactamase	core	AMR	AMR	BETA-LACTAM	BETA-LACTAM	HMM	274	274	100.00	85.77	274	WP_014053563.1	class D beta-lactamase	NF012161.0	class D beta-lactamase
52bd72a61c6224bb1fc898cb58c719e6	mcr-3.39	phosphoethanolamine--lipid A transferase MCR-3.39	core	AMR	AMR	COLISTIN	COLISTIN	ALLELEP	541	541	100.00	100.00	541	WP_114500971.1	phosphoethanolamine--lipid A transferase MCR-3.39	NF033408.5	MCR-3 family phosphoethanolamine--lipid A transferase
652b7ad1484dcffaee4bd281057ad1e0	blaOXA	OXA-1043 family class D beta-lactamase	core	AMR	AMR	BETA-LACTAM	BETA-LACTAM	HMM	269	268	100.00	87.73	269	WP_077021671.1	OXA-1043 family class D beta-lactamase	NF040600.1	OXA-1043 family class D beta-lactamase
6ac6d9d7bcd3242b0b5c7c2812ed5498	ant(3'')	ANT(3'')-I family aminoglycoside nucleotidyltransferase	core	AMR	AMR	AMINOGLYCOSIDE	SPECTINOMYCIN/STREPTOMYCIN	HMM	263	262	99.62	64.75	261	WP_071846379.1	ANT(3'')-I family aminoglycoside nucleotidyltransferase	NF012157.0	ANT(3'')-I family aminoglycoside nucleotidyltransferase
6b967870328fc89d46f7ad851748e8e8	blaCMY	CMY-2 family class C beta-lactamase	core	AMR	AMR	BETA-LACTAM	CEPHALOSPORIN	BLASTP	381	381	100.00	99.74	381	WP_000976514.1	extended-spectrum class C beta-lactamase CMY-2	NF000191.1	CMY-2 family class C beta-lactamase
6e84beac2d1c319a7cd24662fc152089	tet(A)	tetracycline efflux MFS transporter Tet(A)	core	AMR	AMR	TETRACYCLINE	TETRACYCLINE	BLASTP	399	399	100.00	99.50	399	WP_000804064.1	tetracycline efflux MFS transporter Tet(A)	NF012193.0	tetracycline efflux MFS transporter Tet(A)
6f239a9ae72643b307155c5d0135db6c	aadA2	ANT(3'')-Ia family aminoglycoside nucleotidyltransferase AadA2	core	AMR	AMR	AMINOGLYCOSIDE	STREPTOMYCIN	BLASTP	263	263	100.00	99.62	263	WP_001261740.1	ANT(3'')-Ia family aminoglycoside nucleotidyltransferase AadA2	NF012157.0	ANT(3'')-I family aminoglycoside nucleotidyltransferase
73da79da60ccb9ec05521a49e0439251	dfrB1	trimethoprim-resistant dihydrofolate reductase DfrB1	core	AMR	AMR	TRIMETHOPRIM	TRIMETHOPRIM	EXACTP	78	78	100.00	100.00	78	WP_063844476.1	trimethoprim-resistant dihydrofolate reductase DfrB1	NF000331.2	trimethoprim-resistant dihydrofolate reductase DfrB
74e0633272962d11a0899ffe8597c056	bla	class A beta-lactamase	core	AMR	AMR	BETA-LACTAM	BETA-LACTAM	HMM	286	281	99.29	45.23	283	WP_000733281.1	class A beta-lactamase	NF033103.1	class A beta-lactamase
74fa0aa0012aee08052b747c3f8b883e	aph(3')-II	APH(3')-II family aminoglycoside O-phosphotransferase	core	AMR	AMR	AMINOGLYCOSIDE	KANAMYCIN	HMM	264	264	100.00	63.26	264	WP_000572405.1	APH(3')-II family aminoglycoside O-phosphotransferase	NF032898.2	APH(3')-II family aminoglycoside O-phosphotransferase
75730569f92a0323802535809a10c819	tet	Tet(L)/Tet(K)/Tet(45) family tetracycline efflux MFS transporter	core	AMR	AMR	TETRACYCLINE	TETRACYCLINE	HMM	466	458	100.00	90.61	458	WP_063855885.1	Tet(L)/Tet(K)/Tet(45) family tetracycline efflux MFS transporter	NF012175.1	Tet(L)/Tet(K)/Tet(45) family tetracycline efflux MFS transporter
7d44d7f4332d95629e94e2c5e3835d97	blaCMY-23	class C beta-lactamase CMY-23	core	AMR	AMR	BETA-LACTAM	CEPHALOSPORIN	ALLELEP	381	381	100.00	100.00	381	WP_000976515.1	class C beta-lactamase CMY-23	NF000191.1	CMY-2 family class C beta-lactamase
8566007bcf4bfcca008dd886c0aede2f	blaZ	penicillin-hydrolyzing class A beta-lactamase BlaZ	core	AMR	AMR	BETA-LACTAM	BETA-LACTAM	BLASTP	281	281	100.00	98.93	281	WP_000733274.1	penicillin-hydrolyzing class A beta-lactamase BlaZ	NF033139.1	penicillin-hydrolyzing class A beta-lactamase BlaZ
85c9bef9143e1176e55d94ea542907cf	ampC	class C beta-lactamase	core	AMR	AMR	BETA-LACTAM	BETA-LACTAM	HMM	395	390	94.10	60.49	367	WP_029376317.1	class C beta-lactamase	NF033085.1	class C beta-lactamase
861643c00d4bd7e6884773b62574495f	erm	23S ribosomal RNA methyltransferase Erm	core	AMR	AMR	MACROLIDE	MACROLIDE	HMM	253	322	77.33	55.38	251	WP_063844492.1	23S ribosomal RNA methyltransferase Erm	NF000499.2	23S ribosomal RNA methyltransferase Erm
88b09bc8ae7837656b580a456b2c1a3f	ampC	class C beta-lactamase	core	AMR	AMR	BETA-LACTAM	BETA-LACTAM	HMM	361	379	95.25	87.26	361	WP_290468365.1	class C beta-lactamase	NF033085.1	class C beta-lactamase
8cbefc93c0478b9225151cc1186aca70	blaOXA	OXA-1206 family carbapenem-hydrolyzing class D beta-lactamase	core	AMR	AMR	BETA-LACTAM	CARBAPENEM	HMM	295	279	98.57	60.14	286	WP_284495840.1	OXA-1206 family carbapenem-hydrolyzing class D beta-lactamase	NF041812.1	OXA-1206 family carbapenem-hydrolyzing class D beta-lactamase
943e015ef845eb0dbb4c42f74d90f936	estT	macrolide hydrolase EstT	core	AMR	AMR	MACROLIDE	TYLOSIN	BLASTP	304	282	100.00	98.58	282	WP_185148407.1	macrolide hydrolase EstT	NF041759.1	macrolide hydrolase EstT
96c465ad37735073dab1e325644818b4	dfrA49	trimethoprim-resistant dihydrofolate reductase DfrA49	core	AMR	AMR	TRIMETHOPRIM	TRIMETHOPRIM	EXACTP	167	167	100.00	100.00	167	WP_038694170.1	trimethoprim-resistant dihydrofolate reductase DfrA49	NA	NA
992f1020eca6c266e97164f77da0244a	blaPEN-bcc	PEN family class A beta-lactamase, Bcc-type	core	AMR	AMR	BETA-LACTAM	BETA-LACTAM	HMM	306	312	100.00	90.06	312	WP_163122236.1	PEN family class A beta-lactamase, Bcc-type	NF000320.3	PEN family class A beta-lactamase, Bcc-type
9d3fab6d01654b580d1d56efb2251d2c	tet(A)	tetracycline efflux MFS transporter Tet(A)	core	AMR	AMR	TETRACYCLINE	TETRACYCLINE	BLASTP	399	399	100.00	99.50	399	WP_000804063.1	tetracycline efflux MFS transporter Tet(A)	NF012193.0	tetracycline efflux MFS transporter Tet(A)
9f35ea1e3064226046cdcda19a2fbfa6	floR	chloramphenicol/florfenicol efflux MFS transporter FloR	core	AMR	AMR	PHENICOL	CHLORAMPHENICOL/FLORFENICOL	BLASTP	404	404	100.00	99.75	404	WP_011453054.1	chloramphenicol/florfenicol efflux MFS transporter FloR	NF000219.1	chloramphenicol/florfenicol efflux MFS transporter FloR
a48c9a657a1e41ac21479c3124c3b927	qnrS	QnrS family quinolone resistance pentapeptide repeat protein	core	AMR	AMR	QUINOLONE	QUINOLONE	BLASTP	218	218	100.00	99.54	218	WP_001516695.1	quinolone resistance pentapeptide repeat protein QnrS1	NF000056.3	QnrS family quinolone resistance pentapeptide repeat protein
accbbcf4ecaa17364c9c3d984cefc8a0	bla	class A beta-lactamase	core	AMR	AMR	BETA-LACTAM	BETA-LACTAM	HMM	297	297	100.00	64.43	298	WP_109545074.1	class A beta-lactamase	NF033103.1	class A beta-lactamase
b0caa346ecf91cf764e380b8264135ba	catB	type B chloramphenicol O-acetyltransferase	core	AMR	AMR	PHENICOL	CHLORAMPHENICOL	HMM	209	210	97.62	73.66	205	WP_032492194.1	type B chloramphenicol O-acetyltransferase	NF000490.1	type B chloramphenicol O-acetyltransferase
cbef5e96e52d758c2be7ce64504088cd	bla	class A beta-lactamase	core	AMR	AMR	BETA-LACTAM	BETA-LACTAM	HMM	301	302	97.02	51.17	299	WP_158386862.1	class A beta-lactamase	NF033103.1	class A beta-lactamase
d91ea0f381a6f7b1840348db25fcc2e1	arr	NAD(+)--rifampin ADP-ribosyltransferase	core	AMR	AMR	RIFAMYCIN	RIFAMYCIN	HMM	131	143	84.62	51.24	121	WP_063842202.1	NAD(+)--rifampin ADP-ribosyltransferase	NF033144.1	NAD(+)--rifampin ADP-ribosyltransferase
ddba2c377f083a78cb4da8671ebaf8fc	arr	NAD(+)--rifampin ADP-ribosyltransferase	core	AMR	AMR	RIFAMYCIN	RIFAMYCIN	HMM	136	137	91.97	55.91	127	WP_012695486.1	NAD(+)--rifampin ADP-ribosyltransferase	NF033144.1	NAD(+)--rifampin ADP-ribosyltransferase
e2bfe53df3005566e9b5b1e540ddef84	tet(A)	tetracycline efflux MFS transporter Tet(A)	core	AMR	AMR	TETRACYCLINE	TETRACYCLINE	BLASTP	399	399	100.00	99.75	399	WP_000804063.1	tetracycline efflux MFS transporter Tet(A)	NF012193.0	tetracycline efflux MFS transporter Tet(A)
e34908659a7e91ec0c48472d51675ed5	mcr-8.3	phosphoethanolamine--lipid A transferase MCR-8.3	core	AMR	AMR	COLISTIN	COLISTIN	ALLELEP	565	565	100.00	100.00	565	WP_150823497.1	phosphoethanolamine--lipid A transferase MCR-8.3	NF033669.1	MCR-8 family phosphoethanolamine--lipid A transferase
e5dd878a39aaf926f027f6b9851ab7a0	bla	class A beta-lactamase	core	AMR	AMR	BETA-LACTAM	BETA-LACTAM	HMM	299	294	99.32	58.16	294	WP_025370306.1	class A beta-lactamase	NF033103.1	class A beta-lactamase
ed662ad369342032d0b6a9ca2ad37006	cml	CmlA/FloR family chloramphenicol efflux MFS transporter	core	AMR	AMR	PHENICOL	CHLORAMPHENICOL	HMM	398	404	97.03	71.68	392	WP_001747811.1	CmlA/FloR family chloramphenicol efflux MFS transporter	NF033134.0	CmlA/FloR family chloramphenicol efflux MFS transporter
ed6ee263bf0f18fa63120fc8e228d72c	floR	chloramphenicol/florfenicol efflux MFS transporter FloR	core	AMR	AMR	PHENICOL	CHLORAMPHENICOL/FLORFENICOL	BLASTP	404	404	100.00	96.29	404	WP_001747811.1	chloramphenicol/florfenicol efflux MFS transporter FloR	NF000219.1	chloramphenicol/florfenicol efflux MFS transporter FloR
ed8d89434f96ea548913fdb935eee326	aac(6')-Ib	AAC(6')-Ib family aminoglycoside 6'-N-acetyltransferase	core	AMR	AMR	AMINOGLYCOSIDE	GENTAMICIN	EXACTP	184	184	100.00	100.00	184	WP_071846385.1	AAC(6')-Ib family aminoglycoside 6'-N-acetyltransferase	NF033074.0	AAC(6')-Ib family aminoglycoside 6'-N-acetyltransferase
ee52aec35464bd8d474989707345b991	blaR1	beta-lactam sensor/signal transducer BlaR1	core	AMR	AMR	BETA-LACTAM	BETA-LACTAM	BLASTP	585	585	100.00	98.80	585	WP_001096386.1	beta-lactam sensor/signal transducer BlaR1	NF033108.1	beta-lactam sensor/signal transducer BlaR1
f2aea1dc04407c4e116b43d91c1f93a9	ere(D)	EreD family erythromycin esterase	core	AMR	AMR	MACROLIDE	AZITHROMYCIN/ERYTHROMYCIN	EXACTP	408	408	100.00	100.00	408	WP_015345560.1	EreD family erythromycin esterase	NF000516.1	EreD family erythromycin esterase
087160bc6175695e7349a952e7456729	vanY	VanY-A/VanY-F/VanY-M family D-Ala-D-Ala carboxypeptidase	core	AMR	AMR	GLYCOPEPTIDE	VANCOMYCIN	HMM	294	299	98.66	81.48	297	WP_063856916.1	VanY-A/VanY-F/VanY-M family D-Ala-D-Ala carboxypeptidase	NF000472.1	VanY-A/VanY-F/VanY-M family D-Ala-D-Ala carboxypeptidase
0db9a2253c82c9bf99ffba6edf50c69b	bla	class A beta-lactamase	core	AMR	AMR	BETA-LACTAM	BETA-LACTAM	HMM	295	299	96.99	70.45	291	WP_063860827.1	class A beta-lactamase	NF033103.1	class A beta-lactamase
0ffd194428846925a900bb7f3a8ff3a0	tet(X4)	tetracycline-inactivating monooxygenase Tet(X4)	core	AMR	AMR	TETRACYCLINE	TIGECYCLINE	BLASTP	385	385	100.00	99.74	385	WP_094309310.1	tetracycline-inactivating monooxygenase Tet(X4)	NF033111.2	tetracycline-inactivating monooxygenase Tet(X)
2071084cb83e9dd6453183456244caa1	blaCMY-146	class C beta-lactamase CMY-146	core	AMR	AMR	BETA-LACTAM	CEPHALOSPORIN	ALLELEP	381	381	100.00	100.00	381	WP_075985683.1	class C beta-lactamase CMY-146	NF000191.1	CMY-2 family class C beta-lactamase
207ae8d09dd234292258c38567c19e2a	vph	viomycin phosphotransferase	core	AMR	AMR	TUBERACTINOMYCIN	VIOMYCIN	HMM	287	287	100.00	68.29	287	WP_030275963.1	viomycin phosphotransferase	NF000088.1	viomycin phosphotransferase
23b71d6b3072ef83afd1093ecc3c2ab7	tet(A)	tetracycline efflux MFS transporter Tet(A)	core	AMR	AMR	TETRACYCLINE	TETRACYCLINE	BLASTP	399	399	100.00	99.75	399	WP_000804064.1	tetracycline efflux MFS transporter Tet(A)	NF012193.0	tetracycline efflux MFS transporter Tet(A)
2c84cf6094b0372667f0d20b9a89d20d	catA13	type A-13 chloramphenicol O-acetyltransferase	core	AMR	AMR	PHENICOL	CHLORAMPHENICOL	EXACTP	207	207	100.00	100.00	207	WP_043774378.1	type A-13 chloramphenicol O-acetyltransferase	NF000491.1	type A chloramphenicol O-acetyltransferase
2c933a4c1b23f04019809875d21b6594	abc-f	TlrC/CarA/OleB/SrmB family ABC-F type ribosomal protection protein	core	AMR	AMR	MACROLIDE	MACROLIDE	HMM	549	551	99.82	69.45	550	WP_063843207.1	TlrC/CarA/OleB/SrmB family ABC-F type ribosomal protection protein	NF000171.1	TlrC/CarA/OleB/SrmB family ABC-F type ribosomal protection protein
2cca8de52195e3d0e83d910739c017cd	satA	streptothricin N-acetyltransferase SatA	core	AMR	AMR	STREPTOTHRICIN	STREPTOTHRICIN	BLASTP	184	184	98.91	80.87	183	WP_000054744.1	streptothricin N-acetyltransferase SatA	NA	NA
414fead2db55b086f1ee780b2b17c751	vanS-Pt	vancomycin resistance histidine kinase VanS-Pt	core	AMR	AMR	GLYCOPEPTIDE	VANCOMYCIN	BLASTP	384	386	99.48	91.41	384	WP_063856741.1	vancomycin resistance histidine kinase VanS-Pt	NF033091.0	vancomycin resistance histidine kinase VanS
4407028456f7f408566c0fe1f28d9570	tet(X2)	tetracycline-inactivating monooxygenase Tet(X2)	core	AMR	AMR	TETRACYCLINE	TIGECYCLINE	BLASTP	388	388	100.00	99.74	388	WP_008651082.1	tetracycline-inactivating monooxygenase Tet(X2)	NF033111.2	tetracycline-inactivating monooxygenase Tet(X)
441b05168e7a66f7e5cb3ce29c65f023	blaR1	beta-lactam sensor/signal transducer BlaR1	core	AMR	AMR	BETA-LACTAM	BETA-LACTAM	BLASTP	585	585	100.00	99.83	585	WP_001096386.1	beta-lactam sensor/signal transducer BlaR1	NF033108.1	beta-lactam sensor/signal transducer BlaR1
4f573c5879a9e0635b6400d70e78ae9d	optrA	ABC-F type ribosomal protection protein OptrA	core	AMR	AMR	OXAZOLIDINONE/PHENICOL	FLORFENICOL/OXAZOLIDINONE	BLASTP	637	655	97.25	99.69	637	WP_063854496.1	ABC-F type ribosomal protection protein OptrA	NF000514.1	ABC-F type ribosomal protection protein OptrA
50f84394864002aede3aa75e5829af7f	floR	chloramphenicol/florfenicol efflux MFS transporter FloR	core	AMR	AMR	PHENICOL	CHLORAMPHENICOL/FLORFENICOL	BLASTP	404	404	100.00	99.26	404	WP_000214122.1	chloramphenicol/florfenicol efflux MFS transporter FloR	NF000219.1	chloramphenicol/florfenicol efflux MFS transporter FloR
5ca01f8f57ccf0171cad33c6d82d52b9	mef(F)	macrolide efflux MFS transporter Mef(F)	core	AMR	AMR	MACROLIDE	AZITHROMYCIN/ERYTHROMYCIN	EXACTP	397	397	100.00	100.00	397	WP_101035418.1	macrolide efflux MFS transporter Mef(F)	NA	NA
64f0668082dee2cff0aa5a02fc892263	bla	class A beta-lactamase	core	AMR	AMR	BETA-LACTAM	BETA-LACTAM	HMM	343	345	81.16	37.01	281	WP_063842277.1	class A beta-lactamase	NF033103.1	class A beta-lactamase
6b56eb3937ddaa36c8ace4c106c6b02b	ere(A)	EreA family erythromycin esterase	core	AMR	AMR	MACROLIDE	ERYTHROMYCIN	BLASTP	406	406	100.00	99.75	406	WP_032490532.1	EreA family erythromycin esterase	NF000208.1	EreA family erythromycin esterase
6d7b6b38de5d6dc62b2a0085cf69b30f	blaCMY-44	extended-spectrum class C beta-lactamase CMY-44	core	AMR	AMR	BETA-LACTAM	CEPHALOSPORIN	ALLELEP	377	377	100.00	100.00	377	WP_063859842.1	extended-spectrum class C beta-lactamase CMY-44	NF000191.1	CMY-2 family class C beta-lactamase
6f02496f5423dbb5e8523a2c31cf2565	sul1	sulfonamide-resistant dihydropteroate synthase Sul1	core	AMR	AMR	SULFONAMIDE	SULFONAMIDE	BLASTP	279	279	100.00	99.64	279	WP_000259031.1	sulfonamide-resistant dihydropteroate synthase Sul1	NF000294.1	sulfonamide-resistant dihydropteroate synthase Sul1
75f2581260d3f72fc2e362569f75759c	floR	chloramphenicol/florfenicol efflux MFS transporter FloR	core	AMR	AMR	PHENICOL	CHLORAMPHENICOL/FLORFENICOL	BLASTP	404	404	100.00	99.50	404	WP_000214119.1	chloramphenicol/florfenicol efflux MFS transporter FloR	NF000219.1	chloramphenicol/florfenicol efflux MFS transporter FloR
7c114d02339fcb23c9aa394f8ff07d92	mcr-1.28	phosphoethanolamine--lipid A transferase MCR-1.28	core	AMR	AMR	COLISTIN	COLISTIN	ALLELEP	541	541	100.00	100.00	541	WP_181464119.1	phosphoethanolamine--lipid A transferase MCR-1.28	NF000465.1	MCR-1 family phosphoethanolamine--lipid A transferase
880edf2f7fa41da36f5ffdcd8edee26e	erm(B)	23S rRNA (adenine(2058)-N(6))-methyltransferase Erm(B)	core	AMR	AMR	LINCOSAMIDE/MACROLIDE/STREPTOGRAMIN	CLINDAMYCIN/ERYTHROMYCIN/STREPTOGRAMIN B	BLASTP	245	245	100.00	98.78	245	WP_002321849.1	23S rRNA (adenine(2058)-N(6))-methyltransferase Erm(B)	NF012220.1	23S rRNA (adenine(2058)-N(6))-methyltransferase Erm(B)
885f57d4807dabe024363afa2067366f	optrA	ABC-F type ribosomal protection protein OptrA	core	AMR	AMR	OXAZOLIDINONE/PHENICOL	FLORFENICOL/OXAZOLIDINONE	BLASTP	637	655	97.25	99.84	637	WP_063854496.1	ABC-F type ribosomal protection protein OptrA	NF000514.1	ABC-F type ribosomal protection protein OptrA
8a4f5f296e28c2b12c3d008f0bb397ff	aph(6)-Id	aminoglycoside O-phosphotransferase APH(6)-Id	core	AMR	AMR	AMINOGLYCOSIDE	STREPTOMYCIN	BLASTP	278	278	100.00	99.64	278	WP_000480968.1	aminoglycoside O-phosphotransferase APH(6)-Id	NF012171.0	APH(6)-I family aminoglycoside O-phosphotransferase
8fbb72362504363e130ba3cc5ae79545	aac(6')-Ib	AAC(6')-Ib family aminoglycoside 6'-N-acetyltransferase	core	AMR	AMR	AMINOGLYCOSIDE	AMIKACIN/KANAMYCIN/TOBRAMYCIN	BLASTP	194	184	100.00	100.00	184	WP_032488579.1	aminoglycoside N-acetyltransferase AAC(6')-Ib3	NF033074.0	AAC(6')-Ib family aminoglycoside 6'-N-acetyltransferase
9b391df5023adebf3f81ba659ad93242	blaZ	penicillin-hydrolyzing class A beta-lactamase BlaZ	core	AMR	AMR	BETA-LACTAM	BETA-LACTAM	BLASTP	281	281	100.00	99.64	281	WP_000733274.1	penicillin-hydrolyzing class A beta-lactamase BlaZ	NF033139.1	penicillin-hydrolyzing class A beta-lactamase BlaZ
a4cba48529bbe505fe3c35bb18ff4ac4	tet	Tet(L)/Tet(K)/Tet(45) family tetracycline efflux MFS transporter	core	AMR	AMR	TETRACYCLINE	TETRACYCLINE	HMM	458	458	100.00	92.14	458	WP_063855885.1	Tet(L)/Tet(K)/Tet(45) family tetracycline efflux MFS transporter	NF012175.1	Tet(L)/Tet(K)/Tet(45) family tetracycline efflux MFS transporter
a65b9a1675d37d4c2c457532e3f01b1f	msr(G)	ABC-F type ribosomal protection protein Msr(G)	core	AMR	AMR	MACROLIDE/STREPTOGRAMIN	AZITHROMYCIN/ERYTHROMYCIN/PRISTINAMYCIN	BLASTP	485	485	100.00	99.79	485	WP_101035417.1	ABC-F type ribosomal protection protein Msr(G)	NF000168.2	Msr family ABC-F type ribosomal protection protein
af30526313c49e53253c5b4e44c6ee0f	erm(F)	23S rRNA (adenine(2058)-N(6))-methyltransferase Erm(F)	core	AMR	AMR	LINCOSAMIDE/MACROLIDE/STREPTOGRAMIN	CLINDAMYCIN/MACROLIDE/STREPTOGRAMIN	EXACTP	266	266	100.00	100.00	266	WP_002682030.1	23S rRNA (adenine(2058)-N(6))-methyltransferase Erm(F)	NF012223.0	23S rRNA (adenine(2058)-N(6))-methyltransferase Erm(F)
b537919ac53348fdf011252cd1e2b688	mle	alpha/beta fold macrolide esterase	core	AMR	AMR	MACROLIDE	TYLOSIN	HMM	280	286	97.90	83.93	280	WP_163953822.1	alpha/beta fold macrolide esterase	NF052610.1	alpha/beta fold macrolide esterase
b83a755621dbdd5891f53240c389f3bf	vanR-A	vancomycin resistance response regulator transcription factor VanR-A	core	AMR	AMR	GLYCOPEPTIDE	VANCOMYCIN	BLASTP	231	231	100.00	93.07	231	WP_063856721.1	vancomycin resistance response regulator transcription factor VanR-A	NF000401.1	vancomycin resistance response regulator transcription factor VanR-A
c5de28a55f56a06867c8c05577482816	tet(B)	tetracycline efflux MFS transporter Tet(B)	core	AMR	AMR	TETRACYCLINE	TETRACYCLINE	BLASTP	401	401	100.00	99.75	401	WP_001089068.1	tetracycline efflux MFS transporter Tet(B)	NF012190.1	tetracycline efflux MFS transporter Tet(B)
d2cdb97d08de38d93d282065c7f9c78c	blaKPC-109	inhibitor-resistant carbapenem-hydrolyzing class A beta-lactamase KPC-109	core	AMR	AMR	BETA-LACTAM	CARBAPENEM	ALLELEP	299	299	100.00	100.00	299	WP_274293083.1	inhibitor-resistant carbapenem-hydrolyzing class A beta-lactamase KPC-109	NF012141.1	KPC family carbapenem-hydrolyzing class A beta-lactamase
ec847790f98f646da37a7069cb3b78df	aadA11	ANT(3'')-Ia family aminoglycoside nucleotidyltransferase AadA11	core	AMR	AMR	AMINOGLYCOSIDE	STREPTOMYCIN	EXACTP	281	281	100.00	100.00	281	WP_048608579.1	ANT(3'')-Ia family aminoglycoside nucleotidyltransferase AadA11	NF012157.0	ANT(3'')-I family aminoglycoside nucleotidyltransferase
fb11ceeb06a73224e2f2fccd81acd2d5	tet(E)	tetracycline efflux MFS transporter Tet(E)	core	AMR	AMR	TETRACYCLINE	TETRACYCLINE	EXACTP	405	405	100.00	100.00	405	WP_011899270.1	tetracycline efflux MFS transporter Tet(E)	NF012187.0	tetracycline efflux MFS transporter Tet(E)
012e021a700df0009d44f638c81045a2	blaDIM	DIM family subclass B1 metallo-beta-lactamase	core	AMR	AMR	BETA-LACTAM	CARBAPENEM	BLASTP	251	251	100.00	99.20	251	WP_063860203.1	subclass B1 metallo-beta-lactamase DIM-1	NF000445.2	DIM family subclass B1 metallo-beta-lactamase
04bd7757a6a1c7bdd35c44a2e7eebfaa	blaCTX-M-63	extended-spectrum class A beta-lactamase CTX-M-63	core	AMR	AMR	BETA-LACTAM	CEPHALOSPORIN	ALLELEP	290	290	100.00	100.00	290	WP_063860068.1	extended-spectrum class A beta-lactamase CTX-M-63	NF033089.1	CTX-M family extended-spectrum class A beta-lactamase
05ba9fd0b21e2af05ef27d1651a78e36	blaCTX-M-39	extended-spectrum class A beta-lactamase CTX-M-39	core	AMR	AMR	BETA-LACTAM	CEPHALOSPORIN	ALLELEP	291	291	100.00	100.00	291	WP_044702041.1	extended-spectrum class A beta-lactamase CTX-M-39	NF033089.1	CTX-M family extended-spectrum class A beta-lactamase
0a8a8791e1f25d3cc256a03a44f58362	cpt	chloramphenicol phosphotransferase CPT	core	AMR	AMR	PHENICOL	CHLORAMPHENICOL	BLASTP	176	176	100.00	95.45	176	WP_010982315.1	chloramphenicol phosphotransferase CPT	NF033114.1	chloramphenicol phosphotransferase CPT
0ca934ddc7efd3f4b1ec796f3c5085a7	catA1	type A-1 chloramphenicol O-acetyltransferase	core	AMR	AMR	PHENICOL	CHLORAMPHENICOL	BLASTP	219	219	100.00	99.54	219	WP_000412211.1	type A-1 chloramphenicol O-acetyltransferase	NF000491.1	type A chloramphenicol O-acetyltransferase
0dbc6eb5797a4a365870df4b522f6f4e	fos	fosfomycin resistance glutathione transferase	core	AMR	AMR	FOSFOMYCIN	FOSFOMYCIN	HMM	141	139	98.56	59.12	137	WP_114473955.1	fosfomycin resistance glutathione transferase	NF000496.1	fosfomycin resistance glutathione transferase
0de5dee3dc4401084308d1937981b69f	bla	class A beta-lactamase	core	AMR	AMR	BETA-LACTAM	BETA-LACTAM	HMM	316	316	100.00	76.90	316	WP_000497840.1	class A beta-lactamase	NF012167.0	class A beta-lactamase
128869cfcc7227f2bdc7cb315fa51a32	blaKPC-87	inhibitor-resistant carbapenem-hydrolyzing class A beta-lactamase KPC-87	core	AMR	AMR	BETA-LACTAM	CARBAPENEM	ALLELEP	292	292	100.00	100.00	292	WP_213994593.1	inhibitor-resistant carbapenem-hydrolyzing class A beta-lactamase KPC-87	NF012141.1	KPC family carbapenem-hydrolyzing class A beta-lactamase
14d7f1b5ed2aab7eca4e2b5a9b58a067	aph(3'')-Ib	aminoglycoside O-phosphotransferase APH(3'')-Ib	core	AMR	AMR	AMINOGLYCOSIDE	STREPTOMYCIN	BLASTP	267	267	100.00	99.63	267	WP_001082319.1	aminoglycoside O-phosphotransferase APH(3'')-Ib	NF032895.1	aminoglycoside O-phosphotransferase APH(3'')-Ib
17ba2891f0353b4972891a141cf6b8e7	floR	chloramphenicol/florfenicol efflux MFS transporter FloR	core	AMR	AMR	PHENICOL	CHLORAMPHENICOL/FLORFENICOL	BLASTP	407	404	99.01	100.00	400	WP_000214122.1	chloramphenicol/florfenicol efflux MFS transporter FloR	NF000219.1	chloramphenicol/florfenicol efflux MFS transporter FloR
1d5b784659378b2eaedb8c6667e42bad	bla	class A beta-lactamase	core	AMR	AMR	BETA-LACTAM	BETA-LACTAM	HMM	292	290	99.31	60.34	290	WP_110273168.1	class A beta-lactamase	NF033103.1	class A beta-lactamase
23334b1e0271f664683e4844a5d9be86	mph(A)	Mph(A) family macrolide 2'-phosphotransferase	core	AMR	AMR	MACROLIDE	AZITHROMYCIN/ERYTHROMYCIN/SPIRAMYCIN/TELITHROMYCIN	BLASTP	301	301	100.00	99.34	301	WP_000219391.1	Mph(A) family macrolide 2'-phosphotransferase	NF000254.1	Mph(A) family macrolide 2'-phosphotransferase
2da280bf6f7a5cec73cb101950b51609	blaTEM-2	broad-spectrum class A beta-lactamase TEM-2	core	AMR	AMR	BETA-LACTAM	BETA-LACTAM	ALLELEP	286	286	100.00	100.00	286	WP_011645017.1	broad-spectrum class A beta-lactamase TEM-2	NF000531.2	TEM family class A beta-lactamase
3138f1535be579040c8046f5fa220771	blaR1	BlaR1 family beta-lactam sensor/signal transducer	core	AMR	AMR	BETA-LACTAM	BETA-LACTAM	HMM	603	585	99.49	34.24	590	WP_000952923.1	BlaR1 family beta-lactam sensor/signal transducer	NF000326.1	BlaR1 family beta-lactam sensor/signal transducer
33ad224854038dc16092f1b9c09bbdcb	blaOXA	class D beta-lactamase	core	AMR	AMR	BETA-LACTAM	BETA-LACTAM	HMM	272	275	98.18	65.56	270	WP_102607464.1	class D beta-lactamase	NF000270.1	class D beta-lactamase
477d4e24268b13afc1944f380c9ff4e8	rox	rifampin monooxygenase	core	AMR	AMR	RIFAMYCIN	RIFAMPIN	HMM	514	476	98.95	67.09	471	WP_015031687.1	rifampin monooxygenase	NF033145.1	rifampin monooxygenase
4a23c90f923d9089524374f3f0f1d794	msr(A)	ABC-F type ribosomal protection protein Msr(A)	core	AMR	AMR	MACROLIDE/STREPTOGRAMIN	ERYTHROMYCIN/STREPTOGRAMIN B	BLASTP	488	488	100.00	99.59	488	WP_063854317.1	ABC-F type ribosomal protection protein Msr(A)	NF000256.1	ABC-F type ribosomal protection protein Msr(A)
4f38b8351f0e082510f82fbd2371eeee	blaIMP-26	subclass B1 metallo-beta-lactamase IMP-26	core	AMR	AMR	BETA-LACTAM	CARBAPENEM	ALLELEP	246	246	100.00	100.00	246	WP_060614779.1	subclass B1 metallo-beta-lactamase IMP-26	NF012147.1	IMP family subclass B1 metallo-beta-lactamase
505e16ed0a350ee0fbc3fec7255004cf	ampC	class C beta-lactamase	core	AMR	AMR	BETA-LACTAM	BETA-LACTAM	HMM	399	390	93.08	60.88	363	WP_063860889.1	class C beta-lactamase	NF033085.1	class C beta-lactamase
50e3d246d8cf9e55333013ec090006b1	tet	Tet(L)/Tet(K)/Tet(45) family tetracycline efflux MFS transporter	core	AMR	AMR	TETRACYCLINE	TETRACYCLINE	HMM	458	458	100.00	91.48	458	WP_063855885.1	Tet(L)/Tet(K)/Tet(45) family tetracycline efflux MFS transporter	NF012175.1	Tet(L)/Tet(K)/Tet(45) family tetracycline efflux MFS transporter
53dff9f54a80a7bf633069ca916a8b7a	ampC	class C beta-lactamase	core	AMR	AMR	BETA-LACTAM	BETA-LACTAM	HMM	390	390	94.10	60.49	367	WP_063860894.1	class C beta-lactamase	NF033085.1	class C beta-lactamase
58d1d1cd6c534828c9f5fdc899ed3c7d	bla	class A beta-lactamase	core	AMR	AMR	BETA-LACTAM	BETA-LACTAM	HMM	309	307	98.70	74.92	303	WP_003178584.1	class A beta-lactamase	NF012167.0	class A beta-lactamase
5aa6775ba18648843e9d90fe684865e3	fexA	chloramphenicol/florfenicol efflux MFS transporter FexA	core	AMR	AMR	PHENICOL	CHLORAMPHENICOL/FLORFENICOL	BLASTP	475	475	100.00	98.53	475	WP_015585966.1	chloramphenicol/florfenicol efflux MFS transporter FexA	NF000218.1	chloramphenicol/florfenicol efflux MFS transporter FexA
632939d810dc56085b812038c6f55374	blaI	penicillinase repressor BlaI	core	AMR	AMR	BETA-LACTAM	BETA-LACTAM	BLASTP	126	126	100.00	96.03	126	WP_001284656.1	penicillinase repressor BlaI	NF000186.1	penicillinase repressor BlaI
6524739220256f34bc3c5ff4ad2427c2	mcr-2.3	phosphoethanolamine--lipid A transferase MCR-2.3	core	AMR	AMR	COLISTIN	COLISTIN	ALLELEP	538	538	100.00	100.00	538	WP_094323230.1	phosphoethanolamine--lipid A transferase MCR-2.3	NF012159.0	MCR-2 family phosphoethanolamine--lipid A transferase
70807a6e0160914297da00ec6d2519fb	blaPER-2	inhibitor-resistant extended-spectrum class A beta-lactamase PER-2	core	AMR	AMR	BETA-LACTAM	CEPHALOSPORIN	ALLELEP	308	308	100.00	100.00	308	WP_032491907.1	inhibitor-resistant extended-spectrum class A beta-lactamase PER-2	NF000389.2	PER family extended-spectrum class A beta-lactamase
70f59d73e895aee3e70900300bef6ebc	blaOXA	class D beta-lactamase	core	AMR	AMR	BETA-LACTAM	BETA-LACTAM	HMM	267	277	94.58	55.34	262	WP_337883258.1	class D beta-lactamase	NF000270.1	class D beta-lactamase
711eaf3c913e38007377e08a8be4abfe	blaZ	penicillin-hydrolyzing class A beta-lactamase BlaZ	core	AMR	AMR	BETA-LACTAM	BETA-LACTAM	BLASTP	281	281	100.00	94.66	281	WP_000733281.1	penicillin-hydrolyzing class A beta-lactamase BlaZ	NF033139.1	penicillin-hydrolyzing class A beta-lactamase BlaZ
7293ea8c2c462cff5d52bdbf2e8b4cb1	arr	NAD(+)--rifampin ADP-ribosyltransferase	core	AMR	AMR	RIFAMYCIN	RIFAMYCIN	HMM	138	150	87.33	62.12	132	WP_033959319.1	NAD(+)--rifampin ADP-ribosyltransferase	NF033144.1	NAD(+)--rifampin ADP-ribosyltransferase
7d81e2da2e2ca94d6e4afe43bcd8b3d3	mcr-1.33	phosphoethanolamine--lipid A transferase MCR-1.33	core	AMR	AMR	COLISTIN	COLISTIN	ALLELEP	541	541	100.00	100.00	541	WP_240067747.1	phosphoethanolamine--lipid A transferase MCR-1.33	NF000465.1	MCR-1 family phosphoethanolamine--lipid A transferase
7eadc0d86b05c35ebe9814e18cef30ba	blaOXA-900	carbapenem-hydrolyzing class D beta-lactamase OXA-900	core	AMR	AMR	BETA-LACTAM	CARBAPENEM	ALLELEP	270	270	100.00	100.00	270	WP_178317675.1	carbapenem-hydrolyzing class D beta-lactamase OXA-900	NF012161.0	class D beta-lactamase
83bb6c60d382374a2847a80df31a5a45	blaZ	penicillin-hydrolyzing class A beta-lactamase BlaZ	core	AMR	AMR	BETA-LACTAM	BETA-LACTAM	BLASTP	281	281	100.00	99.29	281	WP_000733274.1	penicillin-hydrolyzing class A beta-lactamase BlaZ	NF033139.1	penicillin-hydrolyzing class A beta-lactamase BlaZ
873b97555a81aafc947fc63e7e64ff96	dfrK	trimethoprim-resistant dihydrofolate reductase DfrK	core	AMR	AMR	TRIMETHOPRIM	TRIMETHOPRIM	EXACTP	163	163	100.00	100.00	163	WP_012779617.1	trimethoprim-resistant dihydrofolate reductase DfrK	NF000332.1	DfrD/DfrG/DfrK family trimethoprim-resistant dihydrofolate reductase
8f090fad0304ce5e8489d25eb6ccedeb	erm(B)	23S rRNA (adenine(2058)-N(6))-methyltransferase Erm(B)	core	AMR	AMR	LINCOSAMIDE/MACROLIDE/STREPTOGRAMIN	CLINDAMYCIN/ERYTHROMYCIN/STREPTOGRAMIN B	BLASTP	245	245	100.00	99.59	245	WP_002321849.1	23S rRNA (adenine(2058)-N(6))-methyltransferase Erm(B)	NF012220.1	23S rRNA (adenine(2058)-N(6))-methyltransferase Erm(B)
91269f954560a25d6cb9ae1d71a028a5	mph(C)	Mph(C) family macrolide 2'-phosphotransferase	core	AMR	AMR	MACROLIDE	ERYTHROMYCIN/SPIRAMYCIN/TELITHROMYCIN	BLASTP	299	299	100.00	99.33	299	WP_000196697.1	Mph(C) family macrolide 2'-phosphotransferase	NF000240.1	Mph(C) family macrolide 2'-phosphotransferase
969eefa4a9a06faa08d8690275366fd7	arr	NAD(+)--rifampin ADP-ribosyltransferase	core	AMR	AMR	RIFAMYCIN	RIFAMYCIN	HMM	137	137	99.27	68.38	136	WP_012695486.1	NAD(+)--rifampin ADP-ribosyltransferase	NF033144.1	NAD(+)--rifampin ADP-ribosyltransferase
a02807dc1a0e363dcd03b0d96d5ae281	aac(3)-II	AAC(3)-II family aminoglycoside N-acetyltransferase	core	AMR	AMR	AMINOGLYCOSIDE	GENTAMICIN	HMM	270	286	93.36	74.16	267	WP_015060297.1	AAC(3)-II family aminoglycoside N-acetyltransferase	NF033080.0	AAC(3)-II family aminoglycoside N-acetyltransferase
a1175aa6303582bd758ff193daf8ea5e	qnrB91	quinolone resistance pentapeptide repeat protein QnrB91	core	AMR	AMR	QUINOLONE	QUINOLONE	ALLELEP	214	214	100.00	100.00	214	WP_065908739.1	quinolone resistance pentapeptide repeat protein QnrB91	NF000420.1	QnrB family quinolone resistance pentapeptide repeat protein
a3fdbee9051fe103718ea0f815a6135a	erm(F)	23S rRNA (adenine(2058)-N(6))-methyltransferase Erm(F)	core	AMR	AMR	LINCOSAMIDE/MACROLIDE/STREPTOGRAMIN	CLINDAMYCIN/MACROLIDE/STREPTOGRAMIN	BLASTP	266	266	100.00	93.61	266	WP_002682030.1	23S rRNA (adenine(2058)-N(6))-methyltransferase Erm(F)	NF012223.0	23S rRNA (adenine(2058)-N(6))-methyltransferase Erm(F)
a6084bde5565c989cf2de6487c9c828f	dfrB10	trimethoprim-resistant dihydrofolate reductase DfrB10	core	AMR	AMR	TRIMETHOPRIM	TRIMETHOPRIM	ALLELEP	78	78	100.00	100.00	78	WP_172688537.1	trimethoprim-resistant dihydrofolate reductase DfrB10	NF000331.2	trimethoprim-resistant dihydrofolate reductase DfrB
a6dd668b90eca7e5fb0616780ee3b19e	fexA	chloramphenicol/florfenicol efflux MFS transporter FexA	core	AMR	AMR	PHENICOL	CHLORAMPHENICOL/FLORFENICOL	BLASTP	475	475	100.00	99.16	475	WP_015585966.1	chloramphenicol/florfenicol efflux MFS transporter FexA	NF000218.1	chloramphenicol/florfenicol efflux MFS transporter FexA
a8670601b02f4d1b7ac3ab8ea45dbfe1	tet(X5)	tetracycline-inactivating monooxygenase Tet(X5)	core	AMR	AMR	TETRACYCLINE	TIGECYCLINE	BLASTP	378	378	100.00	98.94	378	WP_063856444.1	tetracycline-inactivating monooxygenase Tet(X5)	NF033111.2	tetracycline-inactivating monooxygenase Tet(X)
b52146eec8c0f1add42ab67172a942b3	blaIII	class A beta-lactamase BlaIII	core	AMR	AMR	BETA-LACTAM	BETA-LACTAM	BLASTP	316	316	100.00	95.57	316	WP_000497840.1	class A beta-lactamase BlaIII	NF041270.1	class A beta-lactamase BlaIII
ccff0fc1545fd52c9859be631560ca35	ampC	class C beta-lactamase	core	AMR	AMR	BETA-LACTAM	BETA-LACTAM	HMM	396	384	99.74	59.64	389	WP_311033294.1	class C beta-lactamase	NF033085.1	class C beta-lactamase
d0bd692f5e77c4e5633a5fa838cf3c8e	aac(6')-IIc	aminoglycoside N-acetyltransferase AAC(6')-IIc	core	AMR	AMR	AMINOGLYCOSIDE	GENTAMICIN/KANAMYCIN/TOBRAMYCIN	BLASTP	181	193	93.78	100.00	181	WP_012695484.1	aminoglycoside N-acetyltransferase AAC(6')-IIc	NF000135.2	aminoglycoside N-acetyltransferase AAC(6')-IIc
d2f2a0cb651fdb92fc9863f3b80ce57e	mcr-8	MCR-8 family phosphoethanolamine--lipid A transferase	core	AMR	AMR	COLISTIN	COLISTIN	BLASTP	559	565	98.76	97.49	558	WP_072310976.1	phosphoethanolamine--lipid A transferase MCR-8.2	NF033669.1	MCR-8 family phosphoethanolamine--lipid A transferase
d3c34f61ff88c6e5ce2f016ac68d9ad3	arr	NAD(+)--rifampin ADP-ribosyltransferase	core	AMR	AMR	RIFAMYCIN	RIFAMYCIN	HMM	138	137	99.27	69.12	136	WP_012695486.1	NAD(+)--rifampin ADP-ribosyltransferase	NF033144.1	NAD(+)--rifampin ADP-ribosyltransferase
de2ddee4d13d8b9596a3a9a333220997	aac(6')-IIa	aminoglycoside N-acetyltransferase AAC(6')-IIa	core	AMR	AMR	AMINOGLYCOSIDE	GENTAMICIN/KANAMYCIN/TOBRAMYCIN	BLASTP	185	184	97.28	100.00	179	WP_023622803.1	aminoglycoside N-acetyltransferase AAC(6')-IIa	NF012165.0	aminoglycoside 6'-N-acetyltransferase
e07468aa076b26bcfb1dfaaee68c1640	tet(X5)	tetracycline-inactivating monooxygenase Tet(X5)	core	AMR	AMR	TETRACYCLINE	TIGECYCLINE	BLASTP	378	378	100.00	99.74	378	WP_063856444.1	tetracycline-inactivating monooxygenase Tet(X5)	NF033111.2	tetracycline-inactivating monooxygenase Tet(X)
eb3a64d958a8ed45da192cd7d2e80034	aac(6')-Ie/aph(2'')-Ia	bifunctional aminoglycoside N-acetyltransferase AAC(6')-Ie/aminoglycoside O-phosphotransferase APH(2'')-Ia	core	AMR	AMR	AMINOGLYCOSIDE	AMIKACIN/GENTAMICIN/KANAMYCIN/TOBRAMYCIN	BLASTP	479	479	100.00	99.79	479	WP_001028144.1	bifunctional aminoglycoside N-acetyltransferase AAC(6')-Ie/aminoglycoside O-phosphotransferase APH(2'')-Ia	NF000508.1	aminoglycoside O-phosphotransferase APH(2'')-Ia
f14528f67368c57bf4877308f3f1f90e	blaR1	beta-lactam sensor/signal transducer BlaR1	core	AMR	AMR	BETA-LACTAM	BETA-LACTAM	HMM	585	585	100.00	88.72	585	WP_001096386.1	beta-lactam sensor/signal transducer BlaR1	NF033108.1	beta-lactam sensor/signal transducer BlaR1
f3bc25abe98b831fff8beee1c56c1817	dfrA36	trimethoprim-resistant dihydrofolate reductase DfrA36	core	AMR	AMR	TRIMETHOPRIM	TRIMETHOPRIM	PARTIALP	170	195	87.18	100.00	170	WP_000949574.1	trimethoprim-resistant dihydrofolate reductase DfrA36	NF033868.0	trimethoprim-resistant dihydrofolate reductase DfrA36
f3f9605c34c34f7de3f76e0c81d44c1a	aph(3')-Ia	aminoglycoside O-phosphotransferase APH(3')-Ia	core	AMR	AMR	AMINOGLYCOSIDE	KANAMYCIN	BLASTP	271	271	100.00	99.26	271	WP_000018329.1	aminoglycoside O-phosphotransferase APH(3')-Ia	NF051474.1	aminoglycoside O-phosphotransferase APH(3')-Ia
f8237735c89d74e50750169331624d4f	tet	Tet(L)/Tet(K)/Tet(45) family tetracycline efflux MFS transporter	core	AMR	AMR	TETRACYCLINE	TETRACYCLINE	HMM	458	458	100.00	91.05	458	WP_063855885.1	Tet(L)/Tet(K)/Tet(45) family tetracycline efflux MFS transporter	NF012175.1	Tet(L)/Tet(K)/Tet(45) family tetracycline efflux MFS transporter
fb05795b4b300dade14dcd6993abed0f	aph(3'')-Ib	aminoglycoside O-phosphotransferase APH(3'')-Ib	core	AMR	AMR	AMINOGLYCOSIDE	STREPTOMYCIN	BLASTP	267	267	100.00	99.63	267	WP_001082319.1	aminoglycoside O-phosphotransferase APH(3'')-Ib	NF032895.1	aminoglycoside O-phosphotransferase APH(3'')-Ib
ff0b9e57cbf985497d0df77c1667bec2	floR2	chloramphenicol/florfenicol efflux MFS transporter FloR2	core	AMR	AMR	PHENICOL	CHLORAMPHENICOL/FLORFENICOL	BLASTP	404	404	100.00	99.75	404	WP_000214125.1	chloramphenicol/florfenicol efflux MFS transporter FloR2	NF000219.1	chloramphenicol/florfenicol efflux MFS transporter FloR
0d1971d2da852f8e7d46b621c8eb32f6	tet(A)	tetracycline efflux MFS transporter Tet(A)	core	AMR	AMR	TETRACYCLINE	TETRACYCLINE	BLASTP	399	399	100.00	98.50	399	WP_000804063.1	tetracycline efflux MFS transporter Tet(A)	NF012193.0	tetracycline efflux MFS transporter Tet(A)
0f847272a80a78e27d48917d17a8f480	qnrS13	quinolone resistance pentapeptide repeat protein QnrS13	core	AMR	AMR	QUINOLONE	QUINOLONE	ALLELEP	218	218	100.00	100.00	218	WP_064186845.1	quinolone resistance pentapeptide repeat protein QnrS13	NF000056.3	QnrS family quinolone resistance pentapeptide repeat protein
1451ff1fda659e5eaaa766dcaf54d37b	fosX	FosX/FosE/FosI family fosfomycin resistance hydrolase	core	AMR	AMR	FOSFOMYCIN	FOSFOMYCIN	HMM	135	133	98.50	62.60	131	WP_003726635.1	FosX/FosE/FosI family fosfomycin resistance hydrolase	NF000222.1	FosX/FosE/FosI family fosfomycin resistance hydrolase
1637e02bf626e686d829cb9de17f92dc	tet(O/32/O)	tetracycline resistance ribosomal protection mosaic protein Tet(O/32/O)	core	AMR	AMR	TETRACYCLINE	TETRACYCLINE	BLASTP	639	639	100.00	98.59	639	WP_015573056.1	tetracycline resistance ribosomal protection mosaic protein Tet(O/32/O)	NF033148.1	TetM/TetW/TetO/TetS family tetracycline resistance ribosomal protection protein
16dd8be22318a3f028bfc9fcba54246c	optrA	ABC-F type ribosomal protection protein OptrA	core	AMR	AMR	OXAZOLIDINONE/PHENICOL	FLORFENICOL/OXAZOLIDINONE	BLASTP	655	655	100.00	99.39	655	WP_063854496.1	ABC-F type ribosomal protection protein OptrA	NF000514.1	ABC-F type ribosomal protection protein OptrA
19a53edb1d5939e402adbeccca951ae3	qacH	quaternary ammonium compound efflux SMR transporter QacH	core	STRESS	BIOCIDE	QUATERNARY AMMONIUM	QUATERNARY AMMONIUM	BLASTP	125	125	100.00	99.20	125	WP_000121134.1	quaternary ammonium compound efflux SMR transporter QacH	NA	NA
1db038668e1ea0222f3f98868fbf9ae7	arr	NAD(+)--rifampin ADP-ribosyltransferase	core	AMR	AMR	RIFAMYCIN	RIFAMYCIN	HMM	136	143	87.41	53.60	125	WP_063842202.1	NAD(+)--rifampin ADP-ribosyltransferase	NF033144.1	NAD(+)--rifampin ADP-ribosyltransferase
2579efbfeac7371972b36179098ea109	tet(M)	tetracycline resistance ribosomal protection protein Tet(M)	core	AMR	AMR	TETRACYCLINE	TETRACYCLINE	BLASTP	639	639	100.00	99.84	639	WP_000691727.1	tetracycline resistance ribosomal protection protein Tet(M)	NF012155.1	tetracycline resistance ribosomal protection protein Tet(M)
32af0128d6377ee8a32618bb168074fc	blaCMY	CMY-2 family class C beta-lactamase	core	AMR	AMR	BETA-LACTAM	CEPHALOSPORIN	BLASTP	381	381	100.00	99.48	381	WP_032490765.1	class C beta-lactamase CMY-7	NF000191.1	CMY-2 family class C beta-lactamase
3d491fb7a0f827b8450111eacf7d1ad4	tet(40)	tetracycline efflux MFS transporter Tet(40)	core	AMR	AMR	TETRACYCLINE	TETRACYCLINE	EXACTP	406	406	100.00	100.00	406	WP_024407615.1	tetracycline efflux MFS transporter Tet(40)	NF000049.1	tetracycline efflux MFS transporter Tet(40)
47ae7ae1ecb92a7897a7aabe4946fb42	arr	NAD(+)--rifampin ADP-ribosyltransferase	core	AMR	AMR	RIFAMYCIN	RIFAMYCIN	BLASTP	150	150	100.00	99.33	150	WP_000237816.1	NAD(+)--rifampin ADP-ribosyltransferase Arr-2	NF033144.1	NAD(+)--rifampin ADP-ribosyltransferase
4ffddc5f146f3f8de03eddec731e6f45	blaIMP-18	subclass B1 metallo-beta-lactamase IMP-18	core	AMR	AMR	BETA-LACTAM	CARBAPENEM	ALLELEP	246	246	100.00	100.00	246	WP_063848609.1	subclass B1 metallo-beta-lactamase IMP-18	NF012147.1	IMP family subclass B1 metallo-beta-lactamase
56d4cf14e6822dce9f416a1894331c74	optrA	ABC-F type ribosomal protection protein OptrA	core	AMR	AMR	OXAZOLIDINONE/PHENICOL	FLORFENICOL/OXAZOLIDINONE	BLASTP	637	655	97.25	100.00	637	WP_063854496.1	ABC-F type ribosomal protection protein OptrA	NF000514.1	ABC-F type ribosomal protection protein OptrA
58f056bbb5565644bf7b9e0cde94ebb6	blaCMY	CMY-2 family class C beta-lactamase	core	AMR	AMR	BETA-LACTAM	CEPHALOSPORIN	BLASTP	381	381	100.00	99.74	381	WP_015056382.1	extended-spectrum class C beta-lactamase CMY-4	NF000191.1	CMY-2 family class C beta-lactamase
61597b450e1a60f62d222ec99befa87f	qacB	quaternary ammonium compound efflux MFS transporter QacB	core	STRESS	BIOCIDE	QUATERNARY AMMONIUM	QUATERNARY AMMONIUM	BLASTP	514	514	100.00	99.22	514	WP_000622778.1	quaternary ammonium compound efflux MFS transporter QacB	NF000089.1	QacA/B family quaternary ammonium compound efflux MFS transporter
677cd351f385475a4d5f7b6a5144d97d	bla	subclass B1 metallo-beta-lactamase	core	AMR	AMR	BETA-LACTAM	BETA-LACTAM	HMM	267	257	94.94	47.58	248	WP_063839879.1	subclass B1 metallo-beta-lactamase	NF033088.2	subclass B1 metallo-beta-lactamase
6a0dfb53c3d926efc4b95dee360323e6	cmlA1	chloramphenicol efflux MFS transporter CmlA1	core	AMR	AMR	PHENICOL	CHLORAMPHENICOL	BLASTP	419	419	100.00	99.76	419	WP_000095725.1	chloramphenicol efflux MFS transporter CmlA1	NF000509.1	CmlA family chloramphenicol efflux MFS transporter
6b2496bd367e6245b1aaeb79f32a43e7	tet(M)	tetracycline resistance ribosomal protection protein Tet(M)	core	AMR	AMR	TETRACYCLINE	TETRACYCLINE	BLASTP	639	639	100.00	98.75	639	WP_063856397.1	tetracycline resistance ribosomal protection protein Tet(M)	NF012155.1	tetracycline resistance ribosomal protection protein Tet(M)
795543218dfb190412ce7659ddddf097	sul1	sulfonamide-resistant dihydropteroate synthase Sul1	core	AMR	AMR	SULFONAMIDE	SULFONAMIDE	BLASTP	279	279	100.00	99.64	279	WP_000259031.1	sulfonamide-resistant dihydropteroate synthase Sul1	NF000294.1	sulfonamide-resistant dihydropteroate synthase Sul1
797786461ad08b7e78b3d0ff3b9bc250	fexA	chloramphenicol/florfenicol efflux MFS transporter FexA	core	AMR	AMR	PHENICOL	CHLORAMPHENICOL/FLORFENICOL	BLASTP	475	475	100.00	98.32	475	WP_015585966.1	chloramphenicol/florfenicol efflux MFS transporter FexA	NF000218.1	chloramphenicol/florfenicol efflux MFS transporter FexA
7a19fa0c720e42b344071e7948ce0801	blaCMY-10	CMY-1/MOX family extended-spectrum class C beta-lactamase CMY-10	core	AMR	AMR	BETA-LACTAM	CEPHALOSPORIN	ALLELEP	382	382	100.00	100.00	382	WP_032492452.1	CMY-1/MOX family extended-spectrum class C beta-lactamase CMY-10	NF000239.3	CMY-1/MOX family class C beta-lactamase
7d33ffe49816237b123f2f0adc0c4054	qacE	quaternary ammonium compound efflux SMR transporter QacE	core	STRESS	BIOCIDE	QUATERNARY AMMONIUM	QUATERNARY AMMONIUM	BLASTP	110	110	100.00	98.18	110	WP_010890145.1	quaternary ammonium compound efflux SMR transporter QacE	NF000276.2	quaternary ammonium compound efflux SMR transporter QacE
7ed09987f746e3b0501f3c5bb84b2461	vat	Vat family streptogramin A O-acetyltransferase	core	AMR	AMR	STREPTOGRAMIN	STREPTOGRAMIN	HMM	201	216	91.67	69.35	199	WP_063856935.1	Vat family streptogramin A O-acetyltransferase	NF000311.1	Vat family streptogramin A O-acetyltransferase
8b07cf43b742adc37040bbc1c8156877	aac(6')-Ia	aminoglycoside 6'-N-acetyltransferase AAC(6')-Ia	core	AMR	AMR	AMINOGLYCOSIDE	AMINOGLYCOSIDE	EXACTP	185	185	100.00	100.00	185	WP_013136949.1	aminoglycoside 6'-N-acetyltransferase AAC(6')-Ia	NF033078.2	AAC(6')-Ia family aminoglycoside 6'-N-acetyltransferase
94dbd72b5f694f8c97d4519cea6792d7	blaIII	class A beta-lactamase BlaIII	core	AMR	AMR	BETA-LACTAM	BETA-LACTAM	BLASTP	316	316	100.00	99.05	316	WP_000497840.1	class A beta-lactamase BlaIII	NF041270.1	class A beta-lactamase BlaIII
9dbcb929645300fc7815a3e57e2f087e	qacL	quaternary ammonium compound efflux SMR transporter QacL	core	STRESS	BIOCIDE	QUATERNARY AMMONIUM	QUATERNARY AMMONIUM	EXACTP	110	110	100.00	100.00	110	WP_015060824.1	quaternary ammonium compound efflux SMR transporter QacL	NF000067.2	QacF/QacL family quaternary ammonium compound efflux SMR transporter
ab5b004677a9973766e691b2d7b2489d	aph(6)-Id	aminoglycoside O-phosphotransferase APH(6)-Id	core	AMR	AMR	AMINOGLYCOSIDE	STREPTOMYCIN	BLASTP	304	278	100.00	97.48	278	WP_000480968.1	aminoglycoside O-phosphotransferase APH(6)-Id	NF012171.0	APH(6)-I family aminoglycoside O-phosphotransferase
ad29ccac0133524de63c201e6edddb01	floR	chloramphenicol/florfenicol efflux MFS transporter FloR	core	AMR	AMR	PHENICOL	CHLORAMPHENICOL/FLORFENICOL	BLASTP	404	404	100.00	91.34	404	WP_014386424.1	chloramphenicol/florfenicol efflux MFS transporter FloR	NF000219.1	chloramphenicol/florfenicol efflux MFS transporter FloR
af164050c9a0d30d15bf086571bef509	tet(G)	tetracycline efflux MFS transporter Tet(G)	core	AMR	AMR	TETRACYCLINE	TETRACYCLINE	BLASTP	391	391	100.00	96.42	391	WP_001257840.1	tetracycline efflux MFS transporter Tet(G)	NF012192.0	tetracycline efflux MFS transporter Tet(G)
b23fdb3cfb8b53dc6f8e39930e13012f	aac(6')-Ib	AAC(6')-Ib family aminoglycoside 6'-N-acetyltransferase	core	AMR	AMR	AMINOGLYCOSIDE	GENTAMICIN	EXACTP	184	184	100.00	100.00	184	WP_104442471.1	AAC(6')-Ib family aminoglycoside 6'-N-acetyltransferase	NF033074.0	AAC(6')-Ib family aminoglycoside 6'-N-acetyltransferase
b42a28e8bb0b79bd863ae6a5e7843a78	blaIMP-68	subclass B1 metallo-beta-lactamase IMP-68	core	AMR	AMR	BETA-LACTAM	CARBAPENEM	ALLELEP	245	245	100.00	100.00	245	WP_096807443.1	subclass B1 metallo-beta-lactamase IMP-68	NF012147.1	IMP family subclass B1 metallo-beta-lactamase
bd4340a099d38a30ac3f739eaeacf585	tet(D)	tetracycline efflux MFS transporter Tet(D)	core	AMR	AMR	TETRACYCLINE	TETRACYCLINE	EXACTP	394	394	100.00	100.00	394	WP_063856075.1	tetracycline efflux MFS transporter Tet(D)	NF012186.0	tetracycline efflux MFS transporter Tet(D)
bdaa457cf320e2f79ff9ca59f0af768f	blaR1	BlaR1 family beta-lactam sensor/signal transducer	core	AMR	AMR	BETA-LACTAM	BETA-LACTAM	HMM	598	585	98.80	31.83	600	WP_001096392.1	BlaR1 family beta-lactam sensor/signal transducer	NF000326.1	BlaR1 family beta-lactam sensor/signal transducer
bf6817ea8ec9765bef2dc1c3baeee9de	blaR1	beta-lactam sensor/signal transducer BlaR1	core	AMR	AMR	BETA-LACTAM	BETA-LACTAM	BLASTP	585	585	100.00	98.63	585	WP_001096386.1	beta-lactam sensor/signal transducer BlaR1	NF033108.1	beta-lactam sensor/signal transducer BlaR1
c1344303b07d69d3440e9ef3644fb273	blaCTX-M-101	extended-spectrum class A beta-lactamase CTX-M-101	core	AMR	AMR	BETA-LACTAM	CEPHALOSPORIN	ALLELEP	291	291	100.00	100.00	291	WP_063859921.1	extended-spectrum class A beta-lactamase CTX-M-101	NF033089.1	CTX-M family extended-spectrum class A beta-lactamase
c8e1049b99813156801b2f6bd87461f2	blaCTX-M-30	extended-spectrum class A beta-lactamase CTX-M-30	core	AMR	AMR	BETA-LACTAM	CEPHALOSPORIN	ALLELEP	291	291	100.00	100.00	291	WP_032490752.1	extended-spectrum class A beta-lactamase CTX-M-30	NF033089.1	CTX-M family extended-spectrum class A beta-lactamase
c9d701025f31d8e1ee741b4967b34f7d	sul1	sulfonamide-resistant dihydropteroate synthase Sul1	core	AMR	AMR	SULFONAMIDE	SULFONAMIDE	BLASTP	279	279	100.00	99.64	279	WP_000259031.1	sulfonamide-resistant dihydropteroate synthase Sul1	NF000294.1	sulfonamide-resistant dihydropteroate synthase Sul1
caf1fceb414b0464cb50778c3933b5b8	aad9	ANT(9) family aminoglycoside nucleotidyltransferase	core	AMR	AMR	AMINOGLYCOSIDE	AMINOGLYCOSIDE	BLASTP	259	258	100.00	99.61	259	WP_002578722.1	ANT(9) family aminoglycoside nucleotidyltransferase	NF012212.1	ANT(9) family aminoglycoside nucleotidyltransferase
f9b0925b8d5b8130aee2e3b77ddae431	tet	Tet(L)/Tet(K)/Tet(45) family tetracycline efflux MFS transporter	core	AMR	AMR	TETRACYCLINE	TETRACYCLINE	HMM	457	458	99.34	67.47	455	WP_063855885.1	Tet(L)/Tet(K)/Tet(45) family tetracycline efflux MFS transporter	NF012175.1	Tet(L)/Tet(K)/Tet(45) family tetracycline efflux MFS transporter
fe717e1a43f96a863a73c58ca8f9ef63	catA	type A chloramphenicol O-acetyltransferase	core	AMR	AMR	PHENICOL	CHLORAMPHENICOL	HMM	215	215	100.00	77.21	215	WP_035203840.1	type A chloramphenicol O-acetyltransferase	NF000491.1	type A chloramphenicol O-acetyltransferase
08485205f2a0adb08f818c84e73f97c4	blaVIM-24	subclass B1 metallo-beta-lactamase VIM-24	core	AMR	AMR	BETA-LACTAM	CARBAPENEM	ALLELEP	266	266	100.00	100.00	266	WP_063865175.1	subclass B1 metallo-beta-lactamase VIM-24	NF012100.0	VIM family subclass B1 metallo-beta-lactamase
0c8ca1871b5ba9ed5d3faad8455fdd63	aac(6')	aminoglycoside 6'-N-acetyltransferase	core	AMR	AMR	AMINOGLYCOSIDE	AMINOGLYCOSIDE	HMM	147	148	100.00	60.14	148	WP_026868862.1	aminoglycoside 6'-N-acetyltransferase	NF043067.1	aminoglycoside 6'-N-acetyltransferase
0d33f07e5e53db881cffdb4bdf6d917e	ampC	class C beta-lactamase	core	AMR	AMR	BETA-LACTAM	BETA-LACTAM	HMM	386	380	97.11	51.88	372	WP_011339581.1	class C beta-lactamase	NF033085.1	class C beta-lactamase
209620947565a4d1b482a864c6602670	blaIII	class A beta-lactamase BlaIII	core	AMR	AMR	BETA-LACTAM	BETA-LACTAM	BLASTP	316	316	100.00	99.37	316	WP_000497840.1	class A beta-lactamase BlaIII	NF041270.1	class A beta-lactamase BlaIII
25d6177ac124a266a246ba1e6da1dc57	blaNDM-37	subclass B1 metallo-beta-lactamase NDM-37	core	AMR	AMR	BETA-LACTAM	CARBAPENEM	ALLELEP	270	270	100.00	100.00	270	WP_214251060.1	subclass B1 metallo-beta-lactamase NDM-37	NF000259.2	NDM family subclass B1 metallo-beta-lactamase
30edc2958816cfefd22b1266be9100c9	blaRAHN	RAHN family extended-spectrum class A beta-lactamase	core	AMR	AMR	BETA-LACTAM	CEPHALOSPORIN	BLASTP	295	295	100.00	99.32	295	WP_013578129.1	extended-spectrum class A beta-lactamase RAHN-3	NF040934.1	RAHN family extended-spectrum class A beta-lactamase
31521247be7ca08467b05cb73756cdce	aac(3)-II	AAC(3)-II family aminoglycoside N-acetyltransferase	core	AMR	AMR	AMINOGLYCOSIDE	GENTAMICIN	HMM	277	269	97.77	76.81	263	WP_033147097.1	AAC(3)-II family aminoglycoside N-acetyltransferase	NF033080.0	AAC(3)-II family aminoglycoside N-acetyltransferase
333aa6d5c1b83bc3a8585f7507ab3362	qacE	quaternary ammonium compound efflux SMR transporter QacE	core	STRESS	BIOCIDE	QUATERNARY AMMONIUM	QUATERNARY AMMONIUM	BLASTP	117	115	100.00	100.00	115	WP_000679427.1	quaternary ammonium compound efflux SMR transporter QacE delta 1	NF000276.2	quaternary ammonium compound efflux SMR transporter QacE
3d350676ee30a5f0ebea7619f9d075d4	aac(3)	aminoglycoside 3-N-acetyltransferase	core	AMR	AMR	AMINOGLYCOSIDE	GENTAMICIN	HMM	270	262	98.09	46.18	262	WP_034000523.1	aminoglycoside 3-N-acetyltransferase	NF033082.0	aminoglycoside 3-N-acetyltransferase
4d163e1c23f947c70f8ed17ca48a7443	tet(L)	tetracycline efflux MFS transporter Tet(L)	core	AMR	AMR	TETRACYCLINE	TETRACYCLINE	BLASTP	458	458	100.00	99.78	458	WP_001574277.1	tetracycline efflux MFS transporter Tet(L)	NF012185.0	tetracycline efflux MFS transporter Tet(L)
4f1ea76bed84995c1e7612f72cdad553	floR	chloramphenicol/florfenicol efflux MFS transporter FloR	core	AMR	AMR	PHENICOL	CHLORAMPHENICOL/FLORFENICOL	BLASTP	404	404	100.00	99.75	404	WP_000214122.1	chloramphenicol/florfenicol efflux MFS transporter FloR	NF000219.1	chloramphenicol/florfenicol efflux MFS transporter FloR
537b5753c4eb7e10a7fd0cca37b85ef2	qacE	quaternary ammonium compound efflux SMR transporter QacE	core	STRESS	BIOCIDE	QUATERNARY AMMONIUM	QUATERNARY AMMONIUM	EXACTP	110	110	100.00	100.00	110	WP_010890145.1	quaternary ammonium compound efflux SMR transporter QacE	NF000276.2	quaternary ammonium compound efflux SMR transporter QacE
54d48fb9661541108c54a4b56722a5c2	tet(L)	tetracycline efflux MFS transporter Tet(L)	core	AMR	AMR	TETRACYCLINE	TETRACYCLINE	BLASTP	419	458	91.48	100.00	419	WP_001574277.1	tetracycline efflux MFS transporter Tet(L)	NF012175.1	Tet(L)/Tet(K)/Tet(45) family tetracycline efflux MFS transporter
55e5aa4ccf7a10bdc1a152f0999ebdd7	blaOXA	class D beta-lactamase	core	AMR	AMR	BETA-LACTAM	BETA-LACTAM	HMM	272	275	98.18	65.93	270	WP_102607464.1	class D beta-lactamase	NF000270.1	class D beta-lactamase
5d9bb36a91dac2e3ed3dd82d292c27eb	aac(3)-IId	aminoglycoside N-acetyltransferase AAC(3)-IId	core	AMR	AMR	AMINOGLYCOSIDE	GENTAMICIN	BLASTP	286	286	100.00	99.65	286	WP_000557454.1	aminoglycoside N-acetyltransferase AAC(3)-IId	NF033080.0	AAC(3)-II family aminoglycoside N-acetyltransferase
6a410db087a2da6dd472144c774a485b	fosA	FosA family fosfomycin resistance glutathione transferase	core	AMR	AMR	FOSFOMYCIN	FOSFOMYCIN	HMM	147	139	100.00	88.49	139	WP_004214174.1	FosA family fosfomycin resistance glutathione transferase	NF000221.4	FosA family fosfomycin resistance glutathione transferase
71200a91d0ba985383a44c015116b1a7	blaVEB-2	extended-spectrum class A beta-lactamase VEB-2	core	AMR	AMR	BETA-LACTAM	CEPHALOSPORIN	ALLELEP	299	299	100.00	100.00	299	WP_063865158.1	extended-spectrum class A beta-lactamase VEB-2	NF000390.2	VEB family extended-spectrum class A beta-lactamase
8547543f46cfa98fa4a5e04b24a6d044	vat	Vat family streptogramin A O-acetyltransferase	core	AMR	AMR	STREPTOGRAMIN	STREPTOGRAMIN	HMM	212	212	99.06	77.62	210	WP_047211550.1	Vat family streptogramin A O-acetyltransferase	NF000311.1	Vat family streptogramin A O-acetyltransferase
86c15454ea9cbf30422ea49cdf973558	sul1	sulfonamide-resistant dihydropteroate synthase Sul1	core	AMR	AMR	SULFONAMIDE	SULFONAMIDE	PARTIALP	327	283	63.60	100.00	180	WP_000946487.1	sulfonamide-resistant dihydropteroate synthase Sul1	NA	NA
945e2fd0859e0b5abf54ea86b22634d3	aac(6')	aminoglycoside 6'-N-acetyltransferase	core	AMR	AMR	AMINOGLYCOSIDE	AMINOGLYCOSIDE	HMM	148	148	100.00	54.73	148	WP_318245539.1	aminoglycoside 6'-N-acetyltransferase	NF043067.1	aminoglycoside 6'-N-acetyltransferase
985a29805132e8c0bd1cd6cdb486ee77	blaCMY-178	inhibitor-resistant extended spectrum class C beta-lactamase CMY-178	core	AMR	AMR	BETA-LACTAM	CEPHALOSPORIN	ALLELEP	378	378	100.00	100.00	378	WP_256875600.1	inhibitor-resistant extended spectrum class C beta-lactamase CMY-178	NF000191.1	CMY-2 family class C beta-lactamase
98c5391821041b66ef47b4b24f94078f	ampC	class C beta-lactamase	core	AMR	AMR	BETA-LACTAM	BETA-LACTAM	HMM	385	385	100.00	68.57	385	WP_167809787.1	class C beta-lactamase	NF033085.1	class C beta-lactamase
b02c2ce1e2d1132eb86562a102c0466b	qac	Qac-pB8 family quaternary ammonium compound efflux SMR transporter	core	STRESS	BIOCIDE	QUATERNARY AMMONIUM	QUATERNARY AMMONIUM	BLASTP	110	110	100.00	99.09	110	WP_011342944.1	Qac-pB8 family quaternary ammonium compound efflux SMR transporter	NF000148.1	Qac-pB8 family quaternary ammonium compound efflux SMR transporter
b1d14dd87bc433ec577ed264604dd0a7	blaNDM-21	subclass B1 metallo-beta-lactamase NDM-21	core	AMR	AMR	BETA-LACTAM	CARBAPENEM	ALLELEP	270	270	100.00	100.00	270	WP_099156050.1	subclass B1 metallo-beta-lactamase NDM-21	NF000259.2	NDM family subclass B1 metallo-beta-lactamase
b58e27b43c9c7d9644e960051ce3186a	blaKPC-53	inhibitor-resistant extended-spectrum class A beta-lactamase KPC-53	core	AMR	AMR	BETA-LACTAM	CEPHALOSPORIN	ALLELEP	295	295	100.00	100.00	295	WP_156649232.1	inhibitor-resistant extended-spectrum class A beta-lactamase KPC-53	NF012141.1	KPC family carbapenem-hydrolyzing class A beta-lactamase
c2d1e315df3506d99e699a90e1868af5	tet(X3)	tetracycline-inactivating monooxygenase Tet(X3)	core	AMR	AMR	TETRACYCLINE	TIGECYCLINE	BLASTP	388	388	100.00	99.74	388	WP_024160783.1	tetracycline-inactivating monooxygenase Tet(X3)	NF033111.2	tetracycline-inactivating monooxygenase Tet(X)
c55ef248cc75f4589b0839855adae73c	tet(M)	tetracycline resistance ribosomal protection protein Tet(M)	core	AMR	AMR	TETRACYCLINE	TETRACYCLINE	BLASTP	639	639	100.00	99.69	639	WP_000691727.1	tetracycline resistance ribosomal protection protein Tet(M)	NF012155.1	tetracycline resistance ribosomal protection protein Tet(M)
d4d23738b7b81cee49dcdb2824fba305	tet(A)	tetracycline efflux MFS transporter Tet(A)	core	AMR	AMR	TETRACYCLINE	TETRACYCLINE	BLASTP	399	399	100.00	99.75	399	WP_000804064.1	tetracycline efflux MFS transporter Tet(A)	NF012193.0	tetracycline efflux MFS transporter Tet(A)
d7c3140237c35f8054e5aaf35287fffb	aac(3)-II	AAC(3)-II family aminoglycoside N-acetyltransferase	core	AMR	AMR	AMINOGLYCOSIDE	GENTAMICIN	HMM	277	269	97.03	70.88	261	WP_033147097.1	AAC(3)-II family aminoglycoside N-acetyltransferase	NF033080.0	AAC(3)-II family aminoglycoside N-acetyltransferase
d86f5014e686f533d2e6353eaac62e81	cfxA	CfxA family broad-spectrum class A beta-lactamase	core	AMR	AMR	BETA-LACTAM	BETA-LACTAM	EXACTP	321	321	100.00	100.00	321	WP_004339683.1	CfxA family broad-spectrum class A beta-lactamase	NF033100.1	CfxA family broad-spectrum class A beta-lactamase
e2c2f91787e6a5eb39fdd9ae46613996	oqxB	multidrug efflux RND transporter permease subunit OqxB	core	AMR	AMR	PHENICOL/QUINOLONE	PHENICOL/QUINOLONE	EXACTP	1050	1050	100.00	100.00	1050	WP_000347934.1	multidrug efflux RND transporter permease subunit OqxB	NF000037.1	multidrug efflux RND transporter permease subunit OqxB
ef691221ac9250bcd467f24af78cddd2	floR	chloramphenicol/florfenicol efflux MFS transporter FloR	core	AMR	AMR	PHENICOL	CHLORAMPHENICOL/FLORFENICOL	BLASTP	404	404	100.00	99.50	404	WP_000214123.1	chloramphenicol/florfenicol efflux MFS transporter FloR	NF000219.1	chloramphenicol/florfenicol efflux MFS transporter FloR
f5c8d4b58537e68f92a317f192de5907	blaTEM	TEM family class A beta-lactamase	core	AMR	AMR	BETA-LACTAM	BETA-LACTAM	BLASTP	283	286	97.55	100.00	279	WP_000027057.1	broad-spectrum class A beta-lactamase TEM-1	NF000531.2	TEM family class A beta-lactamase
fa4d7b1b9650eaff659ef5ae015e7580	oqxA	multidrug efflux RND transporter periplasmic adaptor subunit OqxA	core	AMR	AMR	PHENICOL/QUINOLONE	PHENICOL/QUINOLONE	EXACTP	391	391	100.00	100.00	391	WP_002914189.1	multidrug efflux RND transporter periplasmic adaptor subunit OqxA	NF000272.1	multidrug efflux RND transporter periplasmic adaptor subunit OqxA
02176ce81f02d8b65bd023716eb8f9c6	aadA1	ANT(3'')-Ia family aminoglycoside nucleotidyltransferase AadA1	core	AMR	AMR	AMINOGLYCOSIDE	STREPTOMYCIN	BLASTP	263	263	100.00	99.62	263	WP_001206317.1	ANT(3'')-Ia family aminoglycoside nucleotidyltransferase AadA1	NF033126.1	ANT(3'')-Ia family aminoglycoside nucleotidyltransferase AadA1
08b3e07e83f5c30853c80bf5ecaccbc1	estDL136	chloramphenicol hydrolase	core	AMR	AMR	PHENICOL	CHLORAMPHENICOL/FLORFENICOL	HMM	307	308	99.68	88.27	307	WP_011906899.1	chloramphenicol hydrolase	NF033149.0	chloramphenicol hydrolase
0e4bc2fef21d10c43bbc67b25a62a781	ampC	class C beta-lactamase	core	AMR	AMR	BETA-LACTAM	BETA-LACTAM	HMM	389	408	97.79	54.00	400	WP_322881141.1	class C beta-lactamase	NF033085.1	class C beta-lactamase
2bdfbe71b80f47e096414e5da0978171	bla	class A beta-lactamase	core	AMR	AMR	BETA-LACTAM	BETA-LACTAM	HMM	262	286	91.61	96.58	263	WP_122630841.1	class A beta-lactamase	NF033103.1	class A beta-lactamase
2eb5953a1bf8b192d5d7048d254f8e53	dfrA1	trimethoprim-resistant dihydrofolate reductase DfrA1	core	AMR	AMR	TRIMETHOPRIM	TRIMETHOPRIM	BLASTP	157	157	100.00	99.36	157	WP_000777555.1	trimethoprim-resistant dihydrofolate reductase DfrA1	NF000330.1	trimethoprim-resistant dihydrofolate reductase DfrA
3890f0ae9ce54e9f73d72377ce14051a	mleBCB	BCB family alpha/beta fold macrolide esterase	core	AMR	AMR	MACROLIDE	TYLOSIN	BLASTP	284	287	97.91	92.17	281	WP_459076516.1	BCB family alpha/beta fold macrolide esterase	NF052610.1	alpha/beta fold macrolide esterase
5b873987d28750202ad522ade52da7bd	tet(O)	tetracycline resistance ribosomal protection protein Tet(O)	core	AMR	AMR	TETRACYCLINE	TETRACYCLINE	BLASTP	639	639	100.00	99.53	639	WP_011187228.1	tetracycline resistance ribosomal protection protein Tet(O)	NF033148.1	TetM/TetW/TetO/TetS family tetracycline resistance ribosomal protection protein
80983731c13432928c478249eca98b23	msr(G)	ABC-F type ribosomal protection protein Msr(G)	core	AMR	AMR	MACROLIDE/STREPTOGRAMIN	AZITHROMYCIN/ERYTHROMYCIN/PRISTINAMYCIN	BLASTP	485	485	100.00	99.59	485	WP_101035417.1	ABC-F type ribosomal protection protein Msr(G)	NF000168.2	Msr family ABC-F type ribosomal protection protein
91f2c5bb59f94fd30bf3618a560edea9	catA	type A chloramphenicol O-acetyltransferase	core	AMR	AMR	PHENICOL	CHLORAMPHENICOL	HMM	217	220	95.91	58.77	211	WP_063843212.1	type A chloramphenicol O-acetyltransferase	NF000491.1	type A chloramphenicol O-acetyltransferase
94c596dfac8f3d79d4f1a861b03e2b5b	blaIII	class A beta-lactamase BlaIII	core	AMR	AMR	BETA-LACTAM	BETA-LACTAM	HMM	316	316	100.00	89.24	316	WP_000497840.1	class A beta-lactamase BlaIII	NF041270.1	class A beta-lactamase BlaIII
a86fdb70e7fd5eed779f0e71f917c423	dfrF	trimethoprim-resistant dihydrofolate reductase DfrF	core	AMR	AMR	TRIMETHOPRIM	TRIMETHOPRIM	EXACTP	164	164	100.00	100.00	164	WP_002322211.1	trimethoprim-resistant dihydrofolate reductase DfrF	NF000333.1	trimethoprim-resistant dihydrofolate reductase DfrF
ace4bdc71991296af29dcb6aef3cdfba	ampC	class C beta-lactamase	core	AMR	AMR	BETA-LACTAM	BETA-LACTAM	HMM	391	390	95.90	49.47	374	WP_029925205.1	class C beta-lactamase	NF033085.1	class C beta-lactamase
c800da03733b975a5ac9cfbcb1477737	arr	NAD(+)--rifampin ADP-ribosyltransferase	core	AMR	AMR	RIFAMYCIN	RIFAMYCIN	HMM	156	150	84.00	53.17	126	WP_033959319.1	NAD(+)--rifampin ADP-ribosyltransferase	NF033144.1	NAD(+)--rifampin ADP-ribosyltransferase
d1bb3da112e38828cb514c7f38bbde4c	optrA	ABC-F type ribosomal protection protein OptrA	core	AMR	AMR	OXAZOLIDINONE/PHENICOL	FLORFENICOL/OXAZOLIDINONE	BLASTP	637	655	97.25	99.22	637	WP_063854496.1	ABC-F type ribosomal protection protein OptrA	NF000514.1	ABC-F type ribosomal protection protein OptrA
e6295637c12d1c918d9b33b9a897140f	aac(3)-IId	aminoglycoside N-acetyltransferase AAC(3)-IId	core	AMR	AMR	AMINOGLYCOSIDE	GENTAMICIN	BLASTP	286	286	100.00	98.60	286	WP_000557454.1	aminoglycoside N-acetyltransferase AAC(3)-IId	NF033080.0	AAC(3)-II family aminoglycoside N-acetyltransferase
